Rank,Ticker,Sector,Industry,Exchange,Relative Strength,Percentile,1M_RS_Percentile,3M_RS_Percentile,6M_RS_Percentile,Price,MarketCap,Float,ShortFloatPct,PctFrom52WkHigh,AvgVol10,AvgVol30,AvgVol50,RevenueGrowth
1,BTLN,Technology,Software - Infrastructure,NASDAQ,576.24,99,57,28,6,5.28,14104224.682660103,2712351.0,0.0176,-20.01,242910,177590,164628,
2,MI,Consumer Cyclical,Internet Retail,NYSE ARCA,491.7,99,5,99,0,7.0,546582.6562100649,611390.0,0.1037,-64.72,16731370,5660563,3426164,0.182
3,AXTI,Technology,Semiconductor Equipment & Materials,NASDAQ,482.48,99,99,99,99,86.66,5630771894.542206,65573212.0,0.14029999,-39.47,7284160,8240323,10405522,1.648
4,NRSN,Healthcare,Biotechnology,NASDAQ,450.81,99,6,17,12,4.03,7464309.261458397,1896902.0,0.0256,-46.27,27890,275280,353666,
5,BURU,Industrials,Specialty Industrial Machinery,NYSE ARCA,442.67,99,1,5,1,1.12,9632838.446669579,9262345.0,0.0253,-73.65,1683530,2737743,7293706,
6,MPU,Communication Services,Entertainment,NYSE ARCA,437.32,99,3,2,14,2.6,9179889.462122679,3399959.0,0.0149,-32.99,5190,134663,144798,-0.492
7,BRTX,Healthcare,Biotechnology,NASDAQ,437.3,99,3,15,1,2.24,2955614.064886093,1381128.0,0.0085,-23.52,42660,223803,286844,-0.073
8,ANL,Healthcare,Biotechnology,NASDAQ,429.45,99,99,99,99,15.04,971764879.1563454,64397937.0,0.0759,-12.81,138520,161666,160586,
9,SNDK,Technology,Computer Hardware,NASDAQ,428.26,99,99,99,99,1704.16,251839216100.11694,146419001.0,0.060300004,-27.62,7880050,9886603,12818696,3.716
10,MRNA,Healthcare,Biotechnology,NASDAQ,413.04,99,99,95,92,203.21,75858809075.82176,399235889.0,0.100600004,-2.73,16460040,17944456,20377478,0.021
11,CYPH,Financial Services,Asset Management,NASDAQ,409.32,99,99,36,94,3.17,326526074.3768363,107764382.0,0.113800004,-24.34,19174280,17621606,11851436,
12,TXG,Healthcare,Medical Devices,NASDAQ,407.4,99,99,98,95,97.74,12182224208.0,130291168.0,0.1879,2.71,3489870,2987576,3037878,-0.127
13,IOVA,Healthcare,Biotechnology,NASDAQ,407.39,99,99,92,89,14.15,6441253883.996422,452971432.0,0.2057,-7.52,21589210,15972890,17799936,0.657
14,TNMG,Communication Services,Publishing,NASDAQ,403.64,99,4,1,3,4.4,3620327.6540813446,760573.0,0.0101,-64.17,1753780,8612400,11116404,0.057
15,IPDN,Industrials,Staffing & Employment Services,NASDAQ,385.13,99,1,5,11,3.1,2143911.4390490055,665811.0,0.0858,-59.74,4472630,20644626,12672040,-0.28
16,TWST,Healthcare,Biotechnology,NASDAQ,381.33,99,99,97,89,205.0,12509042377.178925,66301174.0,0.2379,2.34,2821290,2106170,1976050,0.232
17,SVRN,Financial Services,Asset Management,NASDAQ,381.06,99,11,5,2,47.99,67829506.2737732,1875816.0,0.0082,-35.79,326100,209606,130970,-0.374
18,MXL,Technology,Semiconductors,NASDAQ,366.4,99,99,99,87,105.49,9607129750.307365,90693191.0,0.0746,-17.78,3251240,2745066,2799438,0.552
19,MTNB,Healthcare,Biotechnology,NYSE ARCA,362.91,99,2,26,14,2.82,2585930.2627556324,979519.0,0.03,-7.54,333330,682480,6680468,
20,QMCO,Technology,Computer Hardware,NASDAQ,346.75,99,99,82,21,34.01,1359645034.5,39410001.0,0.39009997,-3.3,2633150,1552926,1940878,0.257
21,RFAIU,Financial Services,Shell Companies,NASDAQ,345.82,99,99,49,46,42.12,,,6.66,-21.56,6680,2353,1478,
22,XRPN,Financial Services,Shell Companies,NASDAQ,334.39,99,48,45,47,38.65,1245277742.1569824,31590000.0,0.0029,-27.08,2292870,867820,538128,
23,EDRY,Industrials,Marine Shipping,NASDAQ,314.74,99,99,92,95,58.47,177677671.91621017,3179629.0,0.12810001,-19.98,204280,190300,158192,0.57
24,RFAI,Financial Services,Shell Companies,NASDAQ,309.9,99,99,47,49,37.55,319816527.72789,8343765.0,0.0047,-48.56,9260,36786,105616,
25,CDNA,Healthcare,Diagnostics & Research,NASDAQ,307.79,99,99,93,35,69.85,3473953153.3901596,51734223.0,0.124,0.07,1750370,1314040,1270248,0.522
26,KOD,Healthcare,Biotechnology,NASDAQ,302.33,99,95,99,99,93.81,5936131021.848679,62849457.0,0.2687,-9.8,6487860,2614480,1800616,
27,XRPNU,Financial Services,Shell Companies,NASDAQ,287.75,99,41,49,47,35.0,,,1.25,-25.5,3620,1333,1296,
28,BUUU,Industrials,Specialty Business Services,NASDAQ,285.07,99,99,98,97,38.65,738822014.3795013,18847500.0,0.0014,-26.95,108110,87070,83722,0.123
29,DLXY,Energy,Oil & Gas Refining & Marketing,NASDAQ,277.36,99,7,12,7,1.97,6572699.96881485,3270000.0,0.0095999995,-55.73,497160,10102563,6081794,0.202
30,RCEL,Healthcare,Medical Devices,NASDAQ,275.21,99,99,24,75,13.25,393389502.0983591,30926847.0,0.0942,3.84,354210,304550,478362,0.178
31,ABLV,Consumer Cyclical,Specialty Retail,NASDAQ,270.24,99,55,88,19,2.55,132529987.66626835,55220826.0,2.49,3.24,381590,154223,103826,0.28
32,OPTT,Industrials,Specialty Industrial Machinery,NYSE ARCA,267.16,99,7,6,21,0.96,9184720.388250351,9004628.0,0.1722,-70.28,493530,4596670,4945204,0.441
33,VNCE,Consumer Cyclical,Apparel Manufacturing,NASDAQ,265.35,99,98,98,83,11.44,135919864.5,12944749.0,0.0494,-11.93,382150,458633,302048,0.117
34,AGL,Healthcare,Medical Care Facilities,NYSE,259.11,99,99,99,16,84.28,1412812399.1514587,16791210.0,0.0998,-36.65,253160,218486,286376,0.072
35,ABCL,Healthcare,Biotechnology,NASDAQ,258.65,99,99,93,38,13.78,4452410693.451445,324047363.0,0.13340001,-8.23,5387520,4981343,7035244,-0.763
36,OESX,Industrials,Electrical Equipment & Parts,NASDAQ,254.53,99,99,70,51,30.05,124477868.02391434,4089286.0,0.0497,-5.06,54570,90530,93840,0.315
37,DELL,Technology,Computer Hardware,NYSE,254.03,99,99,99,91,552.29,357657400548.2178,635812750.0,0.0468,-7.26,6860450,9232363,7855624,0.577
38,LITE,Technology,Communication Equipment,NASDAQ,253.94,99,98,99,99,1091.67,97362177941.89453,89700000.0,0.0792,0.01,4491140,4443246,4800214,1.093
39,MU,Technology,Semiconductors,NASDAQ,253.83,99,99,99,98,1063.96,1213973420622.2349,1129393151.0,0.024500001,-15.22,25811380,25372806,30915096,3.793
40,ASBP,Consumer Cyclical,Auto Parts,NASDAQ,250.53,99,99,98,1,8.88,12314450.085476875,1402557.0,0.0249,-52.67,30780,32470,32054,
41,ANTX,Healthcare,Biotechnology,NASDAQ,247.74,99,99,98,97,5.61,215473914.7095232,37736237.0,0.0754,-21.97,286890,249960,237196,
42,BAND,Technology,Software - Infrastructure,NASDAQ,242.51,99,97,99,79,62.53,2051203481.1343842,32180788.0,0.15689999,-20.93,975840,882813,999268,0.222
43,BDSX,Healthcare,Diagnostics & Research,NASDAQ,238.78,99,98,98,86,29.06,292476983.7151222,10551118.0,0.035099998,-9.1,133780,112576,109900,0.342
44,SILC,Technology,Communication Equipment,NASDAQ,238.4,99,96,98,88,61.17,345029081.3138733,5747611.0,0.020499999,0.72,137920,166410,184862,0.585
45,OABI,Healthcare,Biotechnology,NASDAQ,237.18,99,98,84,21,4.92,708051221.6213894,145390398.0,0.0538,-9.39,1306930,1482350,1682494,2.442
46,PURR,Financial Services,Capital Markets,NASDAQ,233.91,99,98,93,91,12.92,2384702354.8480787,200563691.0,0.87,-12.47,18987290,25233813,20415230,
47,AEHR,Technology,Semiconductor Equipment & Materials,NASDAQ,232.68,99,98,98,99,104.4,3501429896.7592926,32659546.0,0.16520001,-29.17,2087950,2536910,2538848,0.337
48,AIFA,Technology,Software - Infrastructure,NASDAQ,231.83,99,87,16,10,5.88,28698811.172964096,6420316.0,0.0387,-1.01,163700,88960,264648,-0.35
49,UCAR,Consumer Cyclical,Auto & Truck Dealerships,NASDAQ,231.66,99,2,1,1,3.87,7365988.719271183,1774937.0,0.0053,-82.33,11600,343080,391944,-0.248
50,SAIH,Technology,Information Technology Services,NASDAQ,230.83,99,99,83,82,26.74,45399483.637908936,1837292.0,0.0031,-18.97,16030,18040,17814,-0.705
51,SLS,Healthcare,Biotechnology,NASDAQ,230.0,99,99,99,97,11.63,2308466373.7543755,196632574.0,0.2937,-26.76,4917470,6656536,6620544,
52,OPTX,Technology,Electronic Components,NASDAQ,229.75,99,99,99,99,9.8,368158098.74899864,40279878.0,0.1866,-34.32,478960,356050,369896,0.261
53,VICR,Technology,Electronic Components,NASDAQ,228.93,99,94,99,98,305.61,14242369233.38684,46106732.0,0.097600006,-20.13,1043520,865330,862420,0.493
54,ERAS,Healthcare,Biotechnology,NASDAQ,228.37,99,99,99,99,14.72,5155492315.845823,349762035.0,0.104499996,-39.37,4377590,4625366,4009018,
55,SYRE,Healthcare,Biotechnology,NASDAQ,227.68,99,99,99,99,92.72,8216913096.047974,88173762.0,0.1471,-15.84,1216690,1311463,1128720,
56,MTC,Financial Services,Capital Markets,NASDAQ,225.5,99,97,87,99,4.99,498934955.903841,99587811.0,0.0063,-45.13,23110,27210,26422,
57,ABSI,Healthcare,Biotechnology,NASDAQ,224.72,99,98,99,43,11.53,1899767038.3275604,171614010.0,0.2641,-4.36,4404010,3726346,3315452,-0.464
58,ROMA,Industrials,Consulting Services,NASDAQ,223.94,99,99,99,98,8.8,512255333.3220806,59564571.0,0.0145000005,-25.23,2820,2913,4382,-0.362
59,TOP,Financial Services,Capital Markets,NASDAQ,223.79,99,99,97,17,15.57,1901353720.6530275,123705513.0,0.0016,-10.61,89940,107386,105471,-0.193
60,HLP,Basic Materials,Steel,NASDAQ,223.26,98,97,84,69,2.47,190583808.93617868,74738750.0,0.0055,-5.73,88430,107740,87710,0.402
61,AGEN,Healthcare,Biotechnology,NASDAQ,221.53,98,98,19,83,8.73,377553602.2548866,45161916.0,0.1524,-15.32,1253250,1042500,1280160,0.344
62,PLSE,Healthcare,Medical Instruments & Supplies,NASDAQ,218.98,98,99,89,81,50.5,3416352984.1296616,71322607.0,0.1472,-14.26,515240,612973,552922,
63,ECO,Industrials,Marine Shipping,NYSE,218.38,98,97,93,93,88.6,3407817440.7380676,39044655.0,0.057600003,1.01,785500,718436,656880,2.394
64,FIRY,Communication Services,Electronic Gaming & Multimedia,NYSE,217.99,98,95,97,9,12.57,207279549.22862148,16622257.0,0.2163,-37.15,224620,151353,616988,0.229
65,BVC,Technology,Software - Application,NASDAQ,215.46,98,99,99,99,11.32,1928639923.0957031,168000000.0,0.0002,-37.11,51210,41810,48438,
66,RXT,Technology,Software - Infrastructure,NASDAQ,215.33,98,95,99,53,3.9,1050076112.8321171,254872850.0,0.2245,-54.65,4820960,6711480,7023044,0.006
67,AMD,Technology,Semiconductors,NASDAQ,215.17,98,97,98,90,631.75,1034842210033.3375,1632475042.0,0.024600001,-2.12,19364890,20167213,22719362,0.501
68,CLYM,Healthcare,Biotechnology,NASDAQ,214.3,98,99,99,99,11.05,628352605.5987883,57436255.0,0.20889999,-39.72,1357220,1658400,1472756,
69,NWGL,Basic Materials,Lumber & Wood Production,NASDAQ,213.88,98,83,2,21,1.25,41548556.37099123,28853163.0,0.038900003,-36.87,113200,1183106,2053790,-0.119
70,ETS,Industrials,Trucking,NASDAQ,213.83,98,89,52,18,1.66,78433842.61689758,48716672.0,0.0034,-39.64,126450,442770,297642,0.153
71,RNG,Technology,Software - Application,NYSE,211.72,98,98,86,85,79.06,6536862259.423767,83506162.0,0.1537,-3.47,1669870,1531770,1740084,0.059
72,ASX,Technology,Semiconductors,NYSE,210.14,98,97,98,97,47.53,123543924694.48904,2603665389.0,0.0067000003,-0.83,5964840,6477706,7239432,0.267
73,COHU,Technology,Semiconductor Equipment & Materials,NASDAQ,209.19,98,94,97,94,73.73,3478428215.751976,47338433.0,0.22,-1.29,945760,978170,1067192,0.384
74,HPE,Technology,Communication Equipment,NYSE,207.75,98,96,96,76,68.36,92033135558.7306,1327464779.0,0.048,-2.75,19017330,24394040,21236526,0.337
75,GRAL,Healthcare,Diagnostics & Research,NASDAQ,206.2,98,90,82,51,154.08,6398884437.481049,44666234.0,0.19479999,1.73,1537600,1177003,1019292,0.257
76,RVMD,Healthcare,Biotechnology,NASDAQ,205.39,98,99,98,98,207.68,44290477284.69943,214336418.0,0.0476,-7.41,2106830,2046546,1908880,
77,SWVL,Industrials,Railroads,NASDAQ,204.86,98,99,13,7,3.8,73354535.9008112,18954661.0,0.0197,-55.17,148030,3104710,1867428,
78,ETON,Healthcare,Drug Manufacturers - Specialty & Generic,NASDAQ,204.8,98,99,95,94,55.62,1582362371.045761,28583135.0,0.0746,-16.2,755310,581533,618522,0.986
79,BFLY,Healthcare,Medical Devices,NYSE,203.21,98,98,98,91,9.38,2383252337.060132,266285183.0,0.16700001,-6.67,6702810,5221290,5748704,0.395
80,ATEX,Communication Services,Telecom Services,NASDAQ,202.68,98,99,99,89,85.61,1644306263.7927704,19498473.0,0.136,-24.24,230120,294910,316956,0.381
81,PAYS,Technology,Software - Infrastructure,NASDAQ,202.32,98,99,92,84,14.81,803456454.0336761,56462156.0,0.0461,-0.8,877190,829780,803158,0.481
82,PXS,Energy,Oil & Gas Midstream,NASDAQ,200.83,98,95,76,87,7.91,79148969.81529713,10239194.0,0.0092,-4.7,127690,185063,125198,0.326
83,CPIX,Healthcare,Drug Manufacturers - Specialty & Generic,NASDAQ,199.43,98,98,93,22,7.09,110725158.7295394,14983107.0,0.028800001,-23.6,44450,52280,72586,-0.563
84,RLYB,Healthcare,Biotechnology,NASDAQ,199.32,98,98,99,97,16.9,90738934.314682,5312584.0,0.0126,-3.84,8510,9590,14364,
85,SIF,Industrials,Aerospace & Defense,NYSE ARCA,198.54,98,97,99,99,23.0,147722508.6086731,6254128.0,0.0588,-20.69,35070,62286,110552,0.183
86,NVCT,Healthcare,Biotechnology,NASDAQ,198.31,98,99,97,63,21.39,715557929.2105446,32644066.0,0.1088,-26.93,185150,213780,212884,
87,UMC,Technology,Semiconductors,NYSE,198.14,98,97,98,76,23.92,65882759544.62944,2507908580.0,0.0164,-17.4,10714810,11833970,12681754,0.17
88,MRVL,Technology,Semiconductors,NASDAQ,197.2,98,97,98,94,271.25,244708286753.1307,898704613.0,0.0418,-17.77,15323650,19796200,21528082,0.365
89,LIFE,Financial Services,Insurance Brokers,NASDAQ,197.19,98,98,81,27,36.13,2175472502.377556,63759454.0,0.0771,-15.09,1773500,1668433,1657592,1.134
90,AAOI,Technology,Communication Equipment,NASDAQ,197.17,98,98,98,99,121.57,9814317634.573883,84906289.0,0.15020001,-47.97,7813680,7265870,9659104,0.864
91,MRVI,Healthcare,Biotechnology,NASDAQ,195.85,98,97,96,65,8.52,1177017419.7087502,148989545.0,0.098400004,-9.55,2363000,3135203,3301484,0.085
92,ORKA,Healthcare,Biotechnology,NASDAQ,193.76,98,99,99,99,84.38,5596043537.218437,66209699.0,0.1676,-26.96,1079630,930500,880256,
93,PBF,Energy,Oil & Gas Refining & Marketing,NYSE,193.31,98,98,92,90,84.16,9575406517.521698,118536849.0,0.12560001,0.96,3478270,3614976,3477866,0.562
94,OMER,Healthcare,Biotechnology,NASDAQ,193.25,98,98,91,95,18.9,1347146604.9423218,72388316.0,0.17889999,-11.02,1365110,1449503,1895390,
95,TTRX,Healthcare,Biotechnology,NASDAQ,192.9,98,98,96,10,12.36,404801492.00312805,30367704.0,1.76,-53.36,117350,143916,107778,
96,FEAM,Basic Materials,Specialty Chemicals,NASDAQ,192.68,98,13,8,5,3.92,161591804.24616337,41647371.0,0.0143,-47.73,959760,771316,930696,
97,DRTS,Healthcare,Biotechnology,NASDAQ,192.46,98,99,98,95,14.89,1334113229.8679047,90325876.0,0.0542,-5.7,429940,573270,554770,
98,NNBR,Industrials,Conglomerates,NASDAQ,192.17,98,97,97,31,4.24,372437830.3611641,82580446.0,0.0511,-11.48,4411830,2261903,2590316,0.193
99,FET,Energy,Oil & Gas Equipment & Services,NYSE,190.39,98,97,88,97,87.37,953840187.8576202,11472699.0,0.061300002,-0.06,174220,188196,203630,0.132
100,SMTC,Technology,Semiconductors,NASDAQ,190.01,98,93,96,93,192.83,18187298450.571533,93325626.0,0.0853,-4.53,3070330,3618460,3114610,0.327
101,NCPL,Financial Services,Capital Markets,NASDAQ,189.88,98,12,14,3,1.32,10987058.412891507,7847899.0,0.0315,-52.0,14653900,42136670,25713918,-0.382
102,STX,Technology,Computer Hardware,NASDAQ,189.55,98,98,99,99,887.09,193054392735.2251,227393014.0,0.045900002,-22.52,4509500,3952766,4477722,0.485
103,OKTA,Technology,Software - Infrastructure,NASDAQ,189.44,98,96,94,15,218.29,36972879023.04004,174820928.0,0.054899998,0.78,3812030,4333543,3614676,0.106
104,CJMB,Industrials,Integrated Freight & Logistics,NASDAQ,188.33,98,95,5,8,2.4,16246418.300994873,6658368.0,0.0345,-57.22,77790,148330,364388,-0.174
105,MAAS,Technology,Information Technology Services,NASDAQ,187.85,98,99,99,91,13.02,6057805334.261702,442175578.0,0.0018000001,-47.71,714500,388170,296290,
106,TKNO,Healthcare,Drug Manufacturers - Specialty & Generic,NASDAQ,187.46,98,97,88,14,9.0,482657319.2517357,53688246.0,0.1437,-5.06,345500,243023,253926,0.185
107,CORT,Healthcare,Biotechnology,NASDAQ,187.19,98,97,95,26,122.03,12564277046.18914,108098397.0,0.1114,-3.44,927210,1471193,1346710,0.317
108,INTC,Technology,Semiconductors,NASDAQ,186.85,98,97,98,96,116.19,627022634790.275,5254526315.0,0.0301,-18.38,98719450,101516756,106682954,0.254
109,MANE,Healthcare,Biotechnology,NYSE,186.75,98,97,98,95,118.87,4878079583.368904,41778687.0,0.1509,-9.43,768290,699583,751330,
110,CLMT,Basic Materials,Specialty Chemicals,NASDAQ,186.43,98,98,94,96,56.03,4859014268.222351,87898234.0,0.0645,-6.41,1664020,1444366,1364944,0.408
111,FRO,Energy,Oil & Gas Midstream,NYSE,185.47,98,95,92,92,53.75,11741131592.26513,222622890.0,0.0761,-2.11,3873410,3674930,2971906,0.965
112,BE,Industrials,Electrical Equipment & Parts,NYSE,184.84,98,98,99,99,286.65,85162580298.24774,294527346.0,0.0734,-18.4,14069670,15807676,16216738,1.655
113,HBB,Consumer Cyclical,"Furnishings, Fixtures & Appliances",NYSE,184.82,98,96,74,69,36.37,510674215.24250793,13442332.0,0.0477,-9.05,98010,88053,84390,0.116
114,INSW,Energy,Oil & Gas Midstream,NYSE,184.53,98,96,95,93,116.6,5736221005.983948,49531311.0,0.078600004,0.4,736000,743273,650344,1.401
115,AP,Industrials,Metal Fabrication,NYSE,184.48,98,96,95,98,9.65,200388619.75968075,20658621.0,0.070700005,-24.67,112090,80230,91510,-0.09
116,SDGR,Healthcare,Health Information Services,NASDAQ,184.15,98,83,57,11,32.6,2267358544.7294846,74805628.0,0.26610002,0.46,2972940,2255083,1817542,0.075
117,KRT,Consumer Cyclical,Packaging & Containers,NASDAQ,183.81,98,97,83,72,54.68,1087674008.8873215,19931721.0,0.0521,-0.42,204360,163093,163692,0.099
118,TEAM,Technology,Software - Application,NASDAQ,183.43,97,95,34,5,196.65,47562251795.84633,253138815.0,0.060900003,-1.67,2713210,3391440,4325124,0.276
119,ASST,Financial Services,Asset Management,NASDAQ,183.1,97,95,13,14,30.26,2932481248.6821156,97651721.0,0.2832,-44.78,6793010,9974733,7583048,0.946
120,TWLO,Technology,Software - Infrastructure,NYSE,182.98,97,94,94,59,300.91,45240186245.43274,153575220.0,0.045500003,-1.65,6671770,3449113,3114486,0.22
121,SIMO,Technology,Semiconductors,NASDAQ,182.53,97,97,99,93,282.45,9511259917.5,33908235.0,0.0668,-20.44,601480,729726,1006920,1.27
122,LIND,Consumer Cyclical,Travel Services,NASDAQ,182.4,97,93,94,91,35.6,2282252703.3178406,65619689.0,0.105900005,0.31,1017980,932533,887964,0.186
123,FORM,Technology,Semiconductor Equipment & Materials,NASDAQ,182.17,97,94,96,98,147.99,11651705656.938934,78120725.0,0.0584,-7.66,2600980,1649723,1534544,0.319
124,DKI,Communication Services,Electronic Gaming & Multimedia,NASDAQ,182.07,97,99,99,12,1.5,2894670.0499979258,2097587.0,0.0301,-83.57,653940,250850,403780,0.139
125,XHG,Financial Services,Insurance Brokers,NASDAQ,180.81,97,99,24,17,1.9,95879143.097399,51547926.0,0.00029999999,-73.72,5920,15506,1796782,0.126
126,PSIG,Industrials,Integrated Freight & Logistics,NASDAQ,180.33,97,3,2,92,4.6,70444163.58653641,15380822.0,0.0021,-61.67,1532920,1202616,899710,-0.373
127,CRWD,Technology,Software - Infrastructure,NASDAQ,180.31,97,94,94,28,272.67,276503373483.1232,1023934842.0,0.0277,-0.32,8066670,11332920,9859706,0.258
128,SVIA,Financial Services,Capital Markets,NASDAQ,180.02,97,30,5,4,4.47,378221799.5406747,88369575.0,0.024,-57.71,2212650,2278113,1586762,
129,EHLD,Industrials,Marine Shipping,NASDAQ,179.1,97,93,66,76,13.92,33348722.02978134,2816615.0,0.0049,-11.9,7520,10853,8620,1.95
130,NAT,Energy,Oil & Gas Midstream,NYSE,178.51,97,96,93,94,8.37,1782940598.6152935,211750663.0,0.0813,-0.71,5024630,4933566,4101234,0.975
131,DOCN,Technology,Software - Infrastructure,NYSE,178.1,97,96,98,95,137.23,16469368429.678345,117579550.0,0.0921,-26.81,1899590,2492190,2758514,0.286
132,MTW,Industrials,Farm & Heavy Construction Machinery,NYSE,177.93,97,96,42,73,23.51,837358895.418211,36061969.0,0.0363,-0.21,558440,453750,435320,0.103
133,APPS,Technology,Software - Application,NASDAQ,177.47,97,97,98,15,11.21,1351751521.7328072,121016250.0,0.087,-26.92,3285980,2876456,3405800,0.268
134,VIAV,Technology,Communication Equipment,NASDAQ,175.91,97,92,98,99,46.91,11621916522.289642,246749828.0,0.0633,-22.37,6496020,5113006,5305458,0.525
135,CBAT,Industrials,Electrical Equipment & Parts,NASDAQ,175.56,97,71,9,33,1.31,123217710.77191114,88645836.0,0.0113,-15.48,806970,741373,577320,0.993
136,AMWL,Healthcare,Health Information Services,NYSE,175.31,97,98,93,34,12.72,210738517.45949364,17008758.0,0.0109,-10.36,95510,98360,106070,-0.266
137,SGHT,Healthcare,Medical Devices,NASDAQ,175.02,97,96,86,44,8.92,469900539.98991966,55087990.0,0.0312,-8.16,406170,250023,275668,0.195
138,P,Technology,Computer Hardware,NYSE,174.97,97,88,75,48,143.88,46698466751.75423,333227251.0,0.028800001,2.17,5463090,6427586,5105092,0.377
139,NUAI,Technology,Software - Infrastructure,NASDAQ,174.77,97,99,99,99,6.05,759813622.3019571,120797079.0,0.2531,-35.94,8869440,7587920,6880428,-0.825
140,BLZE,Technology,Software - Infrastructure,NASDAQ,174.7,97,98,99,14,13.88,888883978.7483215,61900000.0,0.0925,-42.14,1750730,1792013,2550352,0.177
141,MTRN,Basic Materials,Other Industrial Metals & Mining,NYSE,174.66,97,94,96,89,319.18,6493391633.777313,20801485.0,0.0392,1.57,287050,268750,334110,0.422
142,FOSL,Consumer Cyclical,Footwear & Accessories,NASDAQ,174.44,97,88,84,98,7.22,402138764.87968826,59138052.0,0.1295,2.27,966060,812890,926848,-0.049
143,VLO,Energy,Oil & Gas Refining & Marketing,NYSE,173.82,97,96,89,90,419.33,116984923889.56049,287927461.0,0.039100002,0.07,3863180,3447763,3093236,0.517
144,OCC,Technology,Communication Equipment,NASDAQ,173.61,97,92,97,97,16.99,161278515.7362213,8842024.0,0.098000005,-39.28,146210,235386,238598,0.22
145,MPC,Energy,Oil & Gas Refining & Marketing,NYSE,173.45,97,96,89,84,433.47,118600718386.94968,280824763.0,0.0319,0.55,2553850,2813510,2655562,0.537
146,CHRN,Technology,Information Technology Services,NASDAQ,172.56,97,99,99,95,18.6,2797695319.5849304,145637452.0,4.4,-38.0,118930,137510,150730,
147,DINO,Energy,Oil & Gas Refining & Marketing,NYSE,171.66,97,96,90,84,115.22,20153577231.15065,177783849.0,0.062,-2.68,2781210,2642823,2764588,0.532
148,PENG,Technology,Information Technology Services,NASDAQ,171.58,97,96,99,77,60.71,3144252041.9160614,51242699.0,0.19680001,-32.44,1776880,1522383,1713078,0.476
149,ANDG,Consumer Cyclical,Personal Services,NYSE,170.72,97,98,93,82,56.0,1059399016.0838318,18540410.0,0.1943,-3.75,700900,504056,531040,0.237
150,ALNT,Technology,Electronic Components,NASDAQ,170.48,97,92,93,94,118.63,2010687421.4692383,16996512.0,0.0479,-2.3,222050,212173,245844,0.102
151,NTRA,Healthcare,Diagnostics & Research,NASDAQ,170.02,97,94,88,70,425.64,59149561039.286194,144144170.0,0.0343,-0.43,1840710,1512536,1492734,0.377
152,NCEW,Industrials,Integrated Freight & Logistics,NASDAQ,169.51,97,98,97,95,16.92,54144000.244140625,3200000.0,0.0116,-18.79,610,503,2432,0.335
153,AGPU,Technology,Software - Infrastructure,NASDAQ,169.42,97,98,72,4,12.99,140020777.03566742,11591124.0,0.0514,-14.14,319340,302133,419958,1197.729
154,NTRB,Healthcare,Biotechnology,NASDAQ,169.13,97,88,9,20,7.47,88493374.79036379,12155683.0,0.0339,-18.67,191580,117823,74496,-0.297
155,RLAY,Healthcare,Biotechnology,NASDAQ,169.06,97,98,98,99,19.39,4154925123.1298447,219141631.0,0.2364,-8.84,3174240,3306640,2866906,-0.483
156,CRSR,Technology,Computer Hardware,NASDAQ,168.82,97,95,88,31,13.53,1491760260.4833765,108176959.0,0.1815,-9.67,1056480,1135373,1604632,-0.018
157,PUBM,Technology,Software - Application,NASDAQ,167.73,97,95,89,37,18.6,839032127.0951939,45550061.0,0.066300005,-4.52,834620,693220,736604,0.105
158,LPG,Energy,Oil & Gas Midstream,NYSE,167.67,97,95,87,85,57.64,2447597140.8412857,42782681.0,0.0672,-3.89,638320,607773,605622,1.24
159,MBX,Healthcare,Biotechnology,NASDAQ,167.64,97,99,99,97,58.54,2817847136.124878,48160096.0,0.119799994,-19.41,496330,489736,485530,
160,AMLX,Healthcare,Drug Manufacturers - Specialty & Generic,NASDAQ,167.35,97,99,89,96,27.78,3546741885.7655945,127626548.0,0.1348,-32.47,1263560,1643390,2571762,
161,DK,Energy,Oil & Gas Refining & Marketing,NYSE,167.31,97,96,93,93,75.4,4546922890.607788,61287542.0,0.103599995,-8.35,2656580,2481443,2067420,0.478
162,PKOH,Industrials,Specialty Industrial Machinery,NASDAQ,167.26,97,96,93,82,47.76,686391758.2229996,14490010.0,0.0341,-10.39,73780,72433,88552,0.1
163,GTE,Energy,Oil & Gas E&P,NYSE ARCA,166.65,97,96,70,93,10.48,369371663.91378117,35380429.0,0.031600002,-9.03,536090,554770,1074640,0.253
164,PSNL,Healthcare,Diagnostics & Research,NASDAQ,166.24,97,98,96,59,16.4,1738701989.4936523,106799872.0,0.120900005,-13.18,1340300,2364760,2852810,0.3
165,GH,Healthcare,Diagnostics & Research,NASDAQ,165.51,97,95,97,83,187.22,23860079435.53421,134196170.0,0.0856,2.02,1771120,1814543,1999944,0.443
166,CVI,Energy,Oil & Gas Refining & Marketing,NYSE,165.51,97,90,49,75,56.94,5512092927.247025,100530599.0,0.19790001,1.24,1033780,1133006,1090732,0.555
167,YDES,Healthcare,Biotechnology,NASDAQ,165.43,97,12,2,6,7.11,574442191.7419872,70831346.0,0.0026,-67.68,670810,537603,340298,3.149
168,HELP,Healthcare,Biotechnology,NASDAQ,165.08,97,98,64,21,11.42,854915101.6630669,73069668.0,2.16,-24.62,1335730,1685126,1732694,
169,PACB,Healthcare,Medical Devices,NASDAQ,165.05,97,27,50,33,2.87,789510116.0027475,310830759.0,0.1808,5.13,24271970,11985196,10045632,-0.019
170,GLBS,Industrials,Marine Shipping,NASDAQ,164.72,97,98,95,89,3.38,75538053.5,21582301.0,0.0591,-16.75,158660,157630,170324,0.532
171,XNCR,Healthcare,Biotechnology,NASDAQ,164.59,97,98,83,64,25.63,1846938392.825428,74353397.0,0.3005,-16.27,1266580,1458663,1343024,0.175
172,FRD,Basic Materials,Steel,NASDAQ,164.34,97,98,95,53,42.2,296301467.4870148,7212791.0,0.0219,-13.47,44130,56380,72508,0.781
173,EVC,Communication Services,Advertising Agencies,NYSE,164.13,97,98,99,87,7.12,681087701.4615583,92288305.0,0.16690001,-48.18,1305320,1175963,1466958,1.262
174,QTTB,Healthcare,Biotechnology,NASDAQ,163.96,97,99,99,96,8.37,245002691.55261993,29769466.0,0.18,-64.49,1611330,942733,745448,
175,WHLRP,Real Estate,REIT - Retail,NASDAQ,163.93,97,95,96,89,11.74,,,0.9,-2.81,22530,11086,6958,-0.139
176,TSEM,Technology,Semiconductors,NASDAQ,163.92,96,96,98,99,249.57,27224704535.388794,113031240.0,0.024300002,-21.99,1665880,1782326,1885944,0.237
177,PANW,Technology,Software - Infrastructure,NASDAQ,163.85,96,93,95,25,406.76,329850312011.71875,818000000.0,0.0269,-0.67,5510240,6532260,6180378,0.345
178,MNTK,Basic Materials,Specialty Chemicals,NASDAQ,163.52,96,82,46,15,2.91,408519052.6403494,142341139.0,0.0345,-4.59,1221880,655823,459452,0.197
179,MGLD,Financial Services,Asset Management,NYSE ARCA,163.1,96,32,63,80,2.0,87785988.6627698,43244330.0,0.0058999998,-5.66,2003730,675916,408794,0.257
180,NTAP,Technology,Software - Infrastructure,NASDAQ,162.79,96,90,92,36,223.77,44443729100.54253,196419005.0,0.051799998,-3.51,2736630,2617430,2571728,0.299
181,FTNT,Technology,Software - Infrastructure,NASDAQ,162.58,96,93,96,30,184.13,132765483271.23363,733713653.0,0.0226,0.57,3165730,4161400,4673322,0.256
182,ADPT,Healthcare,Diagnostics & Research,NASDAQ,162.57,96,93,91,65,29.84,4524542181.580982,159595842.0,0.106800005,-0.4,2604840,2207626,2316272,0.215
183,TRMD,Energy,Oil & Gas Midstream,NASDAQ,162.51,96,89,85,90,41.05,4106031080.0,102650777.0,0.0242,2.62,2068370,1794323,1259374,1.103
184,HTFL,Healthcare,Health Information Services,NASDAQ,162.26,96,96,27,32,52.21,4288552857.103859,86953627.0,0.0936,-0.02,1595320,1931870,1946274,0.476
185,URGN,Healthcare,Biotechnology,NASDAQ,161.79,96,97,96,85,42.78,2023655424.1858215,48880564.0,0.1304,-15.8,837120,736253,842742,1.992
186,TER,Technology,Semiconductor Equipment & Materials,NASDAQ,161.61,96,93,96,98,444.53,70203251715.9195,156340750.0,0.059899997,-8.89,2016820,2399843,2871398,1.039
187,MAGH,Industrials,Engineering & Construction,NASDAQ,161.01,96,98,96,96,6.76,236600008.01086426,35000000.0,0.043,-2.59,0,0,0,0.498
188,FSLY,Technology,Software - Application,NASDAQ,160.85,96,92,94,98,26.01,4111532914.9246216,159300000.0,0.1574,-25.3,9755070,6740346,6781388,0.233
189,DHT,Energy,Oil & Gas Midstream,NYSE,160.84,96,92,85,87,23.82,3818058417.845192,161235573.0,0.1037,0.42,4285860,3983733,3695652,0.955
190,USIO,Technology,Software - Infrastructure,NASDAQ,160.77,96,97,94,24,2.8,80856264.26223135,27595994.0,0.0023,-8.5,210210,293623,394532,0.186
191,CUE,Healthcare,Biotechnology,NASDAQ,160.31,96,93,97,25,24.36,185751063.76307678,7264414.0,0.048,-46.46,382700,351193,298504,1.667
192,TISI,Industrials,Specialty Business Services,NYSE,160.19,96,95,54,38,28.38,132454738.35164452,4583209.0,0.015700001,-4.02,27380,36626,33320,-0.078
193,LVLU,Consumer Cyclical,Apparel Retail,NASDAQ,160.18,96,96,84,76,12.4,39074536.26351738,2864702.0,0.010199999,-61.63,12760,49683,40638,-0.168
194,DFTX,Healthcare,Biotechnology,NASDAQ,159.95,96,99,99,97,36.23,5025324135.027695,134366950.0,0.0883,-27.1,2311930,2202720,2230242,
195,PGEN,Healthcare,Biotechnology,NASDAQ,159.67,96,97,92,91,7.74,3057620995.722039,358035247.0,0.2166,-13.81,6259470,4920716,5473780,63.227
196,XGN,Healthcare,Diagnostics & Research,NASDAQ,159.64,96,92,33,8,8.46,197921021.4782467,24225339.0,0.0365,-30.83,324540,274116,353670,0.159
197,MASS,Healthcare,Medical Devices,NASDAQ,159.55,96,91,69,80,12.8,524524699.10568714,41333705.0,0.1294,-1.01,395540,401880,442234,0.233
198,VSXY,Consumer Cyclical,Apparel Retail,NYSE,159.23,96,94,97,93,89.41,7316755565.232582,79764039.0,0.16370001,-12.74,1452580,1962303,1799300,0.104
199,PRAX,Healthcare,Biotechnology,NASDAQ,159.14,96,99,99,99,283.56,8250635926.536133,27919988.0,0.1363,-27.79,541880,413926,428070,
200,ALAB,Technology,Semiconductors,NASDAQ,159.06,96,94,98,87,362.34,60777034154.808105,173485104.0,0.0657,-27.46,3668690,3744773,4145312,1.045
201,MEI,Technology,Electronic Components,NYSE,158.93,96,97,97,65,15.4,561053126.0614948,35645053.0,0.09020001,-24.44,590950,732463,661474,0.104
202,HQI,Industrials,Staffing & Employment Services,NASDAQ,158.83,96,92,78,55,19.07,261278755.16171646,13890418.0,0.0388,-8.49,36600,25596,27192,0.06
203,CAKE,Consumer Cyclical,Restaurants,NASDAQ,158.71,96,96,88,62,109.03,5456253594.028702,49760634.0,0.3796,-7.96,1294300,1399786,1657834,0.077
204,TEN,Energy,Oil & Gas Midstream,NYSE,158.64,96,92,89,94,51.29,1507886507.164463,30127603.0,0.0108,-4.74,494360,467863,358558,0.544
205,HNGE,Healthcare,Health Information Services,NYSE,158.39,96,95,97,26,98.35,7881423560.6341095,80694417.0,0.0783,-1.38,1662690,1941240,1829318,0.53
206,PARR,Energy,Oil & Gas Refining & Marketing,NYSE,158.06,96,96,90,97,87.52,4208368668.0,50099627.0,0.1276,-0.23,936130,932416,996378,0.568
207,NEWP,Basic Materials,Silver,NYSE ARCA,157.95,96,97,86,97,6.21,1165517133.258729,185591894.0,0.030199999,-17.75,717150,823460,735412,
208,ECOR,Healthcare,Medical Devices,NASDAQ,157.52,96,89,65,61,10.13,91421076.99535847,9015885.0,0.0373,-20.24,83910,83450,88902,0.28
209,MYO,Healthcare,Medical Devices,NYSE ARCA,157.07,96,87,68,11,1.67,64560801.831135035,39607854.0,0.0343,-11.41,291990,401756,541332,0.213
210,NEO,Healthcare,Diagnostics & Research,NASDAQ,156.98,96,96,93,26,19.13,2372941288.5829163,128475440.0,0.1535,-4.59,2516970,2061136,2189748,0.112
211,WDC,Technology,Computer Hardware,NASDAQ,156.96,96,98,99,99,441.64,149729051714.5542,360540944.0,0.0538,-44.79,8931830,7226360,7751524,0.438
212,JILL,Consumer Cyclical,Apparel Retail,NYSE,156.93,96,85,74,21,24.62,369196350.9479103,14862977.0,0.113400005,-2.05,239770,211310,149754,0.005
213,IRDM,Communication Services,Telecom Services,NASDAQ,156.68,96,95,96,92,48.44,5188856688.890991,105981552.0,0.0373,-15.29,961800,1018166,1083528,0.038
214,KRSA,Healthcare,Biotechnology,NASDAQ,156.56,96,97,88,90,30.72,1388558037.826395,45541425.0,0.06,-48.25,97920,55454,34884,
215,BOLD,Healthcare,Biotechnology,NASDAQ,156.52,96,98,96,79,2.6,59599718.096699715,22747985.0,0.0591,-17.83,178370,122710,173724,
216,JRSH,Consumer Cyclical,Apparel Manufacturing,NASDAQ,156.5,96,95,89,47,6.03,78104632.21116066,12699940.0,0.005,-2.43,96700,88756,93504,0.267
217,ARM,Technology,Semiconductors,NASDAQ,156.45,96,90,97,81,302.9,328398869552.1365,1067998569.0,0.1069,-33.09,6231550,5103813,5191960,0.224
218,ENGS,Industrials,Waste Management,NASDAQ,156.37,96,98,96,13,3.07,135805938.77680922,44526538.0,0.0095999995,-75.4,2545390,1929373,1617630,-0.278
219,VSTS,Industrials,Rental & Leasing Services,NYSE,156.33,96,96,97,88,14.01,1854206237.8594446,132160105.0,0.1175,-17.1,1381750,1478673,1451970,-0.018
220,CMBT,Energy,Oil & Gas Midstream,NYSE,156.14,96,95,90,81,19.99,5759870025.340982,290169769.0,0.0106,-3.99,1055080,1134013,1034864,0.815
221,ARCT,Healthcare,Biotechnology,NASDAQ,155.98,96,97,14,26,14.66,370352581.48022175,28423069.0,0.2393,-39.35,868390,1075223,1045356,-0.895
222,HMR,Industrials,Marine Shipping,NASDAQ,155.71,96,61,53,17,1.72,98516632.45833814,58991997.0,0.0011,-14.64,119350,144956,109368,2.113
223,DHX,Technology,Software - Application,NYSE,155.63,96,95,92,89,4.81,208870351.41524792,43424190.0,0.0093,-7.32,207480,280973,259952,-0.021
224,SITM,Technology,Semiconductors,NASDAQ,155.57,96,93,96,95,710.04,21333595853.255615,30071036.0,0.060100004,-21.27,400890,418206,455634,1.265
225,BNC,Industrials,Farm & Heavy Construction Machinery,NASDAQ,155.33,96,31,12,5,6.07,240867018.57335567,41173850.0,0.068,-49.42,938410,3839236,2387384,-0.046
226,CPOP,Communication Services,Entertainment,NASDAQ,155.07,96,0,1,7,3.28,3227152.048088312,1008485.0,0.0465,-87.14,110100,843860,4212836,0.648
227,XMTR,Industrials,Industrial Distribution,NASDAQ,154.97,96,93,97,61,107.7,5877385869.714935,57323573.0,0.0848,-0.21,909850,763076,702670,0.411
228,IZM,Technology,Electronics & Computer Distribution,NASDAQ,154.94,96,5,4,2,1.05,2884346.5146136284,2403622.0,0.0378,-61.54,205830,124543,685668,0.072
229,FLXS,Consumer Cyclical,"Furnishings, Fixtures & Appliances",NASDAQ,154.82,96,95,93,72,88.05,363428434.37129974,4091741.0,0.0744,-2.87,75460,90723,84648,0.007
230,OPHC,Financial Services,Banks - Regional,NYSE ARCA,154.72,96,97,80,77,8.6,114178435.83819008,12630358.0,0.010299999,-19.48,74500,99333,147670,0.56
231,BWLP,Energy,Oil & Gas Midstream,NYSE,154.49,96,93,87,88,25.94,3892526353.899719,151814604.0,0.0154,-2.0,320300,443480,387402,-0.031
232,BB,Technology,Software - Infrastructure,NYSE,154.36,96,92,98,48,9.08,5459400306.667521,587032279.0,0.0642,-33.19,26544380,15469770,13845150,0.26
233,HHS,Industrials,Conglomerates,NASDAQ,154.24,96,91,25,25,4.54,33991333.973464966,7454240.0,0.0047999998,-2.78,37580,96016,201874,-0.017
234,DMRA,Healthcare,Biotechnology,NASDAQ,154.07,96,99,98,99,20.22,1274838443.7997684,61735519.0,0.089499995,-47.24,678730,665183,540704,
235,AYA,Basic Materials,Silver,NASDAQ,153.95,95,97,91,90,27.03,3906260997.039963,144036168.0,7.14,-11.87,1041250,1283046,1117280,1.507
236,AVT,Technology,Electronics & Computer Distribution,NASDAQ,153.76,95,90,90,86,106.19,8776884574.633484,82072979.0,0.119799994,-2.25,1426640,1306006,1304026,0.477
237,HAFN,Industrials,Marine Shipping,NYSE,153.5,95,90,78,91,10.28,5487144328.5,535331154.0,0.0255,0.0,3890210,2755036,2072904,0.472
238,NDLS,Consumer Cyclical,Restaurants,NASDAQ,153.28,95,96,95,81,13.08,79953241.72389984,5966660.0,0.0221,-31.16,25620,27590,43452,0.005
239,FEIM,Technology,Communication Equipment,NASDAQ,152.93,95,87,87,95,85.46,969840866.8486633,11273287.0,0.1126,-4.79,366530,353103,356434,0.698
240,OPAD,Real Estate,Real Estate Services,NASDAQ,152.85,95,97,99,6,3.05,15730598.548064232,4832749.0,0.1447,-56.74,22720,40986,46004,-0.516
241,XP,Financial Services,Capital Markets,NASDAQ,152.8,95,69,33,81,28.15,10657363466.0,495691324.0,0.044,21.7,12112130,8855180,7037804,0.106
242,HSHP,Industrials,Marine Shipping,NYSE,152.77,95,96,93,96,18.06,857078903.5987854,47170000.0,0.0387,-7.62,505660,473116,416830,0.796
243,AMN,Healthcare,Medical Care Facilities,NYSE,152.71,95,92,94,57,36.84,1418679611.6980934,38729991.0,0.106800005,-1.02,648190,608160,667770,0.023
244,PSX,Energy,Oil & Gas Refining & Marketing,NYSE,152.67,95,94,83,80,269.72,105572948597.33313,399020916.0,0.0196,-2.67,2949650,3073613,2949656,0.531
245,VSH,Technology,Semiconductors,NYSE,152.53,95,90,98,90,37.1,5856016642.867607,153379167.0,0.1408,-46.6,3854120,3805173,4149676,0.166
246,MAMK,Industrials,Conglomerates,NASDAQ,152.53,95,98,97,98,13.0,216125000.0,16625000.0,0.0057,-9.09,0,0,0,0.13
247,LCUT,Consumer Cyclical,"Furnishings, Fixtures & Appliances",NASDAQ,151.85,95,96,93,95,9.06,209658181.6891365,22988836.0,0.11270001,-10.91,163120,175546,187504,0.074
248,FTH,Healthcare,Biotechnology,NASDAQ,151.75,95,99,98,98,27.1,730827685.7338142,25778754.0,0.051799998,-35.7,367700,395506,359892,
249,NBIS,Communication Services,Internet Content & Information,NASDAQ,151.71,95,97,98,98,232.57,66009164818.87097,271855218.0,0.1981,-22.44,14196420,14674336,20391692,4.54
250,FIVN,Technology,Software - Infrastructure,NASDAQ,151.71,95,92,87,15,34.37,2567500570.767624,74723531.0,0.118,-14.08,2537520,2152676,2710734,0.103
251,FCEL,Industrials,Electrical Equipment & Parts,NASDAQ,151.63,95,97,99,69,18.07,1476753945.2198105,79954196.0,0.31190002,-52.3,4994970,6325346,7278538,-0.294
252,AMPL,Technology,Software - Application,NASDAQ,151.13,95,92,67,11,14.88,1925631512.628273,132619246.0,0.0757,0.81,1676150,1635630,1897906,0.212
253,QTEX,Technology,Computer Hardware,NASDAQ,151.05,95,20,97,8,1.54,73782551.09919369,67075045.0,0.0583,-60.0,26503340,9731190,7118652,4.377
254,REPL,Healthcare,Biotechnology,NASDAQ,150.64,95,96,95,2,13.15,1231450587.6264496,94219634.0,0.3369,-19.47,2315560,2135140,4511536,
255,TRAX,Healthcare,Biotechnology,NASDAQ,150.51,95,98,94,79,32.99,1161218397.0867615,34892381.0,7.68,-33.9,738260,702420,715038,
256,RBRK,Technology,Software - Infrastructure,NYSE,150.44,95,85,87,14,122.68,24582160044.725754,207304433.0,0.0832,3.25,2798770,3576606,3384006,0.379
257,DDOG,Technology,Software - Application,NASDAQ,150.38,95,83,96,28,276.42,99542778591.604,359075024.0,0.0353,-5.57,3111910,3488110,4251706,0.356
258,NSIT,Technology,Electronics & Computer Distribution,NASDAQ,150.35,95,94,85,16,159.39,4715186348.478699,29348850.0,0.0587,-5.41,323720,336950,384720,0.147
259,TNK,Energy,Oil & Gas Midstream,NYSE,150.32,95,91,81,88,103.38,3575519494.2823486,34680112.0,0.0484,-0.58,433110,532583,472592,0.63
260,ZETA,Technology,Software - Infrastructure,NYSE,149.8,95,93,80,34,32.88,8190574199.261456,251013605.0,0.08,0.21,6299960,6484783,7724798,0.435
261,AMBQ,Technology,Semiconductors,NYSE,149.76,95,90,98,27,65.92,1648901671.8605347,24184536.0,0.0921,-28.04,463620,535870,531646,0.897
262,UGP,Energy,Oil & Gas Refining & Marketing,NYSE,149.31,95,94,86,92,7.77,7938868990.44911,1065620026.0,0.0058,-0.13,4948250,3794253,3570418,0.219
263,FGI,Consumer Cyclical,"Furnishings, Fixtures & Appliances",NASDAQ,149.27,95,92,69,36,7.57,14986663.402032852,1931271.0,0.097600006,-62.02,16800,45333,2186456,0.029
264,ATRC,Healthcare,Medical Instruments & Supplies,NASDAQ,149.17,95,95,55,27,56.37,2804767420.113678,50866294.0,0.0876,-8.64,1280510,1375790,1153814,0.128
265,MRX,Financial Services,Capital Markets,NASDAQ,149.15,95,97,93,86,75.21,5232970792.5,71930870.0,0.0381,-4.93,715610,770956,731766,0.321
266,TWIN,Industrials,Specialty Industrial Machinery,NASDAQ,148.99,95,90,91,90,28.72,414504498.4876938,14538916.0,0.0561,-0.1,86590,91883,93620,0.183
267,SOPH,Healthcare,Health Information Services,NASDAQ,148.9,95,96,79,77,8.2,677034771.0171967,83895266.0,0.013300001,-8.69,604120,669260,592942,0.272
268,PBR,Energy,Oil & Gas Integrated,NYSE,148.53,95,87,73,93,24.14,139520529690.3193,6444366381.0,1.35,8.54,25169740,23850856,20760024,0.423
269,PRLB,Industrials,Metal Fabrication,NYSE,148.44,95,86,87,84,98.68,2349369482.468849,23921897.0,0.0433,-0.74,263140,220160,214216,0.106
270,SDEV,Financial Services,Asset Management,NYSE ARCA,148.38,95,7,7,5,3.94,377364355.3622532,50449780.0,0.0435,-96.05,60468640,20711116,12735632,
271,RCMT,Industrials,Conglomerates,NASDAQ,148.24,95,96,68,85,41.59,298722973.6548271,7110759.0,0.040799998,-3.48,68160,79436,79522,0.2
272,SPRB,Healthcare,Biotechnology,NASDAQ,148.21,95,98,8,6,45.42,131371131.59876251,2874013.0,0.1462,-81.08,84830,101910,79722,
273,AAMI,Financial Services,Asset Management,NYSE,148.07,95,95,93,90,96.16,3342105288.775635,35490128.0,0.046,-2.4,406270,461450,437662,0.453
274,EXFY,Technology,Software - Application,NASDAQ,148.07,95,97,92,7,2.35,205169994.0,91186664.0,0.018,-16.37,556230,573900,844376,-0.053
275,TNGX,Healthcare,Biotechnology,NASDAQ,147.84,95,95,99,99,23.08,3918504890.4881496,168610367.0,0.2511,-32.89,3664530,2876743,2647978,
276,MLAB,Technology,Scientific & Technical Instruments,NASDAQ,147.6,95,92,64,71,142.23,741732453.0272369,5595869.0,0.104399994,2.57,123630,130110,141434,0.01
277,SENS,Healthcare,Medical Devices,NASDAQ,147.54,95,86,14,21,10.31,522395649.69095516,52874053.0,0.09810001,-10.97,713880,682200,726816,1.178
278,VREX,Healthcare,Medical Devices,NASDAQ,147.46,95,95,42,68,18.45,783875174.2835541,42463446.0,0.0377,-0.97,488070,639686,955306,0.037
279,CLDT,Real Estate,REIT - Hotel & Motel,NYSE,147.45,95,93,94,81,13.72,637017613.7306976,46565614.0,0.032899998,-1.22,291000,275290,294696,0.094
280,CSTE,Industrials,Building Products & Equipment,NASDAQ,147.42,95,98,88,26,2.91,99236201.2929678,34577075.0,0.0067000003,-24.22,34870,58986,85664,-0.045
281,FTRE,Healthcare,Biotechnology,NASDAQ,147.26,95,85,96,71,21.11,1902000000.0,95100000.0,0.155,-1.31,1418330,1401433,1521216,-0.045
282,AOUT,Consumer Cyclical,Leisure,NASDAQ,147.19,95,95,91,52,16.6,206357033.56461525,12621225.0,0.0322,-6.16,125520,279403,187336,0.254
283,UTZ,Consumer Defensive,Packaged Foods,NYSE,147.18,95,95,23,15,14.28,2054340845.4106712,143962213.0,0.1182,-0.35,1454290,1846080,2126318,0.014
284,ENTX,Healthcare,Biotechnology,NASDAQ,147.16,95,97,62,13,2.62,495185618.4966991,173141831.0,0.0077,-37.62,549840,423150,2252800,
285,MCTA,Healthcare,Medical Care Facilities,NASDAQ,147.06,95,94,97,98,29.35,504260182.13653564,17178000.0,0.1191,-7.41,0,0,0,-0.189
286,RSKD,Technology,Software - Application,NYSE,146.95,95,88,67,28,7.81,1037816606.8689394,132037734.0,0.0149,-4.41,3569780,2212206,1984762,0.218
287,LFST,Healthcare,Medical Care Facilities,NASDAQ,146.95,95,97,94,61,12.22,4497223530.00654,380154147.0,0.088999994,-9.88,4424280,5106153,4736774,0.261
288,FATE,Healthcare,Biotechnology,NASDAQ,146.93,95,96,98,73,2.43,277983584.4811177,119820514.0,0.0885,-24.77,1566070,1472736,1711676,0.092
289,TH,Industrials,Specialty Business Services,NASDAQ,146.61,95,97,95,95,18.91,1844997899.1029053,97929824.0,0.1278,-13.1,2588980,2388056,1912702,0.387
290,CIX,Industrials,Security & Protection Services,NYSE ARCA,146.35,95,92,74,56,38.23,461390990.6242447,12336657.0,0.0324,-5.11,27800,30113,21266,0.08
291,ELVN,Healthcare,Biotechnology,NASDAQ,146.32,95,98,95,96,45.47,3441527733.611847,73270761.0,0.16950001,-27.04,1070800,1290706,1199448,
292,ARW,Technology,Electronics & Computer Distribution,NYSE,146.24,95,90,91,88,240.22,12319621140.59816,50905423.0,0.0373,-2.84,537070,544853,584282,0.318
293,COHR,Technology,Scientific & Technical Instruments,NYSE,146.11,94,89,96,98,333.64,66003301865.21124,195832246.0,0.060900003,-24.17,6625240,6344430,6939030,0.337
294,OBIO,Healthcare,Biotechnology,NASDAQ,146.09,94,85,61,81,6.03,357625030.0858717,60105049.0,0.0641,-7.23,287800,342456,325352,-0.895
295,SSL,Basic Materials,Specialty Chemicals,NYSE,146.04,94,87,87,97,14.05,8936065018.089884,641037682.0,0.0083,-7.44,1941530,1864206,1555348,0.179
296,SHIP,Industrials,Marine Shipping,NASDAQ,145.97,94,94,92,96,17.67,386127281.74739075,21668198.0,0.0163,-8.06,549640,448243,394042,0.486
297,MF,Communication Services,Advertising Agencies,NASDAQ,145.9,94,94,1,6,14.3,25761513.578704834,1818032.0,0.0063,-82.87,47040,112410,225358,-0.326
298,MAN,Industrials,Staffing & Employment Services,NYSE,145.8,94,97,77,23,54.2,2518741664.103813,46505570.0,0.1336,-15.15,958580,819670,930178,0.075
299,NUTX,Healthcare,Medical Care Facilities,NASDAQ,145.76,94,95,92,23,225.0,1482586154.5,6847973.0,0.2856,0.32,164950,161303,160366,-0.136
300,DNA,Healthcare,Biotechnology,NYSE,145.68,94,21,53,22,14.98,831652446.638277,67340277.0,0.1336,-14.79,3562410,1974216,1659224,-0.485
301,VRA,Consumer Cyclical,Footwear & Accessories,NASDAQ,145.22,94,80,86,90,5.02,146599076.87034988,28688664.0,0.0296,-2.33,392600,721056,477292,0.011
302,BBGI,Communication Services,Broadcasting,NASDAQ,145.19,94,99,99,98,10.37,22744480.923387527,2052751.0,0.15630001,-64.61,40820,51870,55524,-0.167
303,FATN,Technology,Software - Infrastructure,NASDAQ,145.15,94,95,94,12,5.48,78836850.36208344,14128468.0,0.0116,-36.33,39470,64983,88222,0.278
304,CLOV,Healthcare,Healthcare Plans,NASDAQ,145.13,94,91,95,18,4.68,2326464492.7260103,531156263.0,0.0558,-16.28,3628970,3943876,4161652,0.556
305,JTAI,Technology,Software - Application,NASDAQ,145.05,94,19,4,0,1.5,2203667.48220706,1421721.0,0.1707,-97.57,935380,376053,309190,1.39
306,CELU,Healthcare,Biotechnology,NASDAQ,144.94,94,89,6,21,1.71,51919627.973662734,32449767.0,0.1232,-32.94,169620,8243250,4963144,-0.663
307,VCTR,Financial Services,Asset Management,NASDAQ,144.94,94,93,86,67,115.28,6964729044.043549,61509572.0,0.0521,-6.69,589740,731136,665864,0.24
308,CYRX,Industrials,Integrated Freight & Logistics,NASDAQ,144.78,94,89,94,72,18.14,882813828.4568787,50649100.0,0.066199996,0.44,762640,596670,593648,0.077
309,OSCR,Healthcare,Healthcare Plans,NYSE,144.62,94,94,95,34,32.42,9549476464.834213,308645000.0,0.070300005,-5.97,5021800,5136980,5494868,0.704
310,NEOG,Healthcare,Medical Devices,NASDAQ,144.53,94,93,81,87,13.01,2649987877.549162,218106005.0,0.0684,-8.77,5762280,3637106,3135124,-0.001
311,RRGB,Consumer Cyclical,Restaurants,NASDAQ,144.39,94,97,92,23,8.05,150284824.79439545,18903752.0,0.1103,-26.48,207150,274083,330624,-0.021
312,MTSI,Technology,Semiconductors,NASDAQ,144.23,94,79,94,94,328.3,24560891875.73117,76370931.0,0.0435,-21.63,1116700,1266736,1377332,0.358
313,KOPN,Technology,Electronic Components,NASDAQ,144.07,94,89,91,87,4.87,912634506.3780899,185872614.0,0.14479999,-26.32,3094160,3391646,3842826,0.506
314,ACHV,Healthcare,Biotechnology,NASDAQ,144.03,94,97,95,60,7.01,746462004.0017128,103102490.0,0.15630001,-18.87,1501550,1566553,1480844,
315,CHEF,Consumer Defensive,Food Distribution,NASDAQ,143.69,94,95,91,64,111.07,4749479908.160141,40796083.0,0.15020001,-6.28,602840,673996,697802,0.129
316,ANIK,Healthcare,Drug Manufacturers - Specialty & Generic,NASDAQ,143.52,94,96,84,87,19.73,255614655.70519638,13382966.0,0.0374,-13.77,94590,88890,107980,0.156
317,HOWL,Healthcare,Biotechnology,NASDAQ,143.49,94,94,5,67,0.93,45102178.63820028,48601487.0,0.0424,-56.74,487930,1794780,8507238,
318,TWN,Financial Services,Asset Management,NYSE,143.22,94,94,93,94,106.18,598837252.5669937,5742039.0,0.0838,-2.43,16062,25037,26938,0.404
319,AZTA,Healthcare,Medical Instruments & Supplies,NASDAQ,143.0,94,76,28,19,42.73,1697575228.75,43808393.0,0.19950001,1.74,1277030,1010616,885750,0.12
320,AUGO,Basic Materials,Gold,NASDAQ,142.6,94,96,83,98,85.17,6870429028.000259,83836843.0,0.16690001,-22.8,1015860,1013630,984354,0.764
321,HAE,Healthcare,Medical Devices,NYSE,142.54,94,92,75,31,104.68,4762631312.564598,45497051.0,0.0881,-5.22,492860,575653,714178,0.056
322,GTLB,Technology,Software - Infrastructure,NASDAQ,142.52,94,92,66,8,51.5,8294094496.612549,166615000.0,0.0866,-7.29,4055680,5228423,4851018,0.213
323,WT,Financial Services,Asset Management,NYSE,142.29,94,95,85,87,24.45,3693865139.025976,151512111.0,0.1734,-5.63,2202250,2873560,2704332,0.573
324,GCT,Technology,Software - Infrastructure,NASDAQ,142.24,94,92,50,95,54.66,1919425238.75,35710237.0,0.1512,-2.86,671760,605616,649196,0.276
325,FTK,Energy,Oil & Gas Equipment & Services,NYSE,142.05,94,88,92,81,29.67,1120660092.603796,36220429.0,0.2637,-25.21,528460,464206,601790,0.703
326,AVAT,Financial Services,Asset Management,NASDAQ,142.01,94,0,0,48,1.88,69384094.77712691,37914805.0,0.06,-82.36,1717340,1915650,1265362,
327,CADL,Healthcare,Biotechnology,NASDAQ,141.93,94,98,94,26,10.23,745891055.3803024,73270239.0,0.2074,-26.93,973870,1150510,1219772,
328,ANRO,Healthcare,Biotechnology,NYSE,141.84,94,99,99,99,24.01,973204149.2606506,39242104.0,0.1246,-35.94,617050,575886,523168,
329,PLPC,Industrials,Electrical Equipment & Parts,NASDAQ,141.8,94,92,90,92,416.1,2050565694.1265259,4888701.0,0.069699995,-17.55,71900,71660,90720,0.254
330,RVTY,Healthcare,Diagnostics & Research,NYSE,141.75,94,86,72,33,157.36,16908687207.316132,111586401.0,0.083500005,-0.58,2242260,2080503,1891464,0.013
331,NTWK,Technology,Software - Application,NASDAQ,141.75,94,59,76,62,6.17,71117777.32022858,11952568.0,0.0017,1.31,211880,84793,58018,0.125
332,S,Technology,Software - Infrastructure,NYSE,141.62,94,78,77,21,25.43,8722110686.141718,348049117.0,0.0598,-1.24,8254940,9174716,8100346,0.206
333,HNST,Consumer Defensive,Household & Personal Products,NASDAQ,141.35,94,97,77,31,5.15,553587379.2697029,107284379.0,0.1086,-14.31,1514060,2001463,2425506,-0.109
334,OPRT,Financial Services,Credit Services,NASDAQ,141.33,94,92,63,51,8.38,383993580.0927448,45987253.0,0.0308,-3.23,809660,567506,552360,0.094
335,QLYS,Technology,Software - Infrastructure,NASDAQ,141.29,94,91,89,13,198.68,6676835193.0,34595001.0,0.1381,-1.42,592320,699243,730242,0.11
336,BHE,Technology,Electronic Components,NYSE,141.21,94,82,95,90,86.11,3139042922.946213,35919933.0,0.045300003,-14.24,473400,386026,379848,0.177
337,RXO,Industrials,Trucking,NYSE,141.2,94,67,92,56,28.65,3855972734.228485,164926128.0,0.2566,-4.18,3752560,2353623,2265610,0.25
338,AMAT,Technology,Semiconductor Equipment & Materials,NASDAQ,141.04,94,93,97,94,542.28,428574345680.2762,793597443.0,0.0178,-26.69,5607210,6322736,6997774,0.248
339,CRL,Healthcare,Diagnostics & Research,NYSE,140.94,94,94,82,64,310.77,13853343382.22998,47738872.0,0.054,2.46,1008800,933716,952398,-0.027
340,VAI,Industrials,Rental & Leasing Services,NASDAQ,140.72,94,93,38,17,2.2,32608775.498831034,14557489.0,0.0175,-8.33,38850,73266,797248,-0.156
341,SB,Industrials,Marine Shipping,NYSE,140.69,94,94,86,89,8.75,1002872944.8964262,113833473.0,0.0749,-6.02,1622630,1536946,1216724,0.33
342,TMCI,Healthcare,Medical Devices,NASDAQ,140.68,94,94,90,8,4.48,285501674.59695053,65034552.0,0.0335,-36.72,209000,235593,309566,-0.042
343,AMC,Communication Services,Entertainment,NYSE,140.65,94,91,59,16,2.79,2472514830.2349176,892604638.0,0.048800003,-17.94,30457390,27924246,27679464,0.142
344,BLFS,Healthcare,Medical Instruments & Supplies,NASDAQ,140.64,94,90,79,27,38.61,1824840283.574459,48923333.0,0.1082,-2.89,1507850,1119826,954434,0.215
345,TK,Energy,Oil & Gas Midstream,NYSE,140.52,94,87,77,88,14.96,1301339944.1806412,87691370.0,0.059299998,0.2,561570,577850,559420,0.435
346,SNOW,Technology,Software - Application,NYSE,140.34,94,92,91,15,338.99,120318915014.64844,352800000.0,0.0545,-11.85,4093290,5066156,5023772,0.351
347,CBRL,Consumer Cyclical,Restaurants,NASDAQ,140.21,94,94,88,17,56.32,1246371459.2821884,22352430.0,0.42119998,-6.54,1304880,1049533,945548,-0.022
348,ONTO,Technology,Semiconductor Equipment & Materials,NYSE,140.16,94,92,96,95,325.41,20034427946.197876,61123436.0,0.071,-15.8,657440,832880,1002818,0.353
349,FROG,Technology,Software - Application,NASDAQ,140.05,94,91,96,40,97.86,11775275200.5,123301311.0,0.065799996,-7.47,1568350,1804696,2006880,0.287
350,NVEC,Technology,Semiconductors,NASDAQ,139.96,94,84,82,73,114.13,538957138.2828827,4837167.0,0.13239999,-15.46,90880,102293,134594,0.807
351,PD,Technology,Software - Application,NYSE,139.89,93,86,67,5,15.59,1206489063.8210182,78649873.0,0.13149999,-7.04,1791050,1741280,1532504,0.008
352,MATX,Industrials,Marine Shipping,NYSE,139.82,93,94,91,89,230.66,6910988196.631622,29903458.0,0.069299996,-4.24,286770,292540,286244,0.167
353,KLIC,Technology,Semiconductor Equipment & Materials,NASDAQ,139.82,93,86,97,95,98.73,5273204742.884636,52329115.0,0.0529,-27.3,846490,719986,861630,1.226
354,DAC,Industrials,Marine Shipping,NYSE,139.74,93,89,82,83,165.82,3006318978.9442444,18203567.0,0.1312,0.34,148240,131673,127884,0.047
355,LRCX,Technology,Semiconductor Equipment & Materials,NASDAQ,139.74,93,95,96,97,345.8,434857439330.43896,1251424362.0,0.0233,-21.14,8210040,8566573,9372568,0.3
356,HSCS,Healthcare,Medical Devices,NASDAQ,139.46,93,94,32,10,4.36,20828813.92390251,4843910.0,0.0087,-16.95,143900,160806,132904,0.105
357,NET,Technology,Software - Infrastructure,NYSE,139.46,93,81,89,56,359.49,124296748723.05573,356079715.0,0.0271,-2.16,2891070,3077566,3493468,0.359
358,WEST,Consumer Defensive,Packaged Foods,NASDAQ,139.35,93,91,90,43,8.22,794686963.6977034,97627387.0,0.1337,-19.33,329200,318170,357546,0.088
359,TLYS,Consumer Cyclical,Apparel Retail,NYSE,139.27,93,97,95,98,4.61,140089671.36637688,30587265.0,0.060900003,-26.24,271810,1053433,675272,0.081
360,WEYS,Consumer Cyclical,Footwear & Accessories,NASDAQ,139.27,93,90,76,72,50.19,486049519.0405426,9550983.0,0.0239,-2.54,38050,30556,28602,0.069
361,KNSA,Healthcare,Drug Manufacturers - Specialty & Generic,NASDAQ,139.23,93,96,92,89,76.31,5913440016.703117,78024013.0,0.096999995,-7.99,537560,537333,602490,0.554
362,SN,Consumer Cyclical,"Furnishings, Fixtures & Appliances",NYSE,139.23,93,92,86,68,182.69,25837376630.556213,141520379.0,0.1117,-6.09,1360980,1871310,1836304,0.222
363,KELYB,Industrials,Staffing & Employment Services,NASDAQ,139.23,93,95,96,83,22.4,777995509.9508152,34731943.0,0.0031,-82.08,2240,8363,5360,-0.058
364,KEYS,Technology,Scientific & Technical Instruments,NYSE,139.21,93,85,89,95,384.17,65482941210.61951,170244745.0,0.0159,-0.97,1046670,1101066,1220244,0.365
365,TBI,Industrials,Staffing & Employment Services,NYSE,139.19,93,96,95,18,8.9,279479087.21087646,30444344.0,0.0328,-19.31,228040,266253,297310,0.118
366,PDFS,Technology,Software - Application,NASDAQ,138.72,93,87,95,91,56.08,2343610488.0,42227216.0,0.098500006,-21.77,533330,624213,602038,0.189
367,DNTH,Healthcare,Biotechnology,NASDAQ,138.62,93,98,98,99,88.04,4933971432.1705475,55934378.0,0.18110001,-25.31,839430,779643,769088,2.943
368,TBBB,Consumer Defensive,Discount Stores,NYSE,138.61,93,91,86,77,53.87,6347630287.714195,120562775.0,0.0414,-0.24,807660,656700,707154,0.387
369,PAYC,Technology,Software - Application,NYSE,138.33,93,92,31,13,225.79,9960377330.395798,45071619.0,0.0685,-7.83,583760,705390,831386,0.098
370,TGB,Basic Materials,Copper,NYSE ARCA,138.14,93,93,86,96,8.91,3275908626.2865925,366023318.0,1.45,-9.27,5812950,5468423,5856730,1.848
371,UCTT,Technology,Semiconductor Equipment & Materials,NASDAQ,137.88,93,96,98,98,74.02,3291187348.5496216,45277029.0,0.1074,-48.68,1083580,883336,1103826,0.243
372,NMM,Industrials,Marine Shipping,NYSE,137.78,93,92,88,90,92.63,2676504608.8101807,28925804.0,0.0253,-2.49,178360,182573,160282,0.252
373,ECPG,Financial Services,Credit Services,NASDAQ,137.52,93,93,93,95,97.92,2034402347.884491,21209366.0,0.0749,-6.73,225580,338633,351946,0.113
374,RELL,Technology,Electronic Components,NASDAQ,137.45,93,89,91,84,18.78,282271496.4178505,14864218.0,0.0805,-18.88,117800,125526,202770,0.276
375,AVTR,Healthcare,Medical Instruments & Supplies,NYSE,137.34,93,91,40,12,15.81,10375344708.804169,676358840.0,0.0922,-1.5,8460650,8177310,9217140,0.005
376,TVTX,Healthcare,Biotechnology,NASDAQ,137.33,93,97,97,96,57.67,5366283427.026199,94261082.0,0.17899999,-16.09,1891700,1545470,1620670,0.482
377,CON,Healthcare,Medical Care Facilities,NYSE,137.27,93,92,90,65,36.21,4546007482.976624,127517736.0,0.044899996,-1.36,846810,903560,924882,0.1
378,MSGM,Communication Services,Electronic Gaming & Multimedia,NASDAQ,137.25,93,80,88,95,5.38,22301578.332671165,4588802.0,0.0499,-3.2,86520,104050,88432,0.366
379,SMWB,Technology,Software - Application,NYSE,137.18,93,97,92,4,8.08,702459687.2064209,88248704.0,0.014099999,-15.13,529780,638856,774180,0.088
380,VIR,Healthcare,Biotechnology,NASDAQ,137.02,93,92,87,92,11.78,1890142263.770153,169215958.0,0.1176,-1.34,1933270,2212890,1913048,195.825
381,ERO,Basic Materials,Copper,NYSE,136.74,93,92,57,91,38.44,3954112801.1146812,104302633.0,3.69,-5.85,1319540,1427410,1442198,0.739
382,ESYN,Consumer Cyclical,Restaurants,NASDAQ,136.71,93,75,26,16,2.12,16843552.515792847,7726400.0,0.0342,-27.99,41240,74323,202388,-0.793
383,RDVT,Technology,Software - Application,NASDAQ,136.62,93,92,91,21,79.89,1272043654.3813705,16046975.0,0.041100003,-2.33,191270,216010,249472,0.227
384,AMRX,Healthcare,Drug Manufacturers - Specialty & Generic,NASDAQ,136.61,93,90,90,83,20.35,7070409082.37122,348296027.0,0.046,-3.9,3124620,2569933,2280522,0.099
385,DAVE,Technology,Software - Application,NASDAQ,136.58,93,95,96,82,368.94,4420676154.414124,12755507.0,0.202,-19.49,318140,323260,379708,0.296
386,DIOD,Technology,Semiconductors,NASDAQ,136.47,93,86,90,93,103.53,4782008878.553619,46051705.0,0.088,-17.83,487880,524230,597232,0.217
387,RDI,Communication Services,Entertainment,NASDAQ,136.35,93,97,48,32,1.85,45093550.84489179,22890127.0,0.0022,-23.24,33380,80146,78168,0.108
388,ASC,Industrials,Marine Shipping,NYSE,136.3,93,87,84,86,19.34,788441059.8324966,40851870.0,0.063,-3.44,673580,644026,619946,0.613
389,SLN,Healthcare,Biotechnology,NASDAQ,136.17,93,98,91,80,10.14,661319496.378912,62154086.0,0.043,-42.31,938360,821166,1277258,
390,FNKO,Consumer Cyclical,Leisure,NASDAQ,136.12,93,88,89,37,6.07,328135196.23624134,55995766.0,0.15689999,-17.41,1025910,1127460,1234532,0.074
391,SMTI,Healthcare,Medical Instruments & Supplies,NASDAQ,135.98,93,91,57,16,35.0,320203005.7301712,9188035.0,0.058000002,-0.96,200280,240400,332756,0.09
392,OUST,Technology,Electronic Components,NASDAQ,135.9,93,80,94,81,44.12,3201066417.856125,72112333.0,0.096999995,-30.84,2621980,2194343,2561178,0.559
393,GEO,Industrials,Security & Protection Services,NYSE,135.86,93,94,92,29,32.34,4127590234.5742188,131619584.0,0.1046,-2.44,2890420,2406173,2218524,0.151
394,TGHL,Technology,Software - Infrastructure,NASDAQ,135.78,93,91,63,6,0.76,19885651.78378892,25299811.0,0.0081,-69.35,80930,109903,684718,-0.652
395,CURV,Consumer Cyclical,Apparel Retail,NYSE,135.76,93,94,66,67,2.46,249298587.5,99719435.0,0.1706,-13.84,161170,372530,325062,-0.118
396,RNXT,Healthcare,Biotechnology,NASDAQ,135.71,93,99,22,44,1.47,71304624.57674837,45129508.0,0.0154,-43.24,520480,1192376,917072,1.154
397,PBT,Energy,Oil & Gas Midstream,NYSE,135.44,93,93,90,88,32.34,1471439675.4961243,46608796.0,0.0125,-12.59,155600,122460,140106,0.344
398,MG,Industrials,Security & Protection Services,NYSE,135.29,93,89,85,91,20.63,657916256.6462402,31860352.0,0.0862,-5.24,438820,419760,342164,0.042
399,PRCH,Financial Services,Insurance - Property & Casualty,NASDAQ,135.18,93,96,92,20,17.35,1965028300.533867,113519836.0,0.2297,-5.55,1624490,1398306,1570548,0.117
400,ACVA,Consumer Cyclical,Auto & Truck Dealerships,NYSE,135.14,93,56,39,6,10.5,1774493358.6116982,169807980.0,0.0941,0.0,8802280,11516693,8872404,0.104
401,PMTS,Financial Services,Credit Services,NASDAQ,135.1,93,96,69,52,24.69,288176679.5951843,11591982.0,0.040999997,-20.99,142750,208153,167284,0.15
402,STLN,Healthcare,Medical Care Facilities,NASDAQ,135.06,93,94,94,68,6.3,647167320.5305219,101916115.0,0.0787,-11.64,1101910,1256443,1416976,0.346
403,QXL,Technology,Information Technology Services,NASDAQ,135.05,93,96,97,14,4.16,57479848.75688553,13336392.0,0.0067000003,-45.97,57880,66373,68584,-0.208
404,ANF,Consumer Cyclical,Apparel Retail,NYSE,134.8,93,95,37,55,141.4,5767256333.46933,42434377.0,0.1725,-8.9,1188180,2094556,1658288,0.048
405,VPG,Technology,Scientific & Technical Instruments,NYSE,134.8,93,81,99,92,78.06,1053246396.0349274,13320430.0,0.1258,-48.57,340040,341750,507644,0.117
406,KF,Financial Services,Asset Management,NYSE,134.62,93,93,95,94,68.74,286177508.0909729,4158348.0,0.1,-16.11,21023,26824,28216,0.158
407,LEDS,Technology,Semiconductors,NASDAQ,134.53,93,67,30,11,2.36,19194294.407690763,8273403.0,0.040900003,-34.81,15680,16386,38402,-0.486
408,HALO,Healthcare,Biotechnology,NASDAQ,134.43,93,93,69,52,108.31,12468890349.273682,113498000.0,0.175,-7.31,2739850,2237246,2312140,0.477
409,BVS,Healthcare,Medical Devices,NASDAQ,134.15,93,95,89,84,13.52,896846535.4069033,68305143.0,0.0625,-14.93,427310,493926,642602,0.038
410,ESTC,Technology,Software - Application,NYSE,133.73,92,88,39,10,94.91,9862881099.526367,104991280.0,0.045900002,-12.12,1744530,2591816,2454058,0.151
411,PACS,Healthcare,Medical Care Facilities,NYSE,133.72,92,96,96,96,42.71,6784680732.59903,158335612.0,0.0774,-13.7,794610,736560,798992,0.091
412,SOTK,Technology,Scientific & Technical Instruments,NASDAQ,133.72,92,70,85,50,6.81,97443679.60227299,15716723.0,0.0068,6.74,135940,85366,67076,0.103
413,ROG,Technology,Electronic Components,NYSE,133.69,92,77,89,89,159.1,2858933600.0,17868335.0,0.0493,-5.86,345120,248893,242562,0.069
414,UFI,Consumer Cyclical,Textile Manufacturing,NYSE,133.68,92,96,86,27,6.42,121570993.27089214,18588837.0,0.0137,-24.2,52140,73770,113392,0.041
415,STM,Technology,Semiconductors,NYSE,133.64,92,88,97,88,57.68,51071801967.008286,891928108.0,0.0226,-29.16,9630490,8298146,8763530,0.261
416,TITN,Industrials,Industrial Distribution,NASDAQ,133.6,92,84,39,71,25.33,598206243.5354176,23532897.0,0.0577,-5.84,170230,283930,248426,-0.092
417,RDIB,Communication Services,Entertainment,NASDAQ,133.48,92,90,20,38,14.45,368073240.4136219,22890127.0,0.0592,-39.79,30013,353617,214339,0.108
418,AVAH,Healthcare,Medical Care Facilities,NASDAQ,133.46,92,96,90,59,12.37,2748279732.278515,218290683.0,0.0614,-15.91,3149310,3267960,3258070,0.137
419,FLEX,Technology,Electronic Components,NASDAQ,133.43,92,89,97,91,116.76,43076081490.045685,369402978.0,0.0273,-30.03,2722860,3067483,3647886,0.206
420,CD,Financial Services,Capital Markets,NASDAQ,133.3,92,15,11,26,7.51,741425586.8221283,110003800.0,0.055999998,-79.58,215140,231390,231146,0.984
421,TORO,Energy,Oil & Gas Midstream,NASDAQ,133.29,92,98,94,90,5.27,185929199.35500145,34559330.0,0.0026,-38.0,38970,34023,30658,0.077
422,VEON,Communication Services,Telecom Services,NASDAQ,133.26,92,80,58,57,76.95,5208660747.770462,68861195.0,0.0069,-2.38,200900,171433,137412,0.169
423,HBIO,Healthcare,Medical Instruments & Supplies,NASDAQ,133.18,92,89,82,55,8.5,37966224.39462662,4552305.0,0.0108,-9.57,21360,18953,19628,0.111
424,IRD,Healthcare,Biotechnology,NASDAQ,133.05,92,96,94,99,4.38,381036862.99266243,83195823.0,0.159,-38.05,1864570,4001673,2724692,-0.738
425,NGL,Energy,Oil & Gas Midstream,NYSE,133.0,92,96,96,97,15.75,2033224882.0808945,124814289.0,0.0352,-17.37,213170,223356,236860,0.591
426,MCS,Communication Services,Entertainment,NYSE,132.96,92,93,83,79,26.66,834318206.0738506,30832159.0,0.037100002,-17.77,240590,222913,288862,0.128
427,SFL,Industrials,Marine Shipping,NYSE,132.94,92,86,79,84,13.5,1865115266.4507427,138670282.0,0.0357,-3.43,1388600,1471026,1371760,0.027
428,TX,Basic Materials,Steel,NYSE,132.61,92,90,73,79,57.97,11112977771.396698,196307678.0,0.0095999995,-1.29,417500,471830,571688,0.1
429,OGN,Healthcare,Drug Manufacturers - General,NYSE,132.61,92,91,89,33,13.7,3603001490.884284,262609433.0,0.0759,-0.62,1855040,2796913,2688406,-0.023
430,TTMI,Technology,Electronic Components,NASDAQ,132.49,92,89,97,98,133.14,13892354181.28125,105348864.0,0.0458,-40.52,1988530,1978076,2558492,0.374
431,FRNM,Healthcare,Diagnostics & Research,NASDAQ,132.44,92,91,35,34,16.83,1753531971.6898346,107446814.0,1.96,-3.83,552800,865996,895954,1.065
432,LBRX,Healthcare,Biotechnology,NASDAQ,132.44,92,98,93,87,34.62,1193266937.3959541,32259175.0,0.2049,-30.98,438600,333630,353970,
433,ATI,Industrials,Metal Fabrication,NYSE,132.42,92,95,93,95,193.09,26201904847.524582,136170383.0,0.048499998,-20.73,1422550,1869333,1752360,0.106
434,ALVO,Healthcare,Drug Manufacturers - Specialty & Generic,NASDAQ,132.42,92,63,12,9,6.11,1944652789.042551,356817038.0,0.0361,-32.45,1224460,1274056,1144466,-0.389
435,U,Technology,Software - Application,NYSE,132.41,92,86,60,18,45.68,19192278636.738968,440088933.0,0.0665,-12.41,12114890,9918786,11140290,0.239
436,FBIOP,Healthcare,Biotechnology,NASDAQ,132.26,92,93,95,91,18.1,,,0.0,-15.54,24870,13190,13172,0.14
437,CIB,Financial Services,Banks - Regional,NYSE,132.23,92,94,87,88,96.06,21705971234.583862,236165492.0,0.0077,-9.03,295980,334820,326996,0.26
438,PTEN,Energy,Oil & Gas Drilling,NASDAQ,132.19,92,93,80,91,11.55,4275324452.0886784,381384874.0,0.1075,-13.74,7291240,8388633,8304894,0.007
439,NXTC,Healthcare,Biotechnology,NASDAQ,132.17,92,95,1,96,5.05,23298758.008449554,4577359.0,0.023,-67.92,95760,98886,218784,
440,MRAM,Technology,Semiconductors,NASDAQ,132.15,92,92,95,85,18.22,458510667.61224174,24350009.0,0.1593,-64.62,867320,891580,1077032,0.419
441,ACU,Consumer Defensive,Household & Personal Products,NYSE ARCA,132.02,92,92,63,63,63.7,243447760.5,3833823.0,0.027999999,-1.8,38730,44346,42476,0.161
442,CVE,Energy,Oil & Gas Integrated,NYSE,131.95,92,92,87,92,31.47,59753540814.09454,1844245000.0,9.08,-7.87,7997650,7145843,7239446,0.415
443,MSBI,Financial Services,Banks - Regional,NASDAQ,131.75,92,93,90,83,33.0,687724979.013916,20752112.0,0.0531,-5.98,198560,159090,173476,0.18
444,KBSX,Consumer Cyclical,Leisure,NASDAQ,131.69,92,12,10,23,1.71,64910706.484609365,44766003.0,0.0087,-4.47,52000,26876,21136,0.097
445,XOS,Industrials,Farm & Heavy Construction Machinery,NASDAQ,131.59,92,66,62,14,3.33,46918910.922039986,14217852.0,0.0766,-59.73,226310,417790,3608486,-0.742
446,SRZN,Healthcare,Biotechnology,NASDAQ,131.57,92,78,88,97,29.13,344614316.97309875,11753558.0,0.3364,-23.0,1780890,721383,545382,4.086
447,ZBRA,Technology,Communication Equipment,NASDAQ,131.54,92,91,53,25,375.66,17782183974.572754,47310660.0,0.045900002,-2.74,494150,541820,684106,0.204
448,KELYA,Industrials,Staffing & Employment Services,NASDAQ,131.52,92,94,85,24,15.8,545986153.2344294,34731943.0,0.0401,-10.99,237230,282510,310558,-0.058
449,CMPS,Healthcare,Medical Care Facilities,NASDAQ,131.52,92,96,98,74,11.6,1647874128.9752846,138476822.0,0.1114,-26.91,2868270,2767926,2778082,
450,WTI,Energy,Oil & Gas E&P,NYSE,131.44,92,92,92,91,3.6,537356900.482975,150942952.0,0.1461,-29.13,3571460,3508500,3775254,0.329
451,NVAX,Healthcare,Biotechnology,NASDAQ,131.4,92,77,72,62,12.56,1725332300.25218,164945726.0,0.3043,4.93,7048340,6165406,5316850,-0.763
452,CGAU,Basic Materials,Gold,NYSE,131.31,92,95,80,95,21.56,4191869663.324684,195607541.0,4.02,-12.07,1080520,1313270,1494330,0.535
453,RYDE,Technology,Software - Application,NYSE ARCA,131.29,92,89,83,99,0.71,129042038.79135978,180226306.0,0.0015,-54.19,596330,597796,470940,0.388
454,CXW,Industrials,Security & Protection Services,NYSE,131.25,92,95,92,40,33.73,3306009367.449898,98893489.0,0.18,-7.72,2362210,2035503,1829530,0.273
455,ENTG,Technology,Semiconductor Equipment & Materials,NASDAQ,131.22,92,84,85,89,166.92,25436616186.523438,152800000.0,0.0671,-10.71,1878350,2056373,2313334,0.115
456,SND,Energy,Oil & Gas Equipment & Services,NASDAQ,131.17,92,93,92,96,5.35,226410992.20958328,42399061.0,0.0738,-9.63,265300,245113,275960,0.341
457,CODI,Industrials,Conglomerates,NYSE,131.16,92,90,87,88,11.06,822329131.3401947,75235966.0,0.0646,-16.53,595920,557163,651864,-0.114
458,SANM,Technology,Electronic Components,NASDAQ,130.97,92,76,91,81,225.08,12275938058.39447,53597356.0,0.059699997,-22.03,656430,613393,697160,0.697
459,MYE,Consumer Cyclical,Packaging & Containers,NYSE,130.94,92,93,93,88,31.92,1189859522.5296593,37618070.0,0.038,-14.77,301040,331040,375002,0.098
460,LILA,Communication Services,Telecom Services,NASDAQ,130.91,92,93,88,76,8.81,1671026947.6890564,195900000.0,0.0291,-1.95,331050,349166,458314,0.015
461,STTK,Healthcare,Biotechnology,NASDAQ,130.76,92,98,99,99,6.5,675444694.6042771,100363253.0,0.070300005,-21.97,1556370,1302890,1121724,
462,DDD,Technology,Computer Hardware,NYSE,130.73,92,87,87,30,3.56,628035757.3064954,166147027.0,0.2741,-13.59,2254380,2259340,2844162,-0.003
463,NHC,Healthcare,Medical Care Facilities,NYSE ARCA,130.66,92,90,92,87,230.37,3565473243.0537415,15661395.0,0.0538,-3.73,103780,106933,109602,0.088
464,PBYI,Healthcare,Biotechnology,NASDAQ,130.65,92,94,88,93,9.67,490906839.4748955,51620066.0,0.098000005,-4.26,370220,314316,314434,0.078
465,SNX,Technology,Electronics & Computer Distribution,NYSE,130.63,92,89,90,87,277.28,22207665347.531372,79777511.0,0.0224,-7.19,1470010,928933,832960,0.377
466,SLGL,Healthcare,Biotechnology,NASDAQ,130.62,92,86,98,99,78.95,235727928.0,3273999.0,0.1155,-19.41,47770,58433,58702,-0.966
467,LINK,Technology,Electronic Components,NASDAQ,130.57,92,79,55,16,5.98,93732780.54527569,15753409.0,0.0068,-33.06,72470,39983,30634,0.104
468,FWDI,Consumer Cyclical,Footwear & Accessories,NASDAQ,130.56,91,60,11,9,8.11,622511822.7593422,76288215.0,0.1,-69.57,2164680,2468666,1886844,3.321
469,EWTX,Healthcare,Biotechnology,NASDAQ,130.41,91,95,97,96,40.3,4496211106.31675,108604129.0,0.1238,-16.92,1952670,1490783,1438308,
470,VECO,Technology,Semiconductor Equipment & Materials,NASDAQ,130.38,91,78,95,90,56.31,3507618808.4934998,61129640.0,0.1545,-35.0,870670,633506,727576,0.165
471,NAKA,Financial Services,Capital Markets,NASDAQ,130.34,91,30,2,3,10.05,172865146.6494484,17894943.0,0.1155,-78.34,219630,217893,189570,86.801
472,DGII,Technology,Communication Equipment,NASDAQ,130.21,91,89,91,90,74.56,2869257603.191696,37948123.0,0.0619,-14.14,377670,367773,371152,0.29
473,MGNI,Communication Services,Advertising Agencies,NASDAQ,130.08,91,93,82,23,24.96,3546879336.9556313,143424157.0,0.09,-7.0,2159160,2236416,2495334,0.112
474,SBLK,Industrials,Marine Shipping,NASDAQ,130.08,91,92,83,85,30.84,3569195119.5,116071386.0,0.0269,-6.2,1958490,1799893,1695748,0.445
475,DXPE,Industrials,Industrial Distribution,NASDAQ,130.01,91,89,83,88,195.8,3010016302.7435913,15517148.0,0.0399,-5.87,163440,123596,136350,0.156
476,VGNT,Consumer Cyclical,Auto Parts,NYSE,130.0,91,89,84,59,47.27,3288881375.5672073,70835265.0,4.73,-7.11,637490,721243,797652,0.108
477,SBC,Industrials,Consulting Services,NASDAQ,129.94,91,73,13,38,5.34,523490955.5631981,102846943.0,0.0378,0.85,214650,208313,186640,0.134
478,SMCI,Technology,Computer Hardware,NASDAQ,129.93,91,51,23,19,43.19,28702816724.75534,656965384.0,0.1882,-26.52,33511770,36748983,43952442,0.932
479,CAI,Healthcare,Biotechnology,NASDAQ,129.89,91,76,16,17,30.39,7999863452.831745,282680695.0,0.1158,-9.7,4237090,5259216,5277784,0.454
480,APA,Energy,Oil & Gas E&P,NASDAQ,129.89,91,90,78,94,43.85,15303354063.718796,350351510.0,0.0921,-7.57,5837820,5605883,5795840,0.092
481,KFRC,Industrials,Staffing & Employment Services,NYSE,129.71,91,94,94,27,51.8,946669750.9307861,17909000.0,0.1062,-16.02,194700,252556,259240,0.045
482,OOMA,Technology,Software - Application,NYSE,129.6,91,95,92,72,21.0,574079978.9428711,27600000.0,0.065,-19.82,472750,531066,475674,0.254
483,ATKR,Industrials,Electrical Equipment & Parts,NYSE,129.48,91,88,56,54,94.78,3195607219.200485,33773062.0,0.0452,-0.11,799150,759403,1046412,0.081
484,CNET,Communication Services,Advertising Agencies,NASDAQ,129.43,91,88,33,6,1.58,5869486.487462163,3668429.0,0.0137,-44.95,2771110,927066,689116,0.19
485,PTGX,Healthcare,Biotechnology,NASDAQ,129.29,91,95,94,91,140.63,9063042239.120789,64708285.0,0.1462,-12.55,825930,678833,604622,37.492
486,LILAK,Communication Services,Telecom Services,NASDAQ,129.27,91,93,87,77,8.77,1665150000.0,195900000.0,0.0464,-1.63,1415740,1311176,1375566,0.015
487,VIA,Technology,Software - Application,NYSE,129.23,91,85,18,6,30.89,2384407890.2276173,81295871.0,0.1657,-44.04,786570,807750,809620,0.267
488,BWEN,Industrials,Specialty Industrial Machinery,NASDAQ,129.22,91,91,96,30,4.16,99467493.0,23404116.0,0.034,-27.02,139850,208220,456506,0.674
489,HIMX,Technology,Semiconductors,NASDAQ,129.22,91,84,94,75,14.71,2658250889.4370766,174425914.0,0.05,-41.37,883650,930970,1166826,0.059
490,DSX,Industrials,Marine Shipping,NYSE,129.03,91,90,65,89,2.86,355823217.5684817,124413717.0,0.061300002,-10.63,865510,1282193,1125020,0.047
491,BJRI,Consumer Cyclical,Restaurants,NASDAQ,128.97,91,93,93,47,61.66,1317484272.9422379,21273765.0,0.1161,-17.35,366830,436166,469542,0.064
492,VSAT,Technology,Communication Equipment,NASDAQ,128.71,91,95,97,98,69.79,9918418320.0,137755810.0,0.0968,-24.98,1497280,1649686,1818460,-0.012
493,EC,Energy,Oil & Gas Integrated,NYSE,128.69,91,91,89,85,17.25,34126857385.238716,2055834735.0,0.0322,-6.15,1630000,1633553,1780360,0.355
494,ROIV,Healthcare,Biotechnology,NASDAQ,128.6,91,94,96,95,35.78,25801378977.54196,722323015.0,0.066,-15.81,6112840,8998176,7694200,-0.335
495,RIBBU,Financial Services,Shell Companies,NASDAQ,128.5,91,26,48,64,15.75,,,0.69,-6.75,6190,2926,1794,
496,SUNE,Technology,Solar,NASDAQ,128.48,91,81,98,57,2.27,15240672.160975456,6513108.0,0.0733,-75.98,114910,5331450,3250734,-0.375
497,HPQ,Technology,Computer Hardware,NYSE,128.35,91,87,69,25,31.47,28965524961.063328,901790969.0,0.094,-13.14,12778680,16468810,15621240,0.125
498,KRO,Basic Materials,Specialty Chemicals,NYSE,128.3,91,91,39,69,7.94,895458698.6284199,115097516.0,0.050100002,-13.41,406380,395093,423902,0.129
499,CGEM,Healthcare,Biotechnology,NASDAQ,128.23,91,97,95,91,16.04,953214307.5266304,61458046.0,0.2084,-30.83,1444610,1088566,929598,
500,HUT,Financial Services,Capital Markets,NASDAQ,128.09,91,97,98,98,89.27,11047745778.29776,123259468.0,0.1479,-36.6,3831690,4425700,4732652,0.814
501,CNXN,Technology,Electronics & Computer Distribution,NASDAQ,128.07,91,84,79,56,92.4,2331495516.301491,25238099.0,0.0499,-1.59,152850,139936,149982,0.124
502,KN,Technology,Electronic Components,NYSE,128.03,91,82,91,87,39.4,3420683491.1370926,85410326.0,0.0784,-8.22,628270,705273,776552,0.143
503,EQNR,Energy,Oil & Gas Integrated,NYSE,128.0,91,91,74,91,42.35,100860617179.6072,2369845252.0,0.0239,-7.61,4213200,3468856,3237876,0.374
504,CSTL,Healthcare,Diagnostics & Research,NASDAQ,127.97,91,86,36,35,36.65,1086340510.8733635,30549507.0,0.0637,-17.23,391000,351523,420388,0.201
505,CRGY,Energy,Oil & Gas E&P,NYSE,127.87,91,85,35,88,13.56,4424105602.875107,330403696.0,0.1145,-12.35,5106300,5985793,5955820,0.553
506,CRCT,Technology,Computer Hardware,NASDAQ,127.79,91,79,33,27,6.47,1365577588.3251648,209444416.0,0.0967,-2.85,672880,686246,792088,-0.092
507,APPN,Technology,Software - Infrastructure,NASDAQ,127.76,91,87,38,16,38.21,2627300279.819008,71627597.0,0.0998,-17.04,734300,893526,870756,0.191
508,EFXT,Energy,Oil & Gas Equipment & Services,NYSE,127.71,91,85,94,97,25.02,3002509911.6014214,122102883.0,2.28,-14.17,747640,628453,701474,-0.054
509,CBLL,Healthcare,Medical Devices,NASDAQ,127.71,91,91,69,70,24.86,909177233.1861172,38378101.0,0.0727,-2.99,290620,330906,382104,0.325
510,PDEX,Healthcare,Medical Instruments & Supplies,NASDAQ,127.69,91,92,87,81,65.41,205237608.40242004,3203334.0,0.2881,-15.05,56410,70590,73650,0.166
511,JAKK,Consumer Cyclical,Leisure,NASDAQ,127.64,91,83,69,73,27.78,310732071.4340744,11445012.0,0.0424,2.06,89240,77610,95952,0.169
512,USEA,Industrials,Marine Shipping,NASDAQ,127.6,91,94,92,89,2.66,25419140.071148872,9538139.0,0.18540001,-16.88,140700,136106,105098,-0.199
513,SAFT,Financial Services,Insurance - Property & Casualty,NASDAQ,127.48,91,91,54,54,103.89,1525595662.5592346,14680482.0,0.050300002,-0.12,134280,126400,206222,0.03
514,ALTO,Basic Materials,Specialty Chemicals,NASDAQ,127.48,91,90,98,99,3.79,292433092.72049904,77568460.0,0.087799996,-37.97,1039360,1263460,1578312,0.125
515,ARX,Financial Services,Insurance Brokers,NYSE,127.44,91,88,21,18,19.73,4285130031.538971,217188552.0,0.076799996,-0.85,1816270,1923500,4260938,0.572
516,VAC,Consumer Cyclical,Resorts & Casinos,NYSE,127.36,91,91,89,58,101.93,3583992239.0338135,34395320.0,0.0862,-22.39,366080,455136,491642,0.097
517,VIRT,Financial Services,Capital Markets,NYSE,127.34,91,92,93,86,62.88,5191196940.461685,88300678.0,0.0552,-8.55,1708290,1207893,1335292,0.291
518,MTLS,Technology,Software - Application,NASDAQ,127.21,91,82,75,35,8.55,490285601.5,57680659.0,0.0177,-3.06,276370,207520,148650,0.081
519,CLBK,Financial Services,Banks - Regional,NASDAQ,127.17,91,90,82,77,11.33,3075509949.2206764,269545135.0,0.1005,-5.58,3940810,4211126,4698238,0.131
520,WTTR,Energy,Oil & Gas Equipment & Services,NYSE,127.11,91,93,92,88,20.06,2572410793.7756195,128942892.0,0.0514,-11.04,2205700,1724483,1735648,0.087
521,REPX,Energy,Oil & Gas E&P,NYSE ARCA,127.06,91,87,62,83,42.93,915351974.1351509,21695947.0,0.044899996,-5.25,207630,338080,280752,0.942
522,TLIH,Industrials,Industrial Distribution,NASDAQ,126.97,91,90,75,3,5.76,16687059.98584652,2940451.0,0.0,-14.54,3030,2450,2678,-0.122
523,SGMT,Healthcare,Biotechnology,NASDAQ,126.96,91,96,71,60,9.03,648105204.1645575,70908663.0,0.1681,-21.13,1986450,1314106,1314976,
524,GPRO,Technology,Consumer Electronics,NASDAQ,126.85,91,94,17,31,1.36,278581096.3199191,206356364.0,0.1838,-50.18,10477610,65642273,41826898,-0.313
525,PCVX,Healthcare,Biotechnology,NASDAQ,126.81,91,87,78,90,73.82,8404522033.32235,148805278.0,0.109,13.57,2904570,1796780,1464492,
526,ORMP,Healthcare,Biotechnology,NASDAQ,126.77,90,96,89,90,4.55,186772109.93912125,41597354.0,0.038,-16.82,157250,210230,199252,
527,OII,Energy,Oil & Gas Equipment & Services,NYSE,126.63,90,94,90,91,45.66,4411153836.025963,99529645.0,0.105399996,-15.83,798040,893736,910216,0.1
528,CMTV,Financial Services,Banks - Regional,NASDAQ,126.61,90,88,89,89,42.06,234117699.3268509,5600902.0,0.0461,-3.88,26950,40653,40002,0.112
529,MGNX,Healthcare,Biotechnology,NASDAQ,126.6,90,97,96,97,3.77,228046664.60006142,63700187.0,0.1144,-25.79,748400,547263,546040,3.78
530,QUAD,Industrials,Specialty Business Services,NYSE,126.6,90,94,84,82,9.5,484765468.76618576,51461302.0,0.053600002,-14.8,282280,357796,406766,0.01
531,BEEP,Industrials,Infrastructure Operations,NASDAQ,126.58,90,80,12,15,2.87,106140997.24292755,41300000.0,0.0062,-24.07,37740,28406,40112,-0.011
532,BYFC,Financial Services,Banks - Regional,NASDAQ,126.54,90,91,80,39,11.61,105960984.6078968,9278545.0,0.0027,-5.99,2400,2350,3358,0.046
533,ITGR,Healthcare,Medical Devices,NYSE,126.54,90,90,39,30,126.45,4298929144.849182,33997068.0,0.089899994,-0.28,787390,761006,1150616,-0.026
534,INTT,Technology,Semiconductor Equipment & Materials,NYSE ARCA,126.48,90,51,91,96,15.04,157757170.24632454,12825786.0,0.0418,-24.8,130590,120880,136192,0.255
535,DCTH,Healthcare,Medical Devices,NASDAQ,126.37,90,93,75,45,15.87,524992772.32096195,34698795.0,0.0725,-8.9,338820,377333,525790,0.206
536,RAL,Technology,Electronic Components,NYSE,126.32,90,79,89,36,73.96,8098848247.953491,110640008.0,0.074499995,-1.92,1149580,1379773,1512038,0.128
537,TENB,Technology,Software - Infrastructure,NASDAQ,126.3,90,83,95,14,38.51,4058658205.489723,110139983.0,0.1936,-11.82,2914870,5015323,4206644,0.086
538,PEB,Real Estate,REIT - Hotel & Motel,NYSE,126.29,90,86,90,82,19.1,2151910559.683136,112842716.0,0.2377,-4.16,2287980,2187020,2161470,-0.001
539,ZIM,Industrials,Marine Shipping,NYSE,126.21,90,87,79,92,28.93,3570997602.435871,120519666.0,0.025899999,-6.56,1985590,1523656,1765324,0.089
540,NUE,Basic Materials,Steel,NYSE,126.21,90,89,87,83,251.41,54538643615.16608,226875676.0,0.0251,-10.25,1308010,1242100,1412204,0.23
541,PLXS,Technology,Electronic Components,NASDAQ,126.16,90,82,91,90,273.18,7279487930.007202,26652099.0,0.0475,-11.03,225340,218806,261632,0.281
542,NRIX,Healthcare,Biotechnology,NASDAQ,126.16,90,96,93,80,22.88,2385940868.416258,103781683.0,0.1752,-18.95,1588770,1407340,1290350,-0.795
543,KOS,Energy,Oil & Gas E&P,NYSE,125.96,90,91,76,91,2.52,1494673998.3309872,595487651.0,0.048299998,-24.55,14257800,12534263,12797186,0.546
544,HUM,Healthcare,Healthcare Plans,NYSE,125.81,90,91,94,19,404.07,46634386655.89111,120080308.0,0.0269,-5.78,1236290,1049490,1200128,0.262
545,LFUS,Technology,Electronic Components,NASDAQ,125.76,90,82,87,92,451.42,11595289936.90567,25398747.0,0.0554,-9.82,163650,191336,251930,0.204
546,TEVA,Healthcare,Drug Manufacturers - Specialty & Generic,NYSE,125.64,90,84,85,90,39.66,46103546754.092926,1166292643.0,0.0271,-2.77,5397820,5077496,5485400,-0.008
547,FIX,Industrials,Engineering & Construction,NYSE,125.61,90,87,95,98,1713.07,60816152798.98462,35194329.0,0.028099999,-17.4,272000,329820,378674,0.503
548,MATV,Basic Materials,Specialty Chemicals,NYSE,125.61,90,88,25,64,12.11,656762145.1466484,55190098.0,0.024500001,-21.77,417720,515870,561654,0.012
549,NTNX,Technology,Software - Infrastructure,NASDAQ,125.57,90,86,68,12,73.41,19559518487.624397,270570179.0,0.056799997,-5.76,2282490,2681693,2600914,0.159
550,NEXA,Basic Materials,Other Industrial Metals & Mining,NYSE,125.57,90,95,96,93,12.47,1621048568.3272076,132438611.0,0.0049,-26.17,483310,792623,727862,0.282
551,DT,Technology,Software - Application,NYSE,125.5,90,75,60,19,60.21,17143606144.76355,289002128.0,0.0509,-0.05,6764760,6718390,6791818,0.162
552,CHPT,Consumer Cyclical,Specialty Retail,NYSE,125.48,90,85,22,14,8.93,249439508.93574142,26850324.0,0.21280001,-29.18,1272510,3171653,2044456,0.177
553,TRX,Basic Materials,Gold,NYSE ARCA,125.2,90,92,53,98,1.17,392968826.4151776,327474009.0,0.0064999997,-58.21,2631370,3421130,3179390,1.633
554,WNC,Industrials,Farm & Heavy Construction Machinery,NYSE,125.18,90,94,84,36,13.99,571949907.3660002,40737173.0,0.10560001,-3.32,1215410,844883,929200,-0.091
555,BSIN,Energy,Oil & Gas E&P,NASDAQ,125.12,90,92,76,14,1.46,74540665.50722647,52493428.0,0.0172,-12.57,621480,765553,997350,0.047
556,FORR,Industrials,Consulting Services,NASDAQ,124.99,90,96,88,14,11.23,213617585.0839615,19039000.0,0.1498,-11.92,117830,117080,116282,-0.102
557,BRKR,Healthcare,Medical Devices,NASDAQ,124.98,90,86,89,32,63.86,9635203399.570053,152359316.0,0.158,-4.66,2238080,2192340,2322594,0.052
558,NXPL,Technology,Software - Application,NASDAQ,124.93,90,93,69,18,9.0,23198048.617506027,2713222.0,0.0021,-18.92,7190,34180,39460,-0.103
559,TGT,Consumer Defensive,Discount Stores,NYSE,124.89,90,93,81,75,152.99,70870290816.0,454296736.0,0.037,-10.4,3717680,3816870,4077766,0.053
560,MAKO,Basic Materials,Gold,NASDAQ,124.77,90,94,85,90,9.08,811230737.3914013,87605909.0,0.08,-18.2,134610,182643,189690,0.617
561,GPRK,Energy,Oil & Gas E&P,NYSE,124.67,90,86,81,86,11.28,704118944.8057652,64895753.0,0.0311,-14.09,921140,1090110,793164,0.196
562,UFPT,Healthcare,Medical Devices,NASDAQ,124.6,90,85,60,27,307.33,2329159147.5531006,7745790.0,0.1891,-9.26,112000,115956,146106,0.151
563,BTSG,Healthcare,Health Information Services,NASDAQ,124.52,90,93,97,93,62.0,11921320520.25,197864241.0,0.0798,-15.93,2362350,2534203,2669710,0.23
564,BTBD,Consumer Cyclical,Restaurants,NASDAQ,124.5,90,78,15,77,1.88,11565433.909491062,6184724.0,0.0032,-24.19,17680,29730,37150,-0.061
565,SCSC,Technology,Electronics & Computer Distribution,NASDAQ,124.5,90,86,83,40,61.01,1243415775.5393524,20142812.0,0.078600004,-8.64,260320,283193,288178,0.173
566,OSPN,Technology,Software - Infrastructure,NASDAQ,124.39,90,83,74,22,18.42,667761405.6875744,36852173.0,0.1224,-0.32,502390,500766,477168,0.01
567,FCX,Basic Materials,Copper,NYSE,124.3,90,86,68,88,72.6,103450703671.6333,1436017523.0,0.024,-9.52,10766640,12654470,13000914,-0.073
568,WCC,Industrials,Industrial Distribution,NYSE,124.29,90,79,83,87,377.09,18602792892.815125,48732854.0,0.0335,-2.15,445030,479963,551898,0.13
569,PMVP,Healthcare,Biotechnology,NASDAQ,124.26,90,42,34,79,1.78,95689921.78073692,53458058.0,0.056500003,-6.81,1222530,1010516,738528,
570,VBNK,Financial Services,Banks - Regional,NASDAQ,124.1,90,92,91,82,22.36,726187357.2331028,32419079.0,2.7,-10.74,173270,145503,128760,0.284
571,HBM,Basic Materials,Copper,NYSE,124.05,90,89,75,95,27.26,12080737810.85556,444144760.0,2.05,-15.21,4497770,4070803,4514582,0.177
572,VGZ,Basic Materials,Gold,NYSE ARCA,123.97,90,70,40,89,2.61,389743504.9567299,145971346.0,0.053000003,-16.61,2717440,1943530,1681296,
573,TEM,Healthcare,Health Information Services,NASDAQ,123.94,90,63,47,23,83.55,13826714856.701141,180434756.0,0.2778,-19.91,6790430,7045760,6984498,0.216
574,GKOS,Healthcare,Medical Devices,NYSE,123.92,90,94,88,76,164.01,9658619683.75,58983937.0,0.0855,-14.41,916830,776373,851534,0.495
575,CIEN,Technology,Communication Equipment,NYSE,123.81,90,86,98,99,389.69,55495347654.18167,141808525.0,0.0399,-38.87,2156210,2537006,2403114,0.37
576,ACMR,Technology,Semiconductor Equipment & Materials,NASDAQ,123.78,90,95,98,88,76.17,5807349771.18277,69649196.0,0.0764,-40.11,1445620,1079686,1073440,0.36
577,NTSK,Technology,Software - Infrastructure,NASDAQ,123.76,90,60,32,7,18.42,7252432527.0,408587748.0,0.0671,-26.26,5539120,6695966,5639422,0.292
578,SM,Energy,Oil & Gas E&P,NYSE,123.72,90,88,67,82,35.05,8381977755.550156,237854068.0,0.066199996,-15.66,3301240,3871306,3839930,1.761
579,VEEV,Healthcare,Health Information Services,NYSE,123.72,90,87,31,14,283.45,44254543796.43097,161908850.0,0.0335,-8.71,1395340,1775563,1768610,0.176
580,CBZ,Industrials,Specialty Business Services,NYSE,123.7,90,90,32,7,54.72,3004694885.1307297,54940482.0,0.045700002,-3.71,809940,998736,1487776,-0.002
581,BSTZ,Financial Services,Asset Management,NYSE,123.6,90,86,86,76,31.0,2122819294.3076134,68744150.0,0.0011,-2.79,208576,183802,181163,
582,CBL,Real Estate,REIT - Retail,NYSE,123.6,90,90,92,88,54.21,1692568831.50745,30942757.0,0.0517,-10.25,234150,249443,248024,0.04
583,STGW,Communication Services,Advertising Agencies,NASDAQ,123.56,90,92,88,78,8.53,2043814686.426015,244475451.0,0.1038,-10.68,1332170,1245726,1410122,0.112
584,WOLF,Technology,Semiconductors,NYSE,123.52,89,50,90,49,33.53,1867390409.707489,52930569.0,7.69,-58.51,2980260,2659026,3561074,-0.241
585,WATT,Technology,Communication Equipment,NASDAQ,123.49,89,38,95,97,12.81,73731127.9833641,5527071.0,0.123500004,-65.36,164830,149216,173724,2.168
586,CFFI,Financial Services,Banks - Regional,NASDAQ,123.38,89,85,67,72,99.46,319641235.2233734,3251691.0,0.0165,-0.64,80660,82720,59840,0.116
587,ASML,Technology,Semiconductor Equipment & Materials,NASDAQ,123.3,89,89,92,91,1859.86,717233793505.8594,384100000.0,0.0038,-7.01,1287330,1278176,1390252,0.213
588,NVT,Industrials,Electrical Equipment & Parts,NYSE,123.29,89,83,91,92,167.17,27444631741.679016,161857939.0,0.0327,-9.46,1642290,2328960,2318090,0.528
589,UFCS,Financial Services,Insurance - Property & Casualty,NASDAQ,123.23,89,91,90,80,54.65,1404031050.723629,25705439.0,0.0312,-3.68,119640,146160,146424,0.144
590,RLJ,Real Estate,REIT - Hotel & Motel,NYSE,123.22,89,85,91,69,11.16,1709657324.5287476,152375872.0,0.1066,-13.42,1710920,1710613,1778558,0.056
591,NRXS,Healthcare,Biotechnology,NYSE ARCA,123.19,89,92,94,97,7.15,89285710.82664251,12557765.0,0.038399998,-23.37,95330,129176,119632,1.157
592,SATL,Industrials,Aerospace & Defense,NASDAQ,123.09,89,86,55,96,5.32,880929692.9623561,153739911.0,0.16280001,-55.67,5915640,5080890,5463964,2.585
593,LSCC,Technology,Semiconductors,NASDAQ,123.0,89,78,94,93,132.85,19032056448.0,142030272.0,0.08140001,-15.39,1794750,1644526,1762210,0.622
594,DAO,Consumer Defensive,Education & Training Services,NYSE,122.99,89,90,83,40,15.63,1827614613.6315403,120634631.0,0.0343,-17.48,30970,64270,63726,0.035
595,SEPN,Healthcare,Biotechnology,NASDAQ,122.95,89,92,95,94,37.87,1760187628.6359787,46676947.0,0.1185,-25.89,387860,343440,379780,223.756
596,AGCC,Consumer Defensive,Beverages - Wineries & Distilleries,NASDAQ,122.93,89,86,94,96,15.0,341797500.0,22786500.0,0.0098,-41.69,9810,16283,36632,2.741
597,SWKS,Technology,Semiconductors,NASDAQ,122.85,89,60,35,32,83.91,12794700469.777405,150472782.0,0.3444,-9.58,7404010,7902976,7071260,-0.031
598,TSM,Technology,Semiconductors,NYSE,122.82,89,83,87,88,485.8,2452061177534.995,5186474013.0,0.0057,1.42,9272940,9657216,10662048,0.36
599,GNK,Industrials,Marine Shipping,NYSE,122.79,89,88,87,89,27.6,1206041363.675394,43586605.0,0.035,-2.89,397530,648263,569126,0.685
600,TIGO,Communication Services,Telecom Services,NASDAQ,122.78,89,93,95,96,91.17,14812147148.81897,167710000.0,0.0324,-14.9,937780,848536,1092070,0.594
601,PR,Energy,Oil & Gas E&P,NYSE,122.77,89,89,77,90,22.23,18526762184.385834,837557029.0,0.0254,-9.8,9140130,10234566,9721192,0.551
602,DCO,Industrials,Aerospace & Defense,NYSE,122.71,89,90,90,91,172.85,2648350229.5938263,15099779.0,0.0592,-17.84,205500,228816,232556,0.118
603,CHMG,Financial Services,Banks - Regional,NASDAQ,122.69,89,90,86,73,81.91,395023202.4313965,4821472.0,0.0347,-4.76,82080,73113,66926,2.417
604,STRZ,Communication Services,Entertainment,NASDAQ,122.64,89,95,96,84,23.03,398136975.75,17124171.0,0.042600002,-29.31,519140,305683,266972,-0.037
605,GIC,Industrials,Industrial Distribution,NYSE,122.63,89,82,57,71,43.58,1661904774.2694855,38108341.0,0.0463,-0.73,166960,137973,139880,0.077
606,ARTW,Industrials,Farm & Heavy Construction Machinery,NASDAQ,122.61,89,80,55,73,3.3,16280338.775251389,5201386.0,0.024,-20.86,5910,13743,692090,0.239
607,YPF,Energy,Oil & Gas Integrated,NYSE,122.58,89,84,87,82,51.24,19474367313.60913,392075056.0,4.5,-11.46,1170010,1232293,1177880,0.722
608,TXN,Technology,Semiconductors,NASDAQ,122.57,89,74,91,75,294.9,268312158998.75696,913247686.0,0.0241,-11.71,4760510,5610110,6157558,0.228
609,SKM,Communication Services,Telecom Services,NYSE,122.56,89,88,81,92,36.4,14123314923.061829,383890040.0,0.0124,-22.85,1063740,1353353,1720818,0.005
610,OPY,Financial Services,Capital Markets,NYSE,122.55,89,92,88,92,121.68,1286352611.2395859,10708005.0,0.0139999995,-3.34,128270,118950,126272,0.241
611,SYNA,Technology,Semiconductors,NASDAQ,122.5,89,62,94,66,119.73,4807837905.120491,39701387.0,0.1084,-19.7,1347290,949983,827290,0.089
612,GGB,Basic Materials,Steel,NYSE,122.4,89,84,78,82,5.17,9828629972.020912,1961802300.0,0.053600002,-0.19,14047410,12284956,12096314,0.02
613,PRHI,Financial Services,Insurance - Property & Casualty,NASDAQ,122.39,89,91,29,44,7.5,25698191.62015724,3746092.0,0.0056,-62.14,25210,26230,20492,-0.265
614,PK,Real Estate,REIT - Hotel & Motel,NYSE,122.26,89,85,83,64,15.26,3126784211.1368656,201338330.0,0.23709999,-5.8,3346410,3484993,3791342,0.01
615,SCCO,Basic Materials,Copper,NYSE,122.2,89,88,78,91,205.29,173546395551.62863,844343686.0,0.1039,-7.02,940960,1064916,1089993,0.406
616,CTKB,Healthcare,Medical Devices,NASDAQ,122.07,89,61,58,60,6.09,763001680.2345972,129983253.0,0.051,-1.46,1585890,1219900,1067264,0.056
617,PDSB,Healthcare,Biotechnology,NASDAQ,122.04,89,2,15,53,1.2,54283182.725076675,72474208.0,0.0908,-22.58,14115510,46712080,29136566,
618,GCBC,Financial Services,Banks - Regional,NASDAQ,121.98,89,90,86,54,34.33,583293087.5232887,17025485.0,0.0315,-5.51,33140,37040,34018,0.198
619,RGEN,Healthcare,Medical Instruments & Supplies,NASDAQ,121.95,89,81,56,32,189.5,10254352163.472153,56435621.0,0.1193,-4.71,1365590,1095020,1111546,0.119
620,KOP,Basic Materials,Specialty Chemicals,NYSE,121.93,89,88,89,84,47.04,870688608.0340576,18911568.0,0.0538,-11.25,150030,167266,183832,0.03
621,CVU,Industrials,Aerospace & Defense,NYSE ARCA,121.92,89,89,91,51,5.1,68501125.79087448,13249734.0,0.0064,-14.72,35430,43926,52730,0.158
622,BTE,Energy,Oil & Gas E&P,NYSE,121.92,89,89,86,94,4.68,3237296080.01709,699200000.0,1.57,-12.69,18191660,16812046,15984790,0.513
623,PRTS,Consumer Cyclical,Auto Parts,NASDAQ,121.89,89,91,24,72,8.52,69892222.0568285,8098751.0,0.062800005,-22.4,33100,71173,52050,-0.107
624,FIGS,Consumer Cyclical,Apparel Manufacturing,NYSE,121.86,89,87,57,96,13.63,2246216147.892967,166140242.0,0.18129998,-22.03,2665610,2588513,2897738,0.288
625,CNC,Healthcare,Healthcare Plans,NYSE,121.84,89,92,94,29,64.3,31116745879.154205,493995000.0,0.0328,-7.65,4421660,4618640,4753800,0.046
626,ADIL,Healthcare,Biotechnology,NASDAQ,121.84,89,98,30,1,4.35,12086860.144264221,2933704.0,0.0719,-59.53,43160,51603,64622,
627,ANAB,Healthcare,Biotechnology,NASDAQ,121.82,89,97,98,97,49.2,1450816154.8267822,29895244.0,0.4051,-32.01,646000,548936,491728,0.235
628,XRX,Industrials,Business Equipment & Supplies,NASDAQ,121.78,89,75,88,6,3.02,396569820.71537447,131314511.0,0.34919998,-20.94,1977980,2420320,3108520,0.22
629,BZH,Consumer Cyclical,Residential Construction,NYSE,121.74,89,86,88,39,33.37,891099448.909874,26679623.0,0.077,-3.39,808500,697410,790616,-0.053
630,CRT,Energy,Oil & Gas E&P,NYSE,121.74,89,73,52,76,11.52,70620002.74658203,6000000.0,0.002,-12.4,26690,30213,25572,-0.156
631,STK,Financial Services,Asset Management,NYSE,121.71,89,85,88,84,55.29,974113589.999733,17695070.0,0.11,-5.42,60495,50745,59219,
632,OBE,Energy,Oil & Gas E&P,NYSE ARCA,121.6,89,91,75,92,10.5,693945902.546215,66725570.0,9.8,-28.03,706550,811280,800290,0.417
633,ASYS,Technology,Semiconductor Equipment & Materials,NASDAQ,121.57,89,86,96,97,17.83,315320903.0172863,17508101.0,0.131,-30.65,225950,311256,371100,0.145
634,ACLS,Technology,Semiconductor Equipment & Materials,NASDAQ,121.57,89,64,91,89,142.31,4563357761.469955,30881489.0,0.067,-26.56,381850,350220,369262,0.106
635,MITK,Technology,Software - Application,NASDAQ,121.56,89,92,94,89,17.7,800922138.5,45122374.0,0.0926,-15.91,574500,619203,674948,0.182
636,TGTX,Healthcare,Biotechnology,NASDAQ,121.52,89,94,93,56,53.91,8310119027.5089035,153069053.0,0.2847,-9.09,1692490,1806736,2051538,0.703
637,TALO,Energy,Oil & Gas E&P,NYSE,121.47,89,86,72,88,17.01,2801680667.6860886,166965468.0,0.0874,-9.16,1890590,1972576,1998424,0.566
638,FFIV,Technology,Software - Infrastructure,NASDAQ,121.47,89,78,88,51,458.53,25711006199.154846,56627182.0,0.031600002,-0.75,501810,523113,606426,0.109
639,ANET,Technology,Computer Hardware,NYSE,121.4,89,86,87,84,206.9,261514938460.70435,1261224648.0,0.0127,-3.72,4121470,4739846,6106942,0.377
640,MTA,Basic Materials,Other Precious Metals & Mining,NYSE ARCA,121.4,89,91,68,82,9.32,859227042.82757,93495874.0,4.38,-19.66,257970,311666,407378,0.938
641,ELPC,Utilities,Utilities - Regulated Electric,NYSE,121.38,89,74,78,92,13.92,9547297798.396278,742402648.0,0.0013,1.63,800710,568026,523722,0.111
642,PBI,Industrials,Integrated Freight & Logistics,NYSE,121.34,89,88,93,69,16.81,2297631984.4974594,137090212.0,0.0001,-11.85,1687200,1723346,1729564,-0.023
643,CERT,Healthcare,Health Information Services,NASDAQ,121.26,88,69,24,9,10.07,1427762928.429966,152538780.0,0.2959,-26.44,2887630,2471903,3041300,0.01
644,PANL,Industrials,Marine Shipping,NASDAQ,121.12,88,81,69,86,8.53,551943917.9410095,65473772.0,0.0287,-9.16,380810,425183,412668,0.194
645,ADI,Technology,Semiconductors,NASDAQ,121.11,88,69,86,86,419.1,202136480767.1971,484565465.0,0.0199,-6.01,2699440,3268840,3576582,0.396
646,BWMN,Industrials,Engineering & Construction,NASDAQ,121.05,88,80,22,42,42.76,738417808.7507935,17333752.0,0.0506,-6.7,425970,331523,410272,0.197
647,BOTJ,Financial Services,Banks - Regional,NASDAQ,120.99,88,89,88,85,27.34,124033151.23370743,4543339.0,0.0045,-8.22,56820,40280,40238,0.041
648,VTRS,Healthcare,Drug Manufacturers - Specialty & Generic,NASDAQ,120.94,88,85,88,85,17.62,20215199644.552643,1148590864.0,0.0356,-4.4,9696370,8511503,9351490,0.049
649,LGND,Healthcare,Biotechnology,NASDAQ,120.91,88,89,94,90,306.77,6039691932.291779,19935609.0,0.1583,-6.08,295940,237623,250144,0.337
650,STNG,Energy,Oil & Gas Midstream,NYSE,120.87,88,81,85,88,86.41,4318515151.079773,50081352.0,0.0513,-4.05,1211930,989350,931252,0.775
651,HFBL,Financial Services,Banks - Regional,NASDAQ,120.77,88,92,86,79,24.16,76946779.81027222,3030594.0,0.0016,-13.71,990,900,1302,0.13
652,ARTV,Healthcare,Biotechnology,NASDAQ,120.75,88,98,98,98,7.13,333919522.6999798,48890121.0,0.0602,-50.93,464000,437680,395518,
653,XERS,Healthcare,Drug Manufacturers - Specialty & Generic,NASDAQ,120.73,88,85,81,38,10.13,1655468364.5700645,182320306.0,0.045700002,-10.59,4422140,2681750,2300494,0.287
654,RIGL,Healthcare,Biotechnology,NASDAQ,120.7,88,90,90,78,47.79,880755616.1032104,18679864.0,0.1754,-8.52,217060,251620,277800,-0.226
655,QRVO,Technology,Semiconductors,NASDAQ,120.67,88,66,44,54,114.17,10072263678.071365,88221633.0,0.0653,-5.71,2484670,1752446,1549926,-0.042
656,BRKRP,Healthcare,Medical Devices,NASDAQ,120.66,88,84,90,57,466.08,,,0.86,-3.88,8964,6528,8100,0.052
657,TRLV,Healthcare,Drug Manufacturers - Specialty & Generic,NYSE,120.61,88,91,82,66,10.65,2064299166.9404602,192565216.0,0.0308,-19.8,2727710,2373870,1802148,-0.103
658,SEI,Energy,Oil & Gas Equipment & Services,NYSE,120.56,88,69,90,95,74.75,4932757312.290192,65831540.0,0.2493,-13.27,2187550,2557706,2924990,0.469
659,NESR,Energy,Oil & Gas Equipment & Services,NASDAQ,120.53,88,98,97,97,24.08,2488012778.874378,100851754.0,0.0477,-34.81,2714640,2048313,2106772,0.591
660,WHD,Energy,Oil & Gas Equipment & Services,NYSE,120.52,88,88,67,76,64.75,4423872082.156067,69733168.0,0.0596,-12.58,670170,753346,792086,0.643
661,DDI,Communication Services,Electronic Gaming & Multimedia,NASDAQ,120.46,88,82,80,33,13.24,659556307.1934509,49553440.0,0.0013,-1.19,175170,169243,143520,0.112
662,MOV,Consumer Cyclical,Luxury Goods,NYSE,120.35,88,87,95,90,33.45,751030163.2954216,22312245.0,0.0794,-17.41,203460,204403,191800,0.049
663,FMAO,Financial Services,Banks - Regional,NASDAQ,120.31,88,86,70,65,35.37,488809542.4977951,13773162.0,0.0212,-2.08,48920,46910,64758,0.175
664,VSTM,Healthcare,Biotechnology,NASDAQ,120.28,88,91,30,38,8.0,697338478.4263945,90563441.0,0.2002,-26.06,2145270,2254926,2150460,17.754
665,CMDB,Industrials,Marine Shipping,NYSE,120.25,88,93,85,83,22.27,543624351.694622,24301490.0,0.0334,-10.06,56180,66486,71154,-0.284
666,SUNC,Energy,Oil & Gas Midstream,NYSE,120.15,88,88,83,75,75.87,3908609953.7562103,51517198.0,0.043,-9.14,509280,498866,515846,1.645
667,SXC,Basic Materials,Coking Coal,NYSE,120.15,88,89,69,19,9.94,840260982.6228142,84874850.0,0.057600003,-6.93,1097250,1054870,1383056,0.095
668,MSGE,Communication Services,Entertainment,NYSE,120.07,88,87,89,85,80.01,3778269169.5077057,47305234.0,0.0465,-11.5,536840,472030,426342,0.274
669,RCKY,Consumer Cyclical,Footwear & Accessories,NASDAQ,120.05,88,82,79,94,46.14,350171932.71492386,7491911.0,0.0312,-12.96,54670,50926,60076,0.12
670,DAR,Consumer Defensive,Packaged Foods,NYSE,120.01,88,91,87,93,62.7,9932115316.330673,157802916.0,0.0432,-10.4,2319900,2433970,2483400,0.164
671,HP,Energy,Oil & Gas Drilling,NYSE,119.94,88,91,81,90,40.13,3853645856.4452553,99938945.0,0.103999995,-16.69,1056960,1243760,1275050,-0.006
672,PARK,Healthcare,Medical Care Facilities,NASDAQ,119.94,88,90,91,87,21.09,94344795.60559845,4755282.0,0.0032,-21.28,23880,35200,30128,0.051
673,BTX,Financial Services,Asset Management,NYSE,119.88,88,81,81,70,9.38,1076068987.945012,116710299.0,0.29,-0.58,456650,411640,452878,
674,MPWR,Technology,Semiconductors,NASDAQ,119.86,88,61,83,93,1479.89,70752650430.17578,49143000.0,0.052199997,-13.66,678850,679396,738212,0.476
675,ATLC,Financial Services,Credit Services,NASDAQ,119.85,88,86,92,74,92.86,1393974782.5609436,15170038.0,0.3147,-18.79,98640,114943,133464,0.833
676,GTX,Consumer Cyclical,Auto Parts,NASDAQ,119.7,88,89,97,88,26.68,5048376660.066727,186493414.0,0.0373,-26.4,2166890,2756696,2609190,0.069
677,MSM,Industrials,Industrial Distribution,NYSE,119.66,88,81,86,69,130.16,7266720023.072998,55846298.0,0.0543,-1.64,761050,685760,666912,0.078
678,UEIC,Technology,Consumer Electronics,NASDAQ,119.54,88,82,51,36,5.49,73058302.52305222,12885062.0,0.0135,-8.35,29460,59330,76190,-0.25
679,TECK,Basic Materials,Copper,NYSE,119.49,88,90,79,85,67.87,33635534802.246094,490600000.0,4.47,-6.46,3224810,3023180,3001208,0.782
680,AEF,Financial Services,Asset Management,NYSE ARCA,119.48,88,87,87,86,9.74,389773676.28821373,40601423.0,2.45,-3.94,101866,96855,97973,0.248
681,AMTB,Financial Services,Banks - Regional,NYSE,119.47,88,88,75,78,29.25,1158452181.5503578,39189858.0,0.059699997,-4.41,328760,332576,371060,-0.079
682,SU,Energy,Oil & Gas Integrated,NYSE,119.41,88,85,77,89,68.77,82132632464.16132,1180745189.0,4.8,-4.57,3639250,4311786,4383524,0.459
683,BTSGU,Healthcare,Health Information Services,NASDAQ,119.31,88,93,97,93,197.35,,,0.2,-22.76,2320,8706,15890,0.23
684,BWFG,Financial Services,Banks - Regional,NASDAQ,119.24,88,88,80,83,66.15,531331945.9642639,7971972.0,0.0829,-4.94,73060,73416,69800,0.197
685,WKC,Energy,Oil & Gas Refining & Marketing,NYSE,119.21,88,86,87,30,36.43,1833785498.948822,51151620.0,0.2874,-11.58,998110,1102286,1130134,0.503
686,KLAC,Technology,Semiconductor Equipment & Materials,NASDAQ,119.08,88,85,95,93,206.85,269992792333.36725,1305006492.0,0.0202,-32.7,8045730,9058416,10111030,0.152
687,QUCY,Healthcare,Diagnostics & Research,NASDAQ,119.05,88,71,94,5,1.35,111810698.9678154,84068192.0,0.0224,-72.62,313480,605910,680208,
688,TRGP,Energy,Oil & Gas Midstream,NYSE,119.05,88,88,87,86,287.4,60413793762.48706,214431021.0,0.0309,-6.67,1141940,1142936,1224842,0.042
689,YARW,Healthcare,Biotechnology,NASDAQ,119.05,88,98,50,35,20.3,187936021.6530571,8438977.0,1.15,-56.76,138320,138510,92596,
690,VIOT,Consumer Cyclical,"Furnishings, Fixtures & Appliances",NASDAQ,119.04,88,24,8,13,1.51,102879746.70639324,65948558.0,0.0235,-58.17,888850,2890580,1760498,-0.499
691,KYMR,Healthcare,Biotechnology,NASDAQ,118.99,88,96,95,95,109.85,8833642325.113953,82257588.0,0.16290002,-15.53,813460,738410,711290,4.664
692,LQDT,Consumer Cyclical,Internet Retail,NASDAQ,118.99,88,84,85,71,43.22,1354465831.7975235,31331618.0,0.0498,-3.96,251630,234570,230134,0.081
693,CTOS,Industrials,Rental & Leasing Services,NYSE,118.97,88,80,93,84,9.88,2225004071.549468,227505535.0,0.0777,-19.22,774170,891956,1013528,0.102
694,CRDO,Technology,Semiconductors,NASDAQ,118.9,88,50,97,93,212.48,41093807236.80325,187951918.0,0.0514,-31.16,8361250,8622813,7175056,1.147
695,PCLA,Communication Services,Telecom Services,NASDAQ,118.85,88,58,49,2,6.6,64797043.49957466,9613805.0,0.0334,-66.35,35570,472680,533512,0.455
696,BXC,Industrials,Industrial Distribution,NYSE,118.77,88,87,21,20,74.6,578826375.0825043,7860217.0,0.0643,-20.47,195030,161820,169838,0.044
697,ELF,Consumer Defensive,Household & Personal Products,NYSE,118.75,88,93,27,22,103.75,6176957039.287811,59007996.0,0.0842,-29.78,1209710,1451886,1904008,0.355
698,NWPX,Basic Materials,Steel,NASDAQ,118.74,88,89,97,92,105.6,1021447019.3927155,9637202.0,0.088,-30.54,117960,141363,160414,0.197
699,TRVG,Communication Services,Internet Content & Information,NASDAQ,118.69,88,95,94,24,4.73,330213552.60783863,70558454.0,0.013099999,-30.44,192260,225593,176934,0.209
700,MFG,Financial Services,Banks - Regional,NYSE,118.63,88,89,89,84,11.03,131802094400.34854,12103038590.0,0.00090000004,-4.0,3579920,3246120,3315156,0.35
701,LB,Energy,Oil & Gas E&P,NYSE,118.55,87,87,82,69,83.58,2484749241.509491,29654484.0,0.119899996,-8.85,229290,229643,281986,0.406
702,CSCO,Technology,Communication Equipment,NASDAQ,118.52,87,81,92,75,112.82,442358235118.7797,3942586873.0,0.0146,-13.46,19972950,16932683,19370638,0.176
703,ATNI,Communication Services,Telecom Services,NASDAQ,118.51,87,90,72,89,28.1,429907691.51963425,15403357.0,0.035099998,-15.89,78860,82286,86012,0.018
704,ACRS,Healthcare,Biotechnology,NASDAQ,118.38,87,97,97,97,4.27,646203120.6168275,147198893.0,0.124,-35.3,3394680,2864923,2537126,-0.083
705,IQV,Healthcare,Diagnostics & Research,NYSE,118.33,87,89,65,32,266.09,42501364593.50586,164600000.0,0.029000001,-4.08,1391900,1533693,1544112,0.087
706,RELY,Technology,Software - Infrastructure,NASDAQ,118.27,87,92,89,68,22.91,4608361952.48127,211684054.0,0.0912,-16.63,3884950,4024733,3710776,0.202
707,NHPBP,Real Estate,REIT - Healthcare Facilities,NASDAQ,118.27,87,86,84,83,25.44,,,0.06,-0.06,12090,12443,20938,0.026
708,JOYY,Communication Services,Internet Content & Information,NASDAQ,118.22,87,79,78,67,80.5,3878211822.1342163,48973503.0,0.059699997,-0.94,371650,405020,349106,0.163
709,A,Healthcare,Diagnostics & Research,NYSE,118.16,87,70,56,34,171.29,47308223760.94345,281965813.0,0.020499999,-3.25,2634080,2593966,2249932,0.081
710,STIM,Healthcare,Medical Devices,NASDAQ,118.13,87,97,30,10,2.2,164586006.06006002,76197222.0,0.1516,-36.05,888800,1158683,1921114,0.091
711,MSGS,Communication Services,Entertainment,NYSE,118.11,87,89,89,87,400.32,9799332283.894592,24079941.0,0.0858,-8.8,304320,286420,258164,0.367
712,ROKU,Communication Services,Entertainment,NASDAQ,118.02,87,91,87,73,153.41,22631535272.226303,148510633.0,0.057800002,-4.05,1614610,2090766,2309972,0.219
713,GSL,Industrials,Marine Shipping,NYSE,118.0,87,85,79,86,45.86,1650062555.8514252,36035434.0,0.024400001,-1.52,346080,299776,328490,0.02
714,SLDE,Financial Services,Insurance - Property & Casualty,NASDAQ,117.98,87,93,72,46,24.14,2757924756.886215,116811719.0,0.1031,-9.76,1143960,1359416,1194186,0.479
715,STLD,Basic Materials,Steel,NASDAQ,117.96,87,82,86,83,241.04,33250683922.444702,143328088.0,0.0332,-16.52,876080,1032423,1111160,0.334
716,AII,Financial Services,Insurance - Property & Casualty,NYSE,117.92,87,90,45,49,25.49,510604697.15598106,19593427.0,0.019199999,-5.59,150170,203246,190238,0.546
717,SBFG,Financial Services,Banks - Regional,NASDAQ,117.89,87,89,81,70,29.01,183837962.41467285,6252992.0,0.0039,-11.9,14207,16115,16279,0.078
718,HBT,Financial Services,Banks - Regional,NASDAQ,117.87,87,87,76,70,36.31,1321526345.628952,36365612.0,0.057800002,-3.2,124290,120133,130636,0.377
719,EXPD,Industrials,Integrated Freight & Logistics,NYSE,117.81,87,83,81,66,194.12,25019295175.01996,129990622.0,0.0394,-0.24,1160610,1000303,1030536,0.321
720,MWYN,Consumer Cyclical,"Furnishings, Fixtures & Appliances",NASDAQ,117.8,87,91,66,7,1.26,22214284.881481647,20194804.0,0.0029,-12.5,58360,151816,231436,25.435
721,WCCB,Financial Services,Banks - Regional,NASDAQ,117.68,87,83,72,68,60.7,638390873.1741524,10524083.0,0.0,-2.02,36918,16342,10867,-0.023
722,PBAM,Financial Services,Banks - Regional,NASDAQ,117.62,87,88,75,73,86.35,497562991.13671875,5725696.0,0.31,-6.23,110882,133334,87098,0.137
723,BFH,Financial Services,Credit Services,NYSE,117.59,87,90,86,85,98.9,3767009344.6463013,38419268.0,0.0005,-13.65,616170,541250,525998,0.038
724,AMAL,Financial Services,Banks - Regional,NASDAQ,117.55,87,88,85,85,47.73,1440888042.8683968,29900147.0,0.0752,-7.48,310170,263843,220420,0.235
725,CHYM,Technology,Software - Application,NASDAQ,117.53,87,94,29,24,28.29,10316444274.75,378585111.0,0.0733,-20.42,5478540,7075683,8187170,0.268
726,CLMB,Technology,Electronics & Computer Distribution,NASDAQ,117.5,87,71,39,21,33.73,612068944.9630623,18660639.0,0.086899996,-6.96,209830,155760,154286,0.094
727,ITUB,Financial Services,Banks - Regional,NYSE,117.48,87,65,74,88,9.92,94677886817.58429,11021872542.0,0.0043,3.33,37054050,26875343,24504792,0.175
728,RUSHB,Consumer Cyclical,Auto & Truck Dealerships,NASDAQ,117.44,87,82,78,80,56.3,6619781727.780113,116730415.0,0.0359,-1.88,93110,184796,157072,-0.016
729,GLW,Technology,Electronic Components,NYSE,117.43,87,87,97,98,159.37,141431352169.88885,861388331.0,0.0231,-41.36,6651010,8300436,10458382,0.166
730,CARL,Healthcare,Health Information Services,NASDAQ,117.43,87,82,54,18,15.3,389610155.1082039,27302743.0,0.105500005,-11.2,83820,93660,125890,0.567
731,BELFB,Technology,Electronic Components,NASDAQ,117.41,87,79,93,96,257.63,3724511768.2525635,14439450.0,0.0704,-23.16,151470,149963,187912,0.252
732,AERT,Industrials,Consulting Services,NASDAQ,117.4,87,94,83,31,6.75,39962388.527088165,5393035.0,0.011,-15.2,13750,16343,15062,0.43
733,BHP,Basic Materials,Other Industrial Metals & Mining,NYSE,117.39,87,87,82,87,86.83,218744916093.4728,2541476901.0,0.0068,-12.04,3285340,2639116,2672082,0.183
734,ANGO,Healthcare,Medical Instruments & Supplies,NASDAQ,117.35,87,83,80,57,15.54,635442725.0617504,42054450.0,0.0346,-4.6,655530,479193,468768,0.08
735,ZD,Communication Services,Advertising Agencies,NASDAQ,117.35,87,87,85,82,55.98,1892653907.7590637,34287208.0,0.2566,-7.44,548250,647683,638952,-0.027
736,DOCU,Technology,Software - Application,NASDAQ,117.34,87,79,25,13,70.03,12898138611.786713,186902452.0,0.097600006,-6.63,2653300,3436003,3252134,0.094
737,AIRT,Industrials,Conglomerates,NASDAQ,117.24,87,90,79,67,30.21,80355966.1427269,2696509.0,0.024,-13.69,62700,49060,33674,0.629
738,FRSH,Technology,Software - Application,NASDAQ,117.23,87,79,54,13,13.22,3334567396.486637,260920772.0,0.096499994,-5.5,4649980,4189030,5839692,0.16
739,RCBC,Financial Services,Banks - Regional,NASDAQ,117.22,87,84,63,57,54.45,758102353.1246185,13994875.0,1.81,-0.78,104454,89221,72432,0.198
740,SBET,Financial Services,Capital Markets,NASDAQ,117.21,87,66,9,28,9.59,2031040780.2642288,217223604.0,0.14130001,-50.92,7508150,8724030,8628284,15.539
741,KGEI,Energy,Oil & Gas E&P,NASDAQ,117.2,87,79,40,57,6.42,221368803.71652603,35936495.0,4.31,-7.49,181270,165323,157880,1.029
742,PTC,Technology,Software - Application,NASDAQ,117.2,87,25,18,20,192.26,15628156639.376068,108506261.0,0.0921,-7.04,4185700,2501413,2076444,-0.068
743,HQ,Technology,Software - Infrastructure,NASDAQ,117.18,87,92,98,54,16.03,852219141.1411285,53972080.0,0.10479999,-64.38,162040,400496,359376,
744,FDMT,Healthcare,Biotechnology,NASDAQ,117.16,87,95,93,95,12.92,755188368.5847988,55244211.0,0.2492,-23.69,1296120,1003063,977506,251.067
745,DRH,Real Estate,REIT - Hotel & Motel,NASDAQ,117.06,87,81,85,80,12.42,2571893347.7293015,204605681.0,0.0987,-9.93,3173610,3016656,2821238,0.041
746,BDL,Consumer Cyclical,Restaurants,NYSE ARCA,117.04,87,91,88,38,46.5,86445668.85032272,1858647.0,0.0076,-10.78,35330,26616,32182,0.083
747,UMAC,Technology,Computer Hardware,NYSE ARCA,117.0,87,93,89,80,21.83,1117527058.7751675,49956505.0,0.1859,-37.5,2623950,2788156,3698132,6.873
748,LTRX,Technology,Communication Equipment,NASDAQ,116.98,87,25,71,89,7.13,337062888.6824608,46879400.0,0.0616,-18.51,1054460,1314233,1068758,0.08
749,HCHL,Consumer Cyclical,Restaurants,NASDAQ,116.9,87,94,91,3,3.96,118183829.09847355,29844401.0,0.024400001,-20.8,0,0,0,-0.442
750,CURR,Technology,Software - Application,NASDAQ,116.88,87,89,90,95,2.95,348073832.791965,112281885.0,0.0274,-41.93,100870,502703,375522,-0.218
751,NOK,Technology,Communication Equipment,NYSE,116.85,87,83,95,95,10.2,59345634874.51343,5598644598.0,0.0099,-41.55,65916740,76042690,78670920,0.084
752,APLM,Healthcare,Biotechnology,NASDAQ,116.85,87,98,92,87,23.27,67819577.86946297,2914965.0,0.0031,-44.75,8410,8580,17414,
753,GSAT,Communication Services,Telecom Services,NASDAQ,116.85,87,91,93,97,83.54,10782265473.958435,129563390.0,0.0849,-1.54,563280,590306,740934,-0.035
754,ARCB,Industrials,Trucking,NASDAQ,116.82,87,89,92,86,131.14,2964013067.582184,22351354.0,0.0834,-25.78,202430,235470,295924,0.159
755,BST,Financial Services,Asset Management,NYSE,116.76,87,81,80,63,50.52,1782178638.8442535,34720019.0,0.0034999999,-3.44,147462,109830,102568,
756,EFOR,Technology,Information Technology Services,NYSE,116.76,87,58,4,20,36.14,1404250000.0,41000000.0,0.1074,-34.22,663740,701590,822116,-0.013
757,CNK,Communication Services,Entertainment,NYSE,116.74,87,82,57,72,35.97,4178622284.3162727,115911855.0,0.10569999,-7.93,2277000,2203660,2375044,0.155
758,WPP,Communication Services,Advertising Agencies,NYSE,116.7,87,86,29,16,24.58,5321444389.396992,215705082.0,0.0088,-11.52,349950,324720,431972,-0.044
759,NKSH,Financial Services,Banks - Regional,NASDAQ,116.61,86,81,65,79,42.97,271770648.22792053,6370620.0,0.0188,-0.79,28700,33406,37682,0.162
760,ASRV,Financial Services,Banks - Regional,NASDAQ,116.52,86,92,70,84,4.42,78953593.16926908,16979267.0,0.0117999995,-17.84,10910,13720,19780,0.426
761,ACB,Healthcare,Drug Manufacturers - Specialty & Generic,NASDAQ,116.36,86,48,12,21,4.46,248175443.95017433,63310061.0,6.62,-33.08,1236430,1061930,1397396,-0.088
762,VOD,Communication Services,Telecom Services,NASDAQ,116.33,86,81,69,86,16.79,38967325112.85143,2316725673.0,0.004,-5.19,3299930,3245326,3647774,
763,VRNS,Technology,Software - Infrastructure,NASDAQ,116.32,86,88,88,8,48.15,5463913236.397362,114860485.0,0.0685,-24.65,1348710,1791083,1779600,0.183
764,PWR,Industrials,Engineering & Construction,NYSE,116.22,86,73,87,89,683.42,101716325601.0307,150343393.0,0.024,-13.35,847660,913076,1047012,0.411
765,LNTH,Healthcare,Drug Manufacturers - Specialty & Generic,NASDAQ,116.2,86,86,89,69,100.19,6527375445.216179,65299875.0,0.0723,-10.43,1056010,1020476,1492932,0.027
766,SENEB,Consumer Defensive,Packaged Foods,NASDAQ,116.17,86,93,89,90,180.23,1179549026.804718,6770457.0,0.0013,-13.57,140,173,170,0.362
767,BBD,Financial Services,Banks - Regional,NYSE,116.16,86,54,61,86,4.33,38650496063.41259,10589176727.0,0.003,0.7,41508640,32469243,31112902,0.072
768,SUN,Energy,Oil & Gas Refining & Marketing,NYSE,116.15,86,82,78,78,74.73,14080167568.26278,188413849.0,0.0354,-6.84,607400,574940,549894,1.645
769,SSRM,Basic Materials,Gold,NASDAQ,116.14,86,92,82,95,33.91,6784062903.582275,203909312.0,0.0425,-14.02,2253430,2354646,2706780,0.095
770,MEOH,Basic Materials,Chemicals,NASDAQ,116.12,86,80,59,90,60.65,4520393910.699699,77364263.0,3.3,-9.14,639570,768336,805004,0.752
771,CNH,Industrials,Farm & Heavy Construction Machinery,NYSE,116.08,86,87,30,52,13.3,21661898711.104713,1608158744.0,0.060300004,-8.02,14508050,21755543,19780836,0.02
772,BIO,Healthcare,Medical Devices,NYSE,116.02,86,85,50,49,379.82,9870130311.172485,26738175.0,0.062800005,-4.14,271020,266490,275914,-0.001
773,RBKB,Financial Services,Banks - Regional,NASDAQ,115.97,86,78,81,84,13.23,205612946.93535233,15635966.0,0.0308,0.0,103840,140370,146242,0.014
774,PI,Technology,Semiconductors,NASDAQ,115.95,86,82,58,24,185.19,5793422267.578934,30554413.0,0.1456,-25.04,440550,391313,440014,0.107
775,NDSN,Industrials,Specialty Industrial Machinery,NASDAQ,115.82,86,79,68,75,334.43,18577967011.58673,55699366.0,0.0306,-1.38,330660,357203,378546,0.103
776,ATLO,Financial Services,Banks - Regional,NASDAQ,115.76,86,85,81,87,31.98,286619644.60601807,8857220.0,0.0361,-2.68,18850,29723,31358,0.18
777,DE,Industrials,Farm & Heavy Construction Machinery,NYSE,115.73,86,84,64,77,682.2,185232658044.0,269625412.0,0.0208,-5.41,1277060,1287316,1256390,0.049
778,GRC,Industrials,Specialty Industrial Machinery,NYSE,115.71,86,84,91,92,77.55,2040455430.5983658,26410243.0,0.0328,-16.42,183980,185833,183948,0.039
779,APLE,Real Estate,REIT - Hotel & Motel,NYSE,115.66,86,76,87,61,16.4,3897725398.0150414,236082698.0,0.111,-5.09,2600150,2466620,2744898,0.047
780,PRLD,Healthcare,Biotechnology,NASDAQ,115.57,86,99,98,99,3.77,292298282.7664547,79645307.0,0.1433,-44.8,573030,509730,525958,
781,ALRS,Financial Services,Banks - Regional,NASDAQ,115.55,86,88,84,75,32.4,814382228.7763367,24927526.0,0.057600003,-5.81,207920,169340,183932,0.072
782,ROLR,Consumer Cyclical,Gambling,NYSE ARCA,115.53,86,97,96,97,4.87,53933339.097427845,11029313.0,0.0113,-85.54,41480,35586,51004,-0.516
783,TDW,Energy,Oil & Gas Equipment & Services,NYSE,115.51,86,88,69,93,83.93,4100908467.91362,49756231.0,0.1528,-17.38,507940,586843,623720,0.003
784,CEVA,Technology,Semiconductors,NASDAQ,115.5,86,36,96,29,36.66,1044516028.2402954,28154072.0,0.1157,-28.95,715910,651093,815392,0.131
785,LEGH,Consumer Cyclical,Residential Construction,NASDAQ,115.42,86,79,74,36,29.2,698032174.372509,23783038.0,0.0738,-6.83,85840,75033,103490,0.323
786,MANH,Technology,Software - Application,NASDAQ,115.4,86,84,39,17,205.45,11902959677.934692,58304972.0,0.0656,-9.51,499030,616393,803094,0.093
787,PRTH,Technology,Software - Infrastructure,NASDAQ,115.37,86,28,76,20,7.78,641633896.6833606,82472221.0,0.056799997,-1.64,2151430,1592333,1160478,0.094
788,MKSI,Technology,Scientific & Technical Instruments,NASDAQ,115.34,86,88,97,97,280.5,18875440902.99518,67617558.0,0.1021,-37.34,1208380,1289810,1415982,0.283
789,PVLA,Healthcare,Biotechnology,NASDAQ,115.32,86,95,97,98,132.16,1908681692.8783875,14408407.0,0.1826,-18.11,232740,222143,201698,
790,CHCI,Real Estate,Real Estate Services,NASDAQ,115.31,86,90,59,92,19.17,192992243.7467041,10281952.0,0.0305,-13.14,42270,48286,40788,0.741
791,CARE,Financial Services,Banks - Regional,NASDAQ,115.3,86,90,91,84,30.55,681540878.25,22163931.0,0.0992,-15.28,252690,254260,324946,0.683
792,NBR,Energy,Oil & Gas Drilling,NYSE,115.27,86,88,90,95,83.16,1209857660.8477936,15191583.0,0.0706,-26.34,174590,215210,237262,-0.022
793,MOVE,Technology,Software - Infrastructure,NASDAQ,115.21,86,91,98,98,11.35,367583991.7137623,31552275.0,0.0088,-57.52,135290,438206,446540,35.903
794,PRE,Consumer Defensive,Packaged Foods,NASDAQ,115.17,86,96,82,97,20.96,338439631.97016335,16779357.0,0.036199998,-23.05,164250,250160,204282,2.107
795,EOLS,Healthcare,Drug Manufacturers - Specialty & Generic,NASDAQ,115.14,86,89,74,13,7.47,471600132.78131485,66050440.0,0.0848,-19.76,697550,895630,940864,0.212
796,HRTG,Financial Services,Insurance - Property & Casualty,NYSE,115.11,86,89,64,72,33.99,1010604869.744873,29732416.0,0.0317,-6.88,287520,281983,311654,0.03
797,NVGS,Energy,Oil & Gas Midstream,NYSE,115.01,86,72,75,80,23.72,1465996157.0631065,61493127.0,0.0602,-6.91,482400,455806,440112,0.295
798,CCSI,Technology,Software - Infrastructure,NASDAQ,115.01,86,78,91,64,36.38,647969253.1046448,18324922.0,0.0833,-12.13,101120,153186,155500,0.042
799,GCTS,Technology,Semiconductors,NYSE,115.0,86,65,95,51,2.09,206931883.5,91969726.0,0.1232,-46.82,1355920,1568660,1949872,-0.179
800,ATRO,Industrials,Aerospace & Defense,NASDAQ,114.97,86,93,94,95,68.41,2932788179.1625977,43009064.0,0.0946,-27.58,452690,602296,634324,0.27
801,NWL,Consumer Defensive,Household & Personal Products,NASDAQ,114.95,86,90,74,30,5.48,2299860040.616989,425900000.0,0.1511,-23.14,4813350,6227740,7743422,0.03
802,BPRN,Financial Services,Banks - Regional,NASDAQ,114.95,86,83,67,67,43.44,297873156.03689575,6813201.0,0.0139,-2.37,32960,28056,28456,0.619
803,MNOV,Healthcare,Biotechnology,NASDAQ,114.94,86,75,45,53,1.76,87613816.47176886,49221246.0,0.0078,-54.87,690770,640876,397916,2.406
804,CBNK,Financial Services,Banks - Regional,NASDAQ,114.94,86,74,65,60,40.02,659171149.4828224,16295949.0,0.0641,-1.67,204250,101286,82996,0.088
805,CNQ,Energy,Oil & Gas E&P,NYSE,114.94,86,83,70,87,48.31,99859057168.96057,2061500000.0,26.75,-7.65,5408650,6639346,6510134,0.695
806,WTBA,Financial Services,Banks - Regional,NASDAQ,114.93,86,84,74,78,29.45,512675788.1396656,17043743.0,0.026099999,-3.44,57100,53200,63116,0.18
807,USBC,Technology,Scientific & Technical Instruments,NYSE ARCA,114.89,86,52,10,6,0.54,205716536.79509878,388144430.0,0.0126,-58.14,295300,458313,345294,
808,TMO,Healthcare,Diagnostics & Research,NYSE,114.88,86,78,52,52,676.76,242110518359.28333,369747286.0,0.0136,-1.0,2089210,2073096,2002030,0.105
809,SHG,Financial Services,Banks - Regional,NYSE,114.82,86,90,81,87,78.46,36631201498.08063,469450238.0,0.0014,-8.31,207890,171343,180372,0.057
810,CGON,Healthcare,Biotechnology,NASDAQ,114.77,86,93,94,96,68.71,5972588224.041939,88640375.0,0.1292,-15.14,1253480,934446,881176,
811,MMED,Healthcare,Medical Instruments & Supplies,NASDAQ,114.73,86,88,32,23,20.16,5542593855.3529625,281349931.0,0.4764,-17.48,4669170,3195373,2405102,0.166
812,SVCO,Technology,Software - Application,NASDAQ,114.71,86,71,95,92,8.89,310054672.77360916,33885758.0,0.1401,-38.22,503100,385370,409978,0.478
813,BSET,Consumer Cyclical,"Furnishings, Fixtures & Appliances",NASDAQ,114.7,86,84,84,30,20.94,179256193.97958183,8651361.0,0.0086,-5.93,35450,26766,27796,0.034
814,CGNX,Technology,Scientific & Technical Instruments,NASDAQ,114.67,86,79,90,91,64.37,10929503220.09137,168223842.0,0.0478,-11.68,1738290,1539433,1907320,0.169
815,ACNB,Financial Services,Banks - Regional,NASDAQ,114.67,86,86,80,71,63.78,648638122.9855347,10169930.0,0.044099998,-5.65,53650,72180,71110,0.053
816,ON,Technology,Semiconductors,NASDAQ,114.65,86,58,91,85,85.93,33049256819.948776,389318613.0,0.1043,-36.31,11461360,10653106,10321344,0.092
817,KALU,Basic Materials,Aluminum,NASDAQ,114.61,86,88,89,92,155.76,2485552436.8026123,16349092.0,0.0699,-22.08,228630,221263,238838,0.527
818,KNTK,Energy,Oil & Gas Midstream,NYSE,114.57,85,85,75,78,53.08,4225631977.193878,80442263.0,0.0954,-6.75,1305260,1255943,1194928,0.363
819,JXN,Financial Services,Insurance - Life,NYSE,114.54,85,88,71,67,133.85,8908361615.64331,67728744.0,0.0645,-5.0,661760,779666,709674,
820,THC,Healthcare,Medical Care Facilities,NYSE,114.53,85,88,55,66,259.47,20823823386.84082,80519000.0,0.0294,-8.33,599800,771810,847118,0.068
821,SLAB,Technology,Semiconductors,NASDAQ,114.45,85,81,84,92,222.8,7432779497.070908,33366761.0,0.1291,-0.31,290440,298553,283982,0.183
822,UVE,Financial Services,Insurance - Property & Casualty,NYSE,114.42,85,88,87,80,43.66,1223144123.4828758,27830355.0,0.028099999,-3.3,169970,157653,181296,0.067
823,CPAY,Technology,Software - Infrastructure,NYSE,114.4,85,81,66,48,401.72,25909278166.15439,65659599.0,0.0494,-6.02,543050,469140,513510,0.215
824,AIP,Technology,Semiconductors,NASDAQ,114.4,85,81,98,94,23.97,1212090827.8199844,49152102.0,0.066199996,-52.31,670670,725760,705542,0.462
825,AMG,Financial Services,Asset Management,NYSE,114.27,85,83,87,82,380.7,9605154724.786194,25859933.0,0.0541,-3.11,306990,283820,274446,0.299
826,MT,Basic Materials,Steel,NYSE,114.23,85,93,88,92,64.73,48540005481.80855,752441542.0,0.004,-18.76,1573510,1300886,1394524,0.052
827,QSI,Healthcare,Medical Devices,NASDAQ,114.23,85,13,21,10,1.28,339270053.16280174,218883912.0,0.0732,-58.71,11745300,5088063,4302616,-0.418
828,NPO,Industrials,Specialty Industrial Machinery,NYSE,114.22,85,68,86,84,332.86,7039523941.681091,21167681.0,0.0355,-14.74,172810,163126,175454,0.176
829,FF,Basic Materials,Specialty Chemicals,NYSE,114.18,85,84,76,69,5.1,226334714.18698883,43863318.0,0.0465,-27.04,294530,348166,437658,1.207
830,CBNA,Financial Services,Banks - Regional,NYSE,114.18,85,88,82,76,47.02,310177092.59376144,6561817.0,0.0398,-5.41,17110,18506,20178,0.549
831,PFIS,Financial Services,Banks - Regional,NASDAQ,114.17,85,85,81,78,69.08,693618338.5947647,10010367.0,0.026800001,-5.85,50670,54850,56426,0.007
832,EAT,Consumer Cyclical,Restaurants,NYSE,114.16,85,93,77,52,194.16,8460014520.0,41881260.0,0.1868,-23.86,1217070,1339750,1250716,0.051
833,FCBC,Financial Services,Banks - Regional,NASDAQ,114.11,85,83,72,78,47.88,907695792.0,18910329.0,0.0397,-4.56,74990,94230,91522,0.374
834,GMAB,Healthcare,Biotechnology,NASDAQ,114.04,85,79,49,61,38.48,21686034612.5,624058550.0,0.0081,7.17,4689650,2878866,2839022,0.249
835,PNTG,Healthcare,Medical Care Facilities,NASDAQ,114.02,85,82,88,69,40.3,1370616922.387291,34929074.0,0.0319,-5.71,315440,348156,317984,0.358
836,DFDV,Financial Services,Asset Management,NASDAQ,114.0,85,84,5,5,5.47,171259147.5,32620790.0,0.191,-70.08,2110610,2419916,1808266,0.669
837,CLS,Technology,Electronic Components,NYSE,114.0,85,41,86,97,382.69,48845358760.10541,126111117.0,0.0309,-19.27,2360460,2193440,2692564,0.624
838,MRK,Healthcare,Drug Manufacturers - General,NYSE,113.96,85,90,77,83,139.54,356012874892.61035,2467171638.0,0.0139999995,-11.08,9259360,9893276,10144586,0.051
839,CZFS,Financial Services,Banks - Regional,NASDAQ,113.94,85,87,68,69,79.52,389117276.8392563,4809855.0,0.0167,-6.06,36650,37350,38352,0.1
840,MUFG,Financial Services,Banks - Diversified,NYSE,113.92,85,87,84,76,22.97,256856548342.57318,11255764758.0,0.00059999997,-5.32,2909780,2797606,2933892,0.288
841,PGC,Financial Services,Banks - Regional,NASDAQ,113.91,85,86,88,86,44.34,790312132.6208496,17727952.0,0.056599997,-9.77,140870,128106,154048,0.234
842,SXT,Basic Materials,Specialty Chemicals,NYSE,113.91,85,84,74,48,129.22,5473151710.620331,42562811.0,0.0634,-6.92,339250,337166,340630,0.116
843,BBDO,Financial Services,Banks - Regional,NYSE,113.91,85,62,59,87,3.76,33461799366.196327,10589176727.0,1.08,-1.05,81450,79846,86036,0.072
844,EPC,Consumer Defensive,Household & Personal Products,NYSE,113.9,85,90,79,54,26.75,1243018005.9032536,46088915.0,0.1017,-10.68,577510,568906,579394,0.017
845,OBK,Financial Services,Banks - Regional,NYSE,113.88,85,84,81,79,53.12,1654159701.408989,30849678.0,0.024600001,-4.41,175150,166663,175158,0.333
846,ACA,Industrials,Engineering & Construction,NYSE,113.87,85,84,87,74,146.75,7194147518.5,49106809.0,0.038,-0.17,751060,668043,645538,0.017
847,SENEA,Consumer Defensive,Packaged Foods,NASDAQ,113.86,85,92,86,90,177.66,1202839415.414154,6770457.0,0.050300002,-15.4,110870,97010,96934,0.362
848,RRBI,Financial Services,Banks - Regional,NASDAQ,113.8,85,84,80,88,102.97,680862425.5717163,6584106.0,0.0497,-1.81,70820,65266,65114,0.095
849,EEIQ,Consumer Defensive,Education & Training Services,NASDAQ,113.8,85,16,7,11,5.07,8373078.017813683,1646623.0,0.0175,-60.08,29800,18836,15890,0.168
850,OVV,Energy,Oil & Gas E&P,NYSE,113.73,85,85,78,87,60.95,16690044042.20581,276600000.0,0.045700002,-9.72,2921410,3133286,3273628,0.297
851,RS,Basic Materials,Steel,NYSE,113.68,85,77,76,60,408.24,20437648787.40509,51054555.0,0.0311,-5.72,252720,293226,315246,0.265
852,ODC,Basic Materials,Specialty Chemicals,NYSE,113.65,85,83,93,83,87.89,1299024169.1578674,14488335.0,0.0734,-17.86,132890,113533,123784,0.094
853,ACCL,Industrials,Consulting Services,NASDAQ,113.57,85,85,21,6,2.58,36269738.669633865,13949900.0,0.0149,-48.4,20330,154676,112332,0.01
854,DC,Basic Materials,Gold,NYSE ARCA,113.56,85,70,27,79,5.93,794304116.9565868,134172991.0,0.0626,-18.21,1549830,1462320,1409830,
855,WST,Healthcare,Medical Instruments & Supplies,NYSE,113.55,85,76,86,60,376.76,25685746387.931213,70375762.0,0.0395,-2.39,618170,576020,592528,0.138
856,PLBC,Financial Services,Banks - Regional,NASDAQ,113.52,85,84,79,72,61.76,435216867.01116943,6959016.0,0.045900002,-3.5,48461,51250,50760,0.431
857,XMAX,Consumer Cyclical,"Furnishings, Fixtures & Appliances",NASDAQ,113.52,85,88,95,99,8.71,554256239.1854935,64523426.0,0.15010001,-7.34,557300,560586,572648,0.071
858,NDRA,Healthcare,Diagnostics & Research,NASDAQ,113.49,85,89,43,33,6.31,9089466.634174347,1499912.0,0.0219,-35.94,33550,50020,36672,
859,VIST,Energy,Oil & Gas E&P,NYSE,113.49,85,84,83,87,66.54,7107168207.0,110617404.0,0.0325,-18.3,936240,1116003,1048538,1.023
860,SG,Consumer Cyclical,Restaurants,NYSE,113.48,85,31,62,13,9.09,1083276011.910658,119041315.0,0.2712,-14.49,5734550,5089833,5682202,0.038
861,CHRD,Energy,Oil & Gas E&P,NASDAQ,113.34,85,82,59,85,139.11,7494155142.255615,54697872.0,0.0825,-11.43,656640,691963,718554,0.841
862,HSTM,Healthcare,Health Information Services,NASDAQ,113.34,85,71,77,23,31.54,942965228.0028763,30595887.0,0.0617,1.38,168320,188576,196850,0.125
863,ORIC,Healthcare,Biotechnology,NASDAQ,113.3,85,87,49,71,12.49,1265080658.57193,103652656.0,0.1709,-16.34,1621550,1392730,1449240,
864,CFBK,Financial Services,Banks - Regional,NASDAQ,113.28,85,85,74,75,34.55,223461925.1524048,6492212.0,0.024600001,-9.34,37090,34556,48798,0.102
865,E,Energy,Oil & Gas Integrated,NYSE,113.26,85,78,71,92,54.64,78483212086.04361,1434007176.0,0.0008,-5.79,327360,333450,366334,0.185
866,PLTR,Technology,Software - Infrastructure,NASDAQ,113.25,85,70,24,34,189.4,453577288100.0,2403058480.0,0.027999999,-8.73,20225020,25341290,34261326,0.928
867,AVR,Healthcare,Medical Devices,NASDAQ,113.17,85,92,97,93,7.55,751404838.2577457,97458474.0,0.0941,-31.71,1027690,786706,848388,0.633
868,IOSP,Basic Materials,Specialty Chemicals,NASDAQ,113.16,85,76,53,32,97.65,2399310378.471588,24631047.0,0.028800001,-2.82,251400,209390,195796,0.118
869,DXCM,Healthcare,Medical Devices,NASDAQ,113.15,85,75,59,29,86.9,32211515130.722733,377360765.0,0.052800003,-6.15,3332140,3796736,4584450,0.131
870,TMP,Financial Services,Banks - Regional,NYSE ARCA,113.14,85,84,79,81,97.93,1422325466.6713715,14382905.0,0.0274,-4.54,103720,117740,110056,0.072
871,MSFT,Technology,Software - Infrastructure,NASDAQ,113.13,85,68,26,25,525.18,3842942775502.508,7425545491.0,0.0091,-5.15,22827110,21826576,27757236,0.177
872,CNMD,Healthcare,Medical Devices,NYSE,113.11,85,77,29,30,47.33,1387341798.2196045,29951248.0,0.0848,-11.8,317920,316623,387922,0.003
873,KFFB,Financial Services,Banks - Regional,NASDAQ,113.04,85,90,79,79,5.67,45609077.16030693,8086716.0,0.0116,-12.23,3720,8756,7182,0.268
874,MSTR,Technology,Software - Application,NASDAQ,113.04,85,26,7,9,164.43,63804117317.8463,398750825.0,0.081499994,-54.98,19581490,24860490,23267890,0.069
875,WHWK,Healthcare,Biotechnology,NASDAQ,113.03,85,93,91,95,3.7,210933339.71840143,57009010.0,0.077199996,-32.67,250400,314210,363688,
876,HPK,Energy,Oil & Gas E&P,NASDAQ,113.0,84,71,64,34,8.09,992654499.3405209,126452804.0,0.512,-11.38,480580,470340,486008,0.258
877,QUIK,Technology,Semiconductors,NASDAQ,112.94,84,76,96,94,11.65,217431583.5737009,18317741.0,0.094399996,-52.12,207050,222396,252896,0.487
878,DSGR,Industrials,Industrial Distribution,NASDAQ,112.93,84,83,35,34,35.02,1618014640.3859482,46255422.0,0.0574,-0.11,216650,213343,220658,0.11
879,EXEL,Healthcare,Biotechnology,NASDAQ,112.92,84,84,82,63,58.85,14467972844.646057,247781692.0,0.1456,-3.75,1971360,2131086,2380250,0.106
880,KB,Financial Services,Banks - Regional,NYSE,112.9,84,88,83,86,124.75,43495024066.338264,351106111.0,0.0013,-6.41,155030,152696,182310,0.185
881,MFIN,Financial Services,Credit Services,NASDAQ,112.9,84,82,60,41,11.81,273456562.08654404,22960249.0,0.0546,-3.67,81170,71496,74018,0.025
882,POWL,Industrials,Electrical Equipment & Parts,NASDAQ,112.89,84,73,95,98,197.84,7144426022.766724,36432564.0,0.0975,-39.68,471720,530733,609456,0.089
883,GHRS,Healthcare,Biotechnology,NASDAQ,112.86,84,95,94,78,22.17,1574654100.4389362,68642287.0,0.1004,-29.48,369700,243056,284090,
884,ACCO,Industrials,Business Equipment & Supplies,NYSE,112.81,84,77,70,27,4.34,396922560.00627136,92307568.0,0.0763,-4.82,538940,659486,673982,0.051
885,DBX,Technology,Software - Infrastructure,NASDAQ,112.79,84,79,69,24,34.37,7371305115.891106,217442619.0,0.2705,-9.96,5298170,4447420,4441968,0.009
886,FBIZ,Financial Services,Banks - Regional,NASDAQ,112.77,84,85,71,68,70.64,593564940.1538086,8368320.0,0.038599998,-4.2,66170,62143,60304,0.165
887,MLR,Consumer Cyclical,Auto Parts,NYSE,112.76,84,83,64,72,54.3,617445280.8311768,11352184.0,0.0434,-9.05,77620,92300,97410,0.121
888,CTS,Technology,Electronic Components,NYSE,112.72,84,65,81,83,61.61,1759061568.4267044,28556195.0,0.044,-11.42,213920,211960,214204,0.07
889,SMBK,Financial Services,Banks - Regional,NYSE,112.7,84,85,76,77,50.59,871851166.9692192,17098473.0,0.0313,-6.56,136820,118043,121222,0.164
890,SCWO,Industrials,Pollution & Treatment Controls,NASDAQ,112.68,84,75,14,71,2.95,53886150.985198975,17495504.0,0.0194,-72.94,36800,55813,55728,2.802
891,WAT,Healthcare,Diagnostics & Research,NYSE,112.67,84,74,62,35,440.12,41749606565.55954,98185855.0,0.0337,-1.8,780250,675056,760884,1.134
892,NXDR,Communication Services,Internet Content & Information,NYSE,112.65,84,71,88,21,2.47,943910123.0156431,386848402.0,0.0272,-33.6,2045960,2222476,2207282,0.145
893,SKE,Basic Materials,Other Industrial Metals & Mining,NYSE,112.63,84,88,72,94,30.24,3756353454.7043133,125462705.0,12.42,-22.0,522600,509423,525450,
894,HURN,Industrials,Consulting Services,NASDAQ,112.62,84,73,18,24,160.1,2579818077.692627,15910072.0,0.0481,-14.28,252550,238070,288556,0.157
895,NEU,Basic Materials,Specialty Chemicals,NYSE,112.57,84,73,61,35,924.35,8498030905.907837,9196406.0,0.0754,-5.84,123100,120976,126268,0.07
896,PRSU,Consumer Cyclical,Travel Services,NYSE,112.56,84,79,89,76,52.29,1437792477.638977,27449264.0,0.0828,-7.48,220720,235980,228028,0.143
897,TELA,Healthcare,Medical Devices,NASDAQ,112.52,84,20,33,7,1.14,51463486.75421834,45143410.0,0.0176,-28.75,213180,309710,254806,-0.045
898,FTI,Energy,Oil & Gas Equipment & Services,NYSE,112.51,84,91,89,95,70.25,26988753062.480927,392164388.0,0.0326,-12.95,2511650,2827720,3074508,0.09
899,VOC,Energy,Oil & Gas E&P,NYSE,112.51,84,80,56,69,3.42,58140001.29699707,17000000.0,0.0147,-10.94,51410,53943,102944,-0.316
900,LTH,Consumer Cyclical,Leisure,NYSE,112.49,84,91,90,39,40.06,9159705623.59346,223461948.0,0.0653,-15.19,3517810,3203990,3195902,0.137
901,GRDN,Healthcare,Medical Care Facilities,NYSE,112.46,84,77,87,88,42.1,2684446911.17688,63342304.0,0.0654,-12.89,501900,621280,515508,0.022
902,APH,Technology,Electronic Components,NYSE,112.46,84,79,79,85,87.27,214440480583.77985,2465966914.0,0.0145000005,-2.23,12069630,11910650,12579430,0.55
903,PESI,Industrials,Waste Management,NASDAQ,112.46,84,94,71,63,15.49,329927278.0173645,21203552.0,0.1346,-27.35,361670,325320,389810,-0.117
904,AVIR,Healthcare,Biotechnology,NASDAQ,112.46,84,90,75,93,5.13,410539027.0283747,80027099.0,0.122600004,-20.47,276790,271516,313586,
905,DJCO,Technology,Software - Application,NASDAQ,112.44,84,81,73,62,651.44,904542814.2441406,1377952.0,0.1262,-5.93,53600,62380,65024,0.153
906,BOX,Technology,Software - Infrastructure,NYSE,112.3,84,79,58,18,35.34,4732054891.056942,137200773.0,0.1531,-2.75,2644880,3126056,2931040,0.092
907,STT,Financial Services,Asset Management,NYSE,112.3,84,91,88,82,176.37,48336524413.71117,274701765.0,0.0001,-9.98,2333860,1873130,1738148,0.184
908,NPK,Industrials,Aerospace & Defense,NYSE,112.3,84,79,49,84,151.85,1075619348.4214325,7136067.0,0.0933,-4.0,105120,107943,104762,0.217
909,JCTC,Basic Materials,Lumber & Wood Production,NASDAQ,112.29,84,86,58,12,2.97,10384333.517852068,3520113.0,0.0163,-22.25,7450,9070,17386,-0.218
910,KIDS,Healthcare,Medical Devices,NASDAQ,112.15,84,74,66,31,22.89,578592898.0959625,26109788.0,0.0495,-14.4,149410,200253,221732,0.154
911,MBIN,Financial Services,Banks - Regional,NASDAQ,112.13,84,85,78,86,49.72,2294606881.29797,45938075.0,0.1007,-12.57,165570,210273,194642,0.371
912,IPSC,Healthcare,Biotechnology,NASDAQ,112.12,84,98,97,98,1.48,275942852.6100075,180354809.0,0.1633,-51.32,550430,503676,524804,
913,KRYS,Healthcare,Biotechnology,NASDAQ,112.12,84,93,94,83,334.85,9539112829.948608,29598836.0,0.175,-12.47,269420,271266,291506,0.241
914,VET,Energy,Oil & Gas E&P,NYSE,112.06,84,85,44,92,11.73,1784704046.6308594,152800000.0,8.99,-20.85,1301580,1369136,1395520,0.231
915,FENC,Healthcare,Biotechnology,NASDAQ,112.06,84,91,89,27,10.62,357685015.1114702,35067159.0,0.018,-19.85,130320,212360,205242,0.852
916,TS,Energy,Oil & Gas Equipment & Services,NYSE,112.05,84,73,79,90,58.46,28264865816.543404,504819878.0,0.0242,-9.5,1206580,1162286,1349640,-0.039
917,LUXE,Consumer Cyclical,Luxury Goods,NYSE,112.05,84,29,34,55,9.75,1360676321.9652462,139699831.0,0.1985,-14.32,217660,286670,218850,0.115
918,TRST,Financial Services,Banks - Regional,NASDAQ,112.03,84,82,85,82,55.18,948274817.2159576,17027740.0,0.0837,-6.92,111600,144890,137510,0.107
919,VEEE,Consumer Cyclical,Recreational Vehicles,NASDAQ,112.0,84,21,2,0,10.8,6351569.203129768,584321.0,0.040599998,-91.54,148760,1062490,771638,-0.342
920,FLYW,Technology,Software - Infrastructure,NASDAQ,111.99,84,87,88,52,18.17,2138917699.6374931,121667674.0,0.1001,-7.91,1597380,1405060,1689630,0.272
921,BWIN,Financial Services,Insurance Brokers,NASDAQ,111.98,84,88,42,18,31.9,3076561476.7691803,96838572.0,0.1513,-2.46,3380030,3947796,2842018,0.301
922,NVDA,Technology,Semiconductors,NASDAQ,111.95,84,77,69,74,238.9,5649190576309.204,24147000000.0,0.0127,0.43,107868210,126120890,122305046,1.059
923,FBLA,Financial Services,Banks - Regional,NASDAQ,111.93,84,76,70,71,17.07,246257117.58665466,14519878.0,0.0396,0.29,84780,106796,94882,0.084
924,WF,Financial Services,Banks - Regional,NYSE,111.91,84,81,54,87,75.68,18469886332.93705,245577537.0,0.0008,-10.66,74170,80173,90776,0.337
925,NXXT,Utilities,Utilities - Renewable,NASDAQ,111.91,84,3,6,2,0.67,12495000.24318695,17000000.0,0.097799994,-76.74,233260,1140586,1851916,0.409
926,AMCX,Communication Services,Entertainment,NASDAQ,111.91,84,90,84,57,11.14,460349670.06575394,41249971.0,0.2207,-13.84,593370,605443,700996,-0.088
927,SCL,Basic Materials,Specialty Chemicals,NYSE,111.9,84,84,61,51,62.74,1432150020.0,22732540.0,0.0424,-7.74,138340,144276,146932,0.15
928,OSUR,Healthcare,Medical Instruments & Supplies,NASDAQ,111.89,84,52,88,65,4.11,273805451.16320825,68968627.0,0.0484,-10.26,578670,530106,506220,-0.019
929,EGY,Energy,Oil & Gas E&P,NYSE,111.89,84,86,76,90,5.79,602748889.9463739,105191778.0,0.0793,-13.84,1133240,1284643,1297746,0.395
930,BEN,Financial Services,Asset Management,NYSE,111.88,84,85,86,73,32.88,16670004114.837456,508076910.0,0.0429,-9.37,4550630,3642780,4000458,0.143
931,NXDT,Real Estate,REIT - Diversified,NYSE,111.86,84,89,86,79,5.16,281461953.2291708,53106027.0,0.0295,-13.28,144010,156810,181634,-0.13
932,NMAX,Communication Services,Broadcasting,NYSE,111.86,84,73,40,10,9.97,1229609399.525051,129160645.0,0.6482,-24.36,841190,1126560,1185922,0.165
933,NTCT,Technology,Software - Infrastructure,NASDAQ,111.85,84,73,91,82,41.2,2978091432.954468,72707312.0,0.0629,-9.01,600020,645156,620648,0.127
934,PAGP,Energy,Oil & Gas Midstream,NASDAQ,111.81,83,86,79,80,26.18,5157381365.747795,197904124.0,0.0945,-8.78,1917450,1778006,1754456,0.663
935,NVTS,Technology,Semiconductors,NASDAQ,111.8,83,68,92,96,12.34,3255687802.2430344,262555476.0,0.1735,-63.89,17412630,13746486,14314736,-0.273
936,HVT,Consumer Cyclical,Home Improvement Retail,NYSE,111.77,83,82,67,56,27.89,428824715.0,15593626.0,0.0,-6.5,126370,128413,134460,0.077
937,ASPN,Basic Materials,Specialty Chemicals,NYSE,111.71,83,58,74,15,5.69,472206185.7086563,82988784.0,0.1292,-39.13,1270130,882010,1224922,-0.361
938,ESP,Industrials,Electrical Equipment & Parts,NYSE ARCA,111.65,83,81,78,89,61.91,181358560.96702576,2868236.0,0.0278,-17.2,52140,35276,35100,0.404
939,ING,Financial Services,Banks - Diversified,NYSE,111.63,83,90,79,76,34.77,98996874993.94269,2846373734.0,0.0011,-7.33,2502470,1946053,2082232,0.111
940,RPRX,Healthcare,Biotechnology,NASDAQ,111.61,83,90,86,83,56.66,25452052915.09607,445277344.0,0.026500002,-11.99,2721840,3051670,2964796,0.165
941,CAC,Financial Services,Banks - Regional,NASDAQ,111.58,83,83,75,79,56.98,966342209.1054344,16897049.0,0.0444,-5.96,91120,93856,94724,0.205
942,AGM,Financial Services,Credit Services,NYSE,111.56,83,83,76,38,214.46,2331160903.0329895,10853210.0,0.0039,-13.63,108530,109790,107536,0.249
943,WAB,Industrials,Railroads,NYSE,111.52,83,77,66,81,291.86,48568627539.870026,168910851.0,0.0278,-4.82,830510,777936,858252,0.175
944,WBD,Communication Services,Entertainment,NASDAQ,111.51,83,85,83,94,30.95,77570810898.83545,2507136702.0,0.023699999,-0.06,101648030,53656716,40743216,-0.112
945,SLNG,Energy,Oil & Gas Integrated,NASDAQ,111.49,83,89,36,22,5.01,90563983.74182224,18596301.0,0.003,-29.14,13320,32743,34002,-0.312
946,LFCR,Healthcare,Drug Manufacturers - Specialty & Generic,NASDAQ,111.46,83,12,18,19,6.52,247904231.39400673,37905846.0,0.0866,-27.39,817620,374086,278388,
947,BMNR,Financial Services,Capital Markets,NYSE,111.46,83,61,6,45,26.79,15846757646.51513,603226394.0,0.0674,-59.16,32505070,42240253,39474678,21.678
948,SIBN,Healthcare,Medical Devices,NASDAQ,111.43,83,72,66,30,19.81,810319832.5806141,44818575.0,0.1538,-9.5,577900,572530,562586,0.152
949,ARIS,Basic Materials,Gold,NYSE,111.42,83,90,67,97,17.57,3612537127.5,206430693.0,3.82,-24.56,1833580,1527060,1580636,0.623
950,ALM,Basic Materials,Other Industrial Metals & Mining,NASDAQ,111.41,83,97,94,99,13.52,3865641939.953327,288480750.0,2.99,-44.61,6017380,6113723,6801490,4.977
951,SKK,Industrials,Engineering & Construction,NASDAQ,111.39,83,79,88,8,4.49,17426622.77771187,3960596.0,0.010299999,-74.99,21860,19960,175626,-0.046
952,SRCE,Financial Services,Banks - Regional,NASDAQ,111.38,83,82,77,77,86.26,2091506551.3540497,24081826.0,0.048600003,-5.69,113060,107403,117624,0.16
953,AVNT,Basic Materials,Specialty Chemicals,NYSE,111.26,83,81,53,69,41.6,3776093705.556488,91719550.0,0.059499998,-10.81,679130,685830,776200,0.058
954,RLGT,Industrials,Integrated Freight & Logistics,NYSE ARCA,111.22,83,67,85,80,9.25,438930351.1001301,46894270.0,0.0224,-9.31,175600,325126,236358,0.185
955,NL,Industrials,Security & Protection Services,NYSE,111.22,83,72,54,35,7.01,341313164.25266933,48898734.0,0.0183,-18.49,15480,32600,34296,0.08
956,AXGN,Healthcare,Medical Devices,NASDAQ,111.21,83,95,96,95,37.22,2193727835.2597504,58671513.0,0.0789,-29.65,1486490,1287600,1198828,0.231
957,VAL,Energy,Oil & Gas Drilling,NYSE,111.14,83,75,76,96,83.49,5443072868.349747,69435807.0,0.111999996,-26.84,1159640,1155623,1169490,-0.124
958,ARHS,Consumer Cyclical,Specialty Retail,NASDAQ,111.13,83,68,33,20,10.11,1449370222.9640503,141540064.0,0.12020001,-16.31,1782400,1333103,1485794,0.074
959,SMHI,Industrials,Marine Shipping,NYSE,111.12,83,87,71,83,8.69,224388483.44042206,27132826.0,0.0376,-13.1,97800,94846,108668,-0.102
960,RBCAA,Financial Services,Banks - Regional,NASDAQ,111.02,83,83,76,61,93.59,1839719888.7813263,19634151.0,0.054899998,-8.44,87120,108583,106944,0.044
961,EZPW,Financial Services,Credit Services,NASDAQ,111.02,83,89,93,92,30.5,1858386582.5482254,61535978.0,0.2703,-17.86,606490,783450,906554,0.347
962,YQ,Consumer Defensive,Education & Training Services,NASDAQ,111.01,83,57,38,18,3.34,34095694.85524893,9686277.0,0.0108,-48.22,5100,145193,89992,2.546
963,SAIL,Technology,Software - Infrastructure,NASDAQ,111.0,83,50,30,10,20.29,11663724836.418404,570911633.0,0.2541,-15.46,5810210,5038380,4241196,0.168
964,JCI,Industrials,Building Products & Equipment,NYSE,110.99,83,69,74,85,156.85,94641050600.23727,605741470.0,0.0211,-0.13,2879660,3083140,3324710,0.093
965,BIIB,Healthcare,Drug Manufacturers - General,NASDAQ,110.99,83,80,77,76,223.59,32488149801.69507,147753998.0,0.043899998,-2.99,1213190,951873,956686,0.034
966,BSVN,Financial Services,Banks - Regional,NASDAQ,110.99,83,85,72,58,55.77,528494486.5194092,9525856.0,0.0348,-3.31,47850,50280,46790,-0.063
967,JAZZ,Healthcare,Biotechnology,NASDAQ,110.99,83,87,92,89,236.04,15298418242.72786,64914577.0,0.074200004,-11.39,774430,990273,908938,0.155
968,NSP,Industrials,Staffing & Employment Services,NYSE,110.96,83,94,83,9,47.56,1775316132.115593,38195270.0,0.09689999,-14.92,471710,409576,472416,0.017
969,ABNB,Consumer Cyclical,Travel Services,NASDAQ,110.93,83,89,67,51,164.07,95766398009.0055,589585682.0,0.035,-15.19,5807490,4932900,5124402,0.165
970,FSM,Basic Materials,Gold,NYSE,110.9,83,87,32,80,11.14,3329520603.75,295957387.0,3.68,-19.57,5946790,4993646,5384152,0.382
971,EMF,Financial Services,Asset Management,NYSE,110.88,83,82,85,82,22.78,335879235.3260937,14947897.0,0.87,-7.77,30333,28687,31026,0.152
972,XOM,Energy,Oil & Gas Integrated,NYSE,110.88,83,77,61,81,164.0,674394657972.193,4111911960.0,0.0108,-7.03,12076300,13946403,14080612,0.441
973,ARMK,Industrials,Specialty Business Services,NYSE,110.87,83,84,87,68,55.23,14607070279.582352,262953564.0,0.031400003,-11.84,2021560,2188700,2417324,0.093
974,ACOG,Healthcare,Biotechnology,NASDAQ,110.81,83,91,72,50,9.15,198178607.10759735,21777868.0,0.0121,-9.76,105370,124503,129552,2.676
975,CTBI,Financial Services,Banks - Regional,NASDAQ,110.81,83,82,77,75,76.08,1384579757.7067413,18167954.0,0.039,-4.8,137050,109456,108858,0.112
976,HURA,Healthcare,Biotechnology,NASDAQ,110.77,83,55,88,97,1.87,121717836.34289467,63726617.0,0.1274,-45.48,256700,206236,234336,
977,W,Consumer Cyclical,Internet Retail,NYSE,110.73,83,82,71,79,106.05,13868017087.5,136968070.0,0.1269,-11.61,2455480,2320696,2931836,0.075
978,DGXX,Utilities,Utilities - Independent Power Producers,NASDAQ,110.65,83,43,94,81,3.73,389363273.21705246,101396688.0,0.0592,-59.46,2688220,2302070,2856940,-0.183
979,UROY,Energy,Uranium,NASDAQ,110.62,83,83,21,78,4.07,1512837263.3624234,381067318.0,1.92,-26.27,2735420,3820173,3589106,1.129
980,PSNYW,Consumer Cyclical,Auto Manufacturers,NASDAQ,110.58,83,79,6,19,4.19,688333749.9101844,164280129.0,0.05,-70.9,38360,505090,317666,-0.044
981,TSAT,Technology,Communication Equipment,NASDAQ,110.55,83,88,77,92,46.17,730529184.0,15219358.0,0.0995,-24.98,101640,128310,194086,-0.251
982,KRNT,Industrials,Specialty Industrial Machinery,NASDAQ,110.54,83,62,41,43,18.23,810494932.1235065,46340477.0,0.0165,-7.84,451940,313546,305954,0.112
983,CBC,Financial Services,Banks - Regional,NASDAQ,110.47,83,83,82,50,31.93,7671349117.625336,239505133.0,0.0802,-5.58,1171250,1410600,1142660,0.137
984,BBY,Consumer Cyclical,Specialty Retail,NYSE,110.46,83,82,78,33,87.39,18449745849.075256,209727698.0,0.086,-9.47,2977320,3977670,3679198,0.036
985,GEF,Consumer Cyclical,Packaging & Containers,NYSE,110.45,83,86,63,63,82.05,4671781806.148682,56848160.0,1.21,-9.41,397840,367523,337126,0.035
986,NRT,Energy,Oil & Gas E&P,NYSE,110.41,83,88,71,91,8.31,77752391.75059319,9190590.0,0.0068,-20.78,22010,33513,38578,0.006
987,FNWD,Financial Services,Banks - Regional,NASDAQ,110.41,83,81,61,66,41.9,183543249.9658928,4330893.0,0.03,-8.71,9942,11580,13290,0.024
988,SPT,Technology,Software - Application,NASDAQ,110.4,83,87,53,5,10.19,611375428.3256378,60592212.0,0.08930001,-19.19,874190,1177226,1233964,0.108
989,BELFA,Technology,Electronic Components,NASDAQ,110.37,83,74,91,96,208.71,3022321244.2474365,14439450.0,0.1004,-28.89,71010,87743,123914,0.252
990,BOW,Financial Services,Insurance - Property & Casualty,NYSE,110.32,83,82,73,25,33.8,1112485293.930111,32943005.0,0.0336,-3.62,271050,298836,372704,0.23
991,PLX,Healthcare,Biotechnology,NYSE ARCA,110.27,83,88,73,72,2.71,218349152.89356422,80571642.0,0.0372,-15.05,821630,777163,776794,0.271
992,TNET,Industrials,Staffing & Employment Services,NYSE,110.26,82,89,70,10,63.9,2903015708.1695786,45904738.0,0.0652,-12.56,335180,331346,369162,-0.044
993,PKBK,Financial Services,Banks - Regional,NASDAQ,110.25,82,84,84,85,32.76,386599506.3373947,11761470.0,0.0233,-8.24,38060,40186,45754,0.311
994,INNV,Healthcare,Medical Care Facilities,NASDAQ,110.24,82,96,96,94,9.0,1222604773.2052088,136451425.0,0.052800003,-28.8,1453980,656250,481900,0.183
995,BGC,Financial Services,Capital Markets,NASDAQ,110.22,82,78,60,80,12.2,5600995502.196741,475466522.0,0.0379,-5.35,4320870,3649736,3342180,0.083
996,VOYA,Financial Services,Financial Conglomerates,NYSE,110.21,82,86,84,52,98.1,8756137269.089058,90596349.0,0.0002,-7.14,926990,1091196,1043960,-0.043
997,PAA,Energy,Oil & Gas Midstream,NASDAQ,110.18,82,85,78,78,23.91,16757203425.0,705566460.0,0.026199998,-9.4,2506670,2640910,2671604,0.663
998,UAN,Basic Materials,Agricultural Inputs,NYSE,110.17,82,86,73,83,125.93,1319302211.9344025,10569638.0,0.039300002,-9.73,25320,31610,40494,0.2
999,CPAC,Basic Materials,Building Materials,NYSE,110.15,82,91,83,87,12.21,1054855239.9504318,85621369.0,0.0005,-4.16,22440,50250,51652,0.154
1000,CRDL,Healthcare,Drug Manufacturers - Specialty & Generic,NASDAQ,110.14,82,98,22,83,1.32,171333248.39406788,121512945.0,0.028199999,-43.59,1520170,1548950,1407836,
1001,KSS,Consumer Cyclical,Department Stores,NYSE,110.14,82,71,78,69,19.53,2132610869.900446,113376445.0,0.3475,-22.56,4079750,4563660,4125104,-0.009
1002,FISI,Financial Services,Banks - Regional,NASDAQ,110.13,82,85,82,80,39.63,787860263.7791443,19706360.0,0.0346,-7.77,123460,138183,147080,0.07
1003,LXP,Real Estate,REIT - Industrial,NYSE,110.12,82,82,74,68,60.92,3593445285.7808228,58957264.0,0.0001,-1.12,935660,832666,781584,0.004
1004,AIT,Industrials,Industrial Distribution,NYSE,110.07,82,70,77,67,345.79,12616256686.161804,36733895.0,0.028099999,-7.74,246600,285930,278034,0.104
1005,BLTE,Healthcare,Biotechnology,NASDAQ,110.06,82,94,86,96,159.18,6425823198.319336,40272144.0,0.05,-20.41,167420,193426,186364,
1006,COKE,Consumer Defensive,Beverages - Non-Alcoholic,NASDAQ,110.05,82,69,75,86,194.26,12783006572.85617,66564294.0,0.0686,-11.56,447070,526316,501428,0.106
1007,DLTH,Consumer Cyclical,Apparel Retail,NASDAQ,110.05,82,87,87,84,4.1,149359656.46710753,38005001.0,0.0235,-19.45,62920,196713,137130,-0.078
1008,DV,Communication Services,Advertising Agencies,NYSE,110.05,82,74,56,25,13.44,2106901025.8926773,156182436.0,0.0539,-1.54,2323090,3172770,4071230,0.025
1009,ZBIO,Healthcare,Biotechnology,NASDAQ,109.98,82,91,92,86,27.83,1786358907.0316944,63133377.0,0.2674,-37.6,789510,696500,721722,
1010,CLW,Basic Materials,Paper & Paper Products,NYSE,109.97,82,80,24,16,20.14,319490996.2268448,16127764.0,0.0433,-14.62,120600,131736,171842,-0.043
1011,NOVT,Technology,Scientific & Technical Instruments,NASDAQ,109.93,82,62,81,58,150.61,5645058689.474945,37817770.0,0.1511,-14.61,356540,348250,385004,0.103
1012,TASK,Technology,Information Technology Services,NASDAQ,109.8,82,65,13,22,8.08,738997427.7334051,91687021.0,0.1294,-53.58,501820,472950,638454,0.05
1013,CRON,Healthcare,Drug Manufacturers - Specialty & Generic,NASDAQ,109.79,82,80,62,64,3.25,1188131451.2654114,368412864.0,0.0178,-9.92,1036510,1079090,1244068,0.584
1014,ASIC,Financial Services,Insurance - Property & Casualty,NYSE,109.79,82,87,77,51,25.73,1254247709.4165344,47926928.0,0.0354,-11.28,75510,70060,74022,0.459
1015,SMFG,Financial Services,Banks - Diversified,NYSE,109.76,82,87,87,81,25.63,160500751593.72052,6318927323.0,0.0017,-7.2,1615050,1439520,1476486,0.248
1016,WASH,Financial Services,Banks - Regional,NASDAQ,109.73,82,84,71,83,38.12,733598368.1969376,19074321.0,0.0738,-5.97,101410,128230,130158,0.097
1017,ESCA,Consumer Cyclical,Leisure,NASDAQ,109.72,82,89,79,85,19.0,265134588.3908043,13766074.0,0.031600002,-17.64,29360,30400,40100,0.062
1018,GENC,Industrials,Farm & Heavy Construction Machinery,NYSE ARCA,109.72,82,80,54,64,17.68,257828980.41658783,14657702.0,0.0095999995,-12.43,52850,64203,63164,0.253
1019,CVLT,Technology,Software - Application,NASDAQ,109.67,82,68,79,12,153.73,6228289027.328491,41444564.0,0.0955,-15.92,610240,555413,617532,0.114
1020,OSBC,Financial Services,Banks - Regional,NASDAQ,109.6,82,82,71,75,24.87,1269349153.015091,50875716.0,0.0504,-4.57,565870,473213,456350,0.227
1021,HNI,Consumer Cyclical,"Furnishings, Fixtures & Appliances",NYSE,109.59,82,86,38,23,47.08,3379551853.971863,72181800.0,0.059699997,-10.82,567430,566513,572790,1.207
1022,WS,Basic Materials,Steel,NYSE,109.57,82,34,37,61,39.12,1883496566.620697,50946619.0,0.065799996,-20.44,354210,313453,275214,0.116
1023,DSGN,Healthcare,Biotechnology,NASDAQ,109.56,82,94,96,97,12.42,772257582.8892021,62581651.0,0.115600005,-28.0,541060,710763,620434,
1024,CVX,Energy,Oil & Gas Integrated,NYSE,109.54,82,78,58,77,206.47,405443785492.1305,1961603274.0,0.0106,-5.19,7507130,9070733,8687110,0.535
1025,ACHC,Healthcare,Medical Care Facilities,NASDAQ,109.5,82,83,88,88,28.87,2612393666.779089,93100275.0,0.3548,-19.43,1631720,1496406,1895638,-0.004
1026,SHEL,Energy,Oil & Gas Integrated,NYSE,109.5,82,72,56,82,96.52,274148920788.96246,2848892354.0,0.0124,-2.66,7044603,6676967,6436200,0.447
1027,PPIH,Industrials,Building Products & Equipment,NASDAQ,109.49,82,31,26,91,32.02,261098407.9419403,8195179.0,0.0557,-12.8,67670,90653,85946,0.244
1028,SCZM,Basic Materials,Other Industrial Metals & Mining,NASDAQ,109.46,82,90,47,97,8.93,818314516.9364891,92990284.0,5.03,-49.39,388170,439350,484816,0.548
1029,ASTC,Technology,Scientific & Technical Instruments,NASDAQ,109.44,82,90,97,19,6.71,14183892.885041237,2009050.0,0.05,-90.25,37180,34770,148928,-0.427
1030,APT,Industrials,Building Products & Equipment,NYSE ARCA,109.44,82,54,60,47,5.75,51949651.177345276,10206218.0,0.012200001,-23.33,67300,40816,40964,0.12
1031,CZNC,Financial Services,Banks - Regional,NASDAQ,109.43,82,81,62,76,25.5,459670626.1584606,17934867.0,0.0235,-3.3,52400,59436,64056,0.532
1032,HURC,Industrials,Specialty Industrial Machinery,NASDAQ,109.4,82,83,84,45,22.37,144357223.30924988,6476322.0,0.0064,-8.66,15520,22396,21422,0.032
1033,GRMN,Technology,Scientific & Technical Instruments,NYSE,109.39,82,77,49,76,285.52,54222419728.00708,192852536.0,0.0188,-9.15,778250,851733,936280,0.114
1034,RAMP,Technology,Software - Infrastructure,NYSE,109.37,82,73,85,36,37.71,2288931165.0657806,60794982.0,0.16299999,-1.36,1352400,1253090,1104618,0.098
1035,YEXT,Technology,Software - Infrastructure,NYSE,109.37,82,74,37,7,6.62,644351385.6944275,98978704.0,0.104499996,-26.69,931000,1142013,981606,-0.018
1036,HRMY,Healthcare,Biotechnology,NASDAQ,109.33,82,81,74,31,39.92,2308490582.9753265,58236393.0,0.1062,-8.21,849270,983340,890088,0.303
1037,CASS,Industrials,Specialty Business Services,NASDAQ,109.31,82,81,76,67,54.15,690670577.545166,12776000.0,0.0352,-9.19,83820,87573,82298,0.122
1038,INTA,Technology,Software - Application,NASDAQ,109.28,82,87,33,8,37.38,2791891918.9414215,76511148.0,0.059699997,-22.01,446610,561286,658470,0.13
1039,DMLP,Energy,Oil & Gas E&P,NASDAQ,109.22,82,77,57,69,28.99,1405977895.1569824,49091408.0,0.0084,-5.08,90600,95396,145088,0.731
1040,SHOO,Consumer Cyclical,Footwear & Accessories,NASDAQ,109.2,82,69,75,77,45.68,3359737582.13562,73085436.0,0.08189999,-8.09,1088040,1074553,1089728,0.191
1041,DGX,Healthcare,Diagnostics & Research,NYSE,109.18,82,79,68,64,232.22,25753416290.89966,110373360.0,0.0327,-6.68,1228560,1066896,985908,0.102
1042,WLYB,Communication Services,Publishing,NYSE,109.13,82,79,85,60,49.53,2510628464.816246,50683930.0,0.0031,-10.77,6186,2960,3146,-0.026
1043,OBT,Financial Services,Banks - Regional,NASDAQ,109.12,82,82,79,84,37.58,505882437.8523216,13407963.0,0.0134000005,-6.28,58120,53476,52200,-0.05
1044,ABEV,Consumer Defensive,Beverages - Brewers,NYSE,109.1,82,62,72,82,3.25,46095294853.78307,15416486524.0,4.53,-5.8,20845050,24359030,29261672,0.003
1045,FDBC,Financial Services,Banks - Regional,NASDAQ,109.09,82,78,69,59,55.1,321326660.78738403,5808508.0,0.0109,-3.16,9670,10646,12618,0.111
1046,BNR,Healthcare,Diagnostics & Research,NASDAQ,109.09,82,52,74,98,15.82,171378073.75,10546343.0,0.0055,-62.08,48180,50966,32774,-0.093
1047,AMGN,Healthcare,Drug Manufacturers - General,NASDAQ,109.07,82,85,67,70,402.98,217896327914.85825,540632005.0,0.025999999,-9.85,3018070,2961046,2885418,0.095
1048,BNS,Financial Services,Banks - Diversified,NYSE,109.05,82,84,84,77,90.28,111145110675.65918,1218830000.0,5.69,-5.7,2314750,2162480,2058876,0.117
1049,AVBC,Financial Services,Banks - Regional,NYSE,109.05,82,80,74,82,21.93,410806155.77220917,18471500.0,0.0271,-4.22,117110,162096,162840,0.169
1050,KSPI,Technology,Software - Infrastructure,NASDAQ,109.04,82,89,73,49,93.98,17872064947.217194,190027266.0,0.0083,-14.52,493960,614980,603782,0.136
1051,INVX,Energy,Oil & Gas Equipment & Services,NYSE,109.03,81,80,72,84,28.41,1909947398.0202389,69935827.0,0.075100005,-15.72,570150,803310,797042,0.092
1052,ASH,Basic Materials,Specialty Chemicals,NYSE,109.03,81,84,77,49,68.78,3183554928.674698,45793370.0,0.1083,-12.1,630100,627073,699184,0.073
1053,WLY,Communication Services,Publishing,NYSE,109.01,81,79,85,64,48.54,2407486675.0,50683930.0,0.1548,-15.51,444617,552136,496508,-0.026
1054,CRBG,Financial Services,Asset Management,NYSE,109.0,81,78,59,26,34.84,15169638379.50409,445772522.0,0.048299998,-2.24,5182820,4278056,4555716,0.259
1055,CAT,Industrials,Farm & Heavy Construction Machinery,NYSE,108.98,81,80,93,93,848.14,388618336802.608,459674889.0,0.020299999,-20.99,2231450,2313386,2650362,0.24
1056,RILYL,Financial Services,Financial Conglomerates,NASDAQ,108.97,81,93,96,97,10.63,,,0.63,-41.21,7950,6310,6990,0.104
1057,CAMT,Technology,Semiconductor Equipment & Materials,NASDAQ,108.95,81,69,64,94,162.05,7709116272.565979,46668177.0,0.0866,-24.97,410000,377836,448718,0.025
1058,SHAZ,Technology,Information Technology Services,NASDAQ,108.95,81,95,98,59,47.7,1819176138.2186317,35803505.0,0.0919,-51.07,1375700,1448293,1848572,4.123
1059,SGC,Consumer Cyclical,Apparel Manufacturing,NASDAQ,108.94,81,67,80,57,13.0,206968701.68086624,15945201.0,0.0477,-10.9,33410,36580,47974,0.026
1060,LXFR,Industrials,Specialty Industrial Machinery,NYSE,108.93,81,77,83,56,17.25,466172645.4365082,26993204.0,0.0218,-11.31,333400,373656,423410,-0.102
1061,WDS,Energy,Oil & Gas E&P,NYSE,108.91,81,76,67,91,21.77,41424973856.479164,1901100143.0,6.14,-13.58,605730,621046,614904,0.13
1062,PEO,Financial Services,Asset Management,NYSE,108.8,81,80,65,78,28.07,779746574.1264496,28028274.0,0.015,-5.65,51291,58457,60820,0.05
1063,GEV,Industrials,Specialty Industrial Machinery,NYSE,108.76,81,80,91,95,990.0,263324014785.84235,266333581.0,0.032899998,-17.22,1854870,2147150,2209682,0.219
1064,TILE,Consumer Cyclical,"Furnishings, Fixtures & Appliances",NASDAQ,108.71,81,83,79,65,34.86,2016658014.121399,57800460.0,0.1025,-13.93,434750,513726,491290,0.054
1065,RILYP,Financial Services,Financial Conglomerates,NASDAQ,108.7,81,94,96,97,10.19,,,0.51,-41.84,11510,8690,9312,0.104
1066,EFOI,Consumer Cyclical,"Furnishings, Fixtures & Appliances",NASDAQ,108.67,81,67,83,36,3.05,19043973.840741634,6369222.0,0.038399998,-69.0,18650,10953,10452,2.28
1067,CVEO,Consumer Cyclical,Lodging,NYSE,108.66,81,78,79,81,32.49,342873594.1026459,10336859.0,0.1586,-10.99,103360,81933,101356,0.106
1068,PAG,Consumer Cyclical,Auto & Truck Dealerships,NYSE,108.66,81,84,74,36,200.59,13397195898.035126,65662873.0,0.118,-11.63,456530,370480,385498,0.06
1069,WSFS,Financial Services,Banks - Regional,NASDAQ,108.63,81,80,81,81,77.34,4009805577.270508,51388000.0,0.074099995,-6.75,334120,353153,354864,0.088
1070,COP,Energy,Oil & Gas E&P,NYSE,108.63,81,82,55,81,128.4,154418765387.25,1218294007.0,0.0134000005,-9.33,6178990,6630300,6811756,0.355
1071,STRL,Industrials,Engineering & Construction,NASDAQ,108.61,81,60,96,95,523.33,16316526748.807007,30588518.0,0.0456,-47.96,427980,533240,660340,0.901
1072,PHOE,Industrials,Engineering & Construction,NASDAQ,108.59,81,93,94,97,19.17,408239991.7602539,21600000.0,0.0002,-85.6,5660,18280,20962,0.032
1073,KRNY,Financial Services,Banks - Regional,NASDAQ,108.58,81,87,82,76,9.27,588774903.7210464,63173275.0,0.0523,-9.47,493040,564436,596874,0.149
1074,SY,Healthcare,Health Information Services,NASDAQ,108.58,81,63,9,85,2.74,276689261.75,100614277.0,0.0211,-42.32,340300,882700,602432,0.456
1075,IVZ,Financial Services,Asset Management,NYSE,108.55,81,86,81,78,30.5,13536383187.43248,441499780.0,0.0427,-9.39,4964720,4098743,4457178,0.205
1076,NRC,Healthcare,Health Information Services,NASDAQ,108.54,81,83,87,71,20.78,450133176.5379448,22119566.0,0.2848,-12.25,126880,120803,128476,0.04
1077,BBCP,Industrials,Engineering & Construction,NASDAQ,108.54,81,83,90,65,9.83,496375206.22356415,50393420.0,0.0557,-19.36,123370,230583,185066,0.126
1078,PAGS,Technology,Software - Infrastructure,NYSE,108.46,81,55,35,72,10.95,2521264565.733799,279519339.0,0.1279,-11.12,4817720,3579540,3235414,-0.002
1079,MKTW,Financial Services,Financial Data & Stock Exchanges,NASDAQ,108.45,81,73,83,65,19.69,56161419.91453552,2792711.0,0.0312,-13.75,19770,23930,19660,-0.052
1080,NE,Energy,Oil & Gas Drilling,NYSE,108.4,81,77,69,94,42.55,6497438394.3973465,159642218.0,0.0,-22.61,1208830,1201483,1310582,-0.163
1081,IOT,Technology,Software - Infrastructure,NYSE,108.38,81,62,70,18,42.39,24080085568.586155,585605209.0,0.0913,-10.7,5211100,7036303,6234174,0.299
1082,PSTL,Real Estate,REIT - Office,NYSE,108.36,81,84,89,83,22.38,686346944.524641,30248873.0,0.095699996,-11.26,258400,361753,340034,0.224
1083,RXRX,Healthcare,Biotechnology,NASDAQ,108.28,81,32,22,15,4.78,2209436817.0686445,536271087.0,0.3495,-33.43,26473750,20653723,18912428,-0.601
1084,KODK,Industrials,Specialty Business Services,NYSE,108.24,81,75,36,94,10.03,960399041.0804749,97900000.0,0.104499996,-32.55,725910,837540,882202,0.183
1085,TXMD,Healthcare,Drug Manufacturers - Specialty & Generic,NASDAQ,108.24,81,86,81,90,2.01,23727441.54809141,11574362.0,0.0032,-31.86,14520,28133,24100,-0.087
1086,EQH,Financial Services,Asset Management,NYSE,108.24,81,78,58,24,54.0,14358390861.196976,272765787.0,0.0,-1.93,2724400,2989223,2980314,-0.298
1087,RHI,Industrials,Staffing & Employment Services,NYSE,108.23,81,92,71,21,34.32,3697309118.025772,102361828.0,0.2328,-26.51,1698530,1941273,1986174,-0.024
1088,CFFN,Financial Services,Banks - Regional,NASDAQ,108.23,81,81,80,80,8.55,1058509837.2676582,123369446.0,0.0802,-7.67,1074010,944073,921760,0.183
1089,SOLV,Healthcare,Medical Instruments & Supplies,NYSE,108.22,81,75,56,32,88.03,14954154332.909203,170223729.0,0.0337,-6.51,762250,890010,1065678,0.022
1090,ADM,Consumer Defensive,Farm Products,NYSE,108.2,81,79,81,76,82.47,38773646981.52608,481959583.0,0.0397,-7.08,3035400,3674870,3868242,0.072
1091,CNO,Financial Services,Insurance - Life,NYSE,108.2,81,85,81,61,54.03,4983201098.530563,92521371.0,0.0001,-6.18,994690,1069400,917648,0.116
1092,SHBI,Financial Services,Banks - Regional,NASDAQ,108.2,81,81,81,78,22.83,767562348.0,33372276.0,0.0335,-8.28,215270,188020,201002,0.106
1093,INMB,Healthcare,Biotechnology,NASDAQ,108.02,81,95,80,13,1.94,53564811.31425583,27753789.0,0.0908,-25.38,280200,335110,340428,
1094,JWEL,Consumer Cyclical,Internet Retail,NASDAQ,107.98,81,38,29,74,2.49,5821521.063302755,2376131.0,0.023599999,-51.84,19610,58633,1780236,0.878
1095,PRGO,Healthcare,Drug Manufacturers - Specialty & Generic,NYSE,107.9,81,76,15,11,14.44,1978849465.4617596,138769245.0,0.2502,-35.77,3050670,2778606,2849438,-0.032
1096,CROX,Consumer Cyclical,Footwear & Accessories,NASDAQ,107.88,81,75,87,66,118.19,5661833731.169891,47945075.0,0.13149999,-16.34,1044140,1092183,1092976,0.026
1097,SHOP,Technology,Software - Application,NASDAQ,107.88,81,64,33,31,160.11,194785023928.78485,1286643931.0,0.0136,-12.12,10529280,9188790,10034142,0.337
1098,EFSI,Financial Services,Banks - Regional,NASDAQ,107.86,81,64,63,63,45.55,246282589.5667839,5411615.0,0.0295,-5.44,33576,44655,51323,0.106
1099,EMBJ,Industrials,Aerospace & Defense,NYSE,107.86,81,78,52,74,75.27,13384242451.924324,177958285.0,0.0095999995,-6.79,1413090,1236123,1297936,0.104
1100,TPC,Industrials,Engineering & Construction,NYSE,107.85,81,81,67,95,86.43,4563273367.814064,52614703.0,0.0513,-15.51,370800,440640,503208,0.192
1101,FNRN,Financial Services,Banks - Regional,NASDAQ,107.82,81,77,88,84,17.73,293526315.3156872,16508791.0,0.0368,-7.9,107900,100483,107954,-0.017
1102,USCB,Financial Services,Banks - Regional,NASDAQ,107.77,81,84,62,66,22.44,416599284.40509796,18474470.0,0.0214,-6.05,56670,77410,72852,0.141
1103,BTG,Basic Materials,Gold,NYSE ARCA,107.75,81,82,24,73,5.15,6869567710.425749,1321070762.0,2.92,-18.12,20465330,26228443,26048040,0.14
1104,ESEA,Industrials,Marine Shipping,NASDAQ,107.75,81,76,78,89,73.05,510950679.10121155,7055381.0,0.0196,-8.31,38800,38753,41110,-0.013
1105,DXYZ,Financial Services,Asset Management,NYSE,107.73,81,60,32,37,32.55,999273755.956543,30465664.0,0.0066000004,-55.33,791910,889970,1067250,
1106,WSM,Consumer Cyclical,Specialty Retail,NYSE,107.73,81,73,72,59,238.7,27360102247.33351,117779173.0,0.0493,-6.35,1003190,1243666,1096054,0.067
1107,TDAY,Communication Services,Publishing,NYSE,107.71,81,56,93,94,7.43,1035066512.0532999,146817941.0,0.1933,-19.33,2618610,2417160,2586306,-0.083
1108,LSBK,Financial Services,Banks - Regional,NASDAQ,107.7,81,72,77,76,18.07,144352616.8488388,7853788.0,0.0025,-5.34,18370,29210,20850,0.087
1109,NVA,Basic Materials,Other Industrial Metals & Mining,NYSE ARCA,107.67,80,73,38,93,6.06,2847218340.3382874,494308720.0,0.0348,-62.78,595320,528363,410938,
1110,BBVA,Financial Services,Banks - Diversified,NYSE,107.63,80,89,82,84,26.94,148389540333.18756,5499983056.0,0.00029999999,-9.11,1601900,1304630,1532574,0.202
1111,BAP,Financial Services,Banks - Regional,NYSE,107.63,80,84,88,87,378.07,29648025035.375183,79419317.0,0.0231,-8.51,289740,326016,308254,0.12
1112,EGO,Basic Materials,Gold,NYSE,107.54,80,89,41,82,37.9,9942089577.264511,260810332.0,5.01,-25.92,3313950,3224776,3061084,0.079
1113,ULCC,Industrials,Airlines,NASDAQ,107.53,80,73,93,32,6.11,1425035635.663052,230215771.0,0.4133,-27.31,2383170,2439580,2874710,0.377
1114,KMX,Consumer Cyclical,Auto & Truck Dealerships,NYSE,107.52,80,87,62,22,54.86,7795498700.534958,141942807.0,0.078600004,-15.96,4843030,2801806,2503270,0.177
1115,ZLAB,Healthcare,Biotechnology,NASDAQ,107.51,80,86,25,28,25.62,2731437318.6747665,112266228.0,0.074099995,-24.78,722030,843180,994444,-0.033
1116,BDX,Healthcare,Medical Instruments & Supplies,NYSE,107.5,80,77,44,51,180.67,48157987071.258545,272386800.0,0.047399998,-6.42,1537160,1738790,1829930,0.054
1117,EUDA,Real Estate,Real Estate Services,NASDAQ,107.5,80,17,20,1,17.3,51610185.882759094,2994325.0,0.0008,-79.88,15180,24493,16718,0.134
1118,CNSP,Healthcare,Biotechnology,NASDAQ,107.5,80,76,82,3,5.3,7782215.646250725,1461449.0,0.002,-49.94,3340,5376,5932,
1119,BLMN,Consumer Cyclical,Restaurants,NASDAQ,107.45,80,91,73,25,8.28,726065336.9658546,85620917.0,0.1254,-34.44,2925230,2381006,2318270,0.013
1120,MLKN,Consumer Cyclical,"Furnishings, Fixtures & Appliances",NASDAQ,107.44,80,89,73,31,20.64,1392507835.0529766,68799795.0,0.0788,-16.47,773090,693533,641806,-0.034
1121,AAPL,Technology,Consumer Electronics,NASDAQ,107.43,80,71,80,63,332.89,4869931959830.322,14594180000.0,0.0088,-3.61,35232940,40337230,45410158,0.164
1122,FTDR,Consumer Cyclical,Personal Services,NASDAQ,107.43,80,86,79,59,77.62,5321319580.667999,68893316.0,0.0695,-16.92,713180,556993,557592,0.045
1123,BGR,Financial Services,Asset Management,NYSE,107.42,80,75,65,77,17.13,434027696.1284828,25456171.0,0.00029999999,-4.41,115748,102152,95931,-0.058
1124,RHP,Real Estate,REIT - Hotel & Motel,NYSE,107.41,80,77,83,65,120.62,8392628730.708008,68984288.0,0.0602,-12.25,543090,590806,745566,0.136
1125,PAYO,Technology,Software - Infrastructure,NASDAQ,107.39,80,85,82,26,7.15,2422783509.715334,338850836.0,0.047,-0.56,2771950,2616780,3794136,0.052
1126,SEIC,Financial Services,Asset Management,NASDAQ,107.36,80,84,69,36,103.26,12293564848.886948,120019182.0,0.0202,-7.93,792730,827556,735838,0.147
1127,SDRL,Energy,Oil & Gas Drilling,NYSE,107.35,80,81,61,90,45.79,2742442180.1193314,62541443.0,0.0774,-17.45,590400,594116,638948,0.191
1128,SONO,Technology,Consumer Electronics,NASDAQ,107.35,80,39,52,59,17.94,2093803518.5511436,118293979.0,0.1308,-9.49,2221370,1966196,1928108,0.088
1129,CCNE,Financial Services,Banks - Regional,NASDAQ,107.33,80,79,79,81,34.01,1010110120.7004166,29621999.0,0.0299,-5.97,135200,144926,153576,0.51
1130,NEM,Basic Materials,Gold,NYSE,107.28,80,87,51,89,115.82,121764676264.2691,1053692271.0,0.0183,-14.39,5066270,7145616,7281180,0.151
1131,SAIC,Technology,Information Technology Services,NASDAQ,107.28,80,77,64,27,126.9,5248097849.603004,41897635.0,0.060900003,-11.05,415030,497763,453344,0.063
1132,BOF,Consumer Defensive,Packaged Foods,NASDAQ,107.24,80,74,87,92,3.96,63250258.04571104,16259706.0,0.0052,-24.57,32490,26560,25354,0.361
1133,FVCB,Financial Services,Banks - Regional,NASDAQ,107.24,80,82,78,77,17.7,320828523.4608078,18034205.0,0.0231,-7.38,59972,69124,78250,0.264
1134,SWBI,Industrials,Aerospace & Defense,NASDAQ,107.24,80,68,88,90,14.7,656452930.5944824,44839680.0,0.0634,-16.29,441620,616426,543822,0.323
1135,SVM,Basic Materials,Silver,NYSE ARCA,107.24,80,92,74,96,10.55,2340362732.343298,221206309.0,0.1257,-33.1,1734280,1921716,2243236,0.705
1136,VG,Energy,Oil & Gas Midstream,NYSE,107.24,80,86,52,83,13.45,32826219419.74292,2500092851.0,0.8047,-23.67,13446810,13864236,13872272,0.476
1137,EMR,Industrials,Specialty Industrial Machinery,NYSE,107.23,80,65,39,64,162.33,90146058340.4541,557800000.0,0.0150999995,-2.42,2623370,2367146,2610636,0.07
1138,LITB,Consumer Cyclical,Internet Retail,NYSE,107.16,80,81,91,71,2.92,55431694.291235924,19726582.0,0.0005,-29.98,2280,4920,4830,-0.035
1139,ENS,Industrials,Electrical Equipment & Parts,NYSE,107.12,80,68,90,93,193.02,7079603581.262329,36065224.0,0.097399995,-20.99,531600,563666,550534,0.048
1140,AVAL,Financial Services,Banks - Regional,NYSE,107.11,80,84,86,86,4.95,5674690955.718973,1187173788.0,0.0013,-20.16,145190,125176,142140,0.186
1141,SCKT,Technology,Computer Hardware,NASDAQ,107.07,80,10,8,21,0.93,5887093.332079828,8291681.0,0.0058,-66.67,31821370,10744616,11881696,-0.25
1142,RGA,Financial Services,Insurance - Reinsurance,NYSE,107.07,80,82,70,59,251.04,16286888506.79184,65301665.0,0.0168,-2.63,394470,330120,346596,0.185
1143,DVN,Energy,Oil & Gas E&P,NYSE,107.06,80,74,61,84,47.98,52415001678.4668,1100000000.0,0.030199999,-8.97,10758040,11625720,11373020,0.642
1144,HST,Real Estate,REIT - Hotel & Motel,NASDAQ,107.06,80,71,84,81,22.44,15456406075.544096,685124399.0,0.0842,-12.72,8779040,8362443,9163690,0.036
1145,NX,Industrials,Building Products & Equipment,NYSE,107.05,80,90,37,69,18.91,870697952.0,45826208.0,0.1187,-18.95,387770,471870,409090,0.013
1146,RBB,Financial Services,Banks - Regional,NASDAQ,107.05,80,80,84,77,26.22,443029106.1940994,16915964.0,0.0372,-7.15,93160,91480,110300,0.173
1147,BHB,Financial Services,Banks - Regional,NYSE ARCA,107.05,80,79,70,71,39.24,661421868.7915039,16766080.0,0.037100002,-4.57,125510,96596,96248,0.423
1148,MET,Financial Services,Insurance - Life,NYSE,107.03,80,80,74,45,96.88,60008086410.54217,635476927.0,0.0194,-4.01,3260650,3046990,3382616,0.105
1149,RIO,Basic Materials,Other Industrial Metals & Mining,NYSE,107.0,80,82,72,88,95.65,153222164611.19583,1626389620.0,0.0092,-15.04,2073930,1864090,2141808,0.155
1150,ENLT,Utilities,Utilities - Renewable,NASDAQ,107.0,80,91,96,98,65.94,9314827817.792404,139904289.0,0.007900001,-39.31,158790,185786,193318,0.43
1151,TRNS,Industrials,Specialty Business Services,NASDAQ,106.92,80,70,70,66,90.57,846033491.3572235,9359813.0,0.0655,-9.43,149140,115586,127906,0.216
1152,DHC,Real Estate,REIT - Healthcare Facilities,NASDAQ,106.89,80,80,93,96,7.54,1871657081.858244,242128988.0,0.0617,-21.95,2037490,1824330,1844156,-0.045
1153,GSBC,Financial Services,Banks - Regional,NASDAQ,106.88,80,77,76,69,79.47,863845343.3077927,10897507.0,0.075,-4.15,85380,89873,90336,-0.041
1154,FRAF,Financial Services,Banks - Regional,NASDAQ,106.87,80,77,80,83,62.96,284193598.4334183,4499582.0,0.0504,-3.75,39250,37020,35140,0.053
1155,RMT,Financial Services,Asset Management,NYSE,106.86,80,77,83,83,13.66,737004502.272419,54191506.0,0.00029999999,-7.58,85872,95224,99506,0.089
1156,CLH,Industrials,Waste Management,NYSE,106.85,80,76,71,80,322.37,16813266875.980469,52787248.0,0.0225,-4.04,393350,379780,442358,0.119
1157,PIII,Healthcare,Medical Care Facilities,NASDAQ,106.82,80,92,98,8,6.17,24880078.842303276,3911962.0,0.0088,-63.47,8500,17640,37452,0.086
1158,NWFL,Financial Services,Banks - Regional,NASDAQ,106.8,80,77,66,77,33.76,367399902.1176224,10902074.0,0.0165,-4.85,35170,32840,34828,0.347
1159,AUDC,Technology,Communication Equipment,NASDAQ,106.76,80,69,66,44,10.8,267854489.1454239,24152794.0,0.0116,-4.26,131670,109020,115728,0.031
1160,PLGO,Financial Services,Insurance - Diversified,NYSE,106.69,80,84,85,70,24.53,2006162075.25,82728333.0,0.0502,-6.87,480330,439623,472672,0.103
1161,FNLC,Financial Services,Banks - Regional,NASDAQ,106.67,80,83,79,73,34.21,385968841.0707092,11282340.0,0.0150999995,-5.76,46031,35503,33368,0.129
1162,MTUS,Basic Materials,Steel,NYSE,106.65,80,64,60,57,21.04,824426233.4613647,41449284.0,0.070700005,-6.82,348170,337276,361382,0.12
1163,ZNTL,Healthcare,Biotechnology,NASDAQ,106.63,80,96,96,98,2.78,238573221.47427654,94671914.0,0.0596,-60.0,1805800,1183116,1178074,
1164,CRVL,Financial Services,Insurance Brokers,NASDAQ,106.62,80,56,33,15,76.0,3812485675.035736,50516571.0,0.1158,-4.32,211800,205803,197404,0.107
1165,PBFS,Financial Services,Banks - Regional,NASDAQ,106.55,80,82,78,68,17.37,429674168.56861115,24179750.0,0.0154,-12.76,17330,16226,13064,0.179
1166,PCB,Financial Services,Banks - Regional,NASDAQ,106.55,80,79,82,74,28.03,393389305.2345543,14044602.0,0.026400002,-9.11,46280,33916,38004,0.083
1167,FMBH,Financial Services,Banks - Regional,NASDAQ,106.52,79,79,74,73,49.67,1329563549.582611,26601912.0,0.0218,-6.92,138990,128276,125780,0.26
1168,WTS,Industrials,Specialty Industrial Machinery,NYSE,106.49,79,77,78,75,362.75,12120384208.00476,33383050.0,0.0363,-8.06,176040,196820,198598,0.186
1169,MFC,Financial Services,Insurance - Life,NYSE,106.48,79,82,75,70,42.94,71231574844.28271,1659249344.0,2.94,-5.27,1322450,1621586,2235344,0.107
1170,JOF,Financial Services,Asset Management,NYSE,106.47,79,77,70,70,12.64,358990426.4717045,28333893.0,0.12,-1.63,41870,59393,66286,0.423
1171,META,Communication Services,Internet Content & Information,NASDAQ,106.46,79,33,41,51,741.9,1854788375834.4834,2547506225.0,0.014099999,-4.86,23098270,21314143,19732500,0.28
1172,FBP,Financial Services,Banks - Regional,NYSE,106.45,79,84,77,64,27.1,4128150106.491974,152668268.0,0.0713,-9.3,1356280,1354733,1342522,0.094
1173,TPCS,Industrials,Metal Fabrication,NASDAQ,106.44,79,89,75,35,5.33,53503620.20604277,10133261.0,0.002,-15.53,14690,22653,39618,0.233
1174,TKR,Industrials,Tools & Accessories,NYSE,106.44,79,78,91,85,119.99,8484705136.341736,69296839.0,0.0636,-18.02,987310,925386,974942,0.075
1175,KARO,Technology,Software - Application,NASDAQ,106.41,79,89,69,62,61.0,1853598000.0,30893300.0,0.0068,-11.34,95950,68550,84662,0.225
1176,TRV,Financial Services,Insurance - Property & Casualty,NYSE,106.41,79,82,75,67,360.7,75166267446.79272,208575022.0,0.033299997,-9.53,1154930,1370423,1567306,0.003
1177,WDAY,Technology,Software - Application,NASDAQ,106.37,79,70,25,9,188.96,44859739852.90527,241000000.0,0.083100006,-23.62,1845810,3076186,3948632,0.128
1178,DNOW,Industrials,Industrial Distribution,NYSE,106.37,79,72,36,25,15.9,2849185683.5386066,180785891.0,0.0723,-7.88,1920240,2127803,2375502,1.081
1179,BP,Energy,Oil & Gas Integrated,NYSE,106.36,79,68,58,87,44.62,115349583437.31628,2575342288.0,0.0028,-7.56,8629800,9578190,9141434,0.482
1180,HG,Financial Services,Insurance - Reinsurance,NYSE,106.33,79,85,86,87,34.16,3365709099.511528,98614386.0,0.020599999,-8.44,369630,380116,388154,0.13
1181,LUNG,Healthcare,Medical Devices,NASDAQ,106.31,79,83,27,13,1.88,78595334.11313975,42948269.0,0.0234,-34.95,215080,300023,546770,-0.046
1182,EGBN,Financial Services,Banks - Regional,NASDAQ,106.31,79,73,70,79,28.32,865135128.1568317,30483973.0,0.1177,-3.31,341960,293430,272334,
1183,PYXS,Healthcare,Biotechnology,NASDAQ,106.3,79,97,92,62,2.24,178493235.74985266,83408050.0,0.07,-59.64,1736550,1193056,1331384,
1184,THM,Basic Materials,Gold,NYSE ARCA,106.3,79,83,68,95,2.43,653928321.9604006,265824517.0,0.0214,-33.42,604940,750356,1021720,
1185,AEIS,Industrials,Electrical Equipment & Parts,NASDAQ,106.29,79,72,87,97,297.29,12186548442.8703,40050442.0,0.0623,-25.2,446370,527160,593754,0.3
1186,MTD,Healthcare,Diagnostics & Research,NYSE,106.28,79,60,36,55,1541.63,29778132446.19287,20036559.0,0.04,-0.85,187820,194883,189186,0.045
1187,WPM,Basic Materials,Gold,NYSE,106.27,79,85,32,85,136.27,61892919884.64551,454159968.0,2.74,-17.79,2129000,1990006,2098030,0.847
1188,AME,Industrials,Specialty Industrial Machinery,NYSE,106.23,79,66,67,78,251.92,57757783521.7605,229261244.0,0.0146,-3.54,1529920,1443870,1407010,0.15
1189,VABK,Financial Services,Banks - Regional,NASDAQ,106.17,79,72,68,61,47.45,255313778.37049103,5425282.0,0.013099999,-5.1,9810,7613,7054,0.386
1190,GCO,Consumer Cyclical,Apparel Retail,NYSE,106.15,79,69,72,78,35.66,376541281.34487915,10820152.0,0.1303,-18.21,131690,217846,208734,-0.03
1191,TONX,Technology,Software - Application,NASDAQ,106.15,79,26,41,11,3.59,196606997.0535481,55071989.0,0.088199995,-49.72,297200,363146,350112,6.074
1192,TD,Financial Services,Banks - Diversified,NYSE,106.12,79,84,86,83,117.1,192500007175.6656,1633016726.0,4.38,-6.67,2000180,1891273,1968914,0.115
1193,PYPD,Healthcare,Biotechnology,NASDAQ,106.03,79,84,83,78,5.2,105418066.70224857,20311766.0,0.0086,-9.25,87880,98750,125932,
1194,TSBK,Financial Services,Banks - Regional,NASDAQ,106.03,79,80,74,80,45.17,353715150.37120056,7775668.0,0.0207,-8.53,27370,32170,35176,0.061
1195,PDLB,Financial Services,Banks - Regional,NASDAQ,105.94,79,78,78,77,20.28,492223794.576952,24187901.0,0.0185,-3.89,92090,81550,79040,0.184
1196,FLNG,Energy,Oil & Gas Midstream,NYSE,105.9,79,74,76,83,31.41,1689845813.8592377,54092376.0,0.1375,-5.96,302910,404443,367050,0.242
1197,MDIA,Communication Services,Broadcasting,NASDAQ,105.9,79,87,74,31,1.03,89901252.46701694,84019858.0,0.0058,-37.2,6320,13393,15754,0.087
1198,BAX,Healthcare,Medical Instruments & Supplies,NYSE,105.89,79,85,62,20,24.22,12144235898.179007,516995999.0,0.0709,-19.27,7465720,6338376,6981366,0.053
1199,CACI,Technology,Information Technology Services,NYSE,105.89,79,68,30,52,624.19,13592135653.293152,22099597.0,0.0561,-8.68,245370,263600,277506,0.176
1200,BY,Financial Services,Banks - Regional,NYSE,105.88,79,80,78,76,37.63,1705335566.6439056,45186420.0,0.057800002,-6.0,237500,271083,256708,0.117
1201,FRST,Financial Services,Banks - Regional,NASDAQ,105.84,79,82,81,80,15.51,387361501.80197144,24799072.0,0.0334,-8.12,117760,143016,158782,0.442
1202,CRM,Technology,Software - Application,NYSE,105.81,79,80,19,16,229.79,193149872009.27734,823000000.0,0.0454,-14.61,10469910,14708833,13945168,0.108
1203,REI,Energy,Oil & Gas E&P,NYSE ARCA,105.81,79,83,57,86,1.34,341306870.2618041,260539607.0,0.030299999,-33.0,2211080,3578433,3529650,0.265
1204,LCNB,Financial Services,Banks - Regional,NASDAQ,105.81,79,77,65,67,18.92,269989480.3329849,14254988.0,0.0134000005,-11.26,29980,30746,37326,0.092
1205,GFF,Industrials,Building Products & Equipment,NYSE,105.8,79,79,71,58,94.09,4256344517.8114014,45294716.0,0.0624,-13.34,374190,345830,353576,0.07
1206,SEZL,Financial Services,Credit Services,NASDAQ,105.79,79,87,97,38,110.85,3617033377.0615845,33675014.0,0.2644,-43.36,591980,469413,624024,0.517
1207,JG,Technology,Software - Application,NASDAQ,105.76,79,33,9,20,6.79,37154836.189363,5733771.0,0.0026,-24.22,4180,3966,5284,0.126
1208,Q,Technology,Semiconductor Equipment & Materials,NYSE,105.72,79,60,85,85,131.53,27506738339.804672,209208543.0,0.024500001,-25.81,1299420,1574040,1759644,0.221
1209,FA,Industrials,Specialty Business Services,NASDAQ,105.72,79,91,88,22,18.37,3107024296.3975334,171753691.0,0.13159999,-26.96,2214230,1641313,2036334,0.149
1210,FCAP,Financial Services,Banks - Regional,NASDAQ,105.71,79,79,80,78,63.74,210433905.00487518,3345531.0,0.0448,-10.23,21480,21283,18892,0.144
1211,SWK,Industrials,Tools & Accessories,NYSE,105.7,79,83,75,54,89.68,13793859435.900543,151016641.0,0.0543,-14.33,1591790,1654560,1877762,0.004
1212,GPRE,Basic Materials,Chemicals,NASDAQ,105.69,79,76,91,96,15.15,1067551813.3529053,70095328.0,0.1924,-22.9,1172740,1612850,1504134,-0.193
1213,ECG,Industrials,Engineering & Construction,NYSE,105.67,79,58,88,96,126.17,6295982022.21669,51041606.0,0.0454,-26.46,377010,431693,505888,0.337
1214,EDSA,Healthcare,Biotechnology,NASDAQ,105.63,79,89,98,98,3.91,37214378.6486156,9641031.0,0.024500001,-80.76,36440,53173,64752,
1215,ECBK,Financial Services,Banks - Regional,NASDAQ,105.6,79,73,71,63,20.95,178511254.52653503,8737702.0,0.0162,-3.81,8010,9986,9664,0.491
1216,KWR,Basic Materials,Specialty Chemicals,NYSE,105.6,79,72,65,40,161.05,2765793868.9407654,17207702.0,0.158,-12.0,140240,147106,154430,0.102
1217,SLNHP,Financial Services,Capital Markets,NASDAQ,105.59,79,98,84,85,10.84,,,1.55,-16.03,3920,4203,5454,1.446
1218,DCOM,Financial Services,Banks - Regional,NYSE,105.59,79,80,79,81,39.51,1760965055.7643318,44156595.0,0.1146,-5.86,321440,291710,307954,0.12
1219,OXY,Energy,Oil & Gas E&P,NYSE,105.56,79,74,60,82,58.31,58058940338.070694,999637371.0,0.0002,-13.55,9616440,8534193,8464736,0.534
1220,PEBK,Financial Services,Banks - Regional,NASDAQ,105.54,79,74,74,84,43.58,235575148.7259102,5321327.0,0.0207,-4.81,17577,21679,31089,0.014
1221,PFG,Financial Services,Asset Management,NASDAQ,105.53,79,83,82,70,111.03,23971155410.341347,214104641.0,0.0512,-8.38,1272770,1378533,1352156,0.064
1222,MCBS,Financial Services,Banks - Regional,NASDAQ,105.44,79,76,78,71,35.07,1013962684.4949989,28781229.0,0.036,-6.38,93060,79310,79348,0.339
1223,ETN,Industrials,Specialty Industrial Machinery,NYSE,105.44,79,66,63,74,432.6,169385118310.54688,388400000.0,0.02,-9.5,1775470,1978026,2129894,0.214
1224,CMCO,Industrials,Farm & Heavy Construction Machinery,NASDAQ,105.43,79,84,21,44,16.92,483187437.95349884,28864244.0,0.3341,-30.66,388600,416093,547814,1.253
1225,NOVTU,Technology,Scientific & Technical Instruments,NASDAQ,105.43,79,63,80,63,63.02,,,4.88,-18.1,100898,36009,33303,0.103
1226,PCTY,Technology,Software - Application,NASDAQ,105.42,78,73,32,12,147.39,7998726087.585449,55366000.0,0.065,-8.98,683290,634503,725390,0.11
1227,NAVN,Technology,Software - Application,NASDAQ,105.39,78,96,93,18,21.84,5580596944.460976,260410493.0,0.2902,-29.27,3327070,4226850,3437684,0.354
1228,KMTS,Healthcare,Medical Instruments & Supplies,NASDAQ,105.38,78,79,84,33,28.34,1633780055.0268173,59561795.0,0.1113,-5.53,343460,365506,347134,0.599
1229,MBWM,Financial Services,Banks - Regional,NASDAQ,105.38,78,80,69,72,59.09,1028512775.5,17285929.0,0.0353,-6.13,101585,109275,112699,0.189
1230,KO,Consumer Defensive,Beverages - Non-Alcoholic,NYSE,105.38,78,74,72,61,86.51,368513349228.11914,4302549243.0,0.0095,-6.47,15989690,15866960,15974218,0.067
1231,THFF,Financial Services,Banks - Regional,NASDAQ,105.34,78,80,79,78,74.71,891773255.6361694,11891896.0,0.0354,-11.24,105330,115450,106454,0.155
1232,GOLD,Financial Services,Capital Markets,NYSE,105.34,78,85,74,89,41.64,1230488939.4285965,29096451.0,0.16469999,-37.57,419650,655003,559178,0.992
1233,AVPT,Technology,Software - Infrastructure,NASDAQ,105.32,78,64,51,13,14.66,2976725479.255356,211565426.0,0.0621,-5.91,2619270,2019910,2032870,0.22
1234,TTE,Energy,Oil & Gas Integrated,NYSE,105.31,78,75,65,89,84.37,186310873871.93918,2207474769.0,0.0022,-10.41,2003190,1717166,1526586,0.278
1235,OMDA,Healthcare,Health Information Services,NASDAQ,105.28,78,81,91,14,20.95,1246984291.4851017,61216703.0,0.1244,-22.16,1243390,1357256,1450122,0.431
1236,SLF,Financial Services,Insurance - Diversified,NYSE,105.28,78,82,80,64,78.61,43686933265.134445,556025626.0,3.67,-6.84,428820,819326,803970,0.075
1237,IPAR,Consumer Defensive,Household & Personal Products,NASDAQ,105.27,78,81,77,38,113.76,3649337647.2150726,32025781.0,0.1158,-12.01,230230,220490,238674,0.021
1238,HAS,Consumer Cyclical,Leisure,NASDAQ,105.25,78,64,34,81,92.38,12629121704.310066,141044467.0,0.0585,-13.65,2008590,1639290,1697490,0.162
1239,ZYBT,Healthcare,Drug Manufacturers - Specialty & Generic,NASDAQ,105.24,78,87,7,10,1.19,58765307.93195939,47391377.0,0.003,-85.14,16940,32213,1898402,-0.409
1240,MTCH,Communication Services,Internet Content & Information,NASDAQ,105.22,78,79,75,60,40.33,9405306257.132706,233266526.0,0.057800002,-10.25,3336160,3432120,3337646,-0.012
1241,BATRA,Communication Services,Entertainment,NASDAQ,105.21,78,69,74,65,57.74,3697354156.6012917,64167897.0,0.0654,-4.53,51970,64156,69236,-0.023
1242,JHX,Basic Materials,Building Materials,NYSE,105.2,78,90,62,31,25.2,14507256842.248947,580522488.0,0.026300002,-19.82,10075620,11498163,9640026,0.639
1243,SNEX,Financial Services,Capital Markets,NASDAQ,105.19,78,82,91,91,67.43,7960570522.840332,120962936.0,0.0559,-28.77,1075230,868176,925666,0.152
1244,EOG,Energy,Oil & Gas E&P,NYSE,105.17,78,70,66,75,144.08,74157937464.05762,524529176.0,0.033,-6.54,2919690,3203596,3071670,0.587
1245,RUM,Communication Services,Internet Content & Information,NASDAQ,105.14,78,77,34,17,7.38,2088760262.606018,275743936.0,0.1673,-30.34,4446260,5661513,4778730,0.609
1246,ST,Technology,Scientific & Technical Instruments,NYSE,105.11,78,68,82,84,43.17,6332265111.342888,145535862.0,0.0509,-19.89,1132390,1304226,1476328,0.05
1247,MGA,Consumer Cyclical,Auto Parts,NYSE,105.1,78,80,80,81,64.92,17273756374.579422,267519846.0,0.028800001,-11.34,1037450,1176226,1209720,0.033
1248,CECO,Industrials,Pollution & Treatment Controls,NASDAQ,105.09,78,78,93,93,74.96,4314253892.289124,58569830.0,0.0377,-25.96,575670,677213,837274,0.537
1249,SHO,Real Estate,REIT - Hotel & Motel,NYSE,105.06,78,65,76,62,11.32,2117901551.828786,185943941.0,0.0001,-6.21,1787120,2043666,2221714,0.062
1250,GABC,Financial Services,Banks - Regional,NASDAQ,105.05,78,76,68,70,49.28,1856393172.5407104,37578808.0,0.0359,-5.65,133060,129246,140252,0.11
1251,KEX,Industrials,Marine Shipping,NYSE,105.02,78,73,77,83,139.85,7279535742.1875,52800000.0,0.044299997,-11.31,524850,427393,479928,0.078
1252,ASTL,Basic Materials,Steel,NASDAQ,105.01,78,42,18,62,4.45,458570787.2426605,105661468.0,0.051999997,-24.58,832080,857416,1117532,-0.546
1253,TRIN,Financial Services,Asset Management,NYSE,105.0,78,79,79,64,17.43,1665659981.1090927,94693574.0,0.066,-7.75,804630,882490,961732,0.193
1254,CGEN,Healthcare,Biotechnology,NASDAQ,104.99,78,90,75,92,2.31,218821503.6396246,94727926.0,0.025,-28.7,152370,216290,250894,1.07
1255,ROST,Consumer Cyclical,Apparel Retail,NASDAQ,104.98,78,74,80,85,226.37,73007811614.63425,319453110.0,0.0346,-11.92,1874370,2077100,2359298,0.133
1256,DCBO,Technology,Software - Application,NASDAQ,104.96,78,76,33,13,23.68,582027366.1166496,24947594.0,9.37,-17.55,23530,40290,61602,0.13
1257,CLF,Basic Materials,Steel,NYSE,104.95,78,58,28,28,12.2,6458513157.924995,570540047.0,0.1421,-26.95,17622980,14358900,16703748,0.059
1258,IX,Financial Services,Financial Conglomerates,NYSE,104.94,78,80,89,80,37.34,38604288786.134834,1039986258.0,0.0007,-11.91,428810,350946,319634,0.174
1259,RIG,Energy,Oil & Gas Drilling,NYSE,104.92,78,76,77,95,5.51,5774270124.661188,1116880085.0,0.2732,-28.07,43007190,42204546,43492344,-0.022
1260,LTC,Real Estate,REIT - Healthcare Facilities,NYSE,104.9,78,72,61,69,42.43,2317939209.0,53905563.0,0.062,-2.68,637120,586010,568158,0.655
1261,URBN,Consumer Cyclical,Apparel Retail,NASDAQ,104.88,78,68,34,47,81.6,6921342886.214127,85660181.0,0.1254,-4.48,1030050,1232786,1113572,0.104
1262,PDS,Energy,Oil & Gas Drilling,NYSE,104.88,78,69,70,90,88.22,1068802123.7966919,12587470.0,8.24,-15.01,103560,97760,115968,0.114
1263,ATEN,Technology,Software - Infrastructure,NYSE,104.86,78,65,95,87,28.19,2006187189.2940845,72609021.0,0.18969999,-26.76,1163550,1177946,1317170,0.155
1264,STBA,Financial Services,Banks - Regional,NASDAQ,104.86,78,77,76,73,49.23,1750579001.3556519,35265492.0,0.0734,-7.98,293880,283216,264394,0.061
1265,TXO,Energy,Oil & Gas E&P,NYSE,104.84,78,77,61,36,13.91,765661128.0539904,55242507.0,0.0197,-10.71,146000,165536,178078,0.679
1266,INSP,Healthcare,Medical Devices,NYSE,104.83,78,52,14,9,70.75,2022858974.040985,28910375.0,0.17790002,-51.88,876590,802070,787946,-0.076
1267,ESI,Basic Materials,Specialty Chemicals,NYSE,104.8,78,67,84,90,37.54,9243196442.388565,243690914.0,0.0388,-23.78,3825200,4935910,4530016,0.564
1268,CHMI,Real Estate,REIT - Mortgage,NYSE,104.79,78,82,34,68,2.6,97541124.03593588,36947394.0,0.0001,-12.75,215990,227683,383754,0.276
1269,LARK,Financial Services,Banks - Regional,NASDAQ,104.79,78,74,73,60,31.26,191314255.24349976,6100582.0,0.020499999,-9.65,6490,8620,9186,0.145
1270,GDRX,Healthcare,Health Information Services,NASDAQ,104.79,78,80,41,12,3.36,1118956862.8797522,341145388.0,0.0493,-42.17,804110,1039350,1381136,-0.013
1271,SIG,Consumer Cyclical,Luxury Goods,NYSE,104.78,78,35,32,69,100.89,3853948371.1009674,38317243.0,0.2142,-8.45,787400,1032463,879134,-0.005
1272,HCC,Basic Materials,Coking Coal,NYSE,104.78,78,82,61,80,92.29,4717866392.880409,52802087.0,0.0992,-17.17,614730,627590,655392,0.713
1273,SBS,Utilities,Utilities - Regulated Water,NYSE,104.76,78,36,71,90,6.26,18919271995.98216,3516593233.0,0.0058999998,-12.55,9182940,9520873,9375412,0.139
1274,UVSP,Financial Services,Banks - Regional,NASDAQ,104.75,78,76,82,77,41.65,1153151947.956421,27580768.0,0.033,-8.38,220493,228954,237504,0.084
1275,EBF,Industrials,Specialty Business Services,NYSE,104.73,78,67,63,74,22.58,570729002.8092651,25298272.0,0.0954,-1.57,186770,163296,159280,0.034
1276,ABBV,Healthcare,Drug Manufacturers - General,NYSE,104.69,78,71,73,53,265.76,464433777786.45355,1767117285.0,0.0123000005,-1.35,4233410,4240113,4713412,0.102
1277,MD,Healthcare,Medical Care Facilities,NYSE,104.68,78,84,87,84,26.1,2110147392.0778065,81253271.0,0.083000004,-6.59,742600,732566,781072,0.04
1278,HELE,Consumer Defensive,Household & Personal Products,NASDAQ,104.66,78,83,81,24,25.64,622829705.8088703,23292061.0,0.1277,-16.43,442630,408060,377348,0.082
1279,QNBC,Financial Services,Banks - Regional,NASDAQ,104.64,78,74,70,79,45.11,283206313.6198578,6209303.0,0.0036000002,-1.93,21389,14999,11793,0.403
1280,SMC,Energy,Oil & Gas Midstream,NYSE,104.62,78,78,71,71,32.07,425086781.2232132,13783618.0,0.026300002,-12.06,90260,71370,66474,0.106
1281,JELD,Industrials,Building Products & Equipment,NYSE,104.59,78,59,12,3,1.76,163982790.73883986,86763382.0,0.113800004,-64.59,2175660,1817720,1794036,-0.007
1282,TFSL,Financial Services,Banks - Regional,NASDAQ,104.58,78,78,83,71,16.77,4717047053.515663,280442755.0,0.1549,-13.96,729070,747936,859576,0.152
1283,BCAL,Financial Services,Banks - Regional,NASDAQ,104.54,77,73,72,68,21.7,700238805.0560246,32150541.0,0.0306,-3.17,218980,214816,200076,-0.016
1284,FIVE,Consumer Cyclical,Specialty Retail,NASDAQ,104.54,77,89,58,93,215.93,12177402136.059265,55054035.0,0.044899996,-18.17,1027050,1239913,1102042,0.229
1285,GDYN,Technology,Information Technology Services,NASDAQ,104.49,77,65,20,10,7.84,650637622.7569389,81126881.0,0.0868,-23.21,760220,916746,1394660,0.07
1286,HOPE,Financial Services,Banks - Regional,NASDAQ,104.46,77,79,71,70,13.57,1747508355.4637146,127741836.0,0.0729,-6.99,949330,869593,946768,0.71
1287,GOTU,Consumer Defensive,Education & Training Services,NYSE,104.46,77,61,17,15,2.53,599392324.6916652,235055818.0,0.0172,-23.33,576000,499506,406220,0.202
1288,OFG,Financial Services,Banks - Regional,NYSE,104.44,77,80,70,58,50.97,2167797225.9552155,42265494.0,0.0713,-6.43,254780,265350,251848,0.104
1289,AMPH,Healthcare,Drug Manufacturers - Specialty & Generic,NASDAQ,104.43,77,54,21,26,25.37,1081739928.9015503,42537944.0,0.2559,-14.06,522850,486333,476992,0.054
1290,FOCL,Healthcare,Medical Distribution,NASDAQ,104.41,77,78,97,90,4.23,198310130.99412918,47216700.0,0.0064,-33.91,89450,80810,133138,0.388
1291,VLGEA,Consumer Defensive,Grocery Stores,NASDAQ,104.41,77,69,70,73,45.46,681236586.0,14809491.0,0.054,-5.7,39050,52610,53088,0.016
1292,BUSE,Financial Services,Banks - Regional,NASDAQ,104.4,77,76,73,74,29.51,2455012864.0792694,82576956.0,0.0559,-6.91,837000,750266,764718,-0.009
1293,THG,Financial Services,Insurance - Property & Casualty,NYSE,104.37,77,81,77,59,220.4,7640600838.999084,34820221.0,0.0241,-6.64,298290,305066,309024,0.043
1294,MTEX,Consumer Defensive,Food Distribution,NASDAQ,104.34,77,83,13,10,7.43,12813008.54236126,1929670.0,0.0121,-40.32,20070,42443,29324,0.038
1295,DAL,Industrials,Airlines,NYSE,104.34,77,73,86,78,83.08,55299518184.41254,657623030.0,0.0401,-13.17,7053960,6698083,5983106,0.187
1296,RPD,Technology,Software - Infrastructure,NASDAQ,104.32,77,72,79,3,12.36,821613773.3175659,67400640.0,0.1296,-38.72,1356150,1844913,2058700,-0.015
1297,SAN,Financial Services,Banks - Diversified,NYSE,104.32,77,86,82,83,13.9,193671972636.65414,14496405510.0,0.0034,-7.64,9121140,9449593,13284398,0.102
1298,SLB,Energy,Oil & Gas Equipment & Services,NYSE,104.29,77,83,67,84,50.28,72337143570.02513,1484143231.0,0.0467,-16.84,13117830,14341650,12672304,0.05
1299,INN,Real Estate,REIT - Hotel & Motel,NYSE,104.24,77,68,83,54,5.99,649277845.2028584,107853463.0,0.0001,-16.46,1508500,1035190,1018812,0.032
1300,NAUT,Healthcare,Biotechnology,NASDAQ,104.24,77,9,84,98,1.87,249420241.9344015,127255223.0,0.0652,-56.61,9332920,3803526,2644544,
1301,EPSN,Energy,Oil & Gas E&P,NASDAQ,104.24,77,66,34,71,6.06,173627054.656641,30248617.0,0.16600001,-8.87,121740,156076,154132,0.571
1302,NWBI,Financial Services,Banks - Regional,NASDAQ,104.21,77,78,73,67,15.04,2224714001.7233067,146459122.0,0.0775,-6.93,1062110,1058180,1021184,0.232
1303,HSBC,Financial Services,Banks - Diversified,NYSE,104.2,77,88,83,86,96.68,328925471110.53345,3421317591.0,4.57,-10.42,1728490,1440720,1352348,0.254
1304,SEER,Healthcare,Biotechnology,NASDAQ,104.18,77,52,67,35,2.33,124587033.75,55372015.0,0.0018000001,-3.32,437760,260380,518442,-0.234
1305,URI,Industrials,Rental & Leasing Services,NYSE,104.16,77,59,82,34,1074.28,67286622739.90723,62242489.0,0.028399998,-8.9,550590,468970,462106,0.118
1306,XHR,Real Estate,REIT - Hotel & Motel,NYSE,104.15,77,72,88,81,18.15,1678874267.377987,92245835.0,0.0535,-17.72,877660,860430,812806,0.028
1307,OPK,Healthcare,Diagnostics & Research,NASDAQ,104.13,77,76,51,25,1.57,1164271988.2947564,746328225.0,0.0868,-10.29,2074830,2689856,3510136,0.043
1308,WOR,Industrials,Metal Fabrication,NYSE,104.12,77,63,35,50,61.14,2967898709.974365,48926784.0,0.0429,-9.48,551270,438106,345576,0.132
1309,BNED,Consumer Cyclical,Specialty Retail,NYSE,104.11,77,87,84,58,11.54,405926917.12236404,34664980.0,0.0692,-21.76,165610,269903,235858,0.008
1310,HNVR,Financial Services,Banks - Regional,NASDAQ,104.1,77,75,55,52,25.68,180901067.05371094,7055424.0,0.0117999995,-8.09,39300,37416,46348,0.192
1311,AMKR,Technology,Semiconductor Equipment & Materials,NASDAQ,104.09,77,64,95,97,54.63,13918307595.172516,248452472.0,0.1608,-43.49,3520610,4104160,4874808,0.256
1312,UTMD,Healthcare,Medical Instruments & Supplies,NASDAQ,104.09,77,67,63,73,73.31,235275119.6228485,3173818.0,0.0664,-4.66,30830,31993,33400,-0.143
1313,BATRK,Communication Services,Entertainment,NASDAQ,104.09,77,67,73,62,52.17,3338655602.5800476,64167897.0,0.0733,-4.9,585400,491643,537136,-0.023
1314,ADEA,Technology,Software - Application,NASDAQ,104.08,77,86,90,93,26.07,2838611035.758877,110280150.0,0.118599996,-24.08,1193203,993080,1036756,0.121
1315,NFJ,Financial Services,Asset Management,NYSE,104.07,77,75,75,68,15.11,1421877621.7327232,94101764.0,0.002,-4.06,319044,247351,215618,-0.198
1316,ZS,Technology,Software - Infrastructure,NASDAQ,104.07,77,39,18,8,201.8,32056554622.006897,163054698.0,0.061,-40.12,2791350,3362426,2922104,0.249
1317,DKL,Energy,Oil & Gas Refining & Marketing,NYSE,104.07,77,75,75,69,55.3,3174805761.5683365,57797301.0,0.0117,-10.08,149840,193076,202948,0.562
1318,FVNNU,Financial Services,Shell Companies,NASDAQ,104.03,77,71,49,42,12.51,,,0.25,-60.77,5098,2889,1930,
1319,JBL,Technology,Electronic Components,NYSE,103.98,77,72,85,89,300.94,31898238146.23178,104787089.0,0.0324,-29.84,1759210,1294483,1202652,0.286
1320,QCRH,Financial Services,Banks - Regional,NASDAQ,103.97,77,73,72,75,100.03,1653118183.325592,16375614.0,0.0304,-7.47,109570,115913,119300,0.156
1321,FXNC,Financial Services,Banks - Regional,NASDAQ,103.92,77,76,73,82,29.96,271821422.9107151,9042629.0,0.0231,-9.87,30328,26522,29893,0.1
1322,AU,Basic Materials,Gold,NYSE,103.89,77,88,59,93,94.48,48007616853.42883,505769256.0,0.009,-26.84,2059150,2512140,2699288,0.27
1323,AUR,Consumer Cyclical,Auto Parts,NASDAQ,103.81,77,72,85,29,5.75,11363560522.464912,2004155268.0,0.17979999,-32.87,33542410,32280026,31010536,1.0
1324,CHE,Healthcare,Medical Care Facilities,NYSE,103.8,77,75,70,22,511.3,6633005207.5,13069961.0,0.0589,-8.2,163920,157676,162124,0.088
1325,BBNX,Healthcare,Medical Devices,NASDAQ,103.78,77,79,80,21,18.95,1022820111.1707687,53946211.0,0.23709999,-42.07,1056520,1272110,1361886,0.378
1326,DDS,Consumer Cyclical,Department Stores,NYSE,103.74,77,61,30,76,654.11,10216838864.809448,15619451.0,0.283,-11.84,215050,191526,175794,-0.004
1327,DBI,Consumer Cyclical,Footwear & Accessories,NYSE,103.73,77,25,72,94,5.97,309807825.31469536,51123404.0,0.36099997,-34.9,626790,730156,595808,-0.012
1328,PBHC,Financial Services,Banks - Regional,NASDAQ,103.69,77,66,65,32,16.89,109436749.40608978,6278643.0,0.0022,-7.7,890,4430,4196,0.471
1329,MEDP,Healthcare,Diagnostics & Research,NASDAQ,103.67,77,77,68,74,620.51,16732199005.125732,27911655.0,0.0753,-8.47,279090,239170,250486,0.172
1330,ALKS,Healthcare,Drug Manufacturers - Specialty & Generic,NASDAQ,103.64,77,88,93,68,42.76,7004116606.0,167763272.0,0.1252,-23.19,2596240,2079810,1905446,0.27
1331,BMEZ,Financial Services,Asset Management,NYSE,103.63,77,77,63,56,16.54,1029398080.9636917,62501404.0,0.0013,-4.12,147925,142391,140001,
1332,NBTB,Financial Services,Banks - Regional,NASDAQ,103.61,77,76,71,64,50.95,2677501879.902191,51960061.0,0.0629,-6.51,370060,337166,336210,0.178
1333,CSX,Industrials,Railroads,NASDAQ,103.6,77,80,83,79,47.43,87862885878.64047,1852474917.0,0.022,-11.51,10101810,10269873,10681922,0.101
1334,AZIO,Technology,Software - Infrastructure,NASDAQ,103.55,77,16,92,23,1.17,20502451.88864708,17374960.0,0.0757,-76.17,125390,663946,611372,1.543
1335,TEO,Communication Services,Telecom Services,NYSE,103.51,77,67,86,72,12.51,5048244810.459349,430737602.0,0.0031,-23.44,287460,303766,275030,0.004
1336,ONC,Healthcare,Biotechnology,NASDAQ,103.51,77,74,37,51,361.65,40505653017.80145,113122161.0,0.0212,-6.12,404560,375466,383222,0.296
1337,ITRN,Technology,Scientific & Technical Instruments,NASDAQ,103.5,77,68,83,87,52.5,1041962993.1866455,19835580.0,0.0188,-23.13,99590,98136,121852,0.207
1338,MPB,Financial Services,Banks - Regional,NASDAQ,103.49,77,75,65,73,36.42,922201864.6584702,25335215.0,0.0297,-6.97,94880,95363,117676,0.447
1339,XPRO,Energy,Oil & Gas Equipment & Services,NYSE,103.49,77,71,67,87,16.77,1831291042.9844017,112349149.0,0.089700006,-12.79,789140,814626,852314,-0.07
1340,BFST,Financial Services,Banks - Regional,NASDAQ,103.47,77,74,68,71,30.87,1005791372.283205,32549883.0,0.0359,-5.09,212070,203986,217752,0.127
1341,PM,Consumer Defensive,Tobacco,NYSE,103.46,77,65,67,38,189.53,292177685739.2636,1558613439.0,0.0089,-8.77,4620090,4276943,4535372,0.104
1342,FCFS,Financial Services,Credit Services,NASDAQ,103.41,76,77,83,85,211.33,9123691874.472046,43371800.0,0.065,-11.55,321440,417400,399316,0.294
1343,EGHT,Technology,Software - Application,NASDAQ,103.39,76,30,62,33,2.24,329312938.14766717,144435501.0,0.0242,-22.22,2111530,1584076,1578226,0.049
1344,CCO,Communication Services,Advertising Agencies,NYSE,103.35,76,74,85,92,2.4,1216734342.9560697,509093845.0,0.1041,-1.64,5634400,5395790,7633404,0.087
1345,MPTI,Technology,Electronic Components,NYSE ARCA,103.34,76,72,91,80,75.94,335156767.0128784,4346476.0,0.0921,-27.57,86820,83976,136936,0.138
1346,GILD,Healthcare,Drug Manufacturers - General,NASDAQ,103.31,76,75,54,76,144.63,179471115945.9771,1239955155.0,0.0148,-8.05,5300680,5681773,6102246,0.102
1347,PBM,Healthcare,Biotechnology,NASDAQ,103.29,76,25,6,0,5.08,19681931.897979736,3814328.0,0.018099999,-97.11,104720,76496,93010,
1348,MMSI,Healthcare,Medical Instruments & Supplies,NASDAQ,103.29,76,75,30,24,87.14,5097478719.399567,59710420.0,0.089099996,-8.03,620090,607506,837188,0.095
1349,TUSK,Industrials,Conglomerates,NASDAQ,103.27,76,75,74,72,2.84,134757235.7050979,48127585.0,0.0034999999,-27.55,73780,87966,159572,1.109
1350,WEAV,Healthcare,Health Information Services,NYSE,103.26,76,76,69,15,7.36,592919777.8131771,80450446.0,0.0752,-4.42,1313470,2324990,3198722,0.155
1351,RGR,Industrials,Aerospace & Defense,NYSE,103.25,76,57,37,61,44.41,708955201.6533813,15978256.0,0.0352,-7.88,254050,203123,172550,0.193
1352,MUR,Energy,Oil & Gas E&P,NYSE,103.23,76,65,56,85,38.39,5398545010.286591,143349576.0,0.0994,-11.42,1577330,1593466,1705206,0.356
1353,NMR,Financial Services,Capital Markets,NYSE,103.22,76,85,79,73,9.75,28436815873.953693,2922591697.0,0.0004,-10.88,698960,712870,749008,0.312
1354,CIG,Utilities,Utilities - Regulated Electric,NYSE,103.2,76,57,54,87,2.38,6150466321.265884,2860681883.0,0.0,-13.77,5576470,5210040,5038444,0.034
1355,AUC,Financial Services,Capital Markets,NASDAQ,103.2,76,29,33,24,8.45,89416944.69684792,10313373.0,0.0007,-22.33,5330,5406,4610,3.0
1356,SPSC,Technology,Software - Application,NASDAQ,103.18,76,77,20,7,80.46,2964614273.968094,36000174.0,0.107200004,-29.96,438580,500603,559554,0.056
1357,MBBC,Financial Services,Banks - Regional,NASDAQ,103.16,76,75,82,75,15.08,45238841.28626919,3009903.0,0.0023999999,-4.5,3370,3693,2970,0.26
1358,CATY,Financial Services,Banks - Regional,NASDAQ,103.15,76,76,76,72,60.48,4058868818.979721,66713820.0,0.0674,-7.32,465350,475150,439332,0.138
1359,RCUS,Healthcare,Biotechnology,NYSE,103.13,76,91,94,93,24.74,3073896146.450115,125773162.0,0.17709999,-22.04,1436150,1533386,1410862,-0.744
1360,KOF,Consumer Defensive,Beverages - Non-Alcoholic,NYSE,103.09,76,72,63,63,108.15,22373863569.0,210083226.0,1.81,-7.64,92680,120546,129898,0.047
1361,POWW,Industrials,Aerospace & Defense,NASDAQ,103.08,76,72,89,84,2.24,265779527.56262684,116060931.0,0.0319,-16.1,469260,509006,568840,0.221
1362,BSRR,Financial Services,Banks - Regional,NASDAQ,103.07,76,76,79,76,39.39,515424642.96136856,12963397.0,0.0376,-8.67,41020,45933,54974,-0.032
1363,HGTY,Financial Services,Insurance - Property & Casualty,NYSE,103.03,76,79,57,41,13.75,1515072279.8111315,111320523.0,0.0202,-2.96,404130,542280,387986,-0.065
1364,WSBF,Financial Services,Banks - Regional,NASDAQ,103.01,76,83,78,81,19.9,358461947.92076874,17977028.0,0.028399998,-8.13,76720,88380,77016,0.052
1365,EQIX,Real Estate,REIT - Specialty,NASDAQ,103.0,76,72,77,83,1023.44,101209518873.14795,98671686.0,0.0197,-9.32,493050,517656,556344,0.167
1366,GASS,Industrials,Marine Shipping,NASDAQ,103.0,76,63,69,85,9.14,351451932.9816818,37628686.0,0.002,-13.36,95650,127586,120612,-0.092
1367,SLE,Communication Services,Internet Content & Information,NASDAQ,102.98,76,16,4,2,5.11,246738964.87957,46554520.0,0.047199998,-91.68,150370,251866,1661472,0.003
1368,RZLT,Healthcare,Biotechnology,NASDAQ,102.98,76,31,75,59,4.33,387856577.46798515,96722333.0,0.2624,-62.21,2013150,1538753,1468292,
1369,CAH,Healthcare,Medical Distribution,NYSE,102.97,76,83,79,79,233.12,52864999170.16304,231559345.0,0.033299997,-9.75,2037080,1747356,1850394,0.058
1370,PSMT,Consumer Defensive,Discount Stores,NASDAQ,102.97,76,77,90,83,171.81,5267274010.2907715,30860524.0,0.104899995,-14.03,230260,225773,236026,0.125
1371,PLUS,Technology,Software - Application,NASDAQ,102.96,76,69,68,66,93.02,2436845081.0108185,26090418.0,0.0655,-5.22,195710,221203,233060,0.01
1372,OUT,Real Estate,REIT - Specialty,NYSE,102.95,76,73,90,90,28.89,5055081838.080532,176135251.0,0.087299995,-17.36,1541190,1622410,1756198,0.135
1373,IRWD,Healthcare,Drug Manufacturers - Specialty & Generic,NASDAQ,102.94,76,95,98,98,3.65,601473424.4143603,165239947.0,0.1238,-36.85,2056350,1942430,2088484,0.326
1374,NIC,Financial Services,Banks - Regional,NYSE,102.91,76,78,72,81,164.62,3488797214.6929016,20957513.0,0.053200003,-8.54,167000,152816,156984,0.861
1375,LH,Healthcare,Diagnostics & Research,NYSE,102.91,76,78,57,59,308.65,25018538208.007812,81100000.0,0.030299999,-9.7,831510,763823,737212,0.058
1376,SJM,Consumer Defensive,Packaged Foods,NYSE,102.9,76,78,71,30,116.23,12518609076.568787,106823183.0,0.0454,-14.47,1115460,1399063,1314872,0.05
1377,AVBP,Healthcare,Biotechnology,NASDAQ,102.77,76,77,90,81,28.46,1393929521.401287,49307729.0,0.1886,-20.57,696060,587260,524516,
1378,TTC,Industrials,Tools & Accessories,NYSE,102.75,76,62,62,79,98.94,9337595548.14206,94663378.0,0.050300002,-5.94,697250,923276,768386,0.084
1379,BAFN,Financial Services,Banks - Regional,NASDAQ,102.7,76,54,11,24,7.75,209231450.5712986,26962815.0,0.0148,-26.33,121730,152883,101180,
1380,FSTR,Industrials,Railroads,NASDAQ,102.69,76,75,90,72,36.95,392071571.82556534,10519763.0,0.05,-19.34,54320,45973,60282,-0.035
1381,NREF,Real Estate,REIT - Mortgage,NYSE,102.68,76,81,79,61,15.47,297987346.3989477,18848029.0,0.063,-16.06,73150,67590,59980,-0.137
1382,MLI,Industrials,Metal Fabrication,NYSE,102.67,76,62,56,79,62.97,13837107937.026413,221181388.0,0.0248,-11.46,1549400,1725803,1479480,0.255
1383,RVSB,Financial Services,Banks - Regional,NASDAQ,102.65,76,39,37,55,5.99,119519579.57307816,19953186.0,0.014400001,-3.7,66700,59433,60392,0.132
1384,RNW,Utilities,Utilities - Renewable,NASDAQ,102.62,76,59,56,20,6.88,2493598362.667618,364561156.0,0.0378,-15.79,1067200,1871143,2405010,0.143
1385,GO,Consumer Defensive,Grocery Stores,NASDAQ,102.61,76,85,58,11,11.42,1151361785.7006798,99084492.0,0.32840002,-32.78,2444870,2443613,2615182,0.011
1386,ITIC,Financial Services,Insurance - Specialty,NASDAQ,102.61,76,78,74,49,293.39,547896462.2468262,1887996.0,0.060399998,-5.22,52080,64653,65840,0.175
1387,TECH,Healthcare,Biotechnology,NASDAQ,102.6,76,84,77,45,72.58,11353640670.485641,156818238.0,0.0482,-0.15,2915030,2743213,3093708,0.013
1388,GTES,Industrials,Specialty Industrial Machinery,NYSE,102.59,76,54,57,73,27.81,6999629753.930492,253151170.0,0.0561,-8.34,1660350,1805576,1875242,0.066
1389,HMC,Consumer Cyclical,Auto Manufacturers,NYSE,102.58,76,66,43,22,31.78,40682023776.92265,1297672194.0,0.0015,-4.99,1045880,891700,1015586,0.135
1390,EPRX,Healthcare,Biotechnology,NASDAQ,102.57,76,87,40,82,7.74,478371205.3970051,66073373.0,14.41,-16.95,1263770,787940,608496,
1391,AFRI,Consumer Defensive,Farm Products,NASDAQ,102.57,76,69,68,59,11.27,303073274.4284725,26963815.0,0.0228,-5.4,22380,24236,21476,-0.222
1392,FPS,Industrials,Electrical Equipment & Parts,NYSE,102.56,76,20,90,66,38.97,11077167824.004898,274527094.0,0.165,-40.95,8138440,9297660,8363208,0.943
1393,CIVB,Financial Services,Banks - Regional,NASDAQ,102.54,76,74,75,68,26.82,561028531.7211533,20794238.0,0.031400003,-10.51,120740,144933,144396,0.135
1394,WABC,Financial Services,Banks - Regional,NASDAQ,102.54,76,71,70,67,59.06,1377424683.5351791,23111153.0,0.0623,-7.15,238860,222060,182532,-0.027
1395,CHCO,Financial Services,Banks - Regional,NASDAQ,102.52,76,74,58,59,141.77,2005929854.0698242,14045160.0,0.0999,-4.85,126960,122926,113958,0.009
1396,GCMG,Financial Services,Asset Management,NASDAQ,102.5,76,74,81,31,13.18,797697822.1089106,61126269.0,0.026199998,-11.34,482370,467703,464166,0.118
1397,WES,Energy,Oil & Gas Midstream,NYSE,102.48,76,80,70,58,45.59,18493694089.180164,413174593.0,0.0248,-8.95,969430,841986,870228,0.3
1398,GWW,Industrials,Industrial Distribution,NYSE,102.45,76,73,81,67,1286.84,60303338342.45068,47100942.0,0.026400002,-9.37,290850,254970,266638,0.103
1399,HAFC,Financial Services,Banks - Regional,NASDAQ,102.44,76,73,76,66,31.5,938991908.1120586,29649255.0,0.051,-5.97,242320,220960,223004,0.233
1400,MSLE,Healthcare,Biotechnology,NASDAQ,102.39,75,87,91,67,8.05,180339731.5,21216439.0,3.09,-39.9,85130,46493,38218,
1401,ANDE,Consumer Defensive,Food Distribution,NASDAQ,102.35,75,76,86,92,66.9,2300825641.8740845,33975570.0,0.0588,-18.52,363000,392330,372472,-0.012
1402,TAL,Consumer Defensive,Education & Training Services,NYSE,102.32,75,77,32,57,12.31,6689697356.001909,554701254.0,0.0945,-7.93,2407460,4677626,5043014,0.319
1403,GNE,Utilities,Utilities - Regulated Electric,NYSE,102.32,75,61,29,29,16.11,432431413.9221115,26319623.0,0.0345,-4.28,79790,75540,76996,-0.046
1404,MNSB,Financial Services,Banks - Regional,NASDAQ,102.32,75,69,68,78,24.86,177599639.24306488,7121076.0,0.037100002,-3.9,27720,28220,31116,-0.088
1405,NBXG,Financial Services,Asset Management,NYSE,102.31,75,62,72,56,16.16,1258608670.0258484,78761496.0,0.0005,-7.29,116346,124165,152655,
1406,GTEC,Consumer Cyclical,Auto Parts,NASDAQ,102.3,75,72,9,9,0.79,21500819.883286357,26544222.0,0.0062,-50.93,390840,290513,608342,0.376
1407,CBK,Financial Services,Banks - Regional,NASDAQ,102.28,75,85,81,68,31.27,436796476.1014366,13701270.0,0.042600002,-12.6,32981,39923,46478,0.067
1408,SABR,Technology,Software - Infrastructure,NASDAQ,102.27,75,82,58,31,1.93,795058943.1266084,403583214.0,0.1042,-22.8,4978530,5382133,4807898,0.036
1409,LIVN,Healthcare,Medical Devices,NASDAQ,102.24,75,79,88,83,76.43,4123860680.8956146,54933538.0,0.111999996,-10.88,689910,653840,671378,0.108
1410,CLPS,Technology,Information Technology Services,NASDAQ,102.22,75,63,24,38,1.02,30737081.986218452,29841828.0,0.0014,-45.74,6850,8046,13154,0.028
1411,NOV,Energy,Oil & Gas Equipment & Services,NYSE,102.2,75,78,71,84,19.51,6701788478.028774,356478125.0,0.14140001,-11.04,3363000,3303103,3376818,-0.025
1412,MHK,Consumer Cyclical,"Furnishings, Fixtures & Appliances",NYSE,102.2,75,75,38,32,124.93,8562779157.514496,67738145.0,0.12550001,-10.96,1033480,1030813,1053578,0.068
1413,UBSI,Financial Services,Banks - Regional,NASDAQ,102.2,75,75,70,74,46.43,6405593944.190414,136173338.0,0.0466,-6.43,1144270,1065333,956678,0.062
1414,GNRC,Industrials,Specialty Industrial Machinery,NYSE,102.15,75,26,84,86,215.2,12805061288.248825,59063935.0,0.0424,-27.41,1074330,1355626,1295822,0.106
1415,ORRF,Financial Services,Banks - Regional,NASDAQ,102.14,75,75,67,73,41.4,819633279.4038391,19669626.0,0.0322,-5.5,117744,95774,98696,0.0
1416,ABM,Industrials,Specialty Business Services,NYSE,102.13,75,60,54,29,48.49,2870356641.7910156,58614592.0,0.049200002,-5.46,417160,507180,457896,0.042
1417,NTB,Financial Services,Banks - Diversified,NYSE,102.11,75,77,77,80,58.56,2310836062.1114616,39326687.0,0.0229,-8.74,168630,159573,177912,0.082
1418,CDRO,Consumer Cyclical,Gambling,NASDAQ,102.06,75,60,73,70,9.45,431964192.5,45469915.0,0.024600001,-7.89,30970,28023,26604,0.184
1419,JOE,Real Estate,Real Estate - Diversified,NYSE,102.06,75,59,54,80,66.21,3722112730.0158463,56930451.0,0.0494,-9.97,233600,262326,239276,0.23
1420,CM,Financial Services,Banks - Diversified,NYSE,102.04,75,79,84,85,110.32,100798989167.86102,907935437.0,13.01,-11.65,1863360,1456083,1258954,0.166
1421,VELO,Technology,Computer Hardware,NASDAQ,102.02,75,91,90,77,9.57,360070115.4680424,32149118.0,0.29459998,-69.86,1620890,1142023,1421674,0.523
1422,RUSHA,Consumer Cyclical,Auto & Truck Dealerships,NASDAQ,101.98,75,78,80,81,47.16,5507341015.323296,116730415.0,0.115600005,-15.39,650260,628631,686461,-0.016
1423,YJ,Consumer Cyclical,Internet Retail,NASDAQ,101.97,75,79,26,54,1.64,7979374.823486805,4925540.0,0.126,-88.26,81680,402490,4183790,-0.392
1424,LOCO,Consumer Cyclical,Restaurants,NASDAQ,101.95,75,82,88,83,14.4,432756372.2664709,30432937.0,0.0747,-17.24,231270,215330,240622,0.03
1425,SATA,Financial Services,Asset Management,NASDAQ,101.94,75,67,63,63,100.01,,,0.4,-1.32,584170,533793,388074,0.946
1426,MVBF,Financial Services,Banks - Regional,NASDAQ,101.93,75,75,65,70,29.92,394990251.34789276,12967507.0,0.031600002,-6.47,54080,57750,54800,0.462
1427,ADX,Financial Services,Asset Management,NYSE,101.91,75,71,73,67,25.87,3221870745.4942017,124927128.0,0.0095999995,-2.6,227397,248972,267123,0.094
1428,BWA,Consumer Cyclical,Auto Parts,NYSE,101.91,75,78,88,86,60.26,12325887837.311058,203666354.0,0.0359,-23.55,2746300,2206340,2238740,0.003
1429,STRC,Technology,Software - Application,NASDAQ,101.9,75,58,33,58,99.48,,,1.17,-0.93,1620290,1573463,1491430,0.069
1430,PRAA,Financial Services,Credit Services,NASDAQ,101.88,75,69,61,78,19.41,710417904.815464,37648006.0,0.0348,-13.92,479220,434746,429662,0.294
1431,DVA,Healthcare,Medical Care Facilities,NYSE,101.84,75,75,94,74,178.72,11400422155.761719,63800000.0,0.1325,-27.79,559620,679256,815722,0.052
1432,JCSE,Industrials,Specialty Industrial Machinery,NASDAQ,101.83,75,89,72,76,1.42,7457298.754624963,5251619.0,0.001,-43.2,10630,10713,17490,0.617
1433,CWBC,Financial Services,Banks - Regional,NASDAQ,101.83,75,69,76,75,26.58,719787517.9694328,27131078.0,0.060500003,-5.64,204650,186843,213750,0.31
1434,NEXN,Communication Services,Advertising Agencies,NASDAQ,101.82,75,75,82,34,8.7,501742131.0077715,56951431.0,0.044099998,-23.01,403270,456643,488850,0.105
1435,GOOD,Real Estate,REIT - Diversified,NASDAQ,101.81,75,66,60,58,12.79,626393042.6274042,48407501.0,0.0833,-3.69,589160,428453,430134,0.113
1436,SFNC,Financial Services,Banks - Regional,NASDAQ,101.8,75,74,71,64,22.71,3309365712.9723644,144513789.0,0.0572,-6.62,1584780,1363833,1309588,0.143
1437,LNG,Energy,Oil & Gas Midstream,NYSE,101.8,75,81,62,75,274.93,55753898473.26892,206534158.0,0.0189,-8.63,1980270,2122103,1902496,0.227
1438,HWBK,Financial Services,Banks - Regional,NASDAQ,101.79,75,73,77,70,38.35,282531290.5819588,7313779.0,0.026099999,-5.54,17440,17640,16568,0.149
1439,GHM,Industrials,Specialty Industrial Machinery,NYSE,101.78,75,79,91,94,90.48,1073821124.0969925,11737033.0,0.0881,-28.09,170080,176436,183794,0.286
1440,LECO,Industrials,Tools & Accessories,NASDAQ,101.77,75,61,50,70,274.94,14955289871.801392,54505757.0,0.0226,-11.31,371100,436846,461776,0.12
1441,SXI,Industrials,Specialty Industrial Machinery,NYSE,101.77,75,59,87,85,289.24,3544307939.373932,12281465.0,0.0756,-20.51,155390,135830,136110,0.028
1442,JAN,Real Estate,REIT - Residential,NYSE,101.76,75,82,76,60,28.75,6808535354.987595,234372996.0,0.085,-12.43,1702380,1754733,1849522,0.454
1443,PEBO,Financial Services,Banks - Regional,NASDAQ,101.76,75,80,76,71,37.11,1347117949.746914,35942315.0,0.0529,-12.25,517780,356760,325948,0.108
1444,MCK,Healthcare,Medical Distribution,NYSE,101.73,75,70,43,66,915.45,105197156143.37329,116590363.0,0.0249,-8.36,705690,879803,947790,0.077
1445,CULP,Consumer Cyclical,Textile Manufacturing,NASDAQ,101.68,75,40,29,20,3.78,49540411.695988655,12735324.0,0.0066000004,-14.86,87020,161316,102258,0.065
1446,ROK,Industrials,Specialty Industrial Machinery,NYSE,101.68,75,61,79,74,455.18,50454966618.38733,111048676.0,0.038900003,-8.48,613420,692993,769786,0.079
1447,GLBE,Consumer Cyclical,Internet Retail,NASDAQ,101.65,75,62,68,27,39.76,6602798370.878109,167967391.0,0.0353,-9.62,1494060,1433466,1475502,0.391
1448,FRHC,Financial Services,Financial Conglomerates,NASDAQ,101.65,75,68,63,62,173.49,11035266218.0,63787666.0,0.0515,-2.53,114160,105970,106888,0.278
1449,SMBC,Financial Services,Banks - Regional,NASDAQ,101.64,75,73,78,76,71.9,799453882.2781677,11013279.0,0.037,-9.97,75180,90043,92108,0.077
1450,NECB,Financial Services,Banks - Regional,NASDAQ,101.64,75,73,68,69,26.51,366865467.09866524,13766059.0,0.0126,-8.4,35050,34876,39662,-0.058
1451,BNY,Financial Services,Banks - Diversified,NYSE,101.62,75,87,85,80,143.75,98654498105.53937,678504142.0,0.0001,-13.32,4180150,3657990,3192222,0.131
1452,MKTX,Financial Services,Capital Markets,NASDAQ,101.62,75,65,11,31,164.04,5777267894.097336,35197197.0,0.0865,-16.29,835520,885676,1211696,-0.005
1453,GNT,Financial Services,Asset Management,NYSE,101.61,75,78,65,82,8.53,142731524.42210197,16811723.0,0.0,-9.06,43766,45795,69619,
1454,WK,Technology,Software - Application,NYSE,101.6,75,78,18,16,71.88,3876086622.9125366,54416488.0,0.0759,-25.97,2102490,1308606,1106476,0.186
1455,PETZ,Real Estate,Real Estate Services,NASDAQ,101.6,75,81,39,63,1.23,13420247.907748222,10323268.0,0.012200001,-32.6,9500,744970,478216,0.446
1456,NVRI,Industrials,Waste Management,NYSE,101.58,75,86,92,94,20.37,569722279.1811752,28190119.0,10.45,-15.83,319210,320090,350452,-0.667
1457,FCF,Financial Services,Banks - Regional,NYSE,101.58,75,76,70,71,20.38,2077709764.0303135,101055925.0,0.0535,-8.77,1148630,953033,913426,0.096
1458,KNX,Industrials,Trucking,NYSE,101.58,75,78,87,81,65.24,10865590907.684326,162756000.0,0.0921,-21.26,3433890,3515070,3511008,0.126
1459,SNDR,Industrials,Trucking,NYSE,101.52,74,75,85,65,32.32,5765646461.114822,175300899.0,0.111499995,-17.7,712120,681406,700850,0.104
1460,NBBK,Financial Services,Banks - Regional,NASDAQ,101.49,74,71,55,76,22.41,988983305.9276581,43818490.0,0.0405,-4.52,267510,270170,310650,0.486
1461,SGP,Healthcare,Biotechnology,NASDAQ,101.49,74,81,33,32,25.59,833523639.2318783,33447979.0,0.1107,-21.12,114260,128310,107204,
1462,KRP,Energy,Oil & Gas E&P,NYSE,101.43,74,65,68,70,14.79,1471063439.0222473,100895984.0,0.0382,-6.39,962090,957206,967252,0.378
1463,FDSB,Financial Services,Banks - Regional,NASDAQ,101.42,74,82,76,60,17.33,91100447.20275497,5235658.0,0.0013,-7.29,7620,6353,5896,-0.424
1464,CF,Basic Materials,Agricultural Inputs,NYSE,101.4,74,88,73,86,116.02,17405398654.593124,151338130.0,0.0773,-18.27,2409660,2582776,2527426,0.176
1465,FAST,Industrials,Industrial Distribution,NASDAQ,101.38,74,62,47,56,50.69,58235501829.75,1147497573.0,0.0355,-4.21,7554320,6605493,7064364,0.147
1466,SFST,Financial Services,Banks - Regional,NASDAQ,101.37,74,74,77,85,60.67,576356277.2972488,9471755.0,0.0462,-6.79,77590,89276,95508,0.248
1467,CVLG,Industrials,Trucking,NYSE,101.34,74,75,95,78,33.19,856753742.6842422,25377778.0,0.0738,-33.46,147750,211070,220090,0.099
1468,BVFL,Financial Services,Banks - Regional,NASDAQ,101.34,74,71,73,77,21.47,179830919.0424652,8470604.0,0.018,-3.16,17910,18766,16762,0.055
1469,INGM,Technology,Information Technology Services,NYSE,101.32,74,76,79,87,27.58,6556051764.0,230036904.0,0.1861,-12.97,1833220,2187363,1665694,0.136
1470,UNF,Industrials,Specialty Business Services,NYSE,101.32,74,80,84,86,252.89,4553233055.8645935,18084173.0,0.0986,-17.54,348190,358763,271204,0.039
1471,BMO,Financial Services,Banks - Diversified,NYSE,101.31,74,79,85,79,164.45,115176781549.64684,695092237.0,5.24,-12.16,704050,778840,803506,0.12
1472,FMNB,Financial Services,Banks - Regional,NASDAQ,101.27,74,72,54,60,15.28,908857763.520462,59247572.0,0.0377,-7.17,348010,367203,387838,0.564
1473,BZUN,Consumer Cyclical,Internet Retail,NASDAQ,101.27,74,50,50,31,3.29,183443333.97649574,58143688.0,0.0146,-17.96,256420,205740,202332,0.075
1474,CAAP,Industrials,Airports & Air Services,NYSE,101.27,74,51,58,79,25.54,3969925624.3574905,163371430.0,0.0542,-16.26,421800,288920,256924,0.12
1475,ALRM,Technology,Software - Application,NASDAQ,101.26,74,68,56,26,56.24,2684253682.0211487,49090228.0,0.090900004,-3.28,465550,444443,425986,0.092
1476,STRD,Technology,Software - Application,NASDAQ,101.21,74,61,20,37,73.65,863293653.6872864,11764700.0,8.26,-13.03,101050,104780,113006,0.069
1477,JMSB,Financial Services,Banks - Regional,NASDAQ,101.1,74,68,63,69,23.0,324720206.57001114,14112134.0,0.0328,-5.19,69510,77646,61750,0.243
1478,NOG,Energy,Oil & Gas E&P,NYSE,101.08,74,66,17,65,24.03,2539065712.1109467,106549128.0,0.2441,-22.91,2229120,2112856,2246250,0.16
1479,MCHP,Technology,Semiconductors,NASDAQ,101.07,74,47,79,76,81.49,44157466586.4069,543008691.0,0.080299996,-23.06,7692080,8169966,9245758,0.38
1480,JNJ,Healthcare,Drug Manufacturers - General,NYSE,101.07,74,83,81,83,252.93,617006334848.1393,2409898597.0,0.0098,-10.01,7112300,6662360,6794102,0.066
1481,KDP,Consumer Defensive,Beverages - Non-Alcoholic,NASDAQ,101.05,74,66,70,29,30.89,41328287916.11066,1360826038.0,0.0647,-8.66,10930470,10115140,11288074,0.756
1482,RYOJ,Industrials,Consulting Services,NASDAQ,101.05,74,97,94,18,2.8,32917498.898506165,11550000.0,0.42,-75.5,10070,36326,70264,-0.343
1483,KMDA,Healthcare,Drug Manufacturers - Specialty & Generic,NASDAQ,101.03,74,73,30,73,8.0,479572658.7662077,57710305.0,0.0050999997,-14.44,102810,141053,138950,0.227
1484,SANG,Technology,Software - Infrastructure,NASDAQ,100.99,74,23,27,25,4.84,163553091.59548473,33514977.0,48.47,-10.7,745080,251756,153652,-0.212
1485,WEX,Technology,Software - Infrastructure,NYSE,100.99,74,80,39,65,172.48,5763200628.117645,34081611.0,0.096,-15.45,605420,564180,615156,0.142
1486,STKE,Financial Services,Capital Markets,NASDAQ,100.98,74,12,20,2,1.71,67918978.51514816,39718700.0,0.0066000004,-62.75,496680,394286,303416,-0.412
1487,CPBI,Financial Services,Banks - Regional,NASDAQ,100.97,74,78,74,62,19.75,78052466.1913414,3888043.0,0.0014,-9.55,6530,3943,3088,0.131
1488,CDZIP,Industrials,Pollution & Treatment Controls,NASDAQ,100.96,74,68,78,62,21.56,,,4.73,-12.99,9440,6850,6156,-0.763
1489,BLX,Financial Services,Banks - Regional,NYSE,100.95,74,69,80,83,55.02,2039470748.7929688,37230208.0,0.0239,-12.94,187820,175946,173142,0.062
1490,BFC,Financial Services,Banks - Regional,NASDAQ,100.94,74,71,64,75,151.22,1691663695.8611755,11085607.0,0.062,-4.95,66932,69880,71474,0.57
1491,DAN,Consumer Cyclical,Auto Parts,NYSE,100.94,74,70,65,96,28.1,2999237720.238058,107576679.0,0.0624,-28.97,1457840,1428526,1451370,0.039
1492,VLN,Technology,Semiconductors,NYSE,100.93,74,30,79,12,1.88,206814903.3457632,108280056.0,0.0195,-49.33,510160,618143,762416,0.061
1493,PNRG,Energy,Oil & Gas E&P,NASDAQ,100.92,74,73,35,66,209.67,323894921.7956543,1582600.0,0.126,-24.82,84810,93993,90714,-0.039
1494,AUTL,Healthcare,Biotechnology,NASDAQ,100.85,74,91,30,34,1.83,473769313.58502865,266162540.0,0.0482,-29.07,1632850,1585120,2321398,1.184
1495,BRBS,Financial Services,Banks - Regional,NYSE ARCA,100.82,74,71,41,61,3.93,352471991.02728844,89687528.0,0.0508,-17.87,1075260,1283043,1136622,-0.4
1496,GME,Consumer Cyclical,Specialty Retail,NYSE,100.8,74,21,33,53,25.24,12461174837.90371,504500990.0,0.084,-6.1,11989960,9439130,8535844,-0.187
1497,NGVT,Basic Materials,Specialty Chemicals,NYSE,100.74,74,68,71,89,73.14,2489305457.9157104,34377922.0,0.059299998,-7.76,260060,259986,256532,-0.052
1498,ALSN,Consumer Cyclical,Auto Parts,NYSE,100.7,74,81,62,84,115.75,9741731243.663269,82578038.0,0.040599998,-15.89,771390,794180,828128,0.924
1499,PKE,Industrials,Aerospace & Defense,NYSE,100.67,74,82,90,94,30.05,661671840.2794857,21751211.0,0.0692,-24.61,193990,238656,241472,0.189
1500,PROV,Financial Services,Banks - Regional,NASDAQ,100.66,74,73,57,65,18.23,114143767.65070724,6233958.0,0.0041,-4.0,11790,17233,14878,0.103
1501,NTRS,Financial Services,Asset Management,NASDAQ,100.66,74,83,83,80,170.67,31358597807.527313,182955653.0,0.0248,-12.83,1023760,992876,1015862,0.364
1502,VRT,Industrials,Electrical Equipment & Parts,NYSE,100.65,74,86,94,97,253.62,97086314647.4024,384988173.0,0.0368,-33.25,3821350,4887273,5546238,0.241
1503,SLP,Healthcare,Health Information Services,NASDAQ,100.62,74,76,73,18,18.5,374159503.0,20224838.0,0.2017,-11.95,346060,229336,221748,0.075
1504,QQQX,Financial Services,Asset Management,NASDAQ,100.61,74,65,69,67,30.49,1498005717.3407516,48826783.0,0.0011,-4.33,116344,92661,89400,
1505,SUNB,Industrials,Rental & Leasing Services,NYSE,100.59,74,26,56,32,77.39,31592872933.448387,409764897.0,1.12,-10.72,4340460,7184206,5089742,0.112
1506,OVBC,Financial Services,Banks - Regional,NASDAQ,100.57,74,63,59,81,44.72,210157802.09536743,4711002.0,0.0138,-18.63,24810,30636,34128,-0.087
1507,ZKIN,Basic Materials,Steel,NASDAQ,100.57,74,12,25,26,1.77,109342866.65010023,60712308.0,0.00029999999,-43.09,121500,52923,38140,
1508,FUNC,Financial Services,Banks - Regional,NASDAQ,100.56,74,72,76,66,43.37,281516319.42655945,6453836.0,0.0156,-6.33,26120,26263,23778,0.107
1509,BMY,Healthcare,Drug Manufacturers - General,NYSE,100.56,74,81,65,71,58.81,124912004331.3352,2042714656.0,0.020599999,-14.32,14231390,10837960,11451426,0.057
1510,GPN,Industrials,Specialty Business Services,NYSE,100.53,74,81,48,26,82.18,20740788681.403885,264618390.0,0.0739,-14.29,2317560,2487913,2773484,0.686
1511,FDX,Industrials,Integrated Freight & Logistics,NYSE,100.5,74,81,84,88,289.13,68719624039.74792,236670435.0,0.020499999,-16.28,1755440,1598373,1577392,0.125
1512,FGCPP,Financial Services,Asset Management,NASDAQ,100.49,74,67,78,84,24.5,,,61.48,-5.77,1072,934,646,0.169
1513,STRK,Technology,Software - Application,NASDAQ,100.48,74,55,16,26,76.85,,,0.16,-23.34,119300,104320,100758,0.069
1514,VCYT,Healthcare,Diagnostics & Research,NASDAQ,100.48,74,55,94,43,47.67,3682699497.5098686,80390731.0,0.123500004,-21.74,1583690,1434006,1434740,0.155
1515,BPOP,Financial Services,Banks - Regional,NASDAQ,100.48,74,83,83,82,158.82,10085932109.212692,63778501.0,0.032899998,-11.39,513910,537343,487766,0.076
1516,HOG,Consumer Cyclical,Recreational Vehicles,NYSE,100.46,74,74,60,50,26.19,2554979967.4489784,104072507.0,0.24159999,-9.25,2122590,1831570,1942310,-0.059
1517,EML,Industrials,Tools & Accessories,NASDAQ,100.43,73,86,73,58,24.79,148420797.22097778,6030914.0,0.0301,-17.12,5700,11406,11622,-0.119
1518,ACT,Financial Services,Insurance - Specialty,NASDAQ,100.43,73,79,70,69,45.87,6222510718.698223,137483671.0,0.1225,-9.28,424190,438103,395812,0.041
1519,EL,Consumer Defensive,Household & Personal Products,NYSE,100.41,73,70,35,29,93.3,33322826059.038544,362322775.0,0.0322,-23.3,3005660,3135786,3204822,0.063
1520,COSO,Financial Services,Banks - Regional,NYSE,100.4,73,70,67,68,26.95,322530947.6076889,11954446.0,0.0217,-5.64,138290,127676,112120,0.161
1521,POWI,Technology,Semiconductors,NASDAQ,100.39,73,37,90,75,54.36,3042859757.926468,55873298.0,0.14899999,-40.38,800660,832790,763792,0.027
1522,UNM,Financial Services,Insurance - Life,NYSE,100.38,73,79,66,45,89.93,14021233050.5486,158306798.0,0.0355,-7.07,1562670,1800386,1685918,0.003
1523,HBNC,Financial Services,Banks - Regional,NASDAQ,100.37,73,70,72,70,19.24,1000191206.6163445,51344519.0,0.0398,-8.56,691470,556970,553012,0.169
1524,KMT,Industrials,Tools & Accessories,NYSE,100.37,73,55,71,90,32.86,2490314894.038063,76390031.0,0.16409999,-24.99,1508840,1439040,1550816,0.426
1525,HKD,Technology,Software - Application,NYSE,100.36,73,50,34,60,1.74,537417700.4888058,314279350.0,0.0033000002,-68.19,152170,113603,112582,3.409
1526,COFS,Financial Services,Banks - Regional,NASDAQ,100.35,73,67,68,66,33.05,495177276.328125,14955520.0,0.036199998,-6.64,71940,73556,75510,-0.026
1527,MAC,Real Estate,REIT - Retail,NYSE,100.35,73,72,84,82,22.87,6536043377.4113655,283559375.0,0.1604,-14.28,3381880,3350696,3566674,0.012
1528,GFR,Energy,Oil & Gas E&P,NYSE,100.33,73,62,64,80,5.99,1394399459.4552727,240413692.0,0.0307,-16.34,855880,1304453,963652,0.219
1529,NTIP,Industrials,Specialty Business Services,NYSE ARCA,100.33,73,62,55,60,1.55,37266984.92097986,22863181.0,0.0043,-11.43,16720,17093,17698,
1530,ITT,Industrials,Specialty Industrial Machinery,NYSE,100.29,73,64,53,84,206.2,18522276349.57837,89839824.0,0.0848,-10.47,919380,801733,854438,0.515
1531,CHT,Communication Services,Telecom Services,NYSE,100.28,73,54,41,46,46.15,35808373156.430756,775744655.0,0.0062,-0.71,254430,239330,213478,0.082
1532,LLY,Healthcare,Drug Manufacturers - General,NYSE,100.28,73,72,82,56,1143.12,1019126644076.0696,891741406.0,0.0084,-11.57,2218650,2321620,2534858,0.477
1533,VISN,Technology,Communication Equipment,NASDAQ,100.25,73,71,95,97,6.2,1432190027.3176994,230626412.0,0.1361,-69.83,5648250,8770596,8753108,-0.014
1534,AGRO,Consumer Defensive,Farm Products,NYSE,100.22,73,77,53,89,10.75,1457510511.6491203,144307966.0,0.0419,-32.35,551830,730043,806618,0.39
1535,FLS,Industrials,Specialty Industrial Machinery,NYSE,100.21,73,63,57,87,74.3,9453377797.725677,127112780.0,0.062800005,-19.6,1439910,1610743,1657164,-0.016
1536,PFE,Healthcare,Drug Manufacturers - General,NYSE,100.19,73,69,35,68,27.41,158450921425.69415,5699673589.0,0.0272,-6.16,31337070,32814703,36117296,0.026
1537,SPB,Consumer Defensive,Household & Personal Products,NYSE,100.17,73,84,82,84,75.99,1801015071.702301,22995596.0,0.1985,-23.29,340160,308533,343482,0.077
1538,FPI,Real Estate,REIT - Specialty,NYSE,100.15,73,50,28,68,11.15,490409305.29372025,43630722.0,0.106300004,-15.69,973590,729426,617422,-0.055
1539,KGS,Energy,Oil & Gas Equipment & Services,NYSE,100.13,73,85,93,94,53.56,5492982189.35701,101104031.0,0.0975,-31.05,1812530,1869710,1819866,0.211
1540,DMAC,Healthcare,Biotechnology,NASDAQ,100.12,73,50,84,70,8.42,443808461.62477493,53925697.0,0.1516,-19.19,254610,189683,173398,
1541,VRSN,Technology,Software - Infrastructure,NASDAQ,100.11,73,63,50,54,292.26,26064128662.109375,90400000.0,0.0218,-6.47,753200,740390,752570,0.06
1542,RY,Financial Services,Banks - Diversified,NYSE,100.09,73,80,85,76,194.67,270891376235.36334,1384429799.0,2.18,-10.93,1136230,1133666,1190036,0.089
1543,CNI,Industrials,Railroads,NYSE,100.08,73,70,75,66,119.32,72353054972.07642,604100000.0,4.05,-9.3,1209400,1330753,1359776,0.113
1544,CSTM,Basic Materials,Aluminum,NYSE,100.07,73,75,89,97,25.29,3306876511.5002747,135527728.0,0.0531,-31.63,1920810,1571086,1583120,0.307
1545,AZZ,Industrials,Specialty Business Services,NYSE,100.05,73,67,77,82,139.15,4188878706.0480194,30051501.0,0.040599998,-14.21,228380,236123,235236,0.063
1546,AROW,Financial Services,Banks - Regional,NASDAQ,100.03,73,77,82,82,37.38,700011509.1289749,18523723.0,0.0339,-12.46,76780,83416,88164,0.046
1547,ARQQ,Technology,Software - Infrastructure,NASDAQ,100.02,73,78,30,8,23.68,428447373.4246845,17402411.0,0.1919,-61.81,231510,319976,313876,8.299
1548,AIO,Financial Services,Asset Management,NYSE,100.01,73,68,76,64,25.26,877506697.955059,34439039.0,0.3,-11.68,82574,71164,73068,
1549,PFBC,Financial Services,Banks - Regional,NASDAQ,100.01,73,63,69,60,105.23,1262119831.4701233,11853116.0,0.12,-6.26,194840,151153,123102,0.047
1550,EAF,Industrials,Electrical Equipment & Parts,NYSE,100.01,73,13,9,12,8.82,246310017.21129227,26092164.0,0.0684,-56.59,727890,628163,482614,-0.034
1551,LBTYB,Communication Services,Telecom Services,NASDAQ,100.0,73,48,39,85,12.9,4219253152.385626,341087566.0,0.0007,-55.53,46150,19196,12622,-0.077
1552,FSBC,Financial Services,Banks - Regional,NASDAQ,100.0,73,80,85,81,43.43,1071023238.5399017,24536614.0,0.0462,-13.59,166170,186613,181070,0.276
1553,PAY,Technology,Software - Infrastructure,NYSE,99.99,73,88,46,28,31.62,3882719307.4015675,125939647.0,0.077,-30.21,1445690,1179476,1259140,0.288
1554,OVLY,Financial Services,Banks - Regional,NASDAQ,99.97,73,65,62,79,34.28,286789217.00367737,8412708.0,0.0123000005,-4.7,16384,20341,24122,0.05
1555,WELL,Real Estate,REIT - Healthcare Facilities,NYSE,99.97,73,77,81,79,224.16,164081457462.63477,720572011.0,0.0277,-12.16,2507470,2630113,2844920,0.391
1556,SUIG,Financial Services,Credit Services,NASDAQ,99.94,73,9,17,16,1.68,125956708.9813261,76802872.0,0.0148,-64.33,1183840,1031233,759432,-0.617
1557,SHC,Healthcare,Diagnostics & Research,NASDAQ,99.93,73,76,75,63,18.55,5199528568.948679,285374795.0,0.0496,-6.55,1712350,1947516,2430410,0.092
1558,JCE,Financial Services,Asset Management,NYSE,99.93,73,66,65,58,16.77,286155069.4427986,17002678.0,0.002,-3.9,30407,30519,34079,
1559,TDACU,Financial Services,Shell Companies,NASDAQ,99.89,73,72,68,43,12.11,,,,-29.96,20,6,22,
1560,IT,Technology,Information Technology Services,NYSE,99.89,73,40,12,8,187.76,11669930957.51538,63148976.0,0.1865,-28.09,864050,1059913,1279218,-0.006
1561,CVBF,Financial Services,Banks - Regional,NASDAQ,99.88,73,69,68,64,22.12,3921222972.647848,175997435.0,0.0738,-5.51,1484040,1318193,1277558,0.42
1562,CTO,Real Estate,REIT - Diversified,NYSE,99.87,73,72,78,71,20.29,769951259.4789581,37485454.0,0.037,-10.66,387130,392246,389254,0.165
1563,GOOGL,Communication Services,Internet Content & Information,NASDAQ,99.87,73,62,85,86,346.47,4200982614448.5,12229934831.0,0.0149,-15.21,27141420,26310586,26466404,0.242
1564,BVN,Basic Materials,Other Precious Metals & Mining,NYSE,99.84,73,81,67,92,31.59,7972647600.108719,253986867.0,0.0229,-29.28,1037500,1170746,1087770,0.432
1565,TCBX,Financial Services,Banks - Regional,NYSE,99.84,73,72,48,71,42.89,722159509.365387,16654970.0,0.034,-7.47,100900,106006,106856,0.321
1566,CSW,Industrials,Specialty Industrial Machinery,NYSE,99.79,73,67,36,56,301.99,4931875619.809021,16293487.0,0.079,-15.05,115460,129373,139884,0.33
1567,AEM,Basic Materials,Gold,NYSE,99.79,73,75,24,86,183.33,93014163104.40234,506364864.0,0.0136,-28.17,1742770,2218360,2687604,0.35
1568,PKX,Basic Materials,Steel,NYSE,99.77,73,63,32,69,58.23,17420002696.59526,302483116.0,0.0031,-36.98,178350,193990,239262,0.097
1569,CLAR,Consumer Cyclical,Leisure,NASDAQ,99.77,73,77,59,21,3.45,132094136.5757215,38288155.0,0.026800001,-13.32,105630,119993,122942,0.016
1570,CODA,Industrials,Aerospace & Defense,NASDAQ,99.77,73,34,36,86,10.88,125693749.01374531,11283101.0,0.030199999,-37.04,84210,106443,93338,0.092
1571,VOXR,Basic Materials,Other Precious Metals & Mining,NASDAQ,99.76,73,75,49,86,5.03,349561293.10069084,69495284.0,0.030199999,-24.93,437210,424726,444686,1.226
1572,LITS,Healthcare,Biotechnology,NASDAQ,99.76,73,36,11,12,1.4,41962029.69500685,30407268.0,0.0031,-52.86,1321440,766230,511374,
1573,AMBP,Consumer Cyclical,Packaging & Containers,NYSE,99.75,73,85,69,64,4.44,2653816068.3610296,597706314.0,0.065,-18.83,1347270,1642703,2126290,0.177
1574,HSDT,Financial Services,Asset Management,NASDAQ,99.74,73,48,8,3,2.65,171225037.0706272,65104574.0,0.026600001,-87.07,580750,530090,381722,57.744
1575,M,Consumer Cyclical,Department Stores,NYSE,99.73,72,71,82,77,22.51,5936545044.0228195,261176646.0,0.1523,-15.34,5924020,6589900,5932646,0.012
1576,VRTX,Healthcare,Biotechnology,NASDAQ,99.73,72,79,59,37,503.5,127929334955.12488,253460924.0,0.021,-10.13,1000460,989746,1131588,0.125
1577,WHF,Financial Services,Asset Management,NASDAQ,99.73,72,49,31,60,7.07,149905767.98963118,21476471.0,0.015700001,-9.82,89750,92370,76124,-0.237
1578,TAYD,Industrials,Specialty Industrial Machinery,NASDAQ,99.73,72,65,64,54,58.57,177545682.9927063,3229865.0,0.0452,-35.19,58460,48250,43578,-0.264
1579,CRESY,Industrials,Conglomerates,NASDAQ,99.71,72,66,40,60,11.88,804291733.462326,70925196.0,0.0809,-16.4,329790,297236,267746,0.083
1580,ADAMN,Real Estate,REIT - Mortgage,NASDAQ,99.7,72,69,66,63,24.03,,,1.52,-4.49,8770,7436,7756,1.298
1581,CFR,Financial Services,Banks - Regional,NYSE,99.66,72,78,70,66,153.83,9635547209.141312,62148785.0,0.0002,-9.94,449830,496846,533782,0.061
1582,QCOM,Technology,Semiconductors,NASDAQ,99.64,72,34,80,26,180.79,197452337016.5509,1068060487.0,0.0401,-30.44,11561740,13540296,12619458,-0.04
1583,ZYME,Healthcare,Biotechnology,NASDAQ,99.63,72,85,82,92,26.21,1804512472.629547,71750000.0,0.1041,-16.37,959200,852086,719412,-0.906
1584,MX,Technology,Semiconductors,NYSE,99.61,72,20,81,45,3.54,134357210.91731286,36510111.0,0.0369,-64.1,2566000,1227363,1062460,-0.061
1585,KEEL,Technology,Information Technology Services,NASDAQ,99.59,72,85,97,93,3.45,2235614956.7643547,617573212.0,0.18100001,-53.19,23642670,31364153,34579038,-0.5
1586,SPXX,Financial Services,Asset Management,NYSE,99.56,72,64,64,51,18.67,336880449.1854954,17976545.0,0.0112,-3.71,290572,241634,228666,3.76
1587,GAP,Consumer Cyclical,Apparel Retail,NYSE,99.55,72,38,20,65,23.3,7907090864.269354,351270137.0,0.1392,-20.64,6346050,8255193,7039530,-0.02
1588,JBHT,Industrials,Integrated Freight & Logistics,NASDAQ,99.55,72,84,90,86,229.74,21994878427.19435,93914939.0,0.0321,-23.36,995980,1089220,1000162,0.194
1589,SAP,Technology,Software - Application,NYSE,99.55,72,51,17,13,207.74,240732385121.88428,1154204232.0,0.0044,-26.17,1763180,2027900,2415076,0.094
1590,NOW,Technology,Software - Application,NYSE,99.55,72,54,28,9,136.08,138930380608.1543,1033862000.0,0.0279,-29.48,9971450,13712856,16836520,0.24
1591,BSM,Energy,Oil & Gas E&P,NYSE,99.54,72,64,56,52,14.67,3097066003.0169077,212710571.0,0.0147,-5.29,330110,366286,396280,0.132
1592,NBN,Financial Services,Banks - Regional,NASDAQ,99.54,72,77,75,78,125.83,1091150140.149765,8601215.0,0.059499998,-11.58,116230,110016,113984,0.113
1593,MANU,Communication Services,Entertainment,NYSE,99.5,72,69,82,61,20.05,3463627158.279951,172491393.0,0.1148,-18.0,478080,388616,356508,-0.041
1594,INOD,Technology,Information Technology Services,NASDAQ,99.49,72,27,86,19,66.97,2409192345.0772476,34382651.0,0.146,-46.48,2258330,1425176,1487430,0.578
1595,QGEN,Healthcare,Diagnostics & Research,NYSE,99.48,72,55,32,30,45.79,9240651250.0,206495000.0,0.042,-20.81,2711120,2317676,2608334,0.003
1596,HBCP,Financial Services,Banks - Regional,NASDAQ,99.47,72,72,68,75,67.37,531511737.8921509,7870750.0,0.043,-9.57,66850,67950,76314,0.038
1597,FFBC,Financial Services,Banks - Regional,NASDAQ,99.47,72,75,81,75,31.51,3351670019.8795967,105166926.0,0.0678,-13.08,988720,855650,807748,0.165
1598,RGLD,Basic Materials,Gold,NASDAQ,99.45,72,79,28,83,233.64,19880544314.76622,84727857.0,0.0297,-23.71,615860,667663,705618,1.155
1599,ASTH,Healthcare,Medical Care Facilities,NASDAQ,99.45,72,84,93,51,36.81,1779804705.063179,49604366.0,0.1257,-28.66,353660,387196,440780,0.485
1600,BLKB,Technology,Software - Application,NASDAQ,99.44,72,72,11,10,43.31,1895490374.5342293,45390097.0,0.1258,-38.75,387470,410346,521406,0.03
1601,CZWI,Financial Services,Banks - Regional,NASDAQ,99.44,72,75,82,82,21.31,205549912.93745804,9650231.0,0.0229,-12.77,30330,48370,49828,-0.203
1602,EVT,Financial Services,Asset Management,NYSE,99.4,72,74,67,62,27.38,2070798535.1444664,74542782.0,1.44,-7.66,92759,86376,92513,-0.127
1603,ZGN,Consumer Cyclical,Apparel Manufacturing,NYSE,99.39,72,63,81,80,12.54,3366495260.8477936,268889388.0,0.091800004,-21.38,893150,1130993,1073338,0.064
1604,GSM,Basic Materials,Other Industrial Metals & Mining,NASDAQ,99.36,72,64,15,38,4.38,796025845.1889782,186860517.0,0.0402,-23.69,1088010,1176683,1490144,-0.021
1605,ISTR,Financial Services,Banks - Regional,NASDAQ,99.36,72,72,70,81,29.36,405182332.55779266,13777026.0,0.0222,-7.59,102170,91786,108590,0.662
1606,NML,Financial Services,Asset Management,NYSE ARCA,99.36,72,71,72,74,10.06,568289032.710434,56658928.0,0.0036000002,-8.38,129220,141410,145210,
1607,GOOG,Communication Services,Internet Content & Information,NASDAQ,99.35,72,60,85,86,343.83,4162458394376.448,12229934831.0,3.28,-14.99,17687350,17316276,17601648,0.242
1608,HIW,Real Estate,REIT - Office,NYSE,99.35,72,75,77,25,29.49,3272785288.785696,110306211.0,0.1757,-16.79,1254740,1148983,1204606,0.075
1609,GM,Consumer Cyclical,Auto Manufacturers,NYSE,99.32,72,74,70,82,80.23,70791419077.88623,904451541.0,0.023699999,-12.65,7477790,7286626,6653680,0.019
1610,KZIA,Healthcare,Biotechnology,NASDAQ,99.3,72,78,93,89,9.35,105927358.96081924,11426899.0,0.0495,-46.26,280440,344220,284850,3.124
1611,GRVY,Communication Services,Electronic Gaming & Multimedia,NASDAQ,99.3,72,76,54,37,68.17,475999650.0,6948900.0,0.0081,-10.3,20680,26003,35532,-0.046
1612,FNV,Basic Materials,Gold,NYSE,99.3,72,79,34,81,240.78,46150328917.54837,192855530.0,4.97,-15.71,923930,827696,821138,0.582
1613,SPNT,Financial Services,Insurance - Reinsurance,NYSE,99.28,72,71,75,74,24.5,2836749699.5826874,116165016.0,0.051999997,-7.55,1068530,924660,827652,-0.005
1614,IRM,Real Estate,REIT - Specialty,NYSE,99.26,72,68,76,77,112.33,33756521670.976624,297702812.0,0.036199998,-16.59,1588980,1645286,1675884,0.185
1615,CCBG,Financial Services,Banks - Regional,NASDAQ,99.22,72,74,68,70,49.31,849846326.4087181,17113297.0,0.044099998,-8.0,76800,72310,73322,0.021
1616,PH,Industrials,Specialty Industrial Machinery,NYSE,99.2,72,65,66,81,975.68,122650627668.79181,126112415.0,0.0116,-11.3,512410,594946,621418,0.098
1617,EXTR,Technology,Communication Equipment,NASDAQ,99.17,72,54,96,63,23.33,3055786579.3220615,132170695.0,0.0851,-30.83,1607330,1431973,1583408,0.103
1618,UNP,Industrials,Railroads,NYSE,99.17,72,73,75,64,277.06,165319328858.25018,594075498.0,0.0514,-12.32,2461840,2452366,2554932,0.115
1619,CET,Financial Services,Asset Management,NYSE ARCA,99.17,72,60,56,61,56.24,1660373159.7702599,29549265.0,0.0004,-2.0,25063,24831,26590,0.659
1620,USPH,Healthcare,Medical Care Facilities,NYSE,99.15,72,65,31,37,83.96,1249328294.776184,14922698.0,0.1038,-10.2,180760,174003,201820,0.085
1621,ENVA,Financial Services,Credit Services,NYSE,99.15,72,93,95,80,178.0,4304679346.99324,24898371.0,0.1024,-33.45,351000,374333,352826,0.311
1622,AG,Basic Materials,Silver,NYSE,99.1,72,88,69,95,17.51,8709655825.215773,492906383.0,2.46,-45.35,9412560,9308626,10110460,0.573
1623,ETD,Consumer Cyclical,"Furnishings, Fixtures & Appliances",NYSE,99.09,72,70,29,29,21.08,530804987.49938965,25204416.0,0.1527,-27.34,488530,613313,575460,-0.085
1624,RDWR,Technology,Software - Infrastructure,NASDAQ,99.07,72,61,78,38,30.68,1291932475.106392,42082490.0,0.026300002,-6.43,377710,327046,296172,0.109
1625,KINS,Financial Services,Insurance - Property & Casualty,NASDAQ,99.06,72,85,83,57,18.55,267808460.5,14476133.0,0.0241,-11.24,83800,92346,96430,0.259
1626,ENR,Industrials,Electrical Equipment & Parts,NYSE,99.05,72,59,43,27,21.2,1514173255.8690948,68483637.0,0.1122,-16.37,885930,938690,1004540,0.012
1627,ZIP,Communication Services,Internet Content & Information,NYSE,99.01,72,70,84,13,3.61,291902874.729151,82226163.0,0.045300003,-35.65,607690,867983,909506,0.052
1628,KYN,Financial Services,Asset Management,NYSE,99.01,72,71,68,70,14.06,2352543162.7734146,169126038.0,0.0015,-7.32,332136,306615,303867,0.179
1629,LYB,Basic Materials,Specialty Chemicals,NYSE,99.0,72,68,37,87,59.22,18923563819.660156,323037952.0,0.0517,-29.45,3246490,3446786,3883360,0.198
1630,SYBT,Financial Services,Banks - Regional,NASDAQ,98.99,72,67,58,55,77.61,2443080786.558426,31066643.0,0.043899998,-13.01,138380,153576,162644,0.198
1631,FBNC,Financial Services,Banks - Regional,NASDAQ,98.94,72,72,74,77,61.79,2580388713.393509,41398823.0,0.0633,-7.47,216120,221560,209842,0.16
1632,MCHPP,Technology,Semiconductors,NASDAQ,98.93,72,45,74,68,69.26,,,0.03,-21.3,154437,257229,205167,0.38
1633,AFCG,Financial Services,Asset Management,NASDAQ,98.93,72,66,34,21,3.32,78640642.5,22468755.0,0.0475,-15.74,71390,82236,89618,
1634,BRBI,Financial Services,Capital Markets,NASDAQ,98.91,71,18,17,43,13.76,294959193.67806816,26248926.0,1.45,-17.16,860,676,708,-0.066
1635,CPF,Financial Services,Banks - Regional,NYSE,98.9,71,74,78,74,36.34,937721426.295044,25747432.0,0.0327,-11.34,169950,171046,164684,0.077
1636,PSO,Communication Services,Publishing,NYSE,98.88,71,68,77,37,16.24,9689233348.637209,601069035.0,0.0067000003,-8.51,581430,629023,673792,0.033
1637,SNDA,Healthcare,Medical Care Facilities,NYSE,98.85,71,74,85,79,36.72,1811409259.6577072,48047990.0,0.1191,-17.28,421050,467110,465884,1.371
1638,TLX,Healthcare,Biotechnology,NASDAQ,98.85,71,86,57,56,10.88,3584724366.508711,339784294.0,0.0011,-17.01,467150,386450,278236,0.223
1639,REX,Basic Materials,Chemicals,NYSE,98.84,71,62,85,89,43.41,1438827471.3645935,33175640.0,0.0403,-18.65,280200,238610,209218,0.063
1640,SNPS,Technology,Software - Infrastructure,NASDAQ,98.82,71,20,35,26,488.47,93882791705.74274,191636646.0,0.0299,-9.46,2780940,2327390,2027702,0.424
1641,BCH,Financial Services,Banks - Regional,NYSE,98.82,71,77,75,79,39.42,19440738124.709084,505085406.0,0.0042,-15.72,399070,314833,307610,0.136
1642,ANGH,Communication Services,Entertainment,NASDAQ,98.8,71,60,25,35,3.73,33775475.24772072,9064808.0,0.0007,-52.72,1440,22343,29524,0.053
1643,NWSA,Communication Services,Entertainment,NASDAQ,98.8,71,68,53,32,28.95,15471404460.276558,539261212.0,0.032899998,-8.56,4504260,4319903,4130502,0.108
1644,LAUR,Consumer Defensive,Education & Training Services,NASDAQ,98.78,71,68,84,75,38.51,5319880136.06781,137749360.0,0.0414,-5.9,1178410,1044133,1003230,0.175
1645,RNR,Financial Services,Insurance - Reinsurance,NYSE,98.73,71,76,68,73,323.39,13526387677.567474,41551893.0,0.0496,-4.95,316680,290640,286690,-0.132
1646,MPLX,Energy,Oil & Gas Midstream,NYSE,98.73,71,66,66,63,57.37,57161329274.29744,1013858251.0,0.018099999,-5.87,1506140,1314400,1413182,0.106
1647,CBAN,Financial Services,Banks - Regional,NYSE,98.72,71,71,60,79,20.41,433979752.5407219,21221503.0,0.0525,-9.13,138120,142536,157954,0.253
1648,SKYA,Technology,Software - Infrastructure,NASDAQ,98.69,71,13,5,7,1.87,79575412.48354125,43247506.0,0.0185,-72.7,351250,418493,360300,16.075
1649,HLIO,Industrials,Specialty Industrial Machinery,NYSE,98.69,71,60,89,92,70.93,2369754301.9251556,33046358.0,0.0311,-25.38,444010,362373,340470,0.091
1650,OKE,Energy,Oil & Gas Midstream,NYSE,98.67,71,75,71,67,88.58,55400359028.16941,630409203.0,0.048800003,-11.29,3399110,3653520,3730570,0.528
1651,AIZ,Financial Services,Insurance - Property & Casualty,NYSE,98.65,71,80,82,56,266.41,13185229755.69806,49323767.0,0.0355,-12.35,424490,357190,384222,0.094
1652,FULT,Financial Services,Banks - Regional,NASDAQ,98.64,71,75,76,75,22.69,4367225307.748795,191461000.0,0.0617,-10.07,1806430,1663110,1632260,0.137
1653,SRBK,Financial Services,Banks - Regional,NASDAQ,98.62,71,72,73,74,18.56,135121650.5,7303873.0,0.038900003,-11.41,20820,20483,22076,0.09
1654,ZM,Technology,Software - Application,NASDAQ,98.62,71,67,65,54,93.62,27100870276.272102,291783711.0,0.0269,-18.41,2607540,3281006,3131828,0.049
1655,EWBC,Financial Services,Banks - Regional,NASDAQ,98.62,71,70,72,74,126.84,17292266220.3219,137011856.0,0.0341,-7.73,762670,817086,732842,0.163
1656,HSIC,Healthcare,Medical Distribution,NASDAQ,98.61,71,74,68,62,84.23,9459582178.86293,111446542.0,0.08229999,-8.62,1168320,1074493,1172072,0.067
1657,EMO,Financial Services,Asset Management,NYSE,98.6,71,71,66,67,50.29,1006935911.8559074,20014627.0,0.0023,-10.72,43849,42489,39741,
1658,MAR,Consumer Cyclical,Lodging,NASDAQ,98.6,71,51,75,82,355.89,93604664512.25244,260766288.0,0.030299999,-13.4,1370000,1529336,1637262,0.111
1659,RIOT,Financial Services,Capital Markets,NASDAQ,98.6,71,79,82,85,19.32,7403858615.770092,375258935.0,0.1478,-36.28,16175370,15679630,18843258,0.139
1660,CSQ,Financial Services,Asset Management,NASDAQ,98.59,71,69,68,59,20.36,3282766318.3329105,160369635.0,0.0011,-3.83,194909,176286,177681,-0.028
1661,BME,Financial Services,Asset Management,NYSE,98.55,71,75,69,60,42.85,560130625.9920616,12924103.0,0.0026,-7.71,35928,38599,42241,-0.038
1662,CSWC,Financial Services,Asset Management,NASDAQ,98.55,71,69,66,70,23.57,1499020581.015049,63733867.0,0.0646,-8.47,563940,606323,616064,0.091
1663,VZ,Communication Services,Telecom Services,NYSE,98.52,71,69,47,68,45.85,190787269668.2194,4154775202.0,0.0202,-11.28,20874790,20769236,21062876,-0.007
1664,TLPH,Healthcare,Drug Manufacturers - Specialty & Generic,NASDAQ,98.51,71,91,95,72,1.16,58653549.23249388,51905796.0,0.0167,-26.11,175210,144353,215050,
1665,WSBK,Financial Services,Banks - Regional,NASDAQ,98.5,71,69,73,80,12.92,115683190.76269913,8960743.0,0.0036000002,-3.47,6470,7816,8224,0.322
1666,FANG,Energy,Oil & Gas E&P,NASDAQ,98.5,71,72,69,82,184.08,51722457660.33569,280019792.0,0.039300002,-15.13,2278200,2890356,2454920,0.525
1667,CNOB,Financial Services,Banks - Regional,NASDAQ,98.46,71,72,77,71,30.52,1548844463.5118866,50319832.0,0.0382,-10.6,353240,365176,381608,1.342
1668,LAND,Real Estate,REIT - Specialty,NASDAQ,98.42,71,57,27,66,9.68,412385655.9808264,43136573.0,0.1022,-25.54,567440,726543,709398,0.042
1669,GLNG,Energy,Oil & Gas Midstream,NASDAQ,98.41,71,70,72,84,49.74,5024193276.527405,102097000.0,0.105,-13.93,1453590,1354960,1347906,0.724
1670,FSBW,Financial Services,Banks - Regional,NASDAQ,98.4,71,62,57,51,44.43,348529035.23602295,7862148.0,0.0248,-3.1,30860,28093,24750,0.025
1671,MYFW,Financial Services,Banks - Regional,NASDAQ,98.36,71,78,82,68,30.01,293832733.10004044,9765129.0,0.0207,-12.66,32540,42116,48286,0.277
1672,EXLS,Technology,Information Technology Services,NASDAQ,98.31,71,57,17,18,35.9,5420146839.25,151612499.0,0.075100005,-18.19,2325390,2035063,2293774,0.156
1673,EOD,Financial Services,Asset Management,NYSE,98.31,71,69,70,73,6.35,272176583.8727541,43065914.0,0.41,-5.79,145636,115855,105193,
1674,MRDN,Consumer Cyclical,Gambling,NASDAQ,98.31,71,76,91,11,11.55,151196380.73674297,12652417.0,0.056500003,-28.22,42880,61673,70970,0.161
1675,BHRB,Financial Services,Banks - Regional,NASDAQ,98.29,71,67,65,65,69.28,1410266137.7011871,20187033.0,0.0418,-7.74,124320,118796,119746,0.223
1676,MNST,Consumer Defensive,Beverages - Non-Alcoholic,NASDAQ,98.28,71,69,86,63,43.51,84121680055.81181,1959051764.0,0.030199999,-13.27,10153520,9732630,10364596,0.202
1677,V,Financial Services,Credit Services,NYSE,98.27,71,70,55,32,369.71,677086954586.0203,1877355259.0,0.0109,-4.11,5596070,6060323,6586336,0.144
1678,OPBK,Financial Services,Banks - Regional,NASDAQ,98.26,71,67,58,63,15.2,231156873.36439133,14932615.0,0.0134000005,-9.69,42620,45683,52142,0.151
1679,AOD,Financial Services,Asset Management,NYSE,98.24,71,73,70,70,10.08,1075756719.2838907,105466347.0,3.04,-7.1,400122,409520,413284,0.161
1680,BNGO,Healthcare,Medical Instruments & Supplies,NASDAQ,98.23,71,20,18,9,1.45,17429960.22462845,11777000.0,0.097200006,-34.98,561920,1821660,1150348,0.214
1681,RMBI,Financial Services,Banks - Regional,NASDAQ,98.22,71,68,63,61,15.32,247568257.43177605,16034214.0,0.0173,-7.66,72100,124083,90296,0.156
1682,AEG,Financial Services,Insurance - Diversified,NYSE,98.22,71,80,72,65,8.49,12505920575.014189,1479990634.0,0.0028,-11.65,6116170,4991323,4838564,-0.082
1683,RYZ,Industrials,Metal Fabrication,NYSE,98.21,71,55,58,48,26.97,1327048541.371788,51898653.0,0.0328,-15.72,466350,448823,498494,0.716
1684,FCCO,Financial Services,Banks - Regional,NASDAQ,98.19,71,73,67,73,32.58,307089194.5585785,9399731.0,0.0221,-8.84,93280,64556,59196,0.265
1685,SKY,Consumer Cyclical,Residential Construction,NYSE,98.15,71,65,58,43,85.76,4782079722.5750885,54280134.0,0.0639,-13.52,473950,533646,607452,0.013
1686,SBH,Consumer Cyclical,Specialty Retail,NYSE,98.15,71,75,68,70,16.04,1520426000.651558,93622292.0,0.3073,-10.49,1344980,1251690,1356806,0.002
1687,ARGX,Healthcare,Biotechnology,NASDAQ,98.15,71,80,73,72,912.87,57163622347.340515,62187771.0,0.021,-14.9,309660,255956,277670,0.593
1688,MCRI,Consumer Cyclical,Resorts & Casinos,NASDAQ,98.15,71,68,82,66,118.17,2106792398.2451935,17922521.0,0.048899997,-13.07,181100,188173,160088,0.042
1689,CMT,Basic Materials,Specialty Chemicals,NYSE ARCA,98.14,70,73,73,87,23.5,203704766.7307663,8849034.0,0.029000001,-18.09,45230,35423,31020,-0.208
1690,HWC,Financial Services,Banks - Regional,NASDAQ,98.14,70,73,71,68,73.18,5863503015.434387,80223058.0,0.104899995,-8.67,890400,801503,772584,0.076
1691,VFF,Consumer Defensive,Farm Products,NASDAQ,98.14,70,61,23,95,2.72,347293072.98408294,122286297.0,0.047,-45.49,953500,785860,937606,0.068
1692,DHR,Healthcare,Diagnostics & Research,NYSE,98.14,70,55,37,34,221.21,150481193002.96545,702986054.0,0.013300001,-8.89,4475320,3877450,4049062,0.055
1693,MSA,Industrials,Security & Protection Services,NYSE,98.13,70,67,39,51,183.13,6991543150.645767,38578289.0,0.0229,-12.34,226700,243090,267776,0.062
1694,ADAML,Real Estate,REIT - Mortgage,NASDAQ,98.11,70,64,64,62,24.47,,,0.3,-2.9,16353,14897,14584,1.298
1695,EHC,Healthcare,Medical Care Facilities,NYSE,98.1,70,65,38,45,120.97,11818675704.266235,98653384.0,0.0343,-5.48,1010060,887350,909676,0.096
1696,NWG,Financial Services,Banks - Regional,NYSE,98.1,70,81,71,77,17.5,70077665872.67508,3965912030.0,0.00029999999,-9.89,4100960,3222560,3430288,0.145
1697,NXG,Financial Services,Asset Management,NYSE,98.09,70,67,82,73,56.01,406568665.7439995,7332167.0,1.31,-14.85,48022,67770,79530,
1698,AMZN,Consumer Cyclical,Internet Retail,NASDAQ,98.07,70,64,54,64,251.4,2712973635713.5435,10786313572.0,0.0083,-12.47,36758170,34404073,39832914,0.196
1699,PERF,Technology,Software - Application,NYSE,98.07,70,69,55,31,1.92,194530958.21043384,101848671.0,0.0038,-10.7,146000,154896,219060,-0.0
1700,HCM,Healthcare,Drug Manufacturers - Specialty & Generic,NASDAQ,98.06,70,62,15,44,14.31,2468161152.4475784,173814168.0,0.0022,-12.74,60600,84176,73000,0.002
1701,FUND,Financial Services,Asset Management,NASDAQ,98.0,70,74,66,79,9.68,286274842.88339996,29665788.0,0.0023,-11.92,18185,20811,23255,-0.012
1702,FLGT,Healthcare,Diagnostics & Research,NASDAQ,98.0,70,45,63,17,22.45,591028481.0444984,27515293.0,0.1353,-27.67,275990,311070,311984,0.044
1703,BCX,Financial Services,Asset Management,NYSE,97.91,70,76,56,80,11.9,907233241.9174767,76238090.0,0.0002,-14.14,148131,156463,156676,
1704,TAK,Healthcare,Drug Manufacturers - Specialty & Generic,NYSE,97.91,70,72,48,73,17.81,57055062584.85217,3194572264.0,0.0013,-6.75,2452600,2254770,2792000,0.102
1705,ACGCU,Financial Services,Shell Companies,NASDAQ,97.9,70,43,44,41,10.9,,,0.02,-14.24,650,216,260,
1706,EME,Industrials,Engineering & Construction,NYSE,97.89,70,55,68,86,779.2,34697288579.46887,44109901.0,0.0215,-18.15,345760,367746,389904,0.198
1707,PRK,Financial Services,Banks - Regional,NYSE ARCA,97.89,70,73,64,63,181.02,3308450976.895111,18064161.0,0.0481,-15.8,93590,106650,106872,0.257
1708,POET,Technology,Semiconductors,NASDAQ,97.87,70,53,64,58,7.81,1348122498.9183578,173058088.0,0.132,-62.47,7556510,7958210,9692992,1.123
1709,RES,Energy,Oil & Gas Equipment & Services,NYSE,97.87,70,61,40,82,6.1,1298910119.914404,221657012.0,0.3305,-25.25,2262640,1915503,1721666,0.095
1710,WBI,Energy,Oil & Gas Equipment & Services,NYSE,97.86,70,81,87,68,29.23,1599822475.4536858,55453118.0,0.1099,-20.76,617110,652033,628178,1.28
1711,ACN,Technology,Information Technology Services,NYSE,97.86,70,27,10,17,195.05,121715281745.10178,611942109.0,0.045300003,-32.99,8588920,6193120,6299834,0.062
1712,AVBH,Financial Services,Banks - Regional,NASDAQ,97.85,70,66,77,74,31.34,343343587.31391907,10983480.0,0.041100003,-8.31,60025,66508,73379,0.289
1713,R,Industrials,Rental & Leasing Services,NYSE,97.84,70,71,86,79,235.94,9097411174.965637,38346868.0,0.0306,-17.0,261910,256186,279988,0.05
1714,UYSCU,Financial Services,Shell Companies,NASDAQ,97.82,70,48,44,56,11.49,,,10.29,-18.39,10,20,14,
1715,GRWG,Consumer Cyclical,Specialty Retail,NASDAQ,97.81,70,68,76,27,1.56,94342724.0018934,60090905.0,0.0255,-35.0,296540,257520,379320,0.055
1716,ALTG,Industrials,Industrial Distribution,NYSE,97.78,70,32,41,60,6.45,211681331.18307114,32666872.0,0.0366,-25.78,265750,214540,195176,-0.012
1717,RMBS,Technology,Semiconductors,NASDAQ,97.77,70,20,76,91,110.3,12144445820.309418,108461603.0,0.077800006,-36.65,2135790,2381593,2421704,0.204
1718,TBCH,Technology,Consumer Electronics,NASDAQ,97.76,70,27,52,23,13.86,250556852.79079247,17909711.0,0.2952,-20.29,368790,384720,367872,-0.007
1719,HESM,Energy,Oil & Gas Midstream,NYSE,97.74,70,61,62,63,38.41,4845245757.75,128350881.0,0.0756,-7.31,1532880,1404473,1339904,-0.037
1720,MXC,Energy,Oil & Gas E&P,NYSE ARCA,97.69,70,74,28,45,9.73,20582760.858535767,2046000.0,0.0085,-40.96,30930,71680,48764,0.129
1721,FDS,Financial Services,Financial Data & Stock Exchanges,NYSE,97.64,70,69,31,15,276.44,9460434438.0,35565543.0,0.1243,-13.74,835030,911723,890066,0.063
1722,USFD,Consumer Defensive,Food Distribution,NYSE,97.64,70,80,77,75,94.63,20966773277.046616,216330723.0,0.0554,-15.07,2371940,2373923,2345028,0.045
1723,GL,Financial Services,Insurance - Life,NYSE,97.63,70,76,82,66,165.92,12732415816.09784,76849447.0,0.0005,-13.38,503580,430746,499184,0.08
1724,WHG,Financial Services,Asset Management,NYSE,97.63,70,69,74,49,19.03,187141216.54467773,9543152.0,0.0136,-9.25,18380,19703,19936,0.096
1725,SOBO,Energy,Oil & Gas Midstream,NYSE,97.62,70,74,80,78,33.94,7054450391.483955,208588127.0,18.15,-13.02,925010,712876,626784,0.042
1726,CENT,Consumer Defensive,Packaged Foods,NASDAQ,97.59,70,64,78,61,39.7,2491811412.3378525,62592598.0,0.069699995,-15.48,73200,90753,101560,-0.082
1727,VALE,Basic Materials,Other Industrial Metals & Mining,NYSE,97.57,70,73,67,91,14.15,58559297033.2668,4255762795.0,0.0108,-21.13,36656280,32598520,28869676,0.064
1728,ASAN,Technology,Software - Application,NYSE,97.56,70,29,23,5,9.14,1973722382.3364496,228970117.0,0.2451,-40.96,6862460,7661786,6645110,0.099
1729,TCBK,Financial Services,Banks - Regional,NASDAQ,97.54,70,67,70,73,52.27,1681125076.5777206,31966630.0,0.048499998,-15.3,297730,269196,257140,0.104
1730,PLOW,Consumer Cyclical,Auto Parts,NYSE,97.54,70,63,73,90,40.69,934851094.7259445,23077046.0,0.0315,-26.02,206050,185970,248474,0.105
1731,HIPO,Financial Services,Insurance - Property & Casualty,NYSE,97.54,70,78,39,36,32.2,850793687.7336998,26389381.0,0.0382,-16.85,173670,179870,188118,0.234
1732,CZR,Consumer Cyclical,Resorts & Casinos,NASDAQ,97.53,70,65,65,54,29.65,6042080598.864052,203780124.0,0.1076,-3.98,5359500,4111803,4036812,0.03
1733,DSP,Technology,Software - Application,NASDAQ,97.5,70,78,80,30,12.14,259293391.39134407,21184101.0,0.084,-17.97,462920,451530,396520,0.339
1734,NATL,Technology,Software - Application,NYSE,97.49,70,62,68,84,45.5,3356398606.9706726,73896934.0,0.0797,-6.19,951030,792686,748380,0.001
1735,RGS,Consumer Cyclical,Personal Services,NASDAQ,97.49,70,69,60,54,29.28,72629558.94253159,2500157.0,0.0211,-7.05,6960,8443,7506,-0.073
1736,MGTX,Healthcare,Biotechnology,NASDAQ,97.49,70,95,92,90,10.92,1036303923.1762505,96042996.0,0.0583,-28.86,1207670,921293,781518,86.086
1737,MRT,Technology,Software - Application,NYSE ARCA,97.48,70,34,9,25,1.91,168071095.9772706,86634583.0,0.0011999999,-30.55,65320,53553,52262,1.407
1738,ELV,Healthcare,Healthcare Plans,NYSE,97.45,70,75,78,26,394.51,83804798146.30188,216869290.0,0.0275,-9.57,1107770,1123913,1071288,0.014
1739,TLF,Consumer Cyclical,Specialty Retail,NASDAQ,97.44,70,70,52,53,2.49,19951744.43831563,8143569.0,0.0047,-25.89,8450,19720,22642,0.015
1740,RPAY,Technology,Software - Infrastructure,NASDAQ,97.43,70,59,60,19,3.9,316672295.02592754,82898508.0,0.067,-26.42,428830,408343,446278,0.332
1741,HL,Basic Materials,Other Precious Metals & Mining,NYSE,97.42,70,91,79,95,17.01,11554417525.71864,671768431.0,0.0,-50.22,38561220,34638953,36289470,0.524
1742,JXG,Consumer Cyclical,Apparel Manufacturing,NASDAQ,97.41,70,91,95,7,7.83,92861050.59976101,12059877.0,0.0002,-50.29,36540,25160,32290,1.667
1743,BUD,Consumer Defensive,Beverages - Brewers,NYSE,97.41,70,71,73,69,74.82,144593132497.01044,1969128856.0,0.008,-13.6,2213490,2432160,2236318,0.11
1744,WSBC,Financial Services,Banks - Regional,NASDAQ,97.4,70,80,68,70,37.75,3654973488.326309,95905889.0,0.066300005,-12.25,998970,1012720,921404,0.035
1745,KE,Industrials,Electrical Equipment & Parts,NASDAQ,97.39,70,32,40,72,28.23,690729558.0153275,23991995.0,0.078600004,-11.78,179740,193466,201748,-0.023
1746,EIG,Financial Services,Insurance - Specialty,NYSE,97.39,70,73,73,34,48.79,882399678.9638901,17960506.0,0.112799995,-7.23,189920,164413,170650,-0.106
1747,TRMK,Financial Services,Banks - Regional,NASDAQ,97.38,70,65,66,74,45.54,2667181619.3317337,58070577.0,0.0806,-7.06,355680,372393,372700,0.09
1748,ELE,Basic Materials,Gold,NASDAQ,97.38,70,83,28,79,18.08,1393649926.0217915,76700601.0,9.63,-32.94,423260,415730,356790,1.616
1749,LAKE,Consumer Cyclical,Apparel Manufacturing,NASDAQ,97.37,70,63,51,22,11.77,101994927.96620941,9931346.0,0.142,-34.61,73760,66786,63960,-0.045
1750,TT,Industrials,Building Products & Equipment,NYSE,97.35,69,53,64,72,470.76,102070952847.81894,220023177.0,0.0152,-6.94,1253590,1136873,1147874,0.106
1751,MSI,Technology,Communication Equipment,NYSE,97.34,69,65,40,57,455.37,74043576295.13635,165493788.0,0.0223,-7.98,755070,875536,939332,0.133
1752,NTR,Basic Materials,Agricultural Inputs,NYSE,97.31,69,79,46,78,70.26,33433336619.376343,477210074.0,0.0159,-17.69,2549670,2642590,2703604,0.04
1753,MLSS,Healthcare,Medical Instruments & Supplies,NYSE ARCA,97.31,69,80,59,14,0.36,34432206.16793275,90611070.0,0.0011999999,-40.0,108320,93123,132886,0.223
1754,RMR,Real Estate,Real Estate Services,NASDAQ,97.3,69,72,84,62,17.44,302832399.161293,17080226.0,0.09770001,-18.69,108660,94826,117950,0.084
1755,CNS,Financial Services,Asset Management,NYSE,97.29,69,73,71,36,73.02,3753771909.0,51421533.0,0.0544,-15.64,324450,288883,265632,0.122
1756,ADP,Technology,Software - Application,NASDAQ,97.28,69,69,51,17,260.26,102106095986.40698,396251548.0,0.0296,-11.33,1969850,2136383,2272500,0.068
1757,BALY,Consumer Cyclical,Resorts & Casinos,NYSE,97.25,69,13,54,21,13.79,711115572.6810379,50469522.0,0.1095,-33.51,142680,130433,119562,0.205
1758,SII,Financial Services,Asset Management,NYSE,97.2,69,81,56,95,115.76,2992967715.356079,25732678.0,2.88,-31.76,116360,134900,167306,0.231
1759,PGNY,Healthcare,Healthcare Plans,NASDAQ,97.18,69,66,90,19,25.86,1935817078.4172592,76726798.0,0.0867,-21.79,1186240,1139616,1158902,0.053
1760,GGT,Financial Services,Asset Management,NYSE,97.17,69,58,67,61,3.99,196758839.06293392,49436894.0,0.005,-8.7,267916,378582,347099,0.415
1761,GTIM,Consumer Cyclical,Restaurants,NASDAQ,97.16,69,70,52,28,1.48,15836844.0,10557896.0,0.0023,-29.19,38010,35203,58912,-0.05
1762,FLR,Industrials,Engineering & Construction,NYSE,97.15,69,77,58,65,50.61,6673679447.372673,133741067.0,0.108,-13.26,2493000,2334410,2560744,0.088
1763,FOXF,Consumer Cyclical,Auto Parts,NASDAQ,97.15,69,70,23,25,19.23,783878152.6164455,42031001.0,0.0955,-25.09,681790,496430,550872,-0.045
1764,CR,Industrials,Specialty Industrial Machinery,NYSE,97.14,69,59,70,58,209.61,12034033942.807312,57800356.0,0.0217,-9.06,346590,391416,417134,0.256
1765,OPLN,Consumer Cyclical,Auto & Truck Dealerships,NYSE,97.12,69,70,87,73,35.32,4337142154.438934,122069865.0,0.027999999,-17.67,1213330,1152720,1294422,0.151
1766,NRGV,Utilities,Utilities - Renewable,NYSE,97.12,69,62,91,97,3.87,716447916.2049437,181839570.0,0.2001,-41.76,3461800,3881466,4523394,1.041
1767,VHI,Basic Materials,Chemicals,NYSE,97.11,69,83,30,36,14.75,421702573.49331,28321193.0,0.030199999,-23.14,10660,16733,15992,0.122
1768,HTO,Utilities,Utilities - Regulated Water,NASDAQ,97.07,69,77,71,68,58.44,2516849669.22789,41856804.0,0.16379999,-12.89,481480,453610,424910,0.062
1769,GITS,Communication Services,Internet Content & Information,NASDAQ,97.07,69,70,75,96,1.71,7607617.99949646,4203104.0,0.0044,-75.88,29500,84240,97916,3.345
1770,CVGI,Consumer Cyclical,Auto Parts,NASDAQ,96.99,69,88,97,98,3.0,120272740.27001381,40632682.0,0.0342,-48.98,223680,243526,361352,0.135
1771,AXTA,Basic Materials,Specialty Chemicals,NYSE,96.99,69,71,62,33,32.68,6891444066.684299,214019997.0,0.0432,-15.36,2106690,1938316,1838192,0.031
1772,CNNE,Consumer Cyclical,Restaurants,NYSE,96.98,69,61,35,18,15.59,674035485.9254045,43374227.0,0.1321,-17.99,511850,528650,510792,-0.073
1773,SSNC,Technology,Software - Application,NASDAQ,96.98,69,62,25,27,79.08,18427456549.435913,234654996.0,0.033800002,-12.06,1385520,1529523,1634130,0.103
1774,HITI,Healthcare,Pharmaceutical Retailers,NASDAQ,96.98,69,39,24,31,2.73,234445085.02156258,89142614.0,1.8,-28.16,713720,777873,642164,0.328
1775,PKG,Consumer Cyclical,Packaging & Containers,NYSE,96.94,69,64,63,50,229.31,20362524655.265854,89098299.0,0.0437,-11.8,540320,593516,584900,0.147
1776,FRPT,Consumer Defensive,Packaged Foods,NASDAQ,96.92,69,74,26,60,61.33,2895979458.5761185,48058074.0,0.1865,-28.69,983480,1074926,1233032,0.155
1777,OMSE,Energy,Oil & Gas Equipment & Services,NASDAQ,96.89,69,41,31,29,4.43,186349804.89248657,42448704.0,0.00090000004,-37.61,18530,31660,26996,-0.017
1778,HFWA,Financial Services,Banks - Regional,NASDAQ,96.89,69,69,71,72,27.88,1151363777.1471252,40915558.0,0.0856,-10.78,403420,402036,386560,0.531
1779,ESQ,Financial Services,Banks - Regional,NASDAQ,96.88,69,69,61,72,118.02,1037236032.1624756,8649400.0,0.0928,-12.46,142020,190193,170392,0.214
1780,GROW,Financial Services,Asset Management,NASDAQ,96.88,69,65,75,57,2.9,35172839.2698679,12298196.0,0.0013,-20.55,11200,20583,19458,0.391
1781,EPD,Energy,Oil & Gas Midstream,NYSE,96.88,69,69,67,75,36.8,78129884633.44012,2159477169.0,0.024,-8.39,3655920,2843556,3100588,0.608
1782,HTH,Financial Services,Financial Conglomerates,NYSE,96.87,69,62,64,71,38.15,2202662777.3560677,57286417.0,0.0771,-5.59,305540,322390,285488,0.052
1783,CQP,Energy,Oil & Gas Midstream,NYSE,96.86,69,72,67,70,63.26,29677578496.992096,484057704.0,0.0153,-11.21,127790,117506,124838,0.052
1784,MGYR,Financial Services,Banks - Regional,NASDAQ,96.86,69,72,40,58,18.75,124717997.58997345,6455383.0,0.0014,-6.25,2060,2833,2754,0.135
1785,AWR,Utilities,Utilities - Regulated Water,NYSE,96.86,69,74,65,49,81.76,3282622533.224167,39635626.0,0.037,-10.86,264420,230893,239754,0.112
1786,OSTX,Healthcare,Biotechnology,NYSE ARCA,96.85,69,46,62,30,1.6,75824472.82318473,46805230.0,0.048499998,-28.89,411400,629180,508422,
1787,BKHAU,Financial Services,Shell Companies,NASDAQ,96.84,69,36,64,54,12.79,,,0.1,-20.56,199,187,464,
1788,CERS,Healthcare,Medical Devices,NASDAQ,96.82,69,84,94,68,2.34,459476761.6743264,201524898.0,0.0919,-32.56,2052210,1608786,2207500,0.095
1789,ETO,Financial Services,Asset Management,NYSE,96.82,69,66,64,62,30.31,492791304.6587372,16388138.0,0.19,-6.31,20498,20092,23849,0.314
1790,DTSQU,Financial Services,Shell Companies,NASDAQ,96.82,69,40,54,49,11.89,,,,-31.27,60,26,16,
1791,EDU,Consumer Defensive,Education & Training Services,NYSE,96.81,69,78,27,59,56.31,8594839702.29927,155029580.0,0.0241,-13.33,756500,739133,821902,0.23
1792,FUSB,Financial Services,Banks - Regional,NASDAQ,96.77,69,71,73,74,15.75,90827698.5,5504709.0,0.0021,-7.3,9498,18126,18883,0.299
1793,REBN,Consumer Cyclical,Restaurants,NASDAQ,96.76,69,10,11,81,2.0,18791866.535455227,8620122.0,0.0211,-32.2,233160,213106,177982,2.446
1794,C,Financial Services,Banks - Diversified,NYSE,96.75,69,78,83,86,128.55,215550626615.5,1677436783.0,0.0002,-13.12,9118200,9379456,9352770,0.155
1795,PYPL,Financial Services,Credit Services,NASDAQ,96.74,69,64,21,20,54.41,45168333494.53515,855460874.0,0.038399998,-31.31,12208150,12826986,12208352,0.048
1796,BSBR,Financial Services,Banks - Regional,NYSE,96.74,69,60,33,74,5.78,40432648863.06626,7487527435.0,1.89,-21.04,3802170,3927493,4302460,0.288
1797,STRF,Technology,Software - Application,NASDAQ,96.69,69,59,33,47,103.4,,,6.05,-11.66,55430,62683,70106,0.069
1798,TCPC,Financial Services,Asset Management,NASDAQ,96.69,69,37,15,18,3.98,333933046.10031843,83902775.0,0.0582,-36.32,750160,737966,786372,-0.222
1799,VALU,Financial Services,Financial Data & Stock Exchanges,NASDAQ,96.69,69,67,61,33,40.6,379974969.0,9382098.0,0.0219,-1.41,1890,3833,3664,-0.064
1800,EBC,Financial Services,Banks - Regional,NASDAQ,96.68,69,72,73,75,21.24,4905000498.548096,228511552.0,0.0744,-10.66,2264610,2287540,2389704,0.276
1801,PRU,Financial Services,Insurance - Life,NYSE,96.67,69,76,67,34,113.48,38846999473.57178,345000000.0,0.05,-11.15,1494050,1580513,1722814,0.141
1802,CII,Financial Services,Asset Management,NYSE,96.67,69,66,77,71,24.06,1054580113.4920521,43704109.0,0.0089,-8.06,57910,65313,80284,0.418
1803,BWB,Financial Services,Banks - Regional,NASDAQ,96.66,69,76,73,70,20.43,577473948.8015976,27883823.0,0.033,-9.68,91300,101636,136442,0.184
1804,BWAY,Healthcare,Medical Devices,NASDAQ,96.66,69,84,91,96,12.23,503162362.5,40252989.0,0.0064999997,-29.71,118470,92723,113478,0.354
1805,WTGUU,Financial Services,Shell Companies,NASDAQ,96.66,69,48,41,60,11.35,,,73.19,-7.35,490,1840,1176,
1806,RVI,Financial Services,Asset Management,NYSE,96.65,69,55,86,71,27.01,747663594.1515827,27247215.0,1.47,-65.1,134420,143756,184224,
1807,MDB,Technology,Software - Infrastructure,NASDAQ,96.65,69,62,82,28,359.23,28791411901.635468,80431927.0,0.0367,-24.07,4761700,2916636,2347558,0.305
1808,PDM,Real Estate,REIT - Office,NYSE,96.64,68,70,74,37,8.96,1126195425.0,125132825.0,0.0512,-11.55,1561160,1833490,1471680,0.027
1809,CCEP,Consumer Defensive,Beverages - Non-Alcoholic,NASDAQ,96.64,68,67,69,60,101.47,44439240365.21735,439731263.0,0.0804,-10.73,1733270,1724463,1849328,0.044
1810,XPO,Industrials,Trucking,NYSE,96.62,68,64,81,92,182.86,21788619843.06656,117086465.0,0.0548,-21.2,1144700,1070733,1033696,0.132
1811,VIRC,Consumer Cyclical,"Furnishings, Fixtures & Appliances",NASDAQ,96.61,68,34,39,25,6.79,102622439.25805092,15763815.0,0.0174,-10.78,22430,24430,25234,-0.05
1812,LAMR,Real Estate,REIT - Specialty,NASDAQ,96.6,68,64,78,64,143.93,14635339962.231934,101549684.0,0.0764,-13.47,584240,512120,605722,0.065
1813,MTDR,Energy,Oil & Gas E&P,NYSE,96.59,68,71,48,82,53.01,6620850556.0,123754216.0,0.115100004,-20.69,1670150,1766126,2014110,0.268
1814,BSAC,Financial Services,Banks - Regional,NYSE,96.58,68,79,72,83,32.7,15070978883.000261,471115317.0,0.0047,-13.31,377280,325376,306080,0.202
1815,WNEB,Financial Services,Banks - Regional,NASDAQ,96.58,68,61,69,83,13.84,279239003.07751465,20045872.0,0.016900001,-7.79,48290,51856,54062,-0.024
1816,LXRX,Healthcare,Biotechnology,NASDAQ,96.58,68,91,92,94,1.74,809819823.2188675,444955934.0,0.12189999,-35.07,3939210,3035273,3016804,-0.976
1817,CDP,Real Estate,REIT - Office,NYSE,96.57,68,67,78,70,33.36,3807189040.449875,113410458.0,0.0892,-14.24,991640,914563,867326,0.039
1818,LGN,Industrials,Engineering & Construction,NASDAQ,96.56,68,49,94,94,53.79,4122842035.9986877,76904346.0,0.059,-49.84,1030200,927093,1091996,1.107
1819,NNVC,Healthcare,Biotechnology,NYSE ARCA,96.56,68,24,81,24,1.45,32671999.269723892,25525000.0,0.023599999,-34.98,565520,558016,455994,
1820,HASI,Financial Services,Asset Management,NYSE,96.54,68,70,71,85,36.31,4660542362.120705,128495790.0,0.1492,-17.72,1176680,1139516,1066124,8.044
1821,PBA,Energy,Oil & Gas Midstream,NYSE,96.49,68,68,74,69,46.11,26682051795.12024,581435000.0,15.99,-10.6,1073330,1077823,1003048,0.201
1822,GAIN,Financial Services,Asset Management,NASDAQ,96.47,68,73,74,67,15.54,623611997.14365,39821967.0,0.0105,-9.33,136750,157653,179168,0.204
1823,COTY,Consumer Defensive,Household & Personal Products,NYSE,96.44,68,71,17,10,2.72,2342626069.8299255,880686464.0,0.1291,-39.15,5099610,5586426,6763938,0.013
1824,RSVR,Communication Services,Entertainment,NASDAQ,96.44,68,60,74,82,9.55,627660703.540699,65930743.0,0.0298,-28.68,40060,80786,67350,0.116
1825,HCSG,Healthcare,Medical Care Facilities,NASDAQ,96.43,68,68,86,81,21.19,1432354113.3384361,68632202.0,0.0539,-17.71,764890,655786,698460,0.027
1826,CPA,Industrials,Airlines,NYSE,96.42,68,61,80,60,135.51,5407756984.64061,40819423.0,0.0499,-15.55,361940,309163,305590,0.257
1827,COLD,Real Estate,REIT - Industrial,NYSE,96.42,68,66,75,27,14.05,3988163373.7015314,285480551.0,0.09729999,-16.77,3255070,3645293,3568694,0.018
1828,HFRO,Financial Services,Asset Management,NYSE,96.41,68,77,84,57,6.73,377142241.507164,55218484.0,0.0005,-13.05,85942,92360,107258,
1829,CGO,Financial Services,Asset Management,NASDAQ,96.4,68,66,71,66,12.68,124708356.73630333,9827294.0,0.0039,-10.7,23228,22736,26333,-0.273
1830,SKWD,Financial Services,Insurance - Property & Casualty,NASDAQ,96.39,68,76,78,33,55.19,2442251005.4119606,44396493.0,0.0517,-15.98,323740,365150,425084,0.53
1831,ETV,Financial Services,Asset Management,NYSE,96.37,68,64,65,60,14.86,1744313211.8678331,116754569.0,1.28,-4.07,238810,169980,163164,-0.061
1832,CTRN,Consumer Cyclical,Apparel Retail,NASDAQ,96.34,68,94,89,84,47.86,399542904.4975014,8339447.0,0.18530001,-38.57,164900,201820,172228,0.109
1833,XYZ,Technology,Software - Infrastructure,NYSE,96.33,68,76,66,46,76.23,44657093450.0885,600795000.0,0.028800001,-12.3,4314940,4072583,4425476,0.093
1834,DUOT,Technology,Software - Application,NASDAQ,96.32,68,32,73,46,9.19,286714455.084775,31472499.0,0.2401,-39.86,497980,678593,949116,0.295
1835,ETW,Financial Services,Asset Management,NYSE,96.32,68,66,63,64,9.49,1030592964.2839394,108597786.0,0.32,-4.62,256929,269879,280181,-0.014
1836,FRBA,Financial Services,Banks - Regional,NASDAQ,96.3,68,70,56,64,17.69,440374251.94299316,24754032.0,0.0177,-8.48,95466,88752,101981,0.017
1837,CTAS,Industrials,Specialty Business Services,NASDAQ,96.28,68,59,34,29,195.4,77114773046.92078,399517000.0,0.0376,-10.85,2196270,1962796,2016102,0.109
1838,MCHB,Financial Services,Banks - Regional,NASDAQ,96.27,68,71,75,71,14.93,3299254899.63249,221426509.0,0.0988,-14.1,504550,496866,526124,0.357
1839,UBS,Financial Services,Banks - Diversified,NYSE,96.26,68,85,82,64,48.18,146075715125.68134,3061742149.0,0.0019,-13.94,2883780,2098406,1929972,0.146
1840,ETG,Financial Services,Asset Management,NYSE,96.25,68,67,64,58,23.0,1759219921.1710052,76321908.0,0.15,-6.92,86838,80296,92025,-0.035
1841,ASB,Financial Services,Banks - Regional,NYSE,96.22,68,73,70,69,29.02,5476640111.0,188849659.0,0.0,-10.6,1849580,2061946,1828658,0.235
1842,ALGM,Technology,Semiconductors,NASDAQ,96.21,68,47,92,82,38.46,7368472650.83844,186402046.0,0.10609999,-46.41,3157220,2479413,2419778,0.275
1843,EBAY,Consumer Cyclical,Internet Retail,NASDAQ,96.2,68,60,83,75,107.14,47348000679.01611,445000000.0,0.040999997,-10.2,3517700,4666903,4674212,0.148
1844,SGU,Energy,Oil & Gas Refining & Marketing,NYSE,96.19,68,56,60,56,12.9,422608465.8349457,32811216.0,0.0017,-4.66,18650,19436,21152,0.172
1845,NVCR,Healthcare,Medical Devices,NASDAQ,96.19,68,83,78,20,15.2,1739700800.737381,116445840.0,0.137,-29.14,1218180,1126870,1234650,0.156
1846,GTN,Communication Services,Broadcasting,NYSE,96.18,68,62,17,82,4.63,467549094.89145756,102984383.0,0.0,-28.11,1013980,960163,1109712,0.087
1847,NMAI,Financial Services,Asset Management,NYSE,96.16,68,71,65,67,13.46,476649719.6105232,33425646.0,0.0056,-10.62,159283,108324,101294,
1848,TARS,Healthcare,Biotechnology,NASDAQ,96.16,68,88,30,79,74.46,3415793224.0,46791688.0,0.135,-18.65,918890,823160,783884,0.694
1849,PFS,Financial Services,Banks - Regional,NYSE,96.14,68,69,72,78,22.38,2944942704.489544,130422618.0,0.066599995,-12.2,907570,848363,885250,0.038
1850,PVL,Energy,Oil & Gas E&P,NYSE,96.14,68,52,35,66,1.79,60390001.41620636,33000000.0,0.0037,-10.95,55660,60823,54100,2.732
1851,NWS,Communication Services,Entertainment,NASDAQ,96.13,68,65,49,32,32.0,17067617154.088173,539261212.0,0.0868,-10.51,953060,1204140,1168832,0.108
1852,TBN,Energy,Oil & Gas E&P,NYSE,96.13,68,88,66,87,33.9,1176404255.2447357,34960006.0,0.0119,-35.07,139030,146360,133830,
1853,UHAL,Industrials,Rental & Leasing Services,NYSE,96.13,68,76,77,29,61.1,12099136723.249802,195494213.0,0.14,-20.08,137050,144253,150896,0.032
1854,KFY,Industrials,Staffing & Employment Services,NYSE,96.11,68,80,65,34,71.71,4024560461.4562836,55958851.0,0.054,-18.06,689590,587256,481792,0.068
1855,SIRI,Communication Services,Entertainment,NASDAQ,96.1,68,78,84,66,26.31,8669360205.074533,337066891.0,0.1835,-19.44,4840850,4194350,4279188,0.01
1856,PPHC,Industrials,Consulting Services,NASDAQ,96.09,68,33,14,73,10.64,318482256.66733074,30216533.0,0.0087,-29.77,169230,250203,188310,0.073
1857,VCEL,Healthcare,Biotechnology,NASDAQ,96.07,68,67,81,34,41.07,2055945630.2350922,51206614.0,0.1379,-16.73,507280,514883,502046,0.225
1858,ADUS,Healthcare,Medical Care Facilities,NASDAQ,96.06,68,72,53,26,112.98,2077889298.311615,18674300.0,0.056799997,-9.21,210310,209686,212834,0.08
1859,VUZI,Technology,Consumer Electronics,NASDAQ,96.06,68,22,27,36,2.98,251554407.01007366,84414230.0,0.23719999,-46.98,1132690,797986,945460,-0.141
1860,CV,Healthcare,Medical Devices,NASDAQ,96.05,68,62,59,84,6.59,328307906.74962807,53210357.0,0.0505,-57.12,224800,225990,174062,0.099
1861,ADAMM,Real Estate,REIT - Mortgage,NASDAQ,96.05,68,59,57,60,25.02,,,0.15,-3.02,20793,13684,14026,1.298
1862,HRI,Industrials,Rental & Leasing Services,NYSE,96.04,68,51,75,20,135.51,4625908743.040527,33431444.0,0.0975,-28.05,642620,769160,645018,0.202
1863,ATOM,Technology,Semiconductor Equipment & Materials,NASDAQ,96.04,68,32,92,89,4.62,183803239.30864906,39024042.0,0.1717,-62.64,444140,447293,496200,
1864,HMY,Basic Materials,Gold,NYSE,96.03,68,80,28,31,17.3,10881830501.205683,626112257.0,0.0226,-33.61,3460370,4225203,3691444,0.492
1865,PATH,Technology,Software - Infrastructure,NYSE,95.98,68,77,35,17,13.16,6837558906.438497,521155409.0,0.2574,-33.67,41211990,54409070,58756258,0.134
1866,CLST,Financial Services,Banks - Regional,NASDAQ,95.96,67,72,68,72,16.75,65750790.2224617,4033791.0,0.0023,-18.29,2480,3153,2754,0.087
1867,WRBY,Healthcare,Medical Instruments & Supplies,NYSE,95.96,67,55,79,51,26.65,3341125784.494915,123608054.0,0.2027,-14.03,4124400,3083560,2928760,0.098
1868,CDNS,Technology,Software - Application,NASDAQ,95.95,67,21,80,34,353.48,96759332230.86548,275393000.0,0.0159,-15.17,2659330,2612130,2491154,0.242
1869,ARCO,Consumer Cyclical,Restaurants,NYSE,95.94,67,57,62,73,8.1,1497814363.3965526,210663057.0,0.0256,-16.92,2502020,1532153,1361764,0.143
1870,AUPH,Healthcare,Biotechnology,NASDAQ,95.94,67,63,77,88,15.72,2106199979.2890015,133051168.0,0.0712,-18.34,804660,807163,1002030,0.189
1871,WYY,Technology,Information Technology Services,NYSE ARCA,95.88,67,94,98,67,7.23,75586807.22789526,9998255.0,0.0456,-70.25,742730,315910,249774,0.019
1872,HOOD,Financial Services,Capital Markets,NASDAQ,95.88,67,83,76,29,114.11,101362533537.37305,899082273.0,0.0462,-25.84,19442860,22200276,21180984,0.323
1873,ETSY,Consumer Cyclical,Internet Retail,NYSE,95.86,67,83,86,37,70.89,6678957493.854767,91781748.0,0.1314,-19.42,3243940,3212496,3184312,0.062
1874,AFRM,Financial Services,Credit Services,NASDAQ,95.85,67,62,85,29,74.75,23879301154.41925,337421256.0,0.0553,-17.35,4069970,5343520,4363188,0.33
1875,GGN,Financial Services,Asset Management,NYSE ARCA,95.82,67,70,37,72,5.25,820179995.25,156224761.0,0.0004,-10.71,487863,491987,504942,0.143
1876,UNFI,Consumer Defensive,Food Distribution,NYSE,95.81,67,66,85,90,44.53,2749855868.7636566,60317084.0,0.0712,-21.9,656500,676163,596580,-0.007
1877,SIEB,Financial Services,Capital Markets,NASDAQ,95.81,67,75,12,11,2.24,90070061.15221596,40940936.0,0.015700001,-45.89,39820,101780,88704,1.094
1878,MICC,Consumer Defensive,Packaged Foods,NYSE,95.79,67,77,79,32,17.11,10555743568.447731,603875506.0,11.77,-17.28,775790,786893,784090,0.042
1879,AGNCL,Real Estate,REIT - Mortgage,NASDAQ,95.79,67,55,56,53,25.12,,,0.52,-2.01,15210,14806,13946,
1880,BZFD,Communication Services,Internet Content & Information,NASDAQ,95.78,67,30,91,8,1.16,97274554.88362491,87634733.0,0.042600002,-47.51,418820,362453,461990,-0.218
1881,CAPL,Energy,Oil & Gas Refining & Marketing,NYSE,95.76,67,64,66,55,21.68,831413520.1114941,38173255.0,0.0025,-11.98,29700,28753,41068,0.259
1882,FMX,Consumer Defensive,Beverages - Brewers,NYSE,95.74,67,70,77,70,116.92,39410032322.20773,340681468.0,4.79,-17.35,450920,386776,447874,0.093
1883,TOWN,Financial Services,Banks - Regional,NASDAQ,95.65,67,66,54,59,35.84,3330514905.4115295,92437275.0,5.28,-8.17,515020,519126,551270,1.178
1884,OPRA,Communication Services,Internet Content & Information,NASDAQ,95.64,67,74,79,54,17.71,1573837764.6385803,88917384.0,0.0615,-14.77,290180,321763,347678,0.246
1885,GNW,Financial Services,Insurance - Life,NYSE,95.64,67,76,59,61,9.59,3608477475.419366,377851037.0,0.0388,-10.29,4112740,4266593,3576974,0.053
1886,BKR,Energy,Oil & Gas Equipment & Services,NASDAQ,95.62,67,68,67,85,57.38,55589747976.0,992674071.0,0.028299998,-18.51,6998810,7756286,7788586,-0.024
1887,HRB,Consumer Cyclical,Personal Services,NYSE,95.62,67,83,49,13,42.0,5105510944.9019165,122493064.0,0.234,-28.41,2151680,1881576,2230476,0.03
1888,CURB,Real Estate,REIT - Retail,NYSE,95.62,67,68,79,72,27.86,3252125019.4102287,115038025.0,0.2292,-13.34,1408470,1469956,1434860,0.529
1889,FOXA,Communication Services,Entertainment,NASDAQ,95.59,67,47,26,55,63.33,26261832663.42169,421673622.0,0.26450002,-17.1,4275070,4889253,5011760,0.281
1890,REGN,Healthcare,Biotechnology,NASDAQ,95.58,67,81,39,74,726.47,75692508434.37476,102954988.0,0.025999999,-15.46,769390,721256,759214,0.167
1891,WFF,Industrials,Specialty Industrial Machinery,NASDAQ,95.56,67,20,56,4,2.29,21814013.520497322,9070276.0,0.0614,-78.62,538720,526480,3391570,-0.131
1892,AGNCM,Real Estate,REIT - Mortgage,NASDAQ,95.54,67,56,57,53,24.92,,,1.17,-2.43,23300,17993,15676,
1893,ULH,Industrials,Trucking,NASDAQ,95.53,67,56,13,52,17.63,486749656.1595535,26367805.0,0.118599996,-31.67,88080,55623,53062,-0.037
1894,CMRE,Industrials,Marine Shipping,NYSE,95.52,67,52,65,88,15.39,1866581801.3514433,120892607.0,0.0557,-14.78,333520,354380,354410,-0.04
1895,PHVS,Healthcare,Biotechnology,NASDAQ,95.51,67,81,89,85,30.49,2189678579.633251,70204506.0,0.0309,-29.5,690360,957933,807896,
1896,CTSH,Technology,Information Technology Services,NASDAQ,95.5,67,40,11,22,58.17,26355489912.53435,450444209.0,0.0801,-33.16,6865390,6448326,7678300,0.045
1897,BBDC,Financial Services,Asset Management,NYSE,95.49,67,65,53,53,8.55,903620420.9027519,104706884.0,0.0276,-10.38,514410,614916,690638,-0.124
1898,MMM,Industrials,Conglomerates,NYSE,95.48,67,60,48,38,163.19,83490301773.35802,515722417.0,0.0194,-11.74,3020690,2871090,2953502,0.025
1899,MCY,Financial Services,Insurance - Property & Casualty,NYSE,95.47,67,70,82,80,101.91,5664594697.354057,55388627.0,0.0352,-9.86,318290,302990,297308,0.138
1900,CBOE,Financial Services,Financial Data & Stock Exchanges,BATS,95.46,67,65,48,76,277.47,28327959233.77417,104431019.0,0.0298,-25.25,1331680,1138573,1094898,0.229
1901,HQL,Financial Services,Asset Management,NYSE,95.46,67,87,85,81,17.68,537614280.2397995,30408047.0,0.46,-22.01,133490,129746,146168,-0.608
1902,GCL,Communication Services,Electronic Gaming & Multimedia,NASDAQ,95.45,67,18,4,4,0.69,97030598.94933641,128008703.0,0.0062,-74.91,133890,379170,595788,0.538
1903,MO,Consumer Defensive,Tobacco,NYSE,95.44,67,58,73,65,67.88,112457250868.27296,1669743926.0,0.0234,-11.91,6966450,7843760,8930618,0.012
1904,HTGC,Financial Services,Asset Management,NYSE,95.43,67,68,43,30,16.69,3133125317.16156,187164000.0,0.0512,-12.75,1197960,1377326,1518232,0.085
1905,PAMT,Industrials,Trucking,NASDAQ,95.43,67,67,81,19,12.02,256333220.88669777,20942257.0,0.0178,-32.28,17529,19216,19867,0.089
1906,ETB,Financial Services,Asset Management,NYSE,95.39,67,59,60,61,15.39,451783120.06166935,29374715.0,0.51,-2.72,49300,51860,51394,-0.095
1907,ONB,Financial Services,Banks - Regional,NASDAQ,95.38,67,68,68,62,24.86,9548946849.746704,382570000.0,0.070300005,-9.14,5267270,4270950,3999938,0.288
1908,ENIC,Utilities,Utilities - Renewable,NYSE,95.38,67,69,67,74,4.31,5768490976.019791,1383331144.0,2.42,-9.07,493190,752936,661252,-0.113
1909,MRBK,Financial Services,Banks - Regional,NASDAQ,95.37,67,67,71,84,18.88,226294032.36897278,11929048.0,0.024400001,-12.87,65940,70926,88748,0.037
1910,B,Basic Materials,Gold,NYSE,95.37,67,74,57,87,40.0,66213929422.94391,1645884419.0,1.61,-26.86,8419480,9052886,9965700,0.438
1911,EQBK,Financial Services,Banks - Regional,NYSE,95.35,67,68,59,65,47.54,982879538.2735062,20592490.0,0.028299998,-9.05,115360,105700,101718,0.381
1912,ORBS,Consumer Cyclical,Packaging & Containers,NASDAQ,95.35,67,18,7,8,1.08,498541769.6546316,429777400.0,0.0621,-91.66,15785220,14466400,14127824,-0.727
1913,NWE,Utilities,Utilities - Regulated Electric,NASDAQ,95.34,67,63,72,78,68.76,4261341262.9886627,61517850.0,0.0429,-8.54,563090,457393,425930,0.146
1914,OVID,Healthcare,Biotechnology,NASDAQ,95.3,67,92,97,99,2.34,464808922.01006603,195297857.0,0.124,-24.64,1778510,1644106,1576360,-0.883
1915,FOX,Communication Services,Entertainment,NASDAQ,95.3,67,44,26,51,56.7,23567338476.210846,421673622.0,0.0776,-16.83,1040660,1216016,1136772,0.281
1916,APPF,Technology,Software - Application,NASDAQ,95.3,67,59,32,14,204.25,7188586909.473633,35416992.0,0.097399995,-22.93,288780,310536,358720,0.193
1917,EXPO,Industrials,Engineering & Construction,NASDAQ,95.29,67,53,29,33,68.75,3199851598.2991333,47546084.0,0.0865,-16.11,609350,522590,504958,0.12
1918,CPSS,Financial Services,Credit Services,NASDAQ,95.28,67,63,57,35,9.01,199118134.99246597,21905185.0,0.017,-14.11,28330,28706,24202,0.189
1919,CCCC,Healthcare,Biotechnology,NASDAQ,95.28,67,74,94,86,2.99,362924157.0662956,123025136.0,0.32860002,-42.17,2452180,2124220,2274354,0.028
1920,HEQ,Financial Services,Asset Management,NYSE,95.27,67,63,64,65,11.08,131214314.0,11928574.0,0.17,-7.67,22452,23660,22436,
1921,MYRG,Industrials,Engineering & Construction,NASDAQ,95.27,67,53,94,93,302.65,4745040151.451111,15569250.0,0.0555,-39.9,230890,269583,287794,0.201
1922,HQH,Financial Services,Asset Management,NYSE,95.25,67,84,79,75,19.58,1132406229.1657867,57192236.0,0.45,-21.21,204368,162172,188721,-0.421
1923,LSTR,Industrials,Integrated Freight & Logistics,NASDAQ,95.23,67,60,86,74,171.22,5887377604.005814,33936925.0,0.0623,-25.05,348510,344680,429982,0.181
1924,NTWOU,Financial Services,Shell Companies,NASDAQ,95.22,66,61,40,41,11.3,,,0.0,-9.6,451,255,596,
1925,RDNT,Healthcare,Diagnostics & Research,NASDAQ,95.22,66,71,52,30,70.57,5503334171.026649,78697757.0,0.1454,-17.79,654360,724970,746756,0.25
1926,INM,Healthcare,Drug Manufacturers - Specialty & Generic,NASDAQ,95.22,66,41,88,5,1.33,7306667.785765529,5493735.0,0.0029,-46.8,52370,69110,89730,
1927,SPFI,Financial Services,Banks - Regional,NASDAQ,95.21,66,67,55,74,42.73,810458305.7238579,18839105.0,0.0369,-8.97,115700,118640,118052,0.23
1928,AKAM,Technology,Software - Infrastructure,NASDAQ,95.2,66,44,89,62,107.99,15653612789.12703,143716609.0,0.1537,-34.73,8241890,4892913,4364252,0.054
1929,SPHR,Communication Services,Entertainment,NYSE,95.2,66,93,96,98,110.8,4605920097.75,35913607.0,0.3179,-39.0,783460,635036,724000,0.11
1930,EMBC,Healthcare,Medical Instruments & Supplies,NASDAQ,95.19,66,40,3,23,5.88,320126739.75348043,56659599.0,0.1177,-60.56,941440,1200003,1409498,-0.081
1931,BANR,Financial Services,Banks - Regional,NASDAQ,95.18,66,66,55,53,67.4,2487087258.7266846,36639472.0,0.0496,-9.94,253370,277253,301784,0.069
1932,HOFT,Consumer Cyclical,"Furnishings, Fixtures & Appliances",NASDAQ,95.18,66,67,80,87,13.01,140816235.3057499,10692197.0,0.0114,-28.08,35930,50590,46512,-0.087
1933,AESI,Energy,Oil & Gas Equipment & Services,NYSE,95.18,66,55,78,50,12.72,1503863226.59523,124905584.0,0.26770002,-36.81,4819890,3475296,3650646,0.016
1934,BKHA,Financial Services,Shell Companies,NASDAQ,95.16,66,52,56,54,12.28,51421296.11533928,4153578.0,0.11,-6.26,19470,6603,4362,
1935,ADAM,Real Estate,REIT - Mortgage,NASDAQ,95.15,66,83,85,75,7.72,701961123.5170374,89879786.0,0.0427,-25.48,1320530,1113850,1046840,1.298
1936,CP,Industrials,Railroads,NYSE,95.13,66,64,69,62,85.8,75548070656.74951,879079224.0,0.0231,-11.46,2664240,2203220,2429786,0.126
1937,BMRC,Financial Services,Banks - Regional,NASDAQ,95.13,66,63,65,67,27.42,448742597.25372314,16194248.0,0.056199998,-11.32,121640,156050,155972,2.754
1938,MSBIP,Financial Services,Banks - Regional,NASDAQ,95.1,66,57,59,59,25.32,,,0.53,-6.45,3783,6947,5528,0.18
1939,UG,Consumer Defensive,Household & Personal Products,NASDAQ,95.09,66,62,55,33,7.0,32757494.995778084,4594319.0,0.0061000003,-17.16,8970,8190,9504,0.095
1940,HLF,Consumer Defensive,Packaged Foods,NYSE,95.08,66,52,57,92,12.5,1316330496.7772484,104803380.0,0.1004,-38.73,1235080,1587086,1565752,0.054
1941,PTRN,Consumer Cyclical,Internet Retail,NASDAQ,95.06,66,87,97,32,17.41,3074326198.8355236,177399089.0,0.1274,-41.58,1674870,1585966,1665832,0.466
1942,LNC,Financial Services,Insurance - Life,NYSE,95.06,66,79,63,42,40.91,7715327494.737274,191447336.0,0.0001,-14.18,1773730,1919910,2058936,0.126
1943,RMTI,Healthcare,Drug Manufacturers - Specialty & Generic,NASDAQ,95.05,66,28,8,30,8.23,34863520.71249962,4030465.0,0.0228,-36.2,14460,20796,24666,0.106
1944,CNOBP,Financial Services,Banks - Regional,NASDAQ,95.04,66,58,57,59,25.26,,,0.45,-0.98,2404,2724,5454,1.342
1945,CAAS,Consumer Cyclical,Auto Parts,NASDAQ,95.03,66,80,42,39,4.7,139388639.78723717,30170702.0,0.0043,-16.67,19400,34543,34042,0.17
1946,NODK,Financial Services,Insurance - Property & Casualty,NASDAQ,95.03,66,62,74,36,14.96,305866793.09972954,20404723.0,0.0117,-10.42,32730,31250,27966,-0.077
1947,SSB,Financial Services,Banks - Regional,NYSE,95.03,66,68,49,57,101.13,9882675115.07135,96974534.0,0.035099998,-9.87,681630,674610,740036,-0.001
1948,GSBD,Financial Services,Asset Management,NYSE,95.02,66,65,38,52,9.05,1021001403.336647,112569067.0,0.0573,-12.77,805850,812886,895590,-0.08
1949,CBFV,Financial Services,Banks - Regional,NASDAQ,95.02,66,65,62,72,37.01,187256362.64611816,5081584.0,0.0184,-4.76,4059,4943,4875,0.15
1950,NOEMU,Financial Services,Shell Companies,NASDAQ,95.01,66,62,50,51,11.73,,,0.0,-31.0,2983,1283,794,
1951,BLCO,Healthcare,Medical Instruments & Supplies,NYSE,94.97,66,67,50,66,17.17,6111097577.056366,357165246.0,0.0694,-9.23,313380,381290,394894,0.091
1952,HXL,Industrials,Aerospace & Defense,NYSE,94.97,66,69,85,80,85.9,6534622764.261353,75623452.0,0.0664,-23.13,914680,845696,889430,0.08
1953,VMI,Industrials,Conglomerates,NYSE,94.96,66,58,85,70,476.85,9242007530.395996,19304858.0,0.026800001,-18.59,190300,181860,181730,0.065
1954,FCNCA,Financial Services,Banks - Regional,NASDAQ,94.95,66,64,54,50,2091.07,23415832154.0625,11293120.0,0.0529,-8.94,64400,64820,60166,0.085
1955,HCI,Financial Services,Insurance - Property & Casualty,NYSE,94.94,66,70,69,33,185.91,2291861244.75,12438867.0,0.0544,-11.68,164740,159800,163444,0.111
1956,MA,Financial Services,Credit Services,NYSE,94.93,66,64,37,34,564.59,483785258019.1846,876009940.0,0.0083,-6.09,3013800,2771606,2893586,0.141
1957,RANI,Healthcare,Biotechnology,NASDAQ,94.92,66,38,35,64,0.77,93609641.34914398,115424960.0,0.0633,-80.1,527250,536436,609066,
1958,CHD,Consumer Defensive,Household & Personal Products,NYSE,94.88,66,55,53,52,95.66,22370699890.0589,237203907.0,0.052399997,-9.79,1791800,1846440,1885778,0.016
1959,LPLA,Financial Services,Capital Markets,NASDAQ,94.86,66,69,33,33,331.98,24917210439.84192,78742290.0,0.0226,-17.04,1130310,778020,738858,0.364
1960,MH,Consumer Defensive,Education & Training Services,NYSE,94.85,66,34,14,29,12.59,2458318332.878521,191308814.0,0.0921,-30.06,746500,584963,621984,0.026
1961,AHR,Real Estate,REIT - Healthcare Facilities,NYSE,94.83,66,72,78,77,50.47,11063437831.25,217998775.0,0.1296,-14.02,2901830,3100693,3031708,0.247
1962,BIRD,Technology,Software - Infrastructure,NASDAQ,94.83,66,12,21,6,3.41,39737934.55762124,11809193.0,0.1415,-85.97,854040,707400,563136,-0.931
1963,STVN,Healthcare,Medical Instruments & Supplies,NYSE,94.79,66,58,58,14,20.05,5517148983.778736,273126177.0,0.0242,-28.37,265170,350296,399216,0.078
1964,CVCO,Consumer Cyclical,Residential Construction,NASDAQ,94.79,66,47,59,37,576.27,4499299829.805908,7689402.0,0.0577,-19.18,114780,104500,112056,0.095
1965,DLR,Real Estate,REIT - Specialty,NYSE,94.79,66,63,54,75,179.87,66241823838.04826,370998727.0,0.0,-13.58,1624420,1978193,2040542,0.299
1966,UGI,Utilities,Utilities - Regulated Gas,NYSE,94.79,66,61,45,61,36.78,7979212936.046673,214494967.0,0.078099996,-11.03,1803780,1971080,2144802,-0.045
1967,OIS,Energy,Oil & Gas Equipment & Services,NYSE,94.78,66,66,56,96,8.48,496455126.7564964,60322619.0,0.0434,-41.52,764020,594803,617766,-0.053
1968,KPRX,Healthcare,Biotechnology,NASDAQ,94.77,66,56,38,36,2.53,11345766.146402359,4431940.0,0.00090000004,-14.24,8410,13086,14158,
1969,FSUN,Financial Services,Banks - Regional,NASDAQ,94.76,66,66,29,53,39.45,1736918484.438881,43950366.0,0.0328,-6.83,337380,358416,340080,0.422
1970,ASA,Financial Services,Asset Management,NYSE,94.76,66,73,49,91,56.3,1040647873.8307495,18356816.0,0.00029999999,-32.33,41263,56284,52788,2.43
1971,JCAP,Financial Services,Credit Services,NASDAQ,94.76,66,76,43,57,19.67,1105441568.0,57425536.0,0.0535,-19.52,253500,251193,325816,0.115
1972,USB,Financial Services,Banks - Regional,NYSE,94.76,66,78,77,75,57.27,89603536044.32239,1558051446.0,0.01,-13.33,7898220,7647550,7152448,0.104
1973,CLFD,Technology,Communication Equipment,NASDAQ,94.75,66,22,57,25,33.16,454790807.1817589,13583955.0,0.1234,-37.11,120630,150203,183640,0.132
1974,NSC,Industrials,Railroads,NYSE,94.75,66,64,68,66,316.23,71299682473.48029,224608373.0,0.034,-11.82,807650,1054970,1142630,0.114
1975,FFA,Financial Services,Asset Management,NYSE,94.75,66,63,62,59,22.11,443935371.7603607,19988086.0,0.00090000004,-7.18,38271,23477,27008,0.055
1976,NDAQ,Financial Services,Financial Data & Stock Exchanges,NASDAQ,94.75,66,62,39,38,92.19,50492427036.27814,558977372.0,0.0197,-9.43,3355300,3164410,3096076,0.149
1977,HLT,Consumer Cyclical,Lodging,NYSE,94.75,66,49,67,76,316.12,71876726360.75073,225064910.0,0.026500002,-11.7,1528430,1603690,1853328,0.025
1978,MBINM,Financial Services,Banks - Regional,NASDAQ,94.74,66,54,56,54,25.42,,,1.32,-2.08,11315,8248,6563,0.371
1979,BPYPP,Real Estate,Real Estate Services,NASDAQ,94.72,66,65,59,70,15.3,,,2.18,-8.55,24839,14746,13373,0.053
1980,RVT,Financial Services,Asset Management,NYSE,94.7,66,67,66,75,17.22,2145775520.3565521,124248724.0,0.0067000003,-9.94,216351,191803,193634,0.15
1981,ZSTK,Financial Services,Asset Management,NASDAQ,94.69,66,9,2,9,4.82,105934511.55024338,21797224.0,0.0057,-76.43,59350,137960,615662,0.407
1982,EE,Energy,Oil & Gas Midstream,NYSE,94.67,66,86,81,69,34.13,1021128527.3699036,31380716.0,0.1236,-20.95,349130,420006,398268,0.61
1983,OPRX,Healthcare,Health Information Services,NASDAQ,94.66,65,53,13,7,8.72,161424094.32172394,18835951.0,0.0561,-60.81,208100,166720,199426,-0.298
1984,GAM,Financial Services,Asset Management,NYSE,94.65,65,64,64,68,63.95,1519535484.8785896,23832113.0,0.0001,-6.74,25313,18994,18442,0.009
1985,CMCL,Basic Materials,Gold,NYSE ARCA,94.65,65,67,13,64,24.34,464235251.2154484,19335079.0,0.137,-37.19,189370,183653,190070,0.165
1986,AGNCP,Real Estate,REIT - Mortgage,NASDAQ,94.64,65,57,57,51,24.83,,,0.25,-2.78,78802,50090,49334,
1987,EXPE,Consumer Cyclical,Travel Services,NASDAQ,94.62,65,82,75,69,260.17,31805850405.0,120022077.0,0.0675,-23.93,2681300,2120630,1927814,0.14
1988,AGNCO,Real Estate,REIT - Mortgage,NASDAQ,94.61,65,55,56,55,25.19,,,0.46,-2.14,47878,26452,25641,
1989,COGT,Healthcare,Biotechnology,NASDAQ,94.61,65,86,95,99,30.87,5382745021.073433,173524982.0,0.105,-29.41,2047720,1873696,1854822,
1990,NGNE,Healthcare,Biotechnology,NASDAQ,94.61,65,94,95,71,26.47,513291940.6662636,20011382.0,0.19450001,-39.37,338340,299943,252952,
1991,HTB,Financial Services,Banks - Regional,NYSE,94.57,65,60,69,70,46.53,770305365.0628433,16533706.0,0.0714,-11.37,170440,213916,212006,-0.01
1992,NICE,Technology,Software - Application,NASDAQ,94.56,65,35,24,20,115.83,6674219802.612213,58597188.0,0.0211,-17.55,662900,510220,568682,0.076
1993,CENTA,Consumer Defensive,Packaged Foods,NASDAQ,94.55,65,59,75,62,34.26,2145674183.03302,62592598.0,0.0421,-16.03,285710,307340,308766,-0.082
1994,SW,Consumer Cyclical,Packaging & Containers,NYSE,94.54,65,67,51,42,42.41,22313204986.535065,524522908.0,0.051999997,-19.45,4369510,4462513,4675874,0.011
1995,GPC,Consumer Cyclical,Auto Parts,NYSE,94.53,65,80,58,29,126.24,17541275313.419785,137859758.0,0.0657,-16.71,742190,967466,1055482,0.06
1996,SWIM,Industrials,Building Products & Equipment,NASDAQ,94.5,65,65,35,33,6.39,754111393.3086319,117646086.0,0.0608,-28.73,781730,830680,873618,0.144
1997,HNNA,Financial Services,Asset Management,NASDAQ,94.5,65,44,40,43,10.26,81494470.41682243,7904410.0,0.0011999999,-6.9,9280,8583,7544,0.042
1998,RGT,Financial Services,Asset Management,NYSE,94.48,65,66,60,72,14.29,93455025.21788216,6562853.0,0.0005,-9.5,11079,17013,18875,
1999,LANDP,Real Estate,REIT - Specialty,NASDAQ,94.46,65,58,61,59,20.07,,,0.19,-6.65,19787,22552,23705,0.042
2000,DTSQ,Financial Services,Shell Companies,NASDAQ,94.44,65,51,54,56,11.58,42306475.94126701,3653409.0,0.0004,-10.23,3120,1503,1458,
2001,WWW,Consumer Cyclical,Footwear & Accessories,NYSE,94.43,65,66,32,43,18.94,1575673771.4116478,82066339.0,0.120799996,-31.7,717530,716283,788730,0.068
2002,USAC,Energy,Oil & Gas Equipment & Services,NYSE,94.42,65,62,61,73,25.42,3684459840.9582996,144943345.0,0.018099999,-16.79,352710,435413,377442,0.368
2003,DD,Basic Materials,Specialty Chemicals,NYSE,94.42,65,57,69,85,130.69,17552885313.534164,135042975.0,0.041199997,-17.27,842930,1105116,1364372,0.04
2004,UYSC,Financial Services,Shell Companies,NASDAQ,94.42,65,55,52,50,11.0,84241828.0,7658348.0,0.006,-6.38,0,1803,1238,
2005,EG,Financial Services,Insurance - Reinsurance,NYSE,94.41,65,72,62,49,366.81,14120478228.934143,38342734.0,0.0582,-8.54,350090,390583,363126,-0.113
2006,FDUS,Financial Services,Asset Management,NASDAQ,94.41,65,62,65,42,19.13,765981861.4027691,39770605.0,0.043,-9.55,306870,320803,337854,0.088
2007,CAPNU,Financial Services,Shell Companies,NASDAQ,94.41,65,44,54,40,11.37,,,,-3.3,40,33,20,
2008,CART,Consumer Cyclical,Internet Retail,NASDAQ,94.4,65,76,70,33,45.67,10502002950.0,237333400.0,0.1058,-13.31,3959320,3770053,4051542,0.141
2009,CCD,Financial Services,Asset Management,NASDAQ,94.4,65,69,78,68,22.9,653098327.6460037,28619559.0,0.0026,-15.15,70874,60178,60752,
2010,FTAIM,Industrials,Aerospace & Defense,NASDAQ,94.39,65,57,56,55,27.04,,,4.01,-2.77,1596,1542,1921,0.409
2011,ACTG,Industrials,Business Equipment & Supplies,NASDAQ,94.37,65,66,61,85,4.3,423526748.5905647,97586805.0,0.058000002,-18.41,177650,176230,216512,1.236
2012,YHNAU,Financial Services,Shell Companies,NASDAQ,94.36,65,47,51,44,11.21,,,0.0,-30.89,1406,492,315,
2013,NRP,Energy,Thermal Coal,NYSE,94.35,65,59,30,64,109.8,1450920114.0,13250412.0,0.0353,-14.62,29830,29230,39198,0.131
2014,TWAV,Financial Services,Asset Management,NASDAQ,94.34,65,22,12,13,1.74,6087234.03336823,3877219.0,0.0056,-45.79,95070,58240,54902,-0.118
2015,CFG,Financial Services,Banks - Regional,NYSE,94.28,65,78,79,84,64.31,27094303543.237732,421176788.0,0.0002,-14.63,4502400,3745900,3566150,0.147
2016,BDJ,Financial Services,Asset Management,NYSE,94.28,65,67,64,59,9.34,1665049496.4903831,176944689.0,0.0008,-6.13,518680,454720,450850,-0.198
2017,XPEL,Consumer Cyclical,Auto Parts,NASDAQ,94.28,65,76,52,75,44.99,1239856571.2156982,27570748.0,0.1481,-19.53,199940,190726,207636,0.147
2018,AGNCN,Real Estate,REIT - Mortgage,NASDAQ,94.28,65,55,55,55,25.34,,,2.13,-2.5,29210,20480,19892,
2019,AGCO,Industrials,Farm & Heavy Construction Machinery,NYSE,94.27,65,72,39,72,116.19,8026336503.433975,70031729.0,0.060599998,-19.19,929730,1185833,1084770,-0.01
2020,DRK,Technology,Software - Infrastructure,NASDAQ,94.26,65,13,20,3,2.69,27903470.548784256,10569496.0,0.033299997,-78.65,195900,441963,482192,-0.188
2021,XFLT,Financial Services,Asset Management,NYSE,94.25,65,57,28,19,19.3,294108361.9058304,15230884.0,0.0017,-27.03,83136,74222,76175,
2022,NSRX,Healthcare,Drug Manufacturers - General,NYSE ARCA,94.23,65,26,18,3,3.85,45918128.25369263,11713808.0,0.0123000005,-59.47,32540,17453,17044,
2023,ECCC,Financial Services,Asset Management,NYSE,94.23,65,59,58,55,24.72,,,0.74,-3.06,1703,1784,2722,-0.218
2024,VIK,Consumer Cyclical,Travel Services,NYSE,94.23,65,69,89,85,81.03,35981166179.01489,446638124.0,0.037,-26.4,5514900,4440473,3904628,0.165
2025,MGRC,Industrials,Rental & Leasing Services,NASDAQ,94.18,65,48,49,51,116.57,2871480882.6470337,24425663.0,0.024300002,-7.36,165960,146253,156520,-0.062
2026,VATE,Industrials,Engineering & Construction,NYSE,94.16,65,50,93,94,7.44,102313995.0,13641866.0,0.1012,-65.07,63390,99626,464362,0.742
2027,UMH,Real Estate,REIT - Residential,NYSE,94.15,65,60,41,42,15.37,1312411051.95467,85166195.0,0.0,-8.35,582380,699086,686692,0.077
2028,TEL,Technology,Electronic Components,NYSE,94.13,65,38,32,78,218.93,63797135098.78485,289513228.0,0.033099998,-13.32,1505460,1894313,2024196,0.138
2029,WLKP,Basic Materials,Chemicals,NYSE,94.13,65,55,56,63,21.42,749679883.7342834,35245880.0,0.0064,-10.3,21070,21896,29640,-0.0
2030,UNH,Healthcare,Healthcare Plans,NYSE,94.1,65,72,84,28,378.58,333815518120.8158,897594847.0,0.0164,-17.99,4290370,4758086,4597510,0.004
2031,ESTA,Healthcare,Medical Devices,NASDAQ,94.09,65,75,93,87,66.47,1909109064.701477,29801891.0,0.1839,-31.89,374600,340643,427112,0.317
2032,AMCR,Consumer Cyclical,Packaging & Containers,NYSE,94.09,65,70,53,35,41.8,19337046865.349274,461945690.0,0.050100002,-17.94,2953090,3294100,3594932,0.259
2033,CLPR,Real Estate,REIT - Residential,NYSE,94.08,65,40,25,33,3.14,50734758.93499613,16157566.0,0.0112,-27.31,57760,54660,62362,-0.012
2034,CNR,Energy,Thermal Coal,NYSE,94.07,65,69,31,46,91.01,4415641377.276649,49636257.0,0.066599995,-20.72,488930,496096,537796,0.035
2035,OTTR,Industrials,Conglomerates,NASDAQ,94.06,65,56,58,63,88.42,3731258609.9168396,41985580.0,0.16219999,-7.01,231730,246486,240672,0.004
2036,ULTA,Consumer Cyclical,Specialty Retail,NASDAQ,94.05,65,61,25,50,542.72,23372858602.544373,42989311.0,0.0572,-24.09,371940,604570,590728,0.089
2037,RCG,Financial Services,Asset Management,NYSE ARCA,94.04,65,56,61,67,2.98,20977200.20690775,7015786.0,0.002,-9.97,10651,6840,5870,-0.471
2038,BHV,Financial Services,Asset Management,NYSE,94.04,65,68,77,52,11.6,18393173.938817978,1588357.0,0.0049,-23.43,7243,6357,5110,-0.02
2039,RNGR,Energy,Oil & Gas Equipment & Services,NYSE,94.03,65,63,65,79,15.99,366475676.6091347,23402023.0,0.019199999,-15.01,152090,171480,198626,0.255
2040,AES,Utilities,Utilities - Diversified,NYSE,94.03,65,59,60,66,14.9,10637369864.437904,713438630.0,0.025999999,-15.58,9427330,8255080,7664036,0.199
2041,ARTNA,Utilities,Utilities - Regulated Water,NASDAQ,94.01,64,67,54,45,33.44,347197796.98944473,10327121.0,0.0066000004,-9.57,34860,31833,31230,0.074
2042,TACT,Technology,Computer Hardware,NASDAQ,94.01,64,74,85,26,4.53,49660704.91922903,10324471.0,0.0062,-24.75,17750,17140,18152,0.011
2043,LYG,Financial Services,Banks - Regional,NYSE,94.01,64,79,77,79,5.46,79074032730.0,14377096860.0,0.00059999997,-13.88,17800350,14552286,14254950,0.123
2044,TREX,Industrials,Building Products & Equipment,NYSE,93.98,64,60,54,25,44.21,4437247816.29055,101865190.0,0.100200005,-18.58,1620840,1543143,1763734,0.078
2045,TRNO,Real Estate,REIT - Industrial,NYSE,93.97,64,58,69,68,64.43,7032943907.165298,108970310.0,0.1035,-18.38,831650,754586,712098,0.111
2046,JPM,Financial Services,Banks - Diversified,NYSE,93.96,64,74,62,60,332.38,883527940473.5248,2658186195.0,0.0091,-9.31,8395080,7362350,6903636,0.304
2047,DSGX,Technology,Software - Application,NASDAQ,93.96,64,32,29,17,80.67,6850728280.884079,85548553.0,2.51,-17.98,498250,711080,614298,0.118
2048,CHW,Financial Services,Asset Management,NASDAQ,93.96,64,68,75,69,8.02,510915096.0,63864387.0,0.001,-12.64,234968,166286,178715,-0.236
2049,WIX,Technology,Software - Infrastructure,NASDAQ,93.95,64,53,8,9,74.06,3039111603.763115,41849511.0,0.189,-51.75,1108350,1272730,1538908,0.149
2050,ARLP,Energy,Thermal Coal,NASDAQ,93.94,64,65,40,56,24.79,3156000476.8729877,128658801.0,0.0154,-15.82,301420,246880,313692,0.007
2051,ALLE,Industrials,Security & Protection Services,NYSE,93.92,64,60,27,36,153.67,13113523339.985687,85036786.0,0.0354,-16.08,922960,1272666,1228966,0.127
2052,NEWTP,Financial Services,Banks - Regional,NASDAQ,93.92,64,59,61,53,24.0,,,1.94,-14.22,5260,3210,2928,0.147
2053,MED,Consumer Cyclical,Personal Services,NYSE,93.9,64,58,30,27,11.67,131149641.07188034,11180703.0,0.1725,-17.53,111210,116226,144332,-0.276
2054,OCCIN,Financial Services,Asset Management,NASDAQ,93.9,64,53,53,52,25.0,,,0.0,-3.85,2878,3559,3061,-0.102
2055,BWMX,Consumer Cyclical,Specialty Retail,NYSE,93.9,64,48,84,89,16.32,651503374.5,39485053.0,0.0076,-17.53,43540,68186,81506,0.168
2056,API,Technology,Software - Application,NASDAQ,93.87,64,51,59,40,4.15,344963120.42936325,84549786.0,0.0091,-24.48,115830,129000,194774,0.18
2057,ESE,Technology,Scientific & Technical Instruments,NYSE,93.86,64,64,86,91,271.92,7123285862.90448,25907567.0,0.0359,-24.92,235780,236073,222256,0.144
2058,WRLD,Financial Services,Credit Services,NASDAQ,93.85,64,74,78,34,176.28,812962455.0979614,4660413.0,1.9944999,-22.58,60280,64416,82448,0.048
2059,SLG,Real Estate,REIT - Office,NYSE,93.85,64,75,55,22,48.01,3458184057.9675407,70849907.0,0.23799999,-20.1,845330,820910,837872,0.273
2060,YAAS,Technology,Software - Application,NASDAQ,93.84,64,77,10,3,1.19,18228978.3954674,15714637.0,0.01,-76.1,21020,1032913,680356,4.443
2061,SID,Basic Materials,Steel,NYSE,93.83,64,26,13,24,1.24,1538268934.2568393,1326093947.0,0.0054,-43.64,10637840,8261393,6716480,0.057
2062,AUBN,Financial Services,Banks - Regional,NASDAQ,93.82,64,60,65,46,26.36,94006196.5650177,3484292.0,0.0018000001,-8.73,3760,2313,1898,0.124
2063,EGP,Real Estate,REIT - Industrial,NYSE,93.82,64,60,71,68,195.84,10527739936.618744,53773317.0,0.073,-13.62,591000,498473,498010,0.091
2064,REXR,Real Estate,REIT - Industrial,NYSE,93.79,64,45,33,35,36.69,8181433963.332413,222988124.0,0.0655,-17.33,2771460,2669556,2628248,-0.016
2065,CMC,Industrials,Metal Fabrication,NYSE,93.78,64,55,44,68,65.51,7033495421.859207,110624335.0,0.0739,-22.81,1086470,1084076,1095646,0.229
2066,GRDX,Healthcare,Biotechnology,NASDAQ,93.77,64,42,96,32,3.83,27169578.22195387,7131123.0,0.007900001,-44.73,91710,105583,111566,
2067,BPYPO,Real Estate,Real Estate Services,NASDAQ,93.75,64,59,57,63,14.81,,,1.07,-8.91,23701,48570,33810,0.053
2068,DMAAU,Financial Services,Shell Companies,NASDAQ,93.74,64,36,46,46,10.99,,,0.02,-12.08,10,3,30,
2069,AAT,Real Estate,REIT - Diversified,NYSE,93.7,64,59,83,61,21.35,1323260743.3023033,61404213.0,0.0715,-17.79,477960,497293,457798,0.014
2070,LGL,Technology,Scientific & Technical Instruments,NYSE ARCA,93.69,64,67,52,57,6.9,91193067.51057673,12613149.0,0.0022,-12.44,13950,20653,16334,0.248
2071,SRI,Consumer Cyclical,Auto Parts,NYSE,93.69,64,55,66,64,6.53,191673707.29566288,28522874.0,0.040700004,-32.75,179610,148360,147732,0.151
2072,MAT,Consumer Cyclical,Leisure,NASDAQ,93.68,64,25,17,21,16.05,4362639130.783081,285700000.0,0.1433,-28.6,10837620,6169793,5207082,0.105
2073,CLDX,Healthcare,Biotechnology,NASDAQ,93.68,64,90,87,86,32.59,2485459657.843361,78529532.0,0.1353,-27.8,3290620,1594713,1343404,-0.97
2074,KMI,Energy,Oil & Gas Midstream,NYSE,93.67,64,58,64,71,31.41,69186740225.66394,2226802089.0,0.0239,-9.77,10729250,12292723,11561878,0.108
2075,LYV,Communication Services,Entertainment,NYSE,93.67,64,63,72,67,170.67,39316576654.160385,232959505.0,0.147,-9.82,2011080,1967020,2034758,0.094
2076,GRPN,Communication Services,Internet Content & Information,NASDAQ,93.66,64,68,91,13,19.71,785246844.0423889,40665296.0,0.525,-34.08,976370,1073733,1253420,-0.008
2077,ALZN,Healthcare,Biotechnology,NASDAQ,93.66,64,49,21,4,1.41,6611240.53301084,4825723.0,0.026199998,-47.39,87820,110473,98222,
2078,VINP,Financial Services,Asset Management,NASDAQ,93.65,64,31,34,47,10.72,619132103.2036953,65516626.0,0.0105,-21.23,57000,52710,46194,0.161
2079,SCHL,Communication Services,Publishing,NASDAQ,93.65,64,59,89,91,37.41,666421886.8452911,18409444.0,0.1848,-22.18,621870,449153,413640,-0.039
2080,CCXIU,Financial Services,Shell Companies,NASDAQ,93.64,64,92,92,42,12.5,,,0.42,-42.86,5720,3736,8284,
2081,GFS,Technology,Semiconductors,NASDAQ,93.63,64,31,93,79,48.56,27965690291.846054,557418603.0,0.1504,-47.53,3560270,3896596,4153518,0.058
2082,LVWR,Consumer Cyclical,Recreational Vehicles,NYSE,93.63,64,14,2,10,1.47,322497568.26431215,205412457.0,0.1272,-77.17,219850,463060,3027214,0.552
2083,BSAA,Financial Services,Shell Companies,NASDAQ,93.63,64,56,72,45,11.25,83614351.41134262,7399500.0,0.0007,-34.59,820,3070,8066,
2084,ADACU,Financial Services,Shell Companies,NASDAQ,93.62,64,47,48,40,10.52,,,,-3.04,50,20,12,
2085,VVX,Industrials,Aerospace & Defense,NYSE,93.62,64,58,79,75,70.87,2218937921.5175323,31345358.0,0.0871,-24.59,478860,644300,664554,0.165
2086,LIEN,Financial Services,Asset Management,NASDAQ,93.61,64,61,55,36,9.57,216795605.0,22820590.0,0.010299999,-15.08,83890,53823,56610,0.068
2087,STHO,Real Estate,Real Estate Services,NASDAQ,93.61,64,72,63,58,8.77,102512772.5461998,12088771.0,0.0095,-11.77,75790,36443,28282,-0.599
2088,STRW,Real Estate,REIT - Healthcare Facilities,NYSE ARCA,93.6,64,61,68,68,12.97,191124036.0,14157336.0,0.013300001,-12.07,52240,44493,47254,0.058
2089,PONOU,Financial Services,Shell Companies,NASDAQ,93.59,64,52,50,42,10.47,,,165.9,-19.46,0,0,4,
2090,RSF,Financial Services,Asset Management,NYSE,93.59,64,56,56,55,14.31,49575951.82373142,3464427.0,1.35,-5.04,10428,8616,8459,
2091,AVY,Consumer Cyclical,Packaging & Containers,NYSE,93.59,64,59,32,38,170.0,12874131311.480713,75788142.0,0.0327,-14.8,684760,1037576,966904,0.109
2092,DLO,Technology,Software - Infrastructure,NASDAQ,93.59,64,82,71,65,14.52,4044729199.4085703,294269133.0,0.1391,-13.47,1730640,1750426,2074406,0.558
2093,LANDO,Real Estate,REIT - Specialty,NASDAQ,93.57,64,59,58,64,19.96,,,0.43,-9.62,18976,17008,15957,0.042
2094,VLYPO,Financial Services,Banks - Regional,NASDAQ,93.57,64,52,52,54,24.8,,,1.07,-3.28,4010,4506,5780,0.15
2095,SPG,Real Estate,REIT - Retail,NYSE,93.56,64,63,76,75,201.4,65019283551.82472,323559515.0,0.0,-15.56,1090870,1230503,1271032,0.195
2096,VLYPP,Financial Services,Banks - Regional,NASDAQ,93.54,64,53,52,57,25.02,,,2.15,-2.83,4450,4800,5164,0.15
2097,ELLO,Utilities,Utilities - Renewable,NYSE ARCA,93.54,64,57,23,76,21.8,286829008.938961,13783230.0,0.00029999999,-28.15,2070,2280,3038,0.101
2098,UNTY,Financial Services,Banks - Regional,NASDAQ,93.54,64,68,57,65,54.67,555756268.0523758,10042578.0,0.0223,-12.53,48260,54796,55920,-0.057
2099,BG,Consumer Defensive,Farm Products,NYSE,93.52,63,66,74,86,107.32,20502953041.080414,192119123.0,0.0505,-20.43,1821420,1942750,1736260,0.883
2100,MCB,Financial Services,Banks - Regional,NYSE,93.52,63,65,74,80,88.54,1106501686.5,12397778.0,0.053000003,-13.23,126430,119633,122606,0.14
2101,UCB,Financial Services,Banks - Regional,NYSE,93.51,63,65,62,68,33.81,4085144212.068039,119763827.0,0.0575,-9.06,900960,804753,822550,0.244
2102,RNST,Financial Services,Banks - Regional,NYSE,93.49,63,60,66,71,39.64,3648866075.433426,91404465.0,0.061,-11.0,774470,692580,644366,0.453
2103,TY,Financial Services,Asset Management,NYSE,93.49,63,60,64,56,34.2,1832392566.741848,53422525.0,0.1,-6.43,36688,33909,30869,0.027
2104,LFMDP,Healthcare,Health Information Services,NASDAQ,93.49,63,54,54,61,22.86,,,1.8,-5.54,1741,1323,1670,-0.035
2105,QSEAU,Financial Services,Shell Companies,NASDAQ,93.49,63,53,42,57,10.98,,,0.0,-4.85,0,6,4,
2106,TTEK,Industrials,Engineering & Construction,NASDAQ,93.49,63,67,32,31,33.33,8480191181.875046,256044428.0,0.048699997,-22.74,2214870,2186326,2615316,-0.039
2107,SQM,Basic Materials,Specialty Chemicals,NYSE,93.48,63,77,80,94,65.83,18429350413.292847,285637808.0,2.42,-32.83,834060,979296,976768,1.367
2108,ARCC,Financial Services,Asset Management,NASDAQ,93.46,63,57,41,35,18.82,13541911294.946365,718022845.0,0.0586,-10.97,4962290,4544963,4481496,0.031
2109,CRAQU,Financial Services,Shell Companies,NASDAQ,93.46,63,41,48,44,10.74,,,11.79,-6.61,60,106,70,
2110,CUZ,Real Estate,REIT - Office,NYSE,93.46,63,65,75,29,27.33,4610503682.254421,164602058.0,0.1,-17.06,1649170,1419216,1546322,0.116
2111,DERM,Healthcare,Drug Manufacturers - Specialty & Generic,NASDAQ,93.45,63,68,62,18,6.69,186563254.71836329,28224395.0,0.1847,-29.98,187760,157056,187874,0.233
2112,PEN,Healthcare,Medical Devices,NYSE,93.42,63,52,61,75,317.11,12508110475.272095,39389422.0,0.052699998,-12.5,363300,359576,325052,0.149
2113,SRV,Financial Services,Asset Management,NYSE,93.39,63,66,80,74,43.34,264150462.0909691,6234375.0,2.22,-15.91,49145,48415,53471,
2114,SBCF,Financial Services,Banks - Regional,NASDAQ,93.37,63,67,54,67,32.49,3164169100.8679733,96822799.0,0.0631,-10.42,845200,809393,878398,0.383
2115,EXG,Financial Services,Asset Management,NYSE,93.35,63,67,64,61,9.34,2881917388.2610664,305936026.0,0.99,-8.07,533953,420581,429150,
2116,BEAGU,Financial Services,Shell Companies,NASDAQ,93.35,63,51,46,45,11.22,,,0.0,-11.93,0,50,90,
2117,CEV,Financial Services,Asset Management,NYSE ARCA,93.34,63,54,59,58,10.27,73008509.30492878,7033575.0,0.91,-5.26,53412,31850,29152,0.037
2118,HTLD,Industrials,Trucking,NASDAQ,93.31,63,66,89,74,11.67,920258041.39995,77332611.0,0.0776,-29.87,693650,707443,759304,-0.125
2119,BKH,Utilities,Utilities - Regulated Gas,NYSE,93.31,63,60,68,77,70.48,5410922815.548164,76253141.0,0.189,-10.43,1126970,964943,898254,0.031
2120,GAME,Communication Services,Electronic Gaming & Multimedia,NASDAQ,93.3,63,22,9,13,3.06,39723766.17601204,12897327.0,0.0881,-55.52,87900,170586,176616,1.372
2121,MUSA,Consumer Cyclical,Specialty Retail,NYSE,93.3,63,67,84,67,511.68,9466246670.931152,18380347.0,0.047,-19.55,211050,263603,276488,0.408
2122,BHC,Healthcare,Drug Manufacturers - Specialty & Generic,NYSE,93.27,63,64,17,32,5.89,2169145325.1330385,373990561.0,0.028800001,-26.38,1745780,2287143,3633712,0.127
2123,BRZE,Technology,Software - Application,NASDAQ,93.26,63,83,55,18,26.61,2887316143.005804,113584427.0,0.0804,-28.71,1971210,2716796,2548630,0.262
2124,BLK,Financial Services,Asset Management,NYSE,93.26,63,63,37,48,1066.45,164104113670.36755,154869259.0,0.0134000005,-12.58,509740,565533,581904,0.306
2125,FHI,Financial Services,Asset Management,NYSE,93.25,63,71,69,78,56.5,4186201932.8854904,74660281.0,0.062,-15.92,586040,646543,614772,0.183
2126,EURKU,Financial Services,Shell Companies,NASDAQ,93.24,63,55,62,45,11.72,,,0.54,-15.07,440,146,106,
2127,HUBB,Industrials,Electrical Equipment & Parts,NYSE,93.24,63,39,54,80,480.65,25122943581.48404,52832571.0,0.0621,-15.0,451026,472050,532664,0.153
2128,AOSL,Technology,Semiconductors,NASDAQ,93.24,63,26,89,80,29.0,916425340.1037197,30305071.0,0.1359,-46.63,485170,564053,579476,-0.035
2129,LKSPU,Financial Services,Shell Companies,NASDAQ,93.24,63,50,49,45,10.6,,,0.97,-0.0,840,280,220,
2130,WYHG,Consumer Defensive,Packaged Foods,NASDAQ,93.23,63,80,93,9,3.31,131294504.57597065,35581166.0,0.0042,-87.35,31180,795113,2240558,-0.075
2131,DRI,Consumer Cyclical,Restaurants,NYSE,93.23,63,66,55,44,199.72,22745820187.381165,113541756.0,0.0723,-13.07,1477670,1210013,1187768,0.051
2132,ASO,Consumer Cyclical,Specialty Retail,NASDAQ,93.23,63,23,24,72,51.98,3000739330.2414207,61578891.0,0.20459999,-16.76,1322830,2125313,1783592,0.03
2133,MACIU,Financial Services,Shell Companies,NASDAQ,93.22,63,30,51,39,11.25,,,5.55,-43.75,0,0,82,
2134,DEA,Real Estate,REIT - Office,NYSE,93.21,63,62,67,62,22.95,1107325819.7482357,47321617.0,0.0629,-11.59,643930,443880,416464,0.092
2135,SPMA,Financial Services,Asset Management,NYSE,93.2,63,53,53,53,24.95,,,0.01,-1.93,6598,4532,5425,-0.353
2136,FGC,Financial Services,Asset Management,NASDAQ,93.2,63,29,5,2,6.88,35364075.011577606,5095688.0,0.0625,-78.36,93564,103954,106694,0.169
2137,BCPC,Basic Materials,Specialty Chemicals,NASDAQ,93.17,63,58,40,65,166.04,5309603099.9328,31878021.0,0.026700001,-9.71,204490,211013,200940,0.112
2138,BLLN,Healthcare,Diagnostics & Research,NASDAQ,93.17,63,57,86,22,109.06,4997107396.201706,47187038.0,0.1004,-27.51,620880,618293,706392,0.644
2139,DMAA,Financial Services,Shell Companies,NASDAQ,93.15,63,50,49,48,10.89,264375590.90481663,24276913.0,0.0047,-0.0,460,29623,20698,
2140,ACRV,Healthcare,Biotechnology,NASDAQ,93.14,63,87,74,49,1.98,85278190.7886815,42853362.0,0.0419,-44.38,296700,286636,343168,
2141,CAPN,Financial Services,Shell Companies,NASDAQ,93.14,63,52,51,53,11.25,59491035.0,5288092.0,0.00090000004,-4.21,3370,1613,1708,
2142,BMHL,Financial Services,Capital Markets,NASDAQ,93.13,63,92,93,32,4.47,114789624.90536213,25520147.0,0.0019,-29.61,4600,2530,1908,-0.315
2143,INKT,Healthcare,Biotechnology,NASDAQ,93.13,63,35,45,57,12.2,63481342.738695145,5103002.0,0.0224,-27.93,24410,17096,13768,
2144,BCML,Financial Services,Banks - Regional,NASDAQ,93.12,63,51,72,54,31.01,340598455.06197166,10920117.0,0.0201,-11.35,64260,55686,57244,-0.184
2145,CLSK,Financial Services,Capital Markets,NASDAQ,93.12,63,45,56,35,12.48,3271849451.239237,256817073.0,0.42810002,-47.14,15863660,16990956,18931120,-0.305
2146,FIBK,Financial Services,Banks - Regional,NASDAQ,93.1,63,67,73,66,35.62,3430965852.0,95304607.0,0.1611,-12.27,1318530,1189746,1156594,0.074
2147,VTMX,Real Estate,Real Estate - Diversified,NYSE,93.09,63,62,66,81,32.59,3012845922.797333,92788599.0,3.51,-12.88,52230,58863,59158,0.168
2148,GDV,Financial Services,Asset Management,NYSE,93.08,63,64,62,65,28.37,2459566727.5582123,86696040.0,0.0001,-8.48,86412,94067,88522,0.07
2149,HOMB,Financial Services,Banks - Regional,NYSE,93.08,63,62,48,51,28.57,5735422907.362576,200049630.0,0.0695,-9.87,1515710,1505096,1459268,0.086
2150,CL,Consumer Defensive,Household & Personal Products,NYSE,93.08,63,55,65,44,86.19,67169784274.484886,797172829.0,0.025799999,-13.23,5341220,5097173,4889194,0.049
2151,TDC,Technology,Software - Infrastructure,NYSE,93.08,63,36,85,56,29.91,2803019943.2373047,93000000.0,0.2328,-28.41,1358140,1663226,2288410,0.005
2152,CME,Financial Services,Financial Data & Stock Exchanges,NASDAQ,93.07,63,57,26,65,270.03,94619692533.09436,359579263.0,0.018,-17.96,1666410,1838873,1889454,0.008
2153,GRX,Financial Services,Asset Management,NYSE,93.07,63,64,57,47,9.39,136429597.2045126,14544733.0,0.0005,-7.94,19229,20759,21877,
2154,ZWS,Industrials,Pollution & Treatment Controls,NYSE,93.07,63,47,55,77,47.99,7906741200.283768,165864097.0,0.0399,-12.75,807210,879266,887174,0.105
2155,BOE,Financial Services,Asset Management,NYSE,93.05,63,66,63,58,11.67,649965437.9192591,55600125.0,0.0016,-7.23,164813,124487,113646,0.013
2156,VOR,Healthcare,Biotechnology,NASDAQ,93.05,63,96,39,27,18.58,1105743306.4560738,59162294.0,0.15720001,-51.5,1375630,1123083,997304,
2157,PLAB,Technology,Semiconductor Equipment & Materials,NASDAQ,93.04,63,56,42,95,31.07,1857820775.32662,58997167.0,0.1042,-44.52,837350,1372016,1171570,0.027
2158,AUB,Financial Services,Banks - Regional,NYSE,93.02,62,69,71,74,38.36,5544074219.136353,142814896.0,0.0773,-12.06,1220400,1222493,1066734,0.358
2159,ARDT,Healthcare,Medical Care Facilities,NYSE,92.99,62,68,31,26,10.55,1458414699.9018974,141045907.0,0.14770001,-31.85,381270,411810,422686,-0.014
2160,AMP,Financial Services,Asset Management,NYSE,92.99,62,77,55,34,494.94,43363660862.77591,88333219.0,0.041300002,-13.56,718770,585186,527884,0.116
2161,MNSBP,Financial Services,Banks - Regional,NASDAQ,92.99,62,59,56,57,24.82,,,3.08,-10.53,1300,1116,1044,-0.088
2162,NU,Financial Services,Banks - Regional,NYSE,92.99,62,65,30,60,15.18,64876150164.579185,4830688659.0,0.035,-20.02,95633030,77397393,72781882,0.521
2163,EICA,Financial Services,Asset Management,NYSE,92.99,62,51,51,53,25.0,,,0.32,-3.55,3530,3056,3064,-0.204
2164,YHNA,Financial Services,Shell Companies,NASDAQ,92.98,62,51,47,49,11.09,48044053.5734911,4285821.0,0.0,-7.58,1270,23096,14784,
2165,PINE,Real Estate,REIT - Retail,NYSE,92.98,62,66,82,81,17.55,317098001.23345184,17935407.0,0.020399999,-20.19,182810,153706,145050,0.346
2166,SJ,Communication Services,Internet Content & Information,NASDAQ,92.98,62,77,76,94,0.88,35074245.31511307,42462768.0,0.00059999997,-46.01,17810,40030,33584,-0.08
2167,WMB,Energy,Oil & Gas Midstream,NYSE,92.98,62,66,71,74,70.81,86282234594.72327,1223167472.0,0.0222,-11.58,6456570,7748560,7240516,0.078
2168,GALT,Healthcare,Biotechnology,NASDAQ,92.97,62,88,89,35,3.73,393313621.21777153,100849644.0,0.121300004,-47.69,207920,304390,329680,
2169,RANGU,Financial Services,Shell Companies,NASDAQ,92.96,62,53,42,46,11.31,,,10.67,-4.96,0,0,4,
2170,KURA,Healthcare,Biotechnology,NASDAQ,92.96,62,90,85,72,10.62,947430558.414217,88960619.0,0.171,-23.6,1846870,2019260,1943356,0.365
2171,BCV,Financial Services,Asset Management,NYSE ARCA,92.95,62,59,70,71,23.15,129657881.63214111,5627512.0,0.0011,-15.29,13964,10331,15432,-0.293
2172,ONBPP,Financial Services,Banks - Regional,NASDAQ,92.94,62,51,52,51,25.02,,,1.46,-1.88,9177,6732,7525,0.288
2173,GWRS,Utilities,Utilities - Regulated Water,NASDAQ,92.94,62,68,20,23,8.01,233848347.71173668,28763634.0,0.0306,-28.29,71260,86866,94514,0.248
2174,CUBI,Financial Services,Banks - Regional,NYSE,92.94,62,69,60,74,75.03,2549663351.769989,33783799.0,0.1091,-11.08,303400,274980,271710,0.101
2175,CHECU,Financial Services,Shell Companies,NASDAQ,92.93,62,42,47,44,10.49,0.0,0.0,,0.82,80,26,16,
2176,PMTRU,Financial Services,Shell Companies,NASDAQ,92.93,62,50,46,45,11.0,,,0.0,-11.29,60,133,96,
2177,KNOP,Energy,Oil & Gas Midstream,NYSE,92.92,62,71,74,74,10.39,365916540.0223732,34553025.0,0.0047,-11.8,40620,43870,44068,0.072
2178,BIP,Utilities,Utilities - Diversified,NYSE,92.92,62,56,63,68,36.17,16803404685.18399,460115128.0,2.37,-17.87,939750,829336,888186,0.194
2179,ARWR,Healthcare,Biotechnology,NASDAQ,92.9,62,94,96,98,62.35,9067124581.589539,141254467.0,0.0913,-34.71,2037340,2000536,1723608,1.71
2180,NIE,Financial Services,Asset Management,NYSE,92.88,62,59,67,61,24.83,689676121.9377899,27708965.0,0.0018000001,-8.85,92955,79358,65749,
2181,GIWWU,Financial Services,Shell Companies,NASDAQ,92.88,62,51,47,43,10.59,,,0.76,-1.12,0,416,278,
2182,BANX,Financial Services,Asset Management,NASDAQ,92.88,62,61,48,39,20.17,193714820.0,9685741.0,0.0073,-10.36,51252,43580,40996,-0.002
2183,CHAR,Financial Services,Shell Companies,NASDAQ,92.87,62,51,51,48,10.97,120286052.92797089,10965000.0,0.46,-4.4,5350,9073,12910,
2184,ALX,Real Estate,REIT - Retail,NYSE,92.87,62,66,73,66,245.23,1245463742.5172424,5107290.0,0.1117,-15.27,35750,39640,37526,0.061
2185,DCI,Industrials,Specialty Industrial Machinery,NYSE,92.87,62,57,57,65,89.19,10275433112.71482,115910129.0,0.0307,-20.96,610840,696516,672890,0.08
2186,DLB,Industrials,Specialty Business Services,NYSE,92.87,62,46,18,31,59.36,5516155280.379105,93668795.0,0.1251,-18.64,874670,1002693,973796,-0.033
2187,ESS,Real Estate,REIT - Residential,NYSE,92.86,62,56,68,38,271.93,17265715745.08658,64268439.0,0.054,-10.36,607970,568160,506386,0.031
2188,QSEA,Financial Services,Shell Companies,NASDAQ,92.86,62,49,50,48,10.72,108388666.91719055,10134518.0,0.0002,-1.24,17089,6473,7139,
2189,DLNG,Energy,Oil & Gas Midstream,NYSE,92.85,62,35,38,63,3.76,137160180.7760682,36382011.0,0.0027,-15.51,82300,65476,61722,0.067
2190,OXLCO,Financial Services,Asset Management,NASDAQ,92.83,62,54,56,53,23.56,,,0.09,-5.68,4064,4551,3142,-0.102
2191,WTG,Financial Services,Shell Companies,NASDAQ,92.83,62,51,49,47,10.64,78059032.51874447,7336375.0,0.0004,-0.28,9730,28093,39966,
2192,VLOSU,Financial Services,Shell Companies,NASDAQ,92.83,62,34,37,35,11.1,,,2.78,-36.17,170,496,314,
2193,KVUE,Consumer Defensive,Household & Personal Products,NYSE,92.81,62,60,66,35,17.39,33037305097.83386,1920773467.0,0.0348,-13.61,17129600,23981176,23103002,0.03
2194,ULBI,Industrials,Electrical Equipment & Parts,NASDAQ,92.81,62,37,23,70,6.43,108477885.0039196,16663269.0,0.0107,-22.06,51380,41883,44134,-0.013
2195,PDPA,Financial Services,Asset Management,NYSE,92.81,62,53,53,53,24.96,,,0.44,-6.27,3640,4643,4776,
2196,GIBO,Communication Services,Internet Content & Information,NASDAQ,92.79,62,20,7,5,35.77,84514827.03149414,2604704.0,0.0008,-53.85,47630,31743,21206,
2197,BBT,Financial Services,Banks - Regional,NYSE,92.79,62,72,63,79,28.13,2375347890.02932,83816086.0,0.0552,-14.32,1247200,1031456,959184,1.445
2198,FITB,Financial Services,Banks - Regional,NYSE,92.78,62,70,77,72,50.8,46133623762.01424,906892564.0,0.0,-14.62,7319560,5801980,5700990,0.518
2199,EPR,Real Estate,REIT - Specialty,NYSE,92.78,62,65,66,59,55.59,4324573705.347969,76608922.0,0.1329,-14.44,741960,858803,826492,0.106
2200,MKLYU,Financial Services,Shell Companies,NASDAQ,92.77,62,50,48,44,10.52,,,4.97,-7.8,80,93,3320,
2201,MCI,Financial Services,Asset Management,NYSE,92.76,62,49,34,32,18.0,366449385.29333115,20587045.0,0.0028,-16.28,25551,43137,40026,-0.052
2202,BJ,Consumer Defensive,Discount Stores,NYSE,92.76,62,39,32,31,93.8,11994843036.675446,126314692.0,0.078099996,-11.33,2330560,1856083,1823356,0.157
2203,BPYPN,Real Estate,Real Estate Services,NASDAQ,92.76,62,59,61,61,13.46,,,0.16,-9.54,18627,45029,32159,0.053
2204,PDX,Financial Services,Asset Management,NYSE,92.75,62,64,59,62,20.66,928116229.9526081,44706947.0,0.88,-17.26,122855,110315,119727,
2205,SIMA,Financial Services,Shell Companies,NASDAQ,92.74,62,53,51,48,11.1,90167204.14482594,8219435.0,0.0011,-13.95,3090,3190,2816,
2206,OXLCN,Financial Services,Asset Management,NASDAQ,92.74,62,53,55,54,24.32,,,0.59,-3.11,1824,2421,2484,-0.102
2207,JVA,Consumer Defensive,Packaged Foods,NASDAQ,92.74,62,27,22,73,4.0,22720228.108882904,5708600.0,0.0054,-20.48,46130,62070,60120,-0.093
2208,RWAY,Financial Services,Asset Management,NASDAQ,92.73,62,35,14,19,6.44,274509879.1936798,41909904.0,0.1037,-37.17,294860,343393,471848,0.053
2209,COOK,Consumer Cyclical,"Furnishings, Fixtures & Appliances",NYSE,92.73,62,61,93,9,53.44,148585690.13024902,2798224.0,0.073,-38.28,80100,44863,46534,-0.174
2210,SLMBP,Financial Services,Credit Services,NASDAQ,92.73,62,50,53,56,73.75,,,1.8,-3.3,740,1860,2342,0.081
2211,T,Communication Services,Telecom Services,NYSE,92.72,62,53,22,52,24.24,166512966067.04465,6852385650.0,0.0191,-17.66,32939980,35412163,39357052,0.023
2212,TXNM,Utilities,Utilities - Regulated Electric,NYSE,92.72,62,45,39,55,58.51,6432445449.566143,110125757.0,0.0661,-1.71,1890660,1700013,1355182,0.092
2213,CAL,Consumer Cyclical,Apparel Retail,NYSE,92.72,62,33,28,33,12.25,421650828.1538229,34504977.0,0.1252,-18.55,452960,565290,536724,0.056
2214,MS,Financial Services,Capital Markets,NYSE,92.72,62,79,85,77,190.19,298894467196.12964,1570566292.0,0.0,-18.11,5796880,4982460,4894408,0.28
2215,SVIVU,Financial Services,Shell Companies,NASDAQ,92.71,62,46,49,44,10.55,,,5.04,-4.09,450,236,480,
2216,LOGI,Technology,Computer Hardware,NASDAQ,92.7,62,31,55,55,101.38,14937406750.542389,143188332.0,0.0841,-21.81,699350,717540,885786,0.069
2217,OGC,Basic Materials,Gold,NYSE,92.69,61,75,49,94,26.64,6030552484.301193,222447523.0,4.97,-38.52,565830,606373,597606,0.497
2218,ATLCP,Financial Services,Credit Services,NASDAQ,92.69,61,52,64,41,23.53,,,0.31,-5.5,3286,3482,3915,0.833
2219,RNGTU,Financial Services,Shell Companies,NASDAQ,92.69,61,49,43,43,10.46,,,71.94,-4.91,0,16,54,
2220,SIMAU,Financial Services,Shell Companies,NASDAQ,92.68,61,26,47,47,11.25,,,0.66,-37.47,0,33,424,
2221,LPAAU,Financial Services,Shell Companies,NASDAQ,92.67,61,51,48,47,11.11,,,,-3.22,0,0,24,
2222,OTLK,Healthcare,Biotechnology,NASDAQ,92.67,61,24,99,2,0.6,144364398.24506676,243447554.0,0.1402,-76.36,4854150,5640763,13990034,-0.994
2223,ECL,Basic Materials,Specialty Chemicals,NYSE,92.67,61,55,43,52,277.07,76725942063.08002,280328603.0,0.0214,-10.41,1166500,1251656,1331136,0.097
2224,UTHR,Healthcare,Drug Manufacturers - Specialty & Generic,NASDAQ,92.66,61,37,75,89,536.4,23233888379.968018,42890692.0,0.0762,-11.97,1010600,821573,707394,-0.019
2225,SMA,Real Estate,REIT - Industrial,NYSE,92.63,61,45,45,38,32.47,1800042943.5951347,55368903.0,0.1066,-16.08,839330,810793,738572,0.114
2226,CHI,Financial Services,Asset Management,NASDAQ,92.62,61,70,79,70,11.52,935681078.3000336,80871314.0,0.0104,-14.67,181570,160043,157170,-0.454
2227,VPV,Financial Services,Asset Management,NYSE,92.61,61,60,64,59,10.66,191670420.9343958,17879703.0,0.0058,-7.3,40461,30777,30476,-0.105
2228,ZION,Financial Services,Banks - Regional,NASDAQ,92.61,61,75,76,71,63.28,9219873168.101425,145953355.0,0.0479,-13.72,1402990,1453720,1424170,0.352
2229,ACIW,Technology,Software - Infrastructure,NASDAQ,92.61,61,73,80,28,51.22,5062905490.195473,100955241.0,0.092,-16.14,705440,755786,892836,0.073
2230,CRVS,Healthcare,Biotechnology,NASDAQ,92.61,61,91,96,98,10.74,916918257.5104065,84120944.0,0.2321,-60.15,1043790,1061060,955364,
2231,PGACU,Financial Services,Shell Companies,NASDAQ,92.61,61,60,49,45,10.85,,,0.0,-32.19,0,855,623,
2232,ITW,Industrials,Specialty Industrial Machinery,NYSE,92.6,61,55,52,62,264.19,74879619824.21875,284800000.0,0.0309,-12.85,1472010,1274683,1275556,0.061
2233,JOB,Industrials,Staffing & Employment Services,NYSE ARCA,92.6,61,66,36,76,0.22,23072843.339631647,109870686.0,0.0062,-21.43,183080,197116,255118,-0.153
2234,BRC,Industrials,Security & Protection Services,NYSE,92.6,61,68,70,66,85.41,3976115305.669983,46899214.0,0.0238,-13.98,280890,275930,230582,0.1
2235,OCCIM,Financial Services,Asset Management,NASDAQ,92.59,61,53,53,51,24.85,,,1.61,-4.64,4111,3330,3584,-0.102
2236,ECF,Financial Services,Asset Management,NYSE ARCA,92.59,61,57,69,67,11.85,161846155.76007652,13657903.0,0.0,-14.44,56638,35039,29219,-0.289
2237,EOI,Financial Services,Asset Management,NYSE,92.59,61,54,49,50,19.76,813884713.4409256,41001748.0,1.21,-6.35,75345,65658,71011,-0.051
2238,FSHP,Financial Services,Shell Companies,NASDAQ,92.58,61,54,56,50,11.29,39721155.26578903,3518260.0,0.0014,-5.92,2520,2033,3548,
2239,LAWR,Industrials,Consulting Services,NASDAQ,92.57,61,65,57,54,3.75,172350000.0,45960000.0,0.0231,-1.32,0,0,0,0.112
2240,WVVIP,Consumer Defensive,Beverages - Wineries & Distilleries,NASDAQ,92.56,61,36,33,32,3.01,,,0.27,-79.92,13230,482896,297064,-0.016
2241,CCK,Consumer Cyclical,Packaging & Containers,NYSE,92.54,61,76,60,62,106.58,11534052523.46074,108760511.0,0.0269,-13.29,1065170,943606,912468,0.165
2242,UMBF,Financial Services,Banks - Regional,NASDAQ,92.53,61,73,77,64,129.8,9944897113.624878,75950030.0,0.056799997,-15.34,704270,627663,609952,0.122
2243,LCCCU,Financial Services,Shell Companies,NASDAQ,92.53,61,39,42,45,10.8,,,,-32.03,50,16,120,
2244,MACI,Financial Services,Shell Companies,NASDAQ,92.52,61,49,47,48,11.07,238702706.05520058,21621622.0,0.00059999997,-2.68,1020,2776,2190,
2245,RL,Consumer Cyclical,Apparel Manufacturing,NYSE,92.52,61,42,68,79,365.54,21650397894.5011,59582239.0,0.0853,-13.3,624150,673300,649340,0.14
2246,USA,Financial Services,Asset Management,NYSE,92.52,61,55,45,37,5.81,1793836687.3693585,308219353.0,0.0004,-10.2,1048659,1132439,1201351,-0.058
2247,HAL,Energy,Oil & Gas Equipment & Services,NYSE,92.51,61,74,73,88,32.78,26535202506.764015,833130367.0,0.056700002,-24.8,9648000,11023536,10689080,0.037
2248,DG,Consumer Defensive,Discount Stores,NYSE,92.51,61,69,52,52,119.32,26240161541.21521,220616790.0,0.0309,-24.59,2126300,2626746,2354716,0.052
2249,ATRA,Healthcare,Biotechnology,NASDAQ,92.5,61,37,80,24,9.4,95157486.20510101,10037710.0,0.055,-50.9,44490,47213,49916,-0.964
2250,J,Industrials,Engineering & Construction,NYSE,92.49,61,65,33,32,138.67,16158350348.921204,117038611.0,0.0313,-17.67,815260,816823,862782,0.345
2251,DOC,Real Estate,REIT - Healthcare Facilities,NYSE,92.49,61,70,80,39,18.84,13438886139.579735,689527260.0,0.0478,-17.91,5801050,5030383,5249526,0.111
2252,BEKE,Real Estate,Real Estate Services,NYSE,92.48,61,58,29,33,16.5,18065016604.225067,1099514076.0,0.0479,-17.0,5909110,5461356,4457110,-0.057
2253,LUV,Industrials,Airlines,NYSE,92.48,61,55,81,71,41.85,20776672893.64798,489208201.0,0.059699997,-24.06,5839850,5689663,5271078,0.164
2254,SVAQU,Financial Services,Shell Companies,NASDAQ,92.47,61,53,53,44,10.48,,,59.26,-2.96,0,0,22,
2255,AACIU,Financial Services,Shell Companies,NASDAQ,92.47,61,44,43,41,10.32,,,0.0,-4.0,20,6,4,
2256,GPAT,Financial Services,Shell Companies,NASDAQ,92.46,61,47,51,49,11.11,178258340.52448654,16161228.0,0.0001,-7.42,11040,7146,4758,
2257,CCNEP,Financial Services,Banks - Regional,NASDAQ,92.46,61,54,53,55,24.75,,,1.69,-2.94,1551,1093,1078,0.51
2258,TLSI,Healthcare,Medical Devices,NASDAQ,92.46,61,73,25,24,4.38,266002282.56998062,61574600.0,0.0717,-44.91,798470,359210,295222,0.017
2259,TDY,Technology,Scientific & Technical Instruments,NYSE,92.44,61,53,59,74,619.64,28609329913.19879,46355673.0,0.0226,-11.18,281430,259143,286100,0.098
2260,AI,Technology,Software - Infrastructure,NYSE,92.44,61,26,15,7,11.09,1770186251.3595886,160779856.0,0.2858,-45.15,4160720,5086506,4958752,-0.255
2261,POWWP,Industrials,Aerospace & Defense,NASDAQ,92.41,61,52,55,64,23.8,,,0.32,-6.65,3496,5425,4301,0.221
2262,CALY,Consumer Cyclical,Leisure,NYSE,92.41,61,80,92,88,14.28,2579476994.40182,178510521.0,0.048299998,-29.59,2033710,1957803,1974906,0.02
2263,ALIS,Financial Services,Shell Companies,NASDAQ,92.38,61,50,47,43,10.33,87056074.35703278,8427500.0,0.00029999999,-0.67,48300,31523,32498,
2264,ONBPO,Financial Services,Banks - Regional,NASDAQ,92.38,61,51,50,52,24.8,,,2.48,-2.55,9650,6053,5790,0.288
2265,AGNCZ,Real Estate,REIT - Mortgage,NASDAQ,92.37,61,54,53,49,24.66,,,0.22,-6.48,94220,53720,46560,
2266,DBCAU,Financial Services,Shell Companies,NASDAQ,92.36,61,50,49,40,10.38,,,4.1,-3.89,170,56,494,
2267,RANG,Financial Services,Shell Companies,NASDAQ,92.34,61,49,48,47,10.86,72739962.76043415,6697971.0,0.0011999999,-6.9,500,2566,1996,
2268,VLY,Financial Services,Banks - Regional,NASDAQ,92.34,61,71,81,82,12.76,7084398828.678268,552605226.0,0.113299996,-16.05,8204840,7111070,6710872,0.15
2269,EDD,Financial Services,Asset Management,NYSE,92.34,61,70,68,65,5.24,344195300.81521225,64456047.0,2.64,-15.21,391230,323916,326422,
2270,LLYVA,Communication Services,Entertainment,NASDAQ,92.34,61,56,69,76,96.17,8806754703.03125,92005376.0,0.0656,-9.32,109480,131170,140706,0.061
2271,EDHL,Communication Services,Advertising Agencies,NASDAQ,92.34,61,23,47,4,5.08,8714618.281781673,1666275.0,0.12810001,-76.48,315970,380333,243694,-0.134
2272,DYNC,Financial Services,Shell Companies,NASDAQ,92.31,61,49,51,54,10.9,241363990.45476246,22133333.0,0.0005,-0.77,44570,28210,39424,
2273,JOUT,Consumer Cyclical,Leisure,NASDAQ,92.31,61,60,50,89,44.5,470641978.10092926,10479670.0,0.1441,-16.88,37990,41443,45178,0.05
2274,SPME,Financial Services,Asset Management,NYSE,92.31,61,51,54,50,24.71,,,0.94,-4.96,5477,4745,3577,-0.353
2275,LLYVK,Communication Services,Entertainment,NASDAQ,92.3,60,57,71,77,98.87,9004566401.820312,92005376.0,0.033,-9.91,306210,303906,298968,0.061
2276,GLP,Energy,Oil & Gas Midstream,NYSE,92.29,60,66,60,48,46.46,1587517166.749443,33848979.0,0.010299999,-14.42,56310,59280,71104,0.468
2277,JACS,Financial Services,Shell Companies,NYSE,92.28,60,47,47,47,10.83,319276098.8712311,29590000.0,0.00029999999,0.0,14120,34743,25028,
2278,NBRGU,Financial Services,Shell Companies,NASDAQ,92.28,60,47,48,40,10.39,,,0.22,-5.89,190,400,570,
2279,OHI,Real Estate,REIT - Healthcare Facilities,NYSE,92.27,60,57,72,68,45.36,13853754729.888916,303013000.0,0.0477,-13.42,1995830,1965163,1959174,0.112
2280,BGY,Financial Services,Asset Management,NYSE,92.24,60,61,55,57,5.63,509253226.7299986,90614455.0,0.0022,-9.63,291901,230907,218152,-0.037
2281,SD,Energy,Oil & Gas E&P,NYSE,92.23,60,45,53,79,13.72,504965527.2770691,37075296.0,0.0623,-25.64,312390,333613,335682,0.48
2282,SNFCA,Financial Services,Insurance - Life,NASDAQ,92.23,60,56,64,63,9.13,236169994.28365326,26038589.0,0.013200001,-10.75,28030,28180,29646,-0.063
2283,TAVIU,Financial Services,Shell Companies,NASDAQ,92.22,60,39,45,47,10.9,,,0.07,-32.17,33,1477,888,
2284,NHIVU,Financial Services,Shell Companies,NASDAQ,92.2,60,49,48,41,10.32,,,26.29,-6.18,0,6,66,
2285,PGAC,Financial Services,Shell Companies,NASDAQ,92.18,60,49,50,48,10.78,118854887.05587387,11025500.0,0.0066000004,-5.36,230,1050,952,
2286,QRHC,Industrials,Waste Management,NASDAQ,92.17,60,27,27,11,1.4,28897212.820578575,21092856.0,0.0045,-41.91,17680,17683,23498,0.076
2287,RBC,Industrials,Tools & Accessories,NYSE,92.16,60,35,80,87,512.58,16322240274.906921,31659245.0,0.0175,-23.23,279420,303516,280576,0.192
2288,CCID,Financial Services,Asset Management,NYSE,92.15,60,51,53,50,24.87,,,0.65,-2.59,3610,4336,3374,
2289,XWEL,Healthcare,Diagnostics & Research,NASDAQ,92.15,60,27,64,93,0.82,7214983.2147375345,8589266.0,0.0211,-62.73,32970,34676,32944,-0.071
2290,GSRFU,Financial Services,Shell Companies,NASDAQ,92.15,60,49,45,44,10.58,278894087.98885345,26360500.0,,-8.4,0,0,160,
2291,OCSL,Financial Services,Asset Management,NASDAQ,92.14,60,65,46,44,11.83,1049098565.4892159,88085523.0,0.0364,-17.33,461020,457040,509232,-0.078
2292,NTWO,Financial Services,Shell Companies,NASDAQ,92.14,60,53,49,47,10.85,260698023.86963367,24116375.0,0.0011,-10.63,242750,237970,408662,
2293,NXPI,Technology,Semiconductors,NASDAQ,92.14,60,30,84,39,241.97,61442323560.292786,252164174.0,0.0322,-28.82,2975450,3256263,3705328,0.195
2294,MTB,Financial Services,Banks - Regional,NYSE,92.12,60,71,72,71,218.26,31647379566.53531,144416262.0,0.0417,-14.73,948400,1035400,1014994,0.062
2295,NNDM,Technology,Computer Hardware,NASDAQ,92.12,60,49,28,52,1.61,343667586.92464125,210839011.0,0.048299998,-30.6,1666550,1771986,1807430,0.121
2296,CACC,Financial Services,Credit Services,NASDAQ,92.12,60,71,81,47,531.35,5475755950.0,10380580.0,0.2868,-20.56,136590,123626,121408,0.095
2297,JLHL,Industrials,Building Products & Equipment,NASDAQ,92.11,60,22,98,86,3.94,88572541.89170265,22198632.0,0.069699995,-93.2,234420,535366,1087284,0.216
2298,COPL,Financial Services,Shell Companies,NYSE,92.11,60,48,46,48,10.58,234790130.4311533,22181401.0,0.00029999999,-1.03,33590,13236,28420,
2299,LFVN,Consumer Defensive,Packaged Foods,NASDAQ,92.11,60,17,53,7,6.03,76417927.24112129,12589444.0,0.114300005,-48.51,33220,45546,49696,-0.231
2300,EBMT,Financial Services,Banks - Regional,NASDAQ,92.08,60,70,76,77,20.91,169265408.75,7965431.0,0.0296,-15.21,25940,32980,35892,0.087
2301,DOW,Basic Materials,Chemicals,NYSE,92.08,60,53,39,89,28.51,20203869190.677994,722340711.0,0.0554,-33.29,8553980,8760516,8924790,0.197
2302,CHSCL,Consumer Defensive,Farm Products,NASDAQ,92.07,60,50,50,52,25.11,,,0.19,-3.24,41094,30984,28790,0.186
2303,WMK,Consumer Defensive,Grocery Stores,NYSE,92.05,60,45,67,38,74.01,1832089984.5343552,24744597.0,0.24069999,-11.62,186760,199723,187040,0.046
2304,BOSC,Technology,Communication Equipment,NASDAQ,92.05,60,46,28,43,4.64,32686921.107931137,7059810.0,0.0008,-30.95,13430,28646,33434,0.289
2305,CHARU,Financial Services,Shell Companies,NASDAQ,92.05,60,41,48,48,10.93,,,0.0,-8.84,0,0,8,
2306,BXSL,Financial Services,Asset Management,NYSE,92.05,60,52,36,34,23.52,5500423329.623642,232970063.0,0.0473,-17.73,1656920,1421303,1499928,-0.071
2307,GENB,Healthcare,Biotechnology,NASDAQ,92.04,60,83,72,47,13.91,1757144794.9811745,128352436.0,0.096,-38.64,1167270,1533776,1171680,-0.377
2308,AGYS,Technology,Software - Application,NASDAQ,92.04,60,71,80,14,99.5,2799706577.1340637,28205788.0,0.0735,-31.5,250360,228166,263654,0.143
2309,APACU,Financial Services,Shell Companies,NASDAQ,92.04,60,45,50,46,10.45,,,0.68,-4.04,10,90,948,
2310,SVCC,Financial Services,Shell Companies,NASDAQ,92.02,60,48,46,47,10.72,231712001.77180767,21614925.0,0.00029999999,-0.0,3020,15303,11050,
2311,GGZ,Financial Services,Asset Management,NYSE,92.02,60,64,63,75,15.26,118543211.86206722,7707621.0,0.0005,-10.66,5824,5841,6026,
2312,QETA,Financial Services,Shell Companies,NASDAQ,92.01,60,42,54,50,11.79,44185948.77703476,3747748.0,0.0001,-9.79,1371,607,364,
2313,PACH,Financial Services,Shell Companies,NASDAQ,92.01,60,46,46,46,10.4,328899987.9360199,31625000.0,0.0001,0.0,40410,54160,36018,
2314,GTERA,Financial Services,Shell Companies,NASDAQ,92.01,60,49,48,47,10.45,247947145.4744339,23727000.0,0.0005,-0.1,34120,20773,15192,
2315,GLAD,Financial Services,Asset Management,NASDAQ,92.01,60,53,46,27,19.12,432657262.73142815,22593069.0,0.048,-12.01,147070,157526,162252,0.131
2316,CHPG,Financial Services,Shell Companies,NASDAQ,92.01,60,46,47,47,10.52,104666752.70818329,9987286.0,0.00059999997,0.19,731,6380,4176,
2317,LEA,Consumer Cyclical,Auto Parts,NYSE,92.01,60,62,73,73,121.33,8045560127.814972,66574764.0,0.060500003,-19.29,587440,647860,693616,0.03
2318,XCBEU,Financial Services,Shell Companies,NASDAQ,92.0,60,49,41,40,10.25,,,2.96,-5.62,0,60,146,
2319,KFII,Financial Services,Shell Companies,NASDAQ,92.0,60,49,47,48,10.69,419293967.276001,39256060.0,0.02,0.0,95620,52126,35038,
2320,THQ,Financial Services,Asset Management,NYSE,92.0,60,71,63,45,17.75,736758333.9528561,41437475.0,0.0011999999,-12.95,136703,119597,133192,
2321,AIIA,Financial Services,Shell Companies,NYSE,91.98,60,46,47,44,10.29,198879908.09440613,19290000.0,0.0013,-0.48,21630,41943,29764,
2322,OACCU,Financial Services,Shell Companies,NASDAQ,91.98,60,49,41,39,11.0,,,,-11.79,0,0,20,
2323,MKLY,Financial Services,Shell Companies,NASDAQ,91.97,60,48,46,46,10.29,250016516.45396042,24344353.0,0.0002,-0.1,57910,65103,83408,
2324,QETAU,Financial Services,Shell Companies,NASDAQ,91.96,60,51,52,50,11.51,,,0.0,-16.53,0,0,2,
2325,ORIO,Technology,Software - Infrastructure,NASDAQ,91.96,60,24,9,24,1.05,24770015.475117683,23590492.0,0.0112,-49.28,84740,116973,88160,0.063
2326,HAVA,Financial Services,Shell Companies,NASDAQ,91.96,60,48,45,45,10.25,211898250.6237049,20693189.0,0.0,0.1,93831,69333,49366,
2327,TDAC,Financial Services,Shell Companies,NASDAQ,91.96,60,49,48,48,10.82,208921242.56742096,19308803.0,0.001,-1.19,4140,10343,34848,
2328,EXK,Basic Materials,Silver,NYSE,91.95,60,87,40,86,8.6,2546842632.3701534,296144479.0,2.13,-43.23,7923690,8233246,8451380,1.394
2329,MAIN,Financial Services,Asset Management,NYSE,91.95,60,55,34,43,54.99,5153251342.783035,93508461.0,0.1038,-15.7,512390,463110,513558,0.039
2330,MAYS,Real Estate,Real Estate Services,NASDAQ,91.95,60,50,35,51,40.1,80832774.92416382,2015780.0,0.0161,-35.31,370,1160,1626,-0.056
2331,LCCC,Financial Services,Shell Companies,NASDAQ,91.94,59,49,48,47,10.54,93858699.66030121,8905000.0,0.41,-0.19,200,423,2004,
2332,PNFP,Financial Services,Banks - Regional,NYSE,91.94,59,59,51,37,96.02,14520413024.208984,151112640.0,0.0373,-12.97,1187640,1056486,1057124,1.37
2333,COLB,Financial Services,Banks - Regional,NASDAQ,91.94,59,65,74,72,28.84,8181533612.14373,282902268.0,0.0375,-14.37,2630420,2834923,2843306,0.351
2334,NMP,Financial Services,Shell Companies,NASDAQ,91.94,59,48,48,47,10.37,165617546.7522831,15970834.0,0.0011,-0.19,2970,15300,25914,
2335,AIRTP,Industrials,Conglomerates,NASDAQ,91.93,59,50,61,56,18.8,,,0.37,-10.48,1040,1573,2886,0.629
2336,KCHV,Financial Services,Shell Companies,NASDAQ,91.91,59,48,46,47,10.48,358674819.62770844,34257384.0,0.01,0.0,22930,32720,28900,
2337,OYSE,Financial Services,Shell Companies,NASDAQ,91.9,59,47,46,46,10.42,352877772.59891796,33914251.0,0.01,0.1,17130,64360,39762,
2338,DRDB,Financial Services,Shell Companies,NASDAQ,91.9,59,48,45,46,10.72,329053322.8719139,30666667.0,0.0001,-0.09,17724,12801,34716,
2339,SSEA,Financial Services,Shell Companies,NASDAQ,91.89,59,47,48,46,10.37,79183991.7661438,7635872.0,0.0011,-0.19,4970,12180,12082,
2340,BOKF,Financial Services,Banks - Regional,NASDAQ,91.89,59,66,69,79,128.23,7800035085.209152,60766867.0,0.103999995,-12.67,255450,263570,244318,0.101
2341,TRVI,Healthcare,Biotechnology,NASDAQ,91.89,59,93,94,92,13.72,1981838926.569912,142475841.0,0.094,-32.15,1897430,1670463,1625116,
2342,MORN,Financial Services,Financial Data & Stock Exchanges,NASDAQ,91.89,59,53,20,17,189.16,6885616071.532333,37513571.0,0.0639,-17.38,263310,293216,333842,0.096
2343,LEE,Communication Services,Publishing,NASDAQ,91.88,59,84,81,87,7.07,149579616.090374,22292044.0,0.080699995,-40.49,35480,36133,40834,-0.108
2344,RFAMU,Financial Services,Shell Companies,NASDAQ,91.87,59,41,42,42,10.19,,,0.0,-6.43,870,546,7984,
2345,CHSCO,Consumer Defensive,Farm Products,NASDAQ,91.87,59,48,48,52,25.65,,,0.67,-5.11,22037,16899,17517,0.186
2346,SPEG,Financial Services,Shell Companies,NASDAQ,91.87,59,47,47,46,10.4,159773331.02984047,15333333.0,0.0001,-5.71,20040,19373,15330,
2347,CCXI,Financial Services,Shell Companies,NASDAQ,91.86,59,84,90,39,12.07,667842987.2512817,55700000.0,0.1014,-38.7,1987830,1953853,2468740,
2348,QTWO,Technology,Software - Application,NYSE,91.85,59,65,26,15,58.21,3515557770.7019997,62354695.0,0.1145,-23.65,592830,617580,745134,0.126
2349,CCEL,Healthcare,Medical Care Facilities,NYSE ARCA,91.85,59,68,26,28,3.71,32169973.576891422,8062650.0,0.0017,-24.29,8540,13846,27276,-0.019
2350,GHC,Industrials,Conglomerates,NYSE,91.85,59,48,61,66,1155.36,4868515516.044922,4234928.0,0.1329,-8.48,29570,36550,32888,0.071
2351,PFX,Financial Services,Asset Management,NASDAQ,91.85,59,53,35,28,44.87,86665875.875,1931273.0,0.0002,-20.55,2930,7720,9686,0.048
2352,EVAC,Financial Services,Shell Companies,NYSE,91.84,59,48,46,44,10.32,602597440.5056973,58447858.0,0.0001,-0.1,165270,136136,97524,
2353,EFSC,Financial Services,Banks - Regional,NASDAQ,91.83,59,64,69,62,59.82,2174446667.8704834,36192520.0,0.039100002,-12.96,259040,274083,245004,0.012
2354,GSHR,Financial Services,Shell Companies,NASDAQ,91.82,59,47,48,48,10.58,216404471.65947533,20454109.0,0.05,-5.54,7540,18143,37508,
2355,DB,Financial Services,Banks - Regional,NYSE,91.82,59,82,63,57,34.97,65708632293.70117,1879000000.0,0.0027,-15.98,2426610,2022866,1929372,0.087
2356,QUMS,Financial Services,Shell Companies,NASDAQ,91.81,59,48,47,45,10.35,118058831.85129166,11406650.0,0.00029999999,-0.1,54740,27546,32088,
2357,CB,Financial Services,Insurance - Property & Casualty,NYSE,91.81,59,65,67,65,330.49,127657320995.87512,385799859.0,0.0093,-9.68,1736650,1675723,1664532,0.061
2358,TACH,Financial Services,Shell Companies,NASDAQ,91.8,59,47,46,46,10.53,362921858.2464924,34432814.0,0.04,-0.57,94670,42780,38214,
2359,TAVI,Financial Services,Shell Companies,NASDAQ,91.8,59,47,46,48,10.77,171467378.69797897,15920833.0,0.01,-9.57,590,1700,4008,
2360,WLIIU,Financial Services,Shell Companies,NASDAQ,91.8,59,48,50,42,10.44,,,1.44,-5.09,0,0,136,
2361,SOUL,Financial Services,Shell Companies,NYSE,91.8,59,48,47,47,10.49,356170455.3986988,33953333.0,0.0014,-4.64,30130,49086,54776,
2362,ALDF,Financial Services,Shell Companies,NASDAQ,91.8,59,48,46,46,10.82,323174066.36494446,29868214.0,0.0001,-0.09,20510,38786,37488,
2363,OLLI,Consumer Defensive,Discount Stores,NASDAQ,91.8,59,18,10,21,86.85,5230678614.293175,59402403.0,0.1674,-34.84,1838000,1895210,1683126,0.091
2364,TRT,Technology,Semiconductor Equipment & Materials,NASDAQ,91.78,59,98,97,94,6.14,63969738.09542084,10384698.0,0.0,-71.28,735110,341896,310966,0.399
2365,HBANL,Financial Services,Banks - Regional,NASDAQ,91.78,59,50,48,54,24.67,,,2.38,-5.04,35039,24156,22721,0.476
2366,YORW,Utilities,Utilities - Regulated Water,NASDAQ,91.77,59,64,36,38,30.78,499191155.2744274,16228581.0,0.0416,-11.58,173560,145336,134476,0.225
2367,ASG,Financial Services,Asset Management,NYSE,91.77,59,46,57,49,5.16,323685794.29872704,63717677.0,0.00029999999,-9.31,256514,255404,240122,-0.011
2368,AFG,Financial Services,Insurance - Property & Casualty,NYSE,91.77,59,62,59,51,139.33,11534376426.712463,82921466.0,0.025,-7.13,399980,388523,382172,0.058
2369,APG,Industrials,Engineering & Construction,NYSE,91.77,59,40,54,82,40.66,17493848624.732716,432160297.0,0.0298,-18.66,2863760,3435713,3168956,0.133
2370,ESLT,Industrials,Aerospace & Defense,NASDAQ,91.77,59,60,71,93,709.37,32627141512.875,46862592.0,0.0086,-30.18,87330,75373,79716,0.159
2371,NSYS,Healthcare,Medical Devices,NASDAQ,91.76,59,66,85,92,11.05,32360703.506793976,2794534.0,0.0031,-38.65,5360,13326,14952,0.093
2372,SZZL,Financial Services,Shell Companies,NASDAQ,91.76,59,47,47,47,10.48,327674655.8472557,31266667.0,0.01,-0.19,27640,44793,69852,
2373,HVMC,Financial Services,Shell Companies,NASDAQ,91.75,59,45,45,44,10.29,302040713.4628296,29410000.0,0.0002,0.19,5060,22880,79094,
2374,APAC,Financial Services,Shell Companies,NASDAQ,91.75,59,48,46,44,10.27,82677786.27518845,8050417.0,0.0036000002,-0.0,39550,15946,15874,
2375,CRAC,Financial Services,Shell Companies,NASDAQ,91.75,59,47,45,45,10.25,229279687.5,22368750.0,0.0001,-0.1,13420,8220,12216,
2376,VNME,Financial Services,Shell Companies,NASDAQ,91.74,59,46,44,44,10.31,258249998.09265137,25000000.0,0.0023,-0.19,89816,47355,32955,
2377,WENNU,Financial Services,Shell Companies,NASDAQ,91.74,59,41,40,38,10.64,,,0.0,-5.3,420,156,234,
2378,BNTX,Healthcare,Biotechnology,NASDAQ,91.74,59,61,29,33,97.64,24341703448.707443,251204366.0,0.0348,-21.26,883670,1043753,1266032,-0.595
2379,PAII,Financial Services,Shell Companies,NYSE,91.74,59,46,45,45,10.34,356308483.058424,34492593.0,0.02,-0.1,30370,54083,34162,
2380,NPAC,Financial Services,Shell Companies,NASDAQ,91.74,59,47,44,42,10.53,404639294.03550625,38390825.0,0.0001,-0.09,42590,37600,38886,
2381,FERA,Financial Services,Shell Companies,NASDAQ,91.73,59,47,46,46,10.56,329863342.81364346,31266667.0,0.05,0.09,18953,22414,37484,
2382,EW,Healthcare,Medical Devices,NYSE,91.72,59,56,71,46,87.23,49080460879.5166,576400000.0,0.0179,-9.41,3494060,3242626,3391652,0.136
2383,GWRE,Technology,Software - Application,NYSE,91.72,59,37,24,12,163.23,12475184087.906464,81992669.0,0.0435,-36.21,1232710,1555730,1372560,0.153
2384,ADVB,Healthcare,Diagnostics & Research,NASDAQ,91.7,59,96,11,13,6.34,11118855.121511936,1652133.0,0.0113,-73.83,18560,118960,157868,
2385,CBT,Basic Materials,Specialty Chemicals,NYSE,91.7,59,62,72,49,77.38,3973005831.084671,51631007.0,0.1232,-18.14,416640,390243,428606,0.064
2386,FNWB,Financial Services,Banks - Regional,NASDAQ,91.7,59,73,78,58,9.85,94640567.43580341,9511615.0,0.0044,-21.33,31240,29166,26558,-0.0
2387,TACHU,Financial Services,Shell Companies,NASDAQ,91.7,59,48,52,45,10.75,,,0.0,-2.18,0,40,148,
2388,OBA,Financial Services,Shell Companies,NASDAQ,91.67,59,47,46,45,10.35,327318762.0639801,31625000.0,0.05,-0.0,7870,25516,18238,
2389,LKSP,Financial Services,Shell Companies,NASDAQ,91.65,58,46,45,45,10.26,161013600.17191887,15693333.0,0.23,-0.0,27380,12370,22346,
2390,CHEC,Financial Services,Shell Companies,NASDAQ,91.65,58,46,44,48,10.29,177756322.77102375,17274667.0,0.24,-2.56,10160,4946,7990,
2391,MMTX,Financial Services,Shell Companies,NASDAQ,91.65,58,48,47,45,10.21,90090759.82646942,8828100.0,0.0002,-0.0,37870,25566,19296,
2392,ORIQ,Financial Services,Shell Companies,NASDAQ,91.64,58,47,46,45,10.41,89786248.68392944,8625000.0,0.0005,-0.38,15840,15440,12410,
2393,SDHI,Financial Services,Shell Companies,NASDAQ,91.63,58,47,46,47,10.55,367889294.61860657,34838000.0,0.01,-0.09,18530,30416,43906,
2394,WTFCN,Financial Services,Banks - Regional,NASDAQ,91.63,58,51,53,52,25.59,,,0.32,-4.19,48106,34742,30765,0.102
2395,LWAC,Financial Services,Shell Companies,NASDAQ,91.63,58,47,45,46,10.35,311276261.472702,30075000.0,0.03,-0.38,9890,32090,26162,
2396,KOYN,Financial Services,Shell Companies,NASDAQ,91.63,58,47,45,44,10.26,323784235.643034,31557917.0,0.0001,-0.19,58487,51349,49311,
2397,XFLH,Financial Services,Shell Companies,NYSE,91.62,58,40,42,42,10.13,145034103.22225952,14388304.0,0.0022,-0.98,26357,10605,7869,
2398,RRC,Energy,Oil & Gas E&P,NYSE,91.62,58,61,30,68,38.67,8933567751.480007,233679515.0,0.1195,-19.95,2738760,2570140,2559550,0.086
2399,EURK,Financial Services,Shell Companies,NASDAQ,91.62,58,51,66,54,11.55,25070441.964009285,2170601.0,0.0001,-19.12,160,12573,8610,
2400,TII,Basic Materials,Other Industrial Metals & Mining,NYSE ARCA,91.61,58,93,78,98,2.5,241512001.10369968,98980326.0,2.52,-55.75,227510,287296,355772,0.573
2401,EMIS,Financial Services,Shell Companies,NASDAQ,91.61,58,47,45,44,10.27,162017812.13160324,15775833.0,0.0004,-0.0,66510,27900,17498,
2402,WENN,Financial Services,Shell Companies,NASDAQ,91.61,58,46,42,41,10.42,390945377.86245346,37518750.0,0.01,-0.19,17260,42090,33866,
2403,THRM,Consumer Cyclical,Auto Parts,NASDAQ,91.6,58,71,63,32,32.23,962131271.2479897,30739019.0,0.0915,-33.34,1740710,773213,642298,0.11
2404,HVMCU,Financial Services,Shell Companies,NASDAQ,91.6,58,45,45,44,10.43,,,0.0,-5.18,0,26,36,
2405,EGHA,Financial Services,Shell Companies,NASDAQ,91.6,58,47,47,47,10.43,213815006.25610352,20500000.0,0.03,-3.38,19880,9170,48744,
2406,BACCU,Financial Services,Shell Companies,NASDAQ,91.58,58,43,59,45,10.91,,,0.01,-7.15,60,693,454,
2407,AACPU,Financial Services,Shell Companies,NASDAQ,91.58,58,47,46,42,10.3,,,7.64,-3.92,0,50,76,
2408,MDLZ,Consumer Defensive,Confectioners,NASDAQ,91.57,58,53,40,36,58.49,74268364084.08762,1276308057.0,0.024400001,-12.24,8027020,8013040,8208938,0.041
2409,SSAC,Financial Services,Shell Companies,NASDAQ,91.57,58,46,43,42,10.14,243846667.41622353,24047994.0,0.0011,-0.0,19954,34204,45202,
2410,WFG,Basic Materials,Lumber & Wood Production,NYSE,91.56,58,54,41,35,65.9,5207204163.0,78303822.0,12.5,-14.4,176050,206036,219540,-0.064
2411,SOCA,Financial Services,Shell Companies,NASDAQ,91.56,58,47,47,45,10.36,243924936.05961227,23590419.0,0.0001,0.0,2930,15506,9502,
2412,LAFA,Financial Services,Shell Companies,NASDAQ,91.55,58,45,46,44,10.2,159961734.73532867,15713333.0,0.02,0.0,40360,21350,14914,
2413,SSACU,Financial Services,Shell Companies,NASDAQ,91.54,58,44,45,44,10.31,,,0.75,-3.46,1060,1006,616,
2414,FTV,Technology,Scientific & Technical Instruments,NYSE,91.53,58,50,67,68,57.38,17356920347.11316,302017052.0,0.057600003,-11.12,2120890,2285840,2439452,0.079
2415,WSTNU,Financial Services,Shell Companies,NASDAQ,91.52,58,43,39,43,10.28,,,0.0,-8.21,0,0,10,
2416,LPBB,Financial Services,Shell Companies,NASDAQ,91.51,58,48,47,47,10.81,310787512.0639801,28750000.0,0.0001,-0.37,78210,56250,59674,
2417,DMII,Financial Services,Shell Companies,NASDAQ,91.51,58,47,45,45,10.19,668209222.483635,65575000.0,0.0021,-1.36,19950,66800,50262,
2418,AVGO,Technology,Semiconductors,NASDAQ,91.51,58,34,74,82,362.51,1695306980182.3188,4773629865.0,0.0111,-26.77,21226220,25213286,23101380,0.855
2419,CRAQ,Financial Services,Shell Companies,NASDAQ,91.51,58,48,49,46,10.41,405904632.0503235,38991800.0,0.01,0.0,43870,57163,35390,
2420,SORNU,Financial Services,Shell Companies,NASDAQ,91.5,58,49,41,41,10.2,,,2.33,-2.3,70,73,310,
2421,ADAC,Financial Services,Shell Companies,NASDAQ,91.5,58,45,46,43,10.15,291812489.03274536,28750000.0,0.00029999999,-5.41,60,22116,21322,
2422,BSBK,Financial Services,Banks - Regional,NASDAQ,91.48,58,52,55,53,9.08,116000337.11722183,12761313.0,0.0046,-4.92,2760,4556,7474,0.118
2423,AXINU,Financial Services,Shell Companies,NASDAQ,91.48,58,49,53,45,10.6,,,0.91,-9.79,30,363,350,
2424,PAACU,Financial Services,Shell Companies,NASDAQ,91.47,58,43,50,41,10.3,,,105.33,-3.2,50080,16730,10038,
2425,FVAV,Financial Services,Shell Companies,NASDAQ,91.47,58,50,42,42,10.25,370409375.0,36137500.0,0.42,-0.97,250,7096,19306,
2426,BSAAU,Financial Services,Shell Companies,NASDAQ,91.46,58,28,65,49,11.0,,,9.61,-39.56,120,50,74,
2427,KTWO,Financial Services,Shell Companies,NASDAQ,91.46,58,44,41,42,10.09,202415733.7450962,20041161.0,0.0001,-0.1,10034,10348,31136,
2428,SVCCU,Financial Services,Shell Companies,NASDAQ,91.46,58,46,50,42,10.86,,,0.0,-14.42,110,43,26,
2429,CCAQU,Financial Services,Shell Companies,NASDAQ,91.45,58,48,51,48,10.68,,,0.46,-16.69,0,0,48,
2430,GYRE,Healthcare,Biotechnology,NASDAQ,91.45,58,34,26,46,7.35,753900069.0870347,106033763.0,0.0582,-21.97,175110,158173,117106,-0.021
2431,CRACU,Financial Services,Shell Companies,NASDAQ,91.44,58,42,45,41,10.34,,,2.7,-3.9,0,20,22,
2432,CUB,Financial Services,Shell Companies,NASDAQ,91.43,58,45,44,48,10.89,285436482.2178688,26162831.0,0.0002,-2.98,45640,87040,82730,
2433,TMTSU,Financial Services,Shell Companies,NASDAQ,91.43,58,47,43,41,10.3,,,11.66,-2.28,0,116,70,
2434,AACI,Financial Services,Shell Companies,NASDAQ,91.43,58,44,43,41,10.1,342340144.3194866,34029834.0,0.04,-0.0,12260,26416,27838,
2435,MNPR,Healthcare,Biotechnology,NASDAQ,91.42,58,97,95,58,78.29,523348059.03356934,6712172.0,0.1841,-37.28,160760,151960,204240,
2436,TVAI,Financial Services,Shell Companies,NASDAQ,91.42,58,46,47,46,10.4,282836652.825613,27195833.0,0.0001,0.0,52110,48743,37436,
2437,EGHAU,Financial Services,Shell Companies,NASDAQ,91.41,58,29,50,48,10.66,,,0.0,-43.89,0,23,14,
2438,BALL,Consumer Cyclical,Packaging & Containers,NYSE,91.41,58,73,61,74,57.11,14921327951.356312,264703357.0,0.0348,-16.37,2127440,1958390,1940794,0.197
2439,PRM,Basic Materials,Specialty Chemicals,NYSE,91.41,58,73,90,87,28.07,4493206161.2332115,163686923.0,0.056700002,-26.46,1571980,1199663,1429816,0.315
2440,TONT,Financial Services,Shell Companies,NYSE ARCA,91.4,58,46,44,47,10.93,154481593.86941147,14159633.0,0.0016,-8.5,13520,22476,70004,
2441,UTL,Utilities,Utilities - Diversified,NYSE,91.4,58,62,54,59,50.65,933717722.7134781,18236674.0,0.0479,-11.54,175760,147116,132456,0.14
2442,GIW,Financial Services,Shell Companies,NASDAQ,91.39,58,46,45,43,10.18,371467915.8492842,36472057.0,0.01,-0.05,18590,67230,73724,
2443,VNOM,Energy,Oil & Gas Midstream,NASDAQ,91.39,58,60,59,76,40.87,7900621072.704575,194405049.0,0.0481,-20.07,2113030,1755676,1747140,1.152
2444,WFCF,Industrials,Specialty Business Services,NASDAQ,91.38,58,73,50,60,12.76,63391107.71049118,4979663.0,0.0047999998,-42.39,218010,75586,47388,0.007
2445,DFIN,Technology,Software - Application,NYSE,91.37,58,71,23,34,48.28,1144695466.2428856,24585383.0,0.0531,-14.18,203870,232546,236112,0.028
2446,HAVAU,Financial Services,Shell Companies,NASDAQ,91.37,58,43,45,45,10.3,188901632.69807053,18339964.0,0.0,-6.6,2160,720,650,
2447,TDWD,Financial Services,Shell Companies,NASDAQ,91.37,58,45,44,43,10.13,238746308.08353424,23545000.0,0.0001,-0.2,74842,56957,36894,
2448,NATH,Consumer Cyclical,Restaurants,NASDAQ,91.37,58,38,39,56,101.52,415871606.1364517,4097661.0,0.056599997,-9.62,39450,28843,27472,0.15
2449,CEPO,Financial Services,Shell Companies,NASDAQ,91.37,58,48,38,35,10.76,274125000.0,25500000.0,0.0007,-1.91,196990,236076,206492,
2450,YCY,Financial Services,Shell Companies,NYSE,91.36,57,47,48,44,10.26,151183668.37263107,14735250.0,0.0001,-0.39,18130,34013,25140,
2451,LPBBU,Financial Services,Shell Companies,NASDAQ,91.36,57,44,48,45,10.87,,,0.65,-6.86,220,73,212,
2452,FR,Real Estate,REIT - Industrial,NYSE,91.36,57,60,73,71,59.22,7882787247.785843,132572946.0,0.0461,-15.25,1203430,1015556,964516,0.084
2453,TPVG,Financial Services,Asset Management,NYSE,91.36,57,35,27,32,4.83,199477646.58238173,40709723.0,0.0629,-30.5,199540,234910,229062,-0.052
2454,HLXC,Financial Services,Shell Companies,NASDAQ,91.35,57,53,50,43,10.57,233174193.26782227,22060000.0,0.0001,-5.88,71920,30333,30290,
2455,ITHA,Financial Services,Shell Companies,NASDAQ,91.35,57,43,42,41,10.1,308813337.40127563,30666668.0,0.0001,-0.1,27840,29013,18366,
2456,BILL,Technology,Software - Application,NYSE,91.35,57,70,35,21,44.49,3719773139.75457,85276782.0,0.17559999,-22.23,1587800,1792863,2132726,0.138
2457,VMD,Healthcare,Medical Devices,NASDAQ,91.35,57,61,91,85,9.24,347745525.9988518,38088228.0,0.0403,-26.72,260210,284960,370696,0.239
2458,SCPQU,Financial Services,Shell Companies,NASDAQ,91.35,57,44,48,41,10.3,,,16.03,-11.44,70,66,2588,
2459,STAK,Energy,Oil & Gas Equipment & Services,NASDAQ,91.35,57,77,99,78,1.05,21131384.35801041,19210349.0,0.4461,-91.25,5014980,1959230,2551410,0.134
2460,MYXXU,Financial Services,Shell Companies,NASDAQ,91.34,57,45,42,41,10.2,,,0.29,-3.23,0,0,88,
2461,LATAU,Financial Services,Shell Companies,NASDAQ,91.34,57,44,42,44,10.3,,,65.26,-20.71,0,10,56,
2462,SCII,Financial Services,Shell Companies,NASDAQ,91.33,57,45,45,43,10.17,253460191.85822296,24897857.0,0.05,-0.12,34910,20443,20000,
2463,FIGX,Financial Services,Shell Companies,NASDAQ,91.33,57,46,44,45,10.32,200059272.56398773,19385589.0,0.03,-0.58,29390,21563,15830,
2464,CBSH,Financial Services,Banks - Regional,NASDAQ,91.33,57,63,59,32,55.14,7928930624.751892,143432178.0,0.0456,-9.49,960060,996383,985618,0.142
2465,BIXIU,Financial Services,Shell Companies,NASDAQ,91.32,57,48,43,40,10.23,,,0.27,-2.57,182,110,550,
2466,RKLB,Industrials,Aerospace & Defense,NASDAQ,91.32,57,31,84,91,73.02,47257182858.84357,639301732.0,0.0731,-51.64,21177360,19363030,19088596,0.62
2467,WSBCO,Financial Services,Banks - Regional,NASDAQ,91.32,57,52,51,50,24.87,,,0.0013,-4.46,14703,10477,13546,0.035
2468,BCC,Basic Materials,Lumber & Wood Production,NYSE,91.32,57,58,33,37,74.84,2616502336.954033,34891351.0,0.0678,-18.63,353650,333526,335838,0.052
2469,TRS,Consumer Cyclical,Packaging & Containers,NASDAQ,91.31,57,56,70,80,38.93,1403385873.4425697,35873873.0,0.16780001,-14.31,321310,326210,383644,0.016
2470,NPACU,Financial Services,Shell Companies,NASDAQ,91.31,57,47,41,42,10.59,,,0.07,-1.94,520,516,1184,
2471,GSHRU,Financial Services,Shell Companies,NASDAQ,91.3,57,35,44,45,10.61,,,1.4,-13.74,0,0,2,
2472,ATNM,Healthcare,Biotechnology,NYSE ARCA,91.3,57,21,15,21,1.2,36786478.77067995,31441436.0,0.0226,-31.03,81820,127413,148010,
2473,CCAQ,Financial Services,Shell Companies,NASDAQ,91.29,57,49,48,47,10.49,216288762.4799738,20232813.0,0.0001,-1.96,490,723,8300,
2474,OTGA,Financial Services,Shell Companies,NASDAQ,91.29,57,45,44,43,10.27,361921508.07380676,35275000.0,0.01,-0.0,57960,43953,60698,
2475,ATII,Financial Services,Shell Companies,NASDAQ,91.29,57,40,54,46,10.7,316021209.03015137,29590000.0,0.0011,-6.14,451870,302523,247892,
2476,BHVN,Healthcare,Biotechnology,NYSE,91.29,57,88,85,22,12.97,1943933444.184411,151043781.0,0.1732,-30.14,1970430,3355606,2788362,
2477,UAL,Industrials,Airlines,NASDAQ,91.29,57,59,80,55,110.0,36517340790.63574,324569728.0,0.056599997,-20.73,4072610,3767360,3529674,0.16
2478,GSRF,Financial Services,Shell Companies,NASDAQ,91.28,57,45,43,40,10.27,301700436.7303848,29405500.0,0.04,-0.0,63338,25429,23575,
2479,SVAQ,Financial Services,Shell Companies,NASDAQ,91.28,57,43,45,41,10.15,297021236.98551655,29320951.0,0.0001,-0.1,127620,77766,83868,
2480,BLRK,Financial Services,Shell Companies,NASDAQ,91.27,57,45,43,40,10.13,232759997.3678589,23000000.0,0.0001,-5.15,11560,119976,87490,
2481,BCAT,Financial Services,Asset Management,NYSE,91.27,57,72,76,67,13.64,1459169458.810707,106276002.0,2.91,-15.8,1223352,1080844,914140,
2482,FRMEP,Financial Services,Banks - Regional,NASDAQ,91.27,57,46,52,52,25.27,,,1.12,-6.72,670,1103,1488,0.028
2483,OBAWU,Financial Services,Shell Companies,NASDAQ,91.27,57,44,45,44,10.37,,,4.67,-7.78,120,53,82,
2484,ALDFU,Financial Services,Shell Companies,NASDAQ,91.26,57,40,45,44,10.9,,,0.02,-16.79,780,293,238,
2485,DUOL,Technology,Software - Application,NASDAQ,91.25,57,63,23,5,147.1,6721989188.657272,46593117.0,0.1872,-58.33,978400,1096200,1236414,0.183
2486,WLII,Financial Services,Shell Companies,NASDAQ,91.25,57,44,47,38,10.29,206727841.73171997,20148912.0,0.0001,-2.0,3250,11180,20612,
2487,KTWOU,Financial Services,Shell Companies,NASDAQ,91.24,57,46,43,43,10.26,,,0.0,-8.64,0,106,164,
2488,BSL,Financial Services,Asset Management,NYSE,91.24,57,47,44,36,12.92,168998789.27994537,13019938.0,0.0014,-7.71,47473,52487,46414,-0.127
2489,EDTK,Consumer Defensive,Education & Training Services,NASDAQ,91.24,57,30,36,48,1.02,16199451.0,16199451.0,0.0001,-25.0,7440,5773,9278,-0.984
2490,VLTO,Industrials,Pollution & Treatment Controls,NYSE,91.23,57,50,34,33,96.57,23082353884.319824,243793344.0,0.031,-10.05,1871830,1732556,1676326,0.075
2491,NBRG,Financial Services,Shell Companies,NASDAQ,91.23,57,44,42,40,10.09,75915278.16653252,7546250.0,0.0004,-0.0,10645,6121,26883,
2492,DIS,Communication Services,Entertainment,NYSE,91.23,57,48,27,36,103.61,176450138730.9242,1726686902.0,0.0114,-11.51,8461510,8398186,9308370,0.068
2493,HCACU,Financial Services,Shell Companies,NASDAQ,91.22,57,44,46,52,10.38,263907755.72961903,25424639.0,0.14,-12.77,0,480,988,
2494,THW,Financial Services,Asset Management,NYSE,91.21,57,78,74,67,12.26,498493352.94758034,40363833.0,0.001,-15.45,126459,103416,115513,
2495,GPAC,Financial Services,Shell Companies,NASDAQ,91.21,57,44,43,42,10.1,297041011.21902466,29410000.0,0.00029999999,-0.0,14170,22053,67642,
2496,PCRX,Healthcare,Drug Manufacturers - Specialty & Generic,NASDAQ,91.2,57,64,55,54,25.05,1004918109.5653534,39861886.0,0.2727,-9.44,529200,529796,601136,0.062
2497,ADAG,Healthcare,Biotechnology,NASDAQ,91.2,57,87,93,97,2.8,191358523.99671173,67143344.0,0.0368,-42.27,312520,237633,259898,
2498,SSEAU,Financial Services,Shell Companies,NASDAQ,91.2,57,49,43,46,10.43,,,0.0,-0.67,0,333,424,
2499,DYOR,Financial Services,Shell Companies,NASDAQ,91.2,57,44,43,41,10.15,233449991.2261963,23000000.0,0.0,-3.06,4300,26680,47716,
2500,WSTN,Financial Services,Shell Companies,NASDAQ,91.19,57,47,45,45,10.15,80272418.93310356,7908613.0,1.73,-0.49,3810,3643,10520,
2501,GPACU,Financial Services,Shell Companies,NASDAQ,91.19,57,44,43,41,10.2,,,0.0,-2.86,160,103,424,
2502,POCI,Healthcare,Medical Instruments & Supplies,NASDAQ,91.18,57,28,67,44,4.46,48938652.7385788,10972792.0,0.0007,-27.48,120160,63063,59558,0.42
2503,RAC,Financial Services,Shell Companies,NYSE,91.18,57,46,43,46,10.56,308776593.2324133,29267923.0,0.02,-0.38,41187,23499,19169,
2504,ARCI,Financial Services,Shell Companies,NASDAQ,91.18,57,47,46,42,10.08,355440957.3097229,35262000.0,0.09,-1.18,35670,19356,25508,
2505,AEO,Consumer Cyclical,Apparel Retail,NYSE,91.18,57,30,56,73,18.11,2967723574.0120316,167573333.0,0.1274,-36.37,5893000,7172310,5985236,0.075
2506,PG,Consumer Defensive,Household & Personal Products,NYSE,91.17,56,38,42,36,145.94,336578453237.80005,2322672312.0,0.0104,-12.74,7114210,7966656,8683654,0.015
2507,LATA,Financial Services,Shell Companies,NASDAQ,91.17,56,46,41,40,10.21,234830000.87738037,23000000.0,0.01,-0.0,66340,27056,16952,
2508,AXIN,Financial Services,Shell Companies,NASDAQ,91.17,56,43,48,45,10.34,282210013.851408,27266667.0,0.0,-1.05,117820,82770,58936,
2509,WPAC,Financial Services,Shell Companies,NYSE,91.17,56,43,44,42,10.09,158074573.70051193,15666459.0,0.0002,-15.14,1670,20650,14244,
2510,BIXI,Financial Services,Shell Companies,NASDAQ,91.16,56,46,43,42,10.08,304043674.7835102,30103333.0,0.0001,-2.42,10440,24976,23740,
2511,PPLI,Communication Services,Internet Content & Information,NASDAQ,91.16,56,40,73,63,41.73,3073870733.101654,74463925.0,0.20040001,-13.64,1914810,1276940,1199230,-0.015
2512,AER,Industrials,Rental & Leasing Services,NYSE,91.16,56,60,66,76,143.29,22687947366.474762,157184065.0,0.0222,-9.77,1128300,1129770,1114142,0.149
2513,RNGT,Financial Services,Shell Companies,NASDAQ,91.16,56,45,45,43,10.19,319218733.774807,31326668.0,0.11,-0.06,2730,22370,13802,
2514,OR,Basic Materials,Gold,NYSE,91.16,56,54,21,77,34.46,6456357147.552155,187303653.0,3.17,-28.3,694150,912480,968056,0.62
2515,NOEM,Financial Services,Shell Companies,NASDAQ,91.15,56,51,46,48,10.51,39060048.00063133,3716465.0,0.0001,-16.72,190,140,3612,
2516,OTGAU,Financial Services,Shell Companies,NASDAQ,91.15,56,46,48,44,10.4,,,0.0,-0.34,1670,656,2988,
2517,RDAG,Financial Services,Shell Companies,NASDAQ,91.15,56,46,42,39,10.44,391499984.2643738,37500000.0,0.0,-0.1,37810,44250,36342,
2518,EVOX,Financial Services,Shell Companies,NASDAQ,91.15,56,45,44,44,10.13,324160003.6621094,32000000.0,0.03,-0.2,17620,47620,54482,
2519,PAM,Industrials,Conglomerates,NYSE,91.14,56,56,60,63,79.99,4094791728.412857,53603767.0,0.0126,-15.35,176610,186243,180408,0.535
2520,ALF,Financial Services,Shell Companies,NASDAQ,91.14,56,45,47,48,10.92,392437502.74181366,35937500.0,7.55,-0.64,120,216,510,
2521,TCI,Real Estate,Real Estate Services,NYSE,91.13,56,32,49,37,45.46,389564059.3880081,8773965.0,0.0156,-23.79,18420,58943,57774,0.058
2522,SONY,Technology,Consumer Electronics,NYSE,91.13,56,48,25,25,23.54,139235832872.5259,5845333109.0,0.0021,-22.41,3468570,3720390,4480152,0.082
2523,APXT,Financial Services,Shell Companies,NASDAQ,91.13,56,45,44,43,10.14,466493982.46765137,45960000.0,0.0004,-0.49,75710,157040,176806,
2524,AM,Energy,Oil & Gas Midstream,NYSE,91.12,56,68,71,77,20.56,9664362929.718018,474674000.0,0.0366,-13.74,2541060,2396996,2493186,0.083
2525,GLED,Financial Services,Shell Companies,NYSE,91.12,56,43,41,41,10.06,160464299.390316,15982500.0,0.04,-0.0,25480,16403,14776,
2526,LPCV,Financial Services,Shell Companies,NASDAQ,91.12,56,42,42,42,10.08,289799997.8065491,28750000.0,0.01,-0.49,5120,23453,29286,
2527,BLZR,Financial Services,Shell Companies,NASDAQ,91.11,56,43,42,39,10.25,352343750.0,34375000.0,0.0,0.0,23720,56333,40848,
2528,JENA,Financial Services,Shell Companies,NYSE,91.11,56,44,46,43,10.43,301339988.9469147,28975000.0,0.02,-1.7,158610,57070,37656,
2529,LAFAU,Financial Services,Shell Companies,NASDAQ,91.1,56,42,43,43,10.22,139843666.9138441,13683333.0,15.88,-9.48,0,30,180,
2530,SBRA,Real Estate,REIT - Healthcare Facilities,NASDAQ,91.1,56,67,54,66,19.07,4894666365.979477,255462756.0,0.112799995,-16.25,2634530,2350316,2455716,0.253
2531,HQY,Healthcare,Health Information Services,NASDAQ,91.09,56,60,58,32,91.55,7447685327.568115,82715296.0,0.0771,-14.93,1030210,982216,858988,0.076
2532,QNST,Communication Services,Advertising Agencies,NASDAQ,91.09,56,90,76,23,14.99,856634193.5202942,57223392.0,0.14770001,-32.75,1286710,1067623,1053470,0.427
2533,COCO,Consumer Defensive,Beverages - Non-Alcoholic,NASDAQ,91.09,56,39,91,71,55.32,3238656714.0449524,57864153.0,0.12550001,-35.55,979280,1314933,1172600,0.281
2534,TWLV,Financial Services,Shell Companies,NASDAQ,91.08,56,45,43,42,10.07,236015617.84744263,23437500.0,0.0001,-2.99,26870,16396,28880,
2535,COMP,Real Estate,Real Estate Services,NYSE,91.08,56,82,90,25,9.29,7077683693.583231,767644630.0,0.060399998,-33.43,18726570,14878293,13322516,1.09
2536,DTIL,Healthcare,Biotechnology,NASDAQ,91.08,56,86,92,91,6.31,174165804.1606264,27601554.0,0.0825,-34.41,277340,257160,266202,
2537,FACTU,Financial Services,Shell Companies,NASDAQ,91.08,56,35,46,48,10.83,,,,-27.8,0,0,0,
2538,FRME,Financial Services,Banks - Regional,NASDAQ,91.07,56,62,62,64,39.77,2521477229.2773666,62801423.0,0.043,-12.27,558130,482153,437914,0.028
2539,MOH,Healthcare,Healthcare Plans,NYSE,91.07,56,72,83,16,194.05,9893987649.536133,52200000.0,0.0715,-20.76,671220,623366,655040,-0.057
2540,SUMAU,Financial Services,Shell Companies,NASDAQ,91.07,56,46,48,41,10.25,,,30.96,0.0,120,50,96,
2541,CRS,Industrials,Metal Fabrication,NYSE,91.06,56,84,94,93,392.2,19252016194.516296,49558566.0,0.0368,-37.35,762880,818690,776412,0.126
2542,GDDY,Technology,Software - Infrastructure,NYSE,91.06,56,46,23,11,99.74,12311423189.890564,126647704.0,0.084,-28.47,3068280,2388186,2337236,0.066
2543,HCAC,Financial Services,Shell Companies,NASDAQ,91.06,56,42,43,41,10.13,295768581.431365,29197293.0,0.02,-0.2,87520,68353,53684,
2544,GIX,Financial Services,Shell Companies,NASDAQ,91.06,56,43,44,42,10.01,365833586.4749012,36546811.0,0.00029999999,-0.3,15440,26466,46736,
2545,PCAP,Financial Services,Shell Companies,NASDAQ,91.06,56,44,40,38,10.4,329788795.1660156,31680000.0,0.001,-0.4,19808,27522,32943,
2546,DEO,Consumer Defensive,Beverages - Wineries & Distilleries,NYSE,91.05,56,51,34,25,83.97,47133294513.0,556145068.0,0.0056,-18.27,858660,941936,1118638,-0.017
2547,PLMK,Financial Services,Shell Companies,NASDAQ,91.05,56,44,47,49,10.69,113928021.59421158,10702491.0,0.0001,-10.92,930,12440,13148,
2548,LWACU,Financial Services,Shell Companies,NASDAQ,91.05,56,45,45,44,10.36,,,0.0,-2.95,110,56,40,
2549,MESHU,Financial Services,Shell Companies,NASDAQ,91.05,56,43,44,40,10.18,,,0.31,-3.05,10,3963,2584,
2550,BTO,Financial Services,Asset Management,NYSE,91.04,56,69,63,66,36.16,714188457.3108673,19833060.0,0.11,-13.9,49394,39081,40802,-0.001
2551,RICK,Consumer Cyclical,Restaurants,NASDAQ,91.03,56,66,37,24,26.03,203496596.4155197,7644500.0,0.1137,-18.66,34920,48823,52850,0.039
2552,BLZRU,Financial Services,Shell Companies,NASDAQ,91.03,56,44,41,42,10.39,,,0.0,-5.55,564,1611,1626,
2553,ALOV,Financial Services,Shell Companies,NASDAQ,91.02,56,43,43,42,10.02,375937892.17472076,37518750.0,0.01,-0.2,6207,71222,45045,
2554,LGI,Financial Services,Asset Management,NYSE,91.01,56,57,69,60,16.94,219398210.06246948,13012942.0,0.0021,-14.79,30804,31524,33136,0.059
2555,CVS,Healthcare,Healthcare Plans,NYSE,91.01,56,72,87,57,87.01,110579776932.80765,1278970369.0,0.0127,-21.39,9163680,7604093,7823620,0.071
2556,SCIIU,Financial Services,Shell Companies,NASDAQ,91.0,56,49,42,45,10.27,156668856.9831848,15255000.0,27.79,-9.07,0,10,6,
2557,SMP,Consumer Cyclical,Auto Parts,NYSE,91.0,56,62,48,72,37.42,838207803.5865746,22340293.0,0.0626,-18.65,109970,187586,168696,0.016
2558,ALL,Financial Services,Insurance - Property & Casualty,NYSE,90.99,56,80,76,61,224.71,56574439121.990204,252857950.0,0.0001,-18.94,3054070,2098470,1976424,0.118
2559,SOCAU,Financial Services,Shell Companies,NASDAQ,90.99,56,44,48,48,10.4,,,0.15,-13.33,89,163,137,
2560,IRHO,Financial Services,Shell Companies,NASDAQ,90.98,56,42,45,42,10.07,295252391.0522461,29320000.0,0.0,-0.69,54493,72964,75736,
2561,GTENU,Financial Services,Shell Companies,NASDAQ,90.97,56,51,49,41,10.65,,,0.82,-2.29,0,103,122,
2562,CHY,Financial Services,Asset Management,NASDAQ,90.97,56,68,79,67,11.66,942710597.7987442,80436056.0,0.0018000001,-16.18,215561,162280,167270,-0.449
2563,SCD,Financial Services,Asset Management,NYSE,90.97,56,58,57,57,14.68,335806896.92477036,22906337.0,0.34,-9.27,71504,68594,71284,0.13
2564,MESH,Financial Services,Shell Companies,NASDAQ,90.97,56,44,42,40,10.09,435131256.5803528,43125000.0,0.0,-0.39,154990,210963,172608,
2565,PACHU,Financial Services,Shell Companies,NASDAQ,90.96,55,45,44,47,10.38,,,43.69,-7.32,30,60,56,
2566,VNMEU,Financial Services,Shell Companies,NASDAQ,90.96,55,43,43,43,10.34,,,0.0,-8.66,0,43,26,
2567,OYSEU,Financial Services,Shell Companies,NASDAQ,90.96,55,42,54,40,10.66,,,13.37,-9.58,0,0,14,
2568,DBCA,Financial Services,Shell Companies,NASDAQ,90.96,55,44,45,41,10.04,433579738.3880882,43271429.0,0.0,-0.59,197760,100006,90154,
2569,MBVI,Financial Services,Shell Companies,NASDAQ,90.95,55,44,43,40,10.23,442031250.0,43125000.0,0.0001,-2.57,75670,45160,29520,
2570,DAAQ,Financial Services,Shell Companies,NASDAQ,90.95,55,47,44,39,10.44,239874825.71781158,22910680.0,0.0002,-0.48,910,50740,43354,
2571,PED,Energy,Oil & Gas E&P,NYSE ARCA,90.95,55,63,25,84,12.93,170270692.10755062,13292013.0,0.017,-31.55,15650,27616,27746,5.614
2572,DSACU,Financial Services,Shell Companies,NASDAQ,90.95,55,48,47,39,10.3,,,0.0,-6.36,0,0,444,
2573,KBONU,Financial Services,Shell Companies,NASDAQ,90.93,55,44,44,47,10.3,,,1.49,-7.17,0,30,120,
2574,CHPGU,Financial Services,Shell Companies,NASDAQ,90.93,55,44,48,45,10.48,,,,-0.1,0,0,0,
2575,XSLL,Financial Services,Shell Companies,NASDAQ,90.93,55,44,44,41,10.0,277077226.75545883,27680042.0,0.00029999999,-0.1,68507,62885,40903,
2576,QADRU,Financial Services,Shell Companies,NASDAQ,90.92,55,44,44,41,10.1,,,0.78,-3.81,0,0,4,
2577,DMIIU,Financial Services,Shell Companies,NASDAQ,90.92,55,42,44,43,10.2,,,14.28,-5.56,540,296,272,
2578,IPI,Basic Materials,Agricultural Inputs,NYSE,90.92,55,81,53,74,33.38,440840617.6534195,13456674.0,0.0274,-33.69,188690,206006,204958,-0.015
2579,BWBBP,Financial Services,Banks - Regional,NASDAQ,90.92,55,51,57,62,19.35,,,3.83,-8.64,2160,2050,2132,0.184
2580,BLUW,Financial Services,Shell Companies,NASDAQ,90.91,55,43,45,45,10.39,335357043.6973572,32308000.0,0.0001,-0.19,24830,51973,37906,
2581,FIGXU,Financial Services,Shell Companies,NASDAQ,90.91,55,44,47,41,10.36,,,0.0,-8.36,80,60,80,
2582,CUBWU,Financial Services,Shell Companies,NASDAQ,90.91,55,46,46,46,11.02,,,0.0,-14.57,0,31,18,
2583,TACOU,Financial Services,Shell Companies,NASDAQ,90.91,55,47,50,38,10.75,,,5.64,-14.0,150,123,224,
2584,BHAVU,Financial Services,Shell Companies,NASDAQ,90.91,55,44,43,42,10.15,,,1.11,-17.81,40,483,444,
2585,SORN,Financial Services,Shell Companies,NASDAQ,90.9,55,41,42,43,10.04,348722672.03502846,34733334.0,0.0002,-7.72,27280,38016,22834,
2586,APXTU,Financial Services,Shell Companies,NASDAQ,90.9,55,43,48,43,10.27,,,21.93,-2.19,10,156,502,
2587,OACC,Financial Services,Shell Companies,NASDAQ,90.9,55,46,43,46,10.76,264510589.30654907,24582768.0,0.01,-1.06,49610,41750,37234,
2588,LPAA,Financial Services,Shell Companies,NASDAQ,90.9,55,43,48,48,10.85,81631182.22002983,7523611.0,0.0005,-7.03,1090,473,8626,
2589,AEAQ,Financial Services,Shell Companies,NASDAQ,90.9,55,45,42,41,10.08,315621600.9711094,31311667.0,0.0001,-0.2,0,33086,37946,
2590,FNB,Financial Services,Banks - Regional,NYSE,90.89,55,64,65,71,17.4,6211571181.628941,355963949.0,0.081599995,-11.18,5195330,4173803,3981530,0.068
2591,SCPQ,Financial Services,Shell Companies,NASDAQ,90.88,55,42,42,41,10.07,138201678.61977768,13683334.0,0.01,-0.3,33780,14060,14100,
2592,SBUX,Consumer Cyclical,Restaurants,NASDAQ,90.88,55,70,72,66,94.43,107969398956.29883,1140000000.0,0.038900003,-14.55,7147530,6692383,7082724,-0.014
2593,GPATU,Financial Services,Shell Companies,NASDAQ,90.88,55,46,46,48,10.99,,,0.0,-11.8,10,3,4,
2594,KFIIU,Financial Services,Shell Companies,NASDAQ,90.88,55,43,44,50,10.7,276370304.0,,,-16.41,10,3,16,
2595,MEVO,Financial Services,Shell Companies,NASDAQ,90.87,55,44,42,41,10.01,400400009.15527344,40000000.0,0.01,-10.14,48023,157741,98648,
2596,FELE,Industrials,Specialty Industrial Machinery,NASDAQ,90.87,55,50,57,61,99.04,4361460991.06134,44211464.0,0.019299999,-14.49,304860,282166,283724,0.06
2597,MAS,Industrials,Building Products & Equipment,NYSE,90.87,55,58,73,38,68.46,13479732835.153656,197187430.0,0.052699998,-18.15,2004700,2187133,2459978,-0.029
2598,GDL,Financial Services,Asset Management,NYSE,90.87,55,48,52,53,8.3,89488681.0503788,10742939.0,0.00090000004,-4.27,14393,13501,11480,
2599,VLYPN,Financial Services,Banks - Regional,NASDAQ,90.86,55,52,52,58,25.0,,,1.59,-5.8,38107,19769,16733,0.15
2600,MLAA,Financial Services,Shell Companies,NASDAQ,90.85,55,43,42,41,10.01,261261005.97381592,26100000.0,,-10.62,73940,79216,60390,
2601,DLX,Industrials,Conglomerates,NYSE,90.85,55,64,68,91,22.67,1036810744.8884583,45856290.0,0.1225,-29.31,420300,430333,447348,-0.042
2602,MUZE,Financial Services,Shell Companies,NASDAQ,90.84,55,44,45,42,10.01,273475288.33309937,27320208.0,0.0,-0.3,44870,43510,30530,
2603,SA,Basic Materials,Gold,NYSE,90.84,55,76,53,89,27.16,2909286621.450714,107871216.0,0.044,-32.2,510980,565146,661586,
2604,LFAC,Financial Services,Shell Companies,NASDAQ,90.84,55,43,43,42,10.07,197766405.69660187,19639167.0,0.02,-0.2,22990,26596,29256,
2605,BLRKU,Financial Services,Shell Companies,NASDAQ,90.84,55,46,44,42,10.2,,,794.75,-7.19,0,453,402,
2606,IPXG,Financial Services,Shell Companies,NASDAQ,90.83,55,45,50,43,10.06,315196583.1672907,31331667.0,0.0001,-1.57,108930,71430,86556,
2607,GTERU,Financial Services,Shell Companies,NASDAQ,90.82,55,46,44,44,10.45,,,0.15,-4.13,190,656,936,
2608,EVOXU,Financial Services,Shell Companies,NASDAQ,90.81,55,43,43,42,10.28,,,0.02,-0.29,41,522,498,
2609,VHCPU,Financial Services,Shell Companies,NASDAQ,90.81,55,43,44,40,10.17,,,0.0,-1.17,350,363,606,
2610,MEVOU,Financial Services,Shell Companies,NASDAQ,90.81,55,42,43,40,10.19,,,0.0,-7.36,0,460,624,
2611,CHSCN,Consumer Defensive,Farm Products,NASDAQ,90.8,55,52,51,52,24.35,,,0.54,-4.81,34737,24189,21571,0.186
2612,FERAU,Financial Services,Shell Companies,NASDAQ,90.8,55,45,46,43,10.74,,,0.0,-6.61,0,3333,2016,
2613,DRDBU,Financial Services,Shell Companies,NASDAQ,90.8,55,36,40,39,10.72,,,0.0,-12.13,0,13,8,
2614,TLNC,Financial Services,Shell Companies,NASDAQ,90.79,55,44,50,48,10.3,349983706.4809799,33979000.0,0.00059999997,-8.85,10070,71866,52892,
2615,KRSP,Financial Services,Shell Companies,NYSE,90.77,55,42,46,39,10.55,487765564.0131483,46002601.0,0.0007,-11.27,218790,88226,61948,
2616,FGII,Financial Services,Shell Companies,NASDAQ,90.77,55,42,41,41,10.03,289978813.24768066,28940000.0,0.0001,-0.1,53565,42985,30611,
2617,LEGO,Financial Services,Shell Companies,NYSE ARCA,90.77,55,40,41,38,10.05,315168000.9745426,31266667.0,0.0084,-0.3,33360,48460,33420,
2618,ZKP,Financial Services,Shell Companies,NASDAQ,90.77,55,42,41,41,10.04,392497061.8287077,39093333.0,0.0001,-0.1,5250,27463,19584,
2619,HCMA,Financial Services,Shell Companies,NASDAQ,90.76,55,43,46,42,10.3,347453336.33412266,33733333.0,0.0001,-1.81,28220,25223,18422,
2620,WTRG,Utilities,Utilities - Regulated Water,NYSE,90.76,55,64,39,50,38.67,11169467173.49271,283632983.0,0.0305,-9.03,2592610,2556566,2318874,0.031
2621,GIXXU,Financial Services,Shell Companies,NASDAQ,90.76,55,42,46,42,10.21,,,20.22,-4.67,0,0,26,
2622,IRAB,Financial Services,Shell Companies,NYSE,90.76,55,43,42,39,10.01,232482361.31256294,22904667.0,0.01,-1.38,6930,37296,27056,
2623,BIII,Financial Services,Shell Companies,NYSE,90.76,55,43,40,38,10.05,231150004.38690186,23000000.0,0.0001,-1.86,8497,254669,155309,
2624,CRANU,Financial Services,Shell Companies,NASDAQ,90.75,55,46,50,42,10.31,,,0.36,-8.19,0,120,168,
2625,TVAIU,Financial Services,Shell Companies,NASDAQ,90.74,54,46,45,45,10.47,,,0.36,-28.53,109,53,93,
2626,SOR,Financial Services,Asset Management,NYSE,90.74,54,53,51,56,44.96,369982152.7297325,8230971.0,0.0011,-10.81,7460,10616,9944,-0.047
2627,MDT,Healthcare,Medical Devices,NYSE,90.74,54,59,31,37,87.97,110491927424.94286,1279137890.0,0.0135,-17.27,22555730,13423616,10916796,0.137
2628,UAC,Financial Services,Shell Companies,NYSE ARCA,90.74,54,41,43,38,10.01,138675339.9708557,13853680.0,0.0011999999,-0.0,27580,56266,33916,
2629,WERN,Industrials,Trucking,NASDAQ,90.74,54,73,87,59,34.15,2120192373.0821228,59977156.0,0.11359999,-28.09,809140,841826,995266,0.24
2630,BRLT,Consumer Cyclical,Luxury Goods,NASDAQ,90.73,54,25,18,23,1.4,23501975.198130608,16907896.0,0.0064999997,-51.72,42350,78090,115976,0.057
2631,ACAAU,Financial Services,Shell Companies,NASDAQ,90.73,54,41,41,41,10.15,,,0.02,-14.2,40,206,234,
2632,ALUB,Financial Services,Shell Companies,NYSE,90.73,54,42,42,42,10.13,364046879.1127205,35937500.0,0.0002,-0.39,50760,85756,63526,
2633,XCBE,Financial Services,Shell Companies,NASDAQ,90.72,54,42,43,40,10.02,281812512.8746033,28125000.0,0.0001,-0.1,12950,30603,27274,
2634,MSEX,Utilities,Utilities - Regulated Water,NASDAQ,90.72,54,64,47,34,53.07,1009281773.6382217,18843946.0,0.056500003,-14.65,146110,126393,131252,0.143
2635,VHCP,Financial Services,Shell Companies,NASDAQ,90.72,54,42,41,39,10.07,308813327.33127594,30666667.0,0.05,-0.3,43290,25330,19208,
2636,KOYNU,Financial Services,Shell Companies,NASDAQ,90.71,54,41,48,43,10.32,,,6.32,-2.64,500,263,294,
2637,POLE,Financial Services,Shell Companies,NASDAQ,90.71,54,54,47,48,10.74,147501116.25658035,13733810.0,0.0001,-10.5,1300,99276,74656,
2638,HCMAU,Financial Services,Shell Companies,NASDAQ,90.7,54,45,48,42,10.47,,,0.0,-4.73,20,56,70,
2639,ARCIU,Financial Services,Shell Companies,NASDAQ,90.7,54,50,44,38,10.24,,,1.22,-3.94,681,477,292,
2640,PALO,Financial Services,Shell Companies,NASDAQ,90.69,54,42,41,41,9.99,210704080.17253876,21091500.0,0.82,-0.89,2280,2803,1978,
2641,UI,Technology,Communication Equipment,NYSE,90.69,54,34,26,96,609.29,37559072160.31494,60528381.0,0.0953,-44.61,101350,157756,144370,0.235
2642,SZZLU,Financial Services,Shell Companies,NASDAQ,90.68,54,46,45,47,10.54,,,1.62,-6.97,0,0,144,
2643,AKA,Consumer Cyclical,Apparel Retail,NYSE,90.68,54,64,53,32,10.7,119252994.34275627,10991059.0,0.012,-34.68,1350,2983,3484,-0.003
2644,AACO,Financial Services,Shell Companies,NASDAQ,90.67,54,41,42,41,10.0,313616670.0,31361667.0,0.03,0.0,1520,7360,5840,
2645,CETY,Industrials,Specialty Industrial Machinery,NASDAQ,90.67,54,37,18,10,0.96,11861953.64006257,12166106.0,0.0021,-68.52,9360,22273,23184,0.574
2646,TROW,Financial Services,Asset Management,NASDAQ,90.67,54,62,76,38,103.93,22317104812.88948,213315850.0,0.14930001,-14.81,1551960,1478286,1644456,0.107
2647,DNLI,Healthcare,Biotechnology,NASDAQ,90.67,54,72,89,81,19.91,3196948060.0,159847403.0,0.11310001,-27.07,1927340,1605640,1508186,
2648,BETA,Industrials,Aerospace & Defense,NYSE,90.67,54,36,16,9,20.7,5186473318.048286,233941060.0,0.0733,-47.59,2283570,3344116,2778992,1.457
2649,BCSS,Financial Services,Shell Companies,NYSE,90.66,54,45,44,41,10.27,600351984.4055176,58400000.0,0.0001,-2.0,59460,29076,31634,
2650,FMACU,Financial Services,Shell Companies,NASDAQ,90.66,54,49,45,42,10.16,,,1.92,-1.84,280,93,216,
2651,BEBE,Financial Services,Shell Companies,NYSE,90.66,54,40,41,39,10.05,200799999.23706055,20000000.0,0.0001,-0.0,2880,7503,6198,
2652,DNMX,Financial Services,Shell Companies,NASDAQ,90.66,54,42,42,41,10.07,270479994.59277916,26833333.0,0.0004,-0.1,39970,67666,43018,
2653,UTF,Financial Services,Asset Management,NYSE,90.65,54,58,64,64,25.17,2814260200.3604336,111810099.0,0.0011,-10.46,456153,374351,322566,0.172
2654,PGY,Technology,Software - Infrastructure,NASDAQ,90.65,54,84,50,16,18.4,1499996618.9506798,83425843.0,0.1435,-41.66,2939120,2352880,2698120,0.186
2655,AEMD,Healthcare,Medical Devices,NASDAQ,90.65,54,1,1,7,6.53,4586827.064361572,711136.0,0.105399996,-83.88,186720,5412356,3270844,
2656,FGBI,Financial Services,Banks - Regional,NASDAQ,90.65,54,64,65,74,8.7,137439878.08008003,16539094.0,0.074200004,-21.02,20490,22956,21168,1.768
2657,IRHOU,Financial Services,Shell Companies,NASDAQ,90.65,54,42,48,40,10.16,,,0.15,-10.01,0,150,162,
2658,KCHVU,Financial Services,Shell Companies,NASDAQ,90.65,54,43,45,46,10.52,,,0.51,-4.36,0,1080,726,
2659,TACO,Financial Services,Shell Companies,NASDAQ,90.62,54,46,48,39,10.46,392446126.43122673,37518750.0,0.0002,-1.78,70420,47870,43980,
2660,LFACU,Financial Services,Shell Companies,NASDAQ,90.62,54,44,44,41,10.18,,,37.38,-2.96,0,3,2526,
2661,PMTR,Financial Services,Shell Companies,NASDAQ,90.62,54,41,46,41,10.43,321201712.351799,30825500.0,0.0,-2.25,121900,98670,66056,
2662,LPCVU,Financial Services,Shell Companies,NASDAQ,90.61,54,41,42,40,10.13,,,1.48,-11.45,70,313,342,
2663,AACOU,Financial Services,Shell Companies,NASDAQ,90.61,54,41,43,40,10.1,,,1.7,-10.06,60,200,2636,
2664,CRAN,Financial Services,Shell Companies,NASDAQ,90.6,54,45,49,43,10.1,473690017.8909302,46900000.0,0.0001,-1.08,13270,58890,44730,
2665,FSS,Industrials,Farm & Heavy Construction Machinery,NYSE,90.6,54,59,39,64,116.43,7101580800.198944,61041611.0,0.0876,-13.44,436630,422696,419650,0.187
2666,ZKPU,Financial Services,Shell Companies,NASDAQ,90.6,54,41,41,39,10.08,,,4.29,-3.72,30,30,236,
2667,AEAQU,Financial Services,Shell Companies,NASDAQ,90.59,54,44,45,43,10.19,,,25.75,-8.69,0,13,8,
2668,GTEN,Financial Services,Shell Companies,NASDAQ,90.59,54,51,48,42,10.47,471935262.03632355,45075000.0,0.0001,-4.73,1120,5880,33814,
2669,HCICU,Financial Services,Shell Companies,NASDAQ,90.59,54,43,47,39,10.15,,,5.75,-1.12,20,40,170,
2670,CCEC,Industrials,Marine Shipping,NASDAQ,90.58,54,57,65,33,20.7,1263851923.2385445,60212098.0,0.0022,-13.75,8830,6353,7924,0.085
2671,BDCIU,Financial Services,Shell Companies,NASDAQ,90.58,54,42,42,40,10.29,,,0.0,-2.46,30,156,184,
2672,HCIC,Financial Services,Shell Companies,NASDAQ,90.58,54,43,44,39,9.98,354424863.443203,35513515.0,0.04,-0.4,28360,30303,24508,
2673,LAD,Consumer Cyclical,Auto & Truck Dealerships,NYSE,90.57,54,83,51,28,303.0,6765743369.806274,21983116.0,0.1336,-31.06,346640,282933,313094,0.022
2674,XSLLU,Financial Services,Shell Companies,NASDAQ,90.57,54,41,43,42,10.06,,,9.73,-11.68,50,550,2086,
2675,SBR,Energy,Oil & Gas Midstream,NYSE,90.57,54,42,57,65,71.38,1026531734.841156,14579345.0,0.0013,-10.62,33610,29530,33308,0.165
2676,MTN,Consumer Cyclical,Resorts & Casinos,NYSE,90.57,54,37,62,30,139.3,5030278796.180359,35635298.0,0.2916,-14.72,1202760,911913,777536,0.025
2677,MBVIU,Financial Services,Shell Companies,NASDAQ,90.57,54,43,44,41,10.3,0.0,0.0,0.07,-1.9,0,66,74,
2678,CHOW,Technology,Software - Infrastructure,NYSE ARCA,90.56,54,19,5,3,0.55,19874400.084614754,35490000.0,0.0401,-95.44,186010,5427000,8255424,-0.126
2679,NMPAU,Financial Services,Shell Companies,NASDAQ,90.56,54,40,45,46,10.35,,,0.86,-9.29,0,0,12,
2680,NWTG,Consumer Cyclical,Leisure,NASDAQ,90.56,54,39,7,23,1.13,6898463.321775913,5654478.0,0.0081,-41.75,183410,73266,74344,-0.364
2681,SBSW,Basic Materials,Other Precious Metals & Mining,NYSE,90.55,54,78,17,88,10.02,7204768544.274388,723370333.0,0.014400001,-52.94,5553570,5390506,5286266,0.643
2682,TLNCU,Financial Services,Shell Companies,NASDAQ,90.54,53,41,51,46,10.46,,,0.56,-12.76,0,236,14438,
2683,QUMSU,Financial Services,Shell Companies,NASDAQ,90.54,53,44,46,47,10.38,,,0.0,-5.55,0,120,76,
2684,TWLVU,Financial Services,Shell Companies,NASDAQ,90.53,53,42,41,44,10.16,,,0.0,-2.4,0,0,8,
2685,CAQUU,Financial Services,Shell Companies,NASDAQ,90.53,53,42,42,41,10.07,,,24.06,-6.33,30,43,38,
2686,NCZ,Financial Services,Asset Management,NYSE,90.52,53,67,72,72,13.86,265834282.9112749,19028939.0,0.0082,-14.29,76692,53730,54186,-0.104
2687,RFAM,Financial Services,Shell Companies,NASDAQ,90.52,53,42,42,40,9.99,139193993.48091316,13933333.0,0.0001,-0.3,51770,26986,17848,
2688,ORIQU,Financial Services,Shell Companies,NASDAQ,90.52,53,41,47,42,10.35,146763005.40924072,14180000.0,0.0,-3.18,0,0,0,
2689,SBXE,Financial Services,Shell Companies,NYSE,90.52,53,43,48,40,10.11,350766438.08841705,34695000.0,0.0,-1.27,23090,31770,24114,
2690,PTOR,Financial Services,Shell Companies,NASDAQ,90.51,53,42,42,39,9.96,337873907.9740629,33923083.0,0.0002,-0.8,53170,32823,37386,
2691,APD,Basic Materials,Specialty Chemicals,NYSE,90.5,53,63,58,63,279.45,61810824193.097534,222685530.0,0.0186,-11.25,1177470,1139693,1099668,0.046
2692,CDLR,Industrials,Engineering & Construction,NYSE,90.5,53,67,41,80,21.9,2139730868.3806686,96471183.0,0.015800001,-27.02,85550,74420,68610,0.213
2693,CCC,Technology,Software - Application,NASDAQ,90.5,53,79,25,11,6.58,3863805224.5374527,588994704.0,0.0863,-31.06,10775070,10736713,10749402,0.098
2694,DYORU,Financial Services,Shell Companies,NASDAQ,90.49,53,43,41,44,10.22,204400005.34057617,20000000.0,0.0,-11.21,0,0,300,
2695,PRI,Financial Services,Insurance - Life,NYSE,90.49,53,68,70,51,277.97,8476698150.270081,30777350.0,0.0517,-15.07,203590,197820,190894,0.087
2696,CAQ,Financial Services,Shell Companies,NASDAQ,90.49,53,42,40,38,10.0,311621670.0,31162167.0,0.01,-0.99,3250,36970,29096,
2697,RDW,Industrials,Aerospace & Defense,NYSE,90.48,53,52,36,32,10.43,2719919614.5293837,249992609.0,0.1981,-60.85,13644390,12528700,14671660,0.896
2698,GLQ,Financial Services,Asset Management,NYSE ARCA,90.47,53,56,70,69,7.57,142409717.81299353,18738121.0,0.0050999997,-13.49,49652,46217,46204,-0.003
2699,OIMAU,Financial Services,Shell Companies,NASDAQ,90.47,53,43,42,42,10.2,,,4.2,-6.9,20,6,8,
2700,SFBS,Financial Services,Banks - Regional,NYSE,90.47,53,65,60,54,39.51,4390202719.8472595,109345020.0,0.0647,-14.18,653950,642956,561446,0.301
2701,NRIM,Financial Services,Banks - Regional,NASDAQ,90.47,53,64,66,61,24.67,550780411.2514229,22244766.0,0.0421,-19.95,150020,140656,141026,0.083
2702,SOLS,Basic Materials,Specialty Chemicals,NASDAQ,90.46,53,49,52,90,58.06,9165493312.490925,158847369.0,0.0419,-36.06,2055870,2825806,2763876,0.111
2703,ETY,Financial Services,Asset Management,NYSE,90.46,53,42,43,45,14.18,2258599070.048584,159280608.0,0.14,-10.87,392722,337767,309804,0.021
2704,DSAC,Financial Services,Shell Companies,NASDAQ,90.45,53,45,45,38,10.12,344945908.29926777,34018333.0,0.0,-3.34,32904,138994,91896,
2705,PECO,Real Estate,REIT - Retail,NASDAQ,90.45,53,53,72,65,37.36,4859711783.981323,128700000.0,0.051799998,-15.81,1382960,1064080,977738,0.067
2706,BEAG,Financial Services,Shell Companies,NASDAQ,90.44,53,47,43,42,10.69,335102594.02656555,31318000.0,0.0004,-3.78,2005380,680080,410806,
2707,PCAPU,Financial Services,Shell Companies,NASDAQ,90.44,53,43,39,37,10.47,,,0.26,-4.82,1171,1600,1208,
2708,CRCL,Financial Services,Capital Markets,NYSE,90.44,53,61,10,47,83.3,20627415331.25,253875881.0,0.0958,-47.76,10631680,14511960,13909466,0.066
2709,PNC,Financial Services,Banks - Regional,NYSE,90.43,53,73,77,73,220.28,88178518230.01822,398943667.0,0.0194,-14.94,2081770,1782173,1638146,0.236
2710,CSL,Industrials,Building Products & Equipment,NYSE,90.42,53,46,32,45,330.98,13079452416.782501,39714133.0,0.0695,-23.55,488340,618260,559252,0.083
2711,RJF,Financial Services,Asset Management,NYSE,90.42,53,70,59,38,160.8,30433547588.80098,192361711.0,0.0446,-12.0,1270490,1267896,1159392,0.151
2712,ALFUU,Financial Services,Shell Companies,NASDAQ,90.41,53,41,43,44,10.91,,,,-14.7,0,0,8,
2713,FGIIU,Financial Services,Shell Companies,NASDAQ,90.41,53,40,41,40,10.09,,,,-8.56,320,156,94,
2714,FSHPU,Financial Services,Shell Companies,NASDAQ,90.4,53,52,45,38,11.26,,,0.07,-15.97,100,56,38,
2715,CRC,Energy,Oil & Gas E&P,NYSE,90.4,53,38,36,87,53.01,4656827017.09568,88819893.0,0.0631,-26.35,836060,871383,867936,0.33
2716,TDWDU,Financial Services,Shell Companies,NASDAQ,90.39,53,42,40,46,10.18,,,1.24,-15.17,20,6,36,
2717,HACQ,Financial Services,Shell Companies,NASDAQ,90.39,53,42,44,40,10.04,375244998.5742569,37375000.0,0.0,-0.5,43870,44370,27404,
2718,ECAT,Financial Services,Asset Management,NYSE,90.39,53,63,67,57,13.89,1391561592.1635113,99468307.0,0.0044,-16.98,586855,588251,563213,
2719,AMR,Basic Materials,Coking Coal,NYSE,90.38,53,80,24,69,173.6,2174963294.174576,12679045.0,0.1472,-31.61,288340,326580,343698,-0.104
2720,SDHIU,Financial Services,Shell Companies,NASDAQ,90.37,53,45,41,44,10.62,,,6.06,-5.43,0,43,38,
2721,SAC,Financial Services,Shell Companies,NYSE,90.37,53,42,44,39,10.1,316803348.6654339,31366667.0,0.01,-8.31,20492,123670,76584,
2722,VTR,Real Estate,REIT - Healthcare Facilities,NYSE,90.37,53,71,78,75,81.36,43092624715.36164,512946359.0,0.0442,-19.92,3527770,3574303,3575180,0.217
2723,SPEGU,Financial Services,Shell Companies,NASDAQ,90.35,53,45,50,45,10.48,,,0.73,-23.28,0,0,2506,
2724,BDCI,Financial Services,Shell Companies,NASDAQ,90.35,53,42,40,38,10.13,352504952.6207619,34746667.0,0.0001,-1.27,12420,11563,23086,
2725,MBNKO,Financial Services,Banks - Regional,NASDAQ,90.34,53,55,57,56,24.24,,,0.61,-7.46,61664,22998,14406,0.042
2726,KRAQ,Financial Services,Shell Companies,NASDAQ,90.34,53,41,43,40,10.01,431681259.8705292,43125000.0,0.0004,-4.12,42945,51688,42191,
2727,PGP,Financial Services,Asset Management,NYSE,90.34,53,60,55,63,8.32,97604640.88439941,11592000.0,0.22,-11.58,48996,54898,60045,0.061
2728,DLTR,Consumer Defensive,Discount Stores,NASDAQ,90.34,53,75,75,37,113.19,21044615022.962677,187630299.0,0.048,-20.51,2192570,2827586,2466698,0.07
2729,SYF,Financial Services,Credit Services,NYSE,90.33,53,64,37,68,71.88,23351864094.551697,325370840.0,0.077,-19.03,2784300,3058856,3118390,0.006
2730,WFRD,Energy,Oil & Gas Equipment & Services,NASDAQ,90.33,53,68,58,91,82.32,5700945018.175049,71512104.0,0.0659,-27.25,918600,1019230,947812,-0.082
2731,OLP,Real Estate,REIT - Diversified,NYSE,90.31,53,60,69,59,21.92,482467016.65784836,21900454.0,0.0291,-15.3,97950,79653,82632,0.103
2732,TMTS,Financial Services,Shell Companies,NASDAQ,90.3,53,43,43,41,10.03,307586661.82111645,30666667.0,0.03,-4.02,5130,34373,50674,
2733,FCRS,Financial Services,Shell Companies,NYSE,90.3,53,41,44,38,10.23,368359375.0,35937500.0,0.0,-6.32,25400,78726,59692,
2734,XRN,Real Estate,REIT - Healthcare Facilities,NYSE,90.29,53,59,61,56,33.81,450218576.0807419,13237830.0,0.0756,-12.52,106690,97416,96588,0.048
2735,MCGA,Financial Services,Shell Companies,NASDAQ,90.26,53,41,38,36,10.35,244065956.84553337,23581251.0,0.0023,-4.43,10180,80136,78796,
2736,BLUWU,Financial Services,Shell Companies,NASDAQ,90.26,53,33,46,45,10.5,,,8.08,-18.29,40,13,50,
2737,STRRP,Industrials,Staffing & Employment Services,NASDAQ,90.24,53,57,62,69,9.31,,,8.16,-14.74,5029,5419,5059,0.546
2738,ETJ,Financial Services,Asset Management,NYSE,90.24,53,49,49,47,8.14,547163536.0120783,67301787.0,1.72,-10.35,185890,139376,129260,
2739,BH,Consumer Cyclical,Restaurants,NYSE,90.24,53,80,63,52,364.4,1158385748.378418,3184478.0,0.9,-24.65,68090,127743,163256,0.079
2740,CWT,Utilities,Utilities - Regulated Water,NYSE,90.24,53,65,61,39,45.84,2842125025.344612,61839101.0,0.0546,-14.83,449700,479623,499154,0.165
2741,PXLW,Technology,Semiconductors,NASDAQ,90.23,52,54,29,15,6.82,42527234.05921316,6049393.0,0.013200001,-55.77,21320,27420,31730,-0.597
2742,CTAAU,Financial Services,Shell Companies,NASDAQ,90.23,52,43,44,42,10.07,,,1.18,-2.99,30,73,406,
2743,DXC,Technology,Information Technology Services,NYSE,90.22,52,51,15,27,11.66,1773543508.8507328,159778689.0,0.1783,-25.64,2970380,2720313,3161342,-0.051
2744,HMH,Energy,Oil & Gas Equipment & Services,NASDAQ,90.19,52,33,52,37,19.18,218754489.00947,11947269.0,0.0713,-21.71,243920,204323,213566,-0.16
2745,CCIIU,Financial Services,Shell Companies,NASDAQ,90.19,52,39,43,44,10.46,,,3.88,-16.92,60,136,84,
2746,CLBR,Financial Services,Shell Companies,NYSE,90.18,52,42,46,40,10.18,408169995.7674265,40016667.0,0.0002,-2.12,39859,115673,86439,
2747,ONCH,Financial Services,Shell Companies,NASDAQ,90.17,52,43,41,39,10.34,222740840.06699753,21541667.0,0.0001,-1.52,39070,30973,61902,
2748,DMA,Financial Services,Asset Management,NYSE,90.17,52,51,37,35,7.48,66686498.67288065,8963239.0,0.0033000002,-18.25,10948,17262,18993,
2749,EVTC,Technology,Software - Infrastructure,NYSE,90.16,52,66,35,33,29.12,1627061691.307457,59752542.0,0.066599995,-15.37,474750,450776,435136,0.197
2750,PTORU,Financial Services,Shell Companies,NASDAQ,90.16,52,45,47,39,10.08,,,4.26,-8.78,240,233,968,
2751,NKTX,Healthcare,Biotechnology,NASDAQ,90.15,52,82,88,71,2.53,184433840.24033618,71624791.0,0.0612,-31.99,603150,576343,591288,
2752,MLAAU,Financial Services,Shell Companies,NASDAQ,90.14,52,39,42,43,10.08,,,8.31,-9.35,0,73,44,
2753,PAAC,Financial Services,Shell Companies,NASDAQ,90.14,52,45,40,38,10.01,177587804.773098,17723333.0,0.0037,-1.38,88215,42288,25531,
2754,KLTR,Technology,Software - Application,NASDAQ,90.13,52,49,33,14,1.32,199842093.400949,152551223.0,0.02,-35.61,223580,236726,587672,0.055
2755,BORR,Energy,Oil & Gas Drilling,NYSE,90.12,52,58,77,96,4.15,1206284843.789861,308512741.0,0.123900004,-37.64,5784640,5665793,5772832,-0.132
2756,WTFC,Financial Services,Banks - Regional,NASDAQ,90.1,52,60,69,68,145.2,9783914822.585709,67465967.0,0.039300002,-13.17,464920,452613,502774,0.102
2757,DNMXU,Financial Services,Shell Companies,NASDAQ,90.1,52,40,41,40,10.15,,,0.0,-7.73,4030,1710,1452,
2758,OIM,Financial Services,Shell Companies,NASDAQ,90.09,52,42,42,40,10.13,366072879.1356087,36137500.0,0.0001,-1.94,40444,28818,29208,
2759,GLE,Technology,Information Technology Services,NASDAQ,90.08,52,68,22,12,0.43,9211499.851942062,20700000.0,0.018,-60.55,102740,160066,3263242,-0.634
2760,ZBH,Healthcare,Medical Devices,NYSE,90.08,52,56,36,51,91.57,16840230736.43557,190737689.0,0.059299998,-14.32,2136200,1948343,2184924,0.048
2761,MMI,Real Estate,Real Estate Services,NYSE,90.08,52,59,64,36,28.62,1081974544.152687,37871003.0,0.073699996,-14.69,179260,155716,145440,0.178
2762,HACQU,Financial Services,Shell Companies,NASDAQ,90.08,52,40,43,39,10.15,,,0.0,-0.49,0,663,496,
2763,SVIV,Financial Services,Shell Companies,NASDAQ,90.08,52,44,47,38,10.09,309426674.70936203,30666667.0,0.01,-6.57,29470,26496,24432,
2764,CTNM,Healthcare,Biotechnology,NASDAQ,90.06,52,89,95,96,12.72,493589247.5346031,37621132.0,0.074499995,-28.48,742120,592420,564240,
2765,TRGSU,Financial Services,Shell Companies,NASDAQ,90.06,52,41,41,41,10.06,,,0.17,-8.55,0,0,142,
2766,TFPM,Basic Materials,Other Precious Metals & Mining,NYSE,90.06,52,62,29,77,30.48,6305752904.644272,206003031.0,2.9,-26.91,417570,509360,530224,0.373
2767,WLTH,Technology,Software - Application,NASDAQ,90.06,52,32,19,26,10.62,1566449651.4963913,156176440.0,0.088599995,-28.0,2420980,3101390,2243770,0.008
2768,EVRG,Utilities,Utilities - Regulated Electric,NASDAQ,90.05,52,57,66,68,79.09,18254002585.0589,230567172.0,0.1035,-10.75,2474270,2304516,2137994,0.044
2769,MUZEU,Financial Services,Shell Companies,NASDAQ,90.05,52,42,47,39,10.1,,,6.83,-9.82,30,86,318,
2770,TEI,Financial Services,Asset Management,NYSE,90.05,52,67,68,71,6.05,287148777.83675766,47228418.0,0.0016,-13.57,210808,166516,154107,0.115
2771,MMTXU,Financial Services,Shell Companies,NASDAQ,90.05,52,40,41,45,10.1,77710412.93506622,7694100.0,,-9.58,0,0,0,
2772,AIN,Consumer Cyclical,Textile Manufacturing,NYSE,90.02,52,55,78,37,59.48,1727235459.6636543,28371147.0,0.051599998,-22.75,210770,254226,285318,0.058
2773,BGB,Financial Services,Asset Management,NYSE,90.02,52,41,43,37,11.05,497274381.313076,44678740.0,0.0011999999,-8.83,242508,198919,173457,
2774,ABCB,Financial Services,Banks - Regional,NYSE,90.0,52,61,72,75,80.4,5465213707.996033,67107239.0,0.0591,-13.75,488740,455410,421966,0.036
2775,ALOVU,Financial Services,Shell Companies,NASDAQ,89.99,52,41,43,40,10.06,,,23.14,-3.73,0,0,132,
2776,MTAL,Financial Services,Shell Companies,NYSE,89.97,52,44,46,41,10.15,311266658.3515949,30666667.0,0.0,-13.98,42690,48556,45306,
2777,BACC,Financial Services,Shell Companies,NASDAQ,89.96,52,47,60,46,10.48,293323083.4699688,27962163.0,0.0004,-5.59,133560,103556,71628,
2778,STEW,Financial Services,Asset Management,NYSE,89.94,52,55,51,50,17.57,1694477125.56839,96441500.0,0.0001,-7.77,56007,54909,65179,0.035
2779,KBON,Financial Services,Shell Companies,NASDAQ,89.94,52,41,42,42,10.09,444111356.716156,44015000.0,0.01,-0.59,24680,45310,33956,
2780,PALOU,Financial Services,Shell Companies,NASDAQ,89.94,52,40,42,40,10.05,,,,-14.47,0,0,0,
2781,MXF,Financial Services,Asset Management,NYSE,89.93,52,63,64,78,20.05,287391899.8506546,14420065.0,0.0019,-12.83,26757,31752,31939,-0.073
2782,CHSCM,Consumer Defensive,Farm Products,NASDAQ,89.91,52,45,48,54,23.75,,,0.28,-6.5,37376,29808,27835,0.186
2783,LTM,Industrials,Airlines,NYSE,89.91,52,58,68,78,50.79,14028289020.849838,292743939.0,0.020299999,-27.88,815730,825283,787380,0.272
2784,CEPS,Financial Services,Shell Companies,NASDAQ,89.9,52,49,47,39,10.27,150858996.08135223,14675000.0,0.0001,-1.72,1770,17833,10762,
2785,LPTH,Technology,Electronic Components,NASDAQ,89.9,52,36,92,99,10.81,773200219.408329,70036252.0,0.16440001,-42.93,2224920,3227470,2999086,0.733
2786,CCII,Financial Services,Shell Companies,NASDAQ,89.88,52,41,44,43,10.29,357688277.7879019,34693333.0,0.0005,-2.0,47970,90496,61584,
2787,WAY,Healthcare,Health Information Services,NASDAQ,89.88,52,39,19,14,26.48,4757278098.555298,191748416.0,0.091000006,-34.37,1848180,2242583,2501522,0.181
2788,MBINL,Financial Services,Banks - Regional,NASDAQ,89.87,52,59,62,58,23.05,,,2.6,-9.04,39855,21358,16511,0.371
2789,PCYO,Utilities,Utilities - Regulated Water,NASDAQ,89.85,52,52,37,53,10.86,262661323.80758286,24097370.0,0.0251,-12.7,95050,87686,85806,0.6
2790,COLM,Consumer Cyclical,Apparel Manufacturing,NASDAQ,89.85,52,36,63,49,56.93,2931834243.8143845,51193194.0,0.17459999,-17.56,631870,664400,707126,0.015
2791,CION,Financial Services,Asset Management,NYSE,89.83,52,36,22,26,6.93,344418928.0,49202704.0,0.037100002,-33.37,319280,351650,455208,-0.047
2792,JQC,Financial Services,Asset Management,NYSE,89.82,52,49,43,43,4.62,690303902.2075176,147816679.0,0.0014,-12.67,1138891,757000,673046,-0.009
2793,YIBO,Technology,Computer Hardware,NASDAQ,89.81,52,69,46,33,1.05,62195929.22549224,59234221.0,0.0018000001,-42.31,3960,2376,45954,-0.07
2794,FFIN,Financial Services,Banks - Regional,NASDAQ,89.81,52,52,56,36,32.03,4607979568.75042,143327507.0,0.0837,-12.29,942330,775850,733900,0.098
2795,CPHC,Consumer Cyclical,Resorts & Casinos,NASDAQ,89.79,52,49,39,36,15.6,81638455.5,5183394.0,0.0066000004,-10.34,1010,1460,1612,0.032
2796,SAAQ,Financial Services,Shell Companies,NASDAQ,89.79,52,38,43,47,10.05,314692309.32241726,31312667.0,0.0001,-9.46,112900,83406,54288,
2797,SNA,Industrials,Tools & Accessories,NYSE,89.78,52,59,68,64,367.4,19082135727.88269,51727124.0,0.081599995,-13.15,241070,275220,295296,0.042
2798,COR,Healthcare,Medical Distribution,NYSE,89.77,51,61,35,46,314.93,58975133013.81683,190827165.0,0.0257,-16.58,1284710,1256226,1352300,0.051
2799,DCH,Consumer Cyclical,Auto Parts,NYSE,89.77,51,68,27,73,5.65,1330585748.5402594,237604602.0,0.0795,-38.92,5292510,3526816,3397328,0.924
2800,OMF,Financial Services,Credit Services,NYSE,89.75,51,71,53,57,56.24,6444623146.041805,115041469.0,0.0349,-21.81,1034360,931846,947520,-0.027
2801,ONCHU,Financial Services,Shell Companies,NASDAQ,89.75,51,41,46,38,10.41,,,0.9,-8.2,90,2243,2066,
2802,BAC,Financial Services,Banks - Diversified,NYSE,89.75,51,78,71,67,54.0,375860224618.75,6992748365.0,0.0,-17.22,37643210,36564820,33074532,0.168
2803,RACE,Consumer Cyclical,Auto Manufacturers,NYSE,89.75,51,60,34,30,383.4,68141621898.78845,175473500.0,0.0293,-23.53,517160,406600,462232,0.084
2804,UCFI,Consumer Defensive,Packaged Foods,NASDAQ,89.74,51,27,30,22,5.51,287814768.2856388,52234983.0,0.048600003,-0.0,0,0,0,0.171
2805,EFTY,Industrials,Consulting Services,NASDAQ,89.74,51,80,87,94,15.02,302052209.20562744,20110000.0,0.1073,-0.0,0,0,0,-0.259
2806,OST,Technology,Electronic Components,NASDAQ,89.74,51,40,28,17,1.7,10108844.712820053,5963920.0,0.0296,0.29,0,0,0,-0.16
2807,MCGAU,Financial Services,Shell Companies,NASDAQ,89.73,51,39,36,37,10.42,,,1.91,-7.38,310,293,678,
2808,EOS,Financial Services,Asset Management,NYSE,89.73,51,40,46,42,21.26,1137763768.2353783,53316015.0,0.12,-12.69,151473,141671,142292,0.169
2809,CGBD,Financial Services,Asset Management,NASDAQ,89.73,51,59,33,33,10.56,732768761.4031353,68804581.0,0.0433,-20.48,439600,444396,491366,-0.077
2810,FSK,Financial Services,Asset Management,NYSE,89.73,51,58,28,17,10.99,3031452945.3908157,276340280.0,0.0511,-32.62,1883340,1732720,2039736,-0.271
2811,HLIT,Technology,Communication Equipment,NASDAQ,89.72,51,56,88,46,11.22,1218272198.9711094,109066445.0,0.0813,-36.54,1266050,1401593,1548106,0.535
2812,CPK,Utilities,Utilities - Regulated Gas,NYSE,89.72,51,57,41,49,126.27,3216942597.5959167,25254692.0,0.050100002,-10.34,201030,183766,182692,0.047
2813,LND,Consumer Defensive,Farm Products,NYSE,89.72,51,37,33,61,3.7,349650253.119993,99615457.0,0.0016,-16.85,70170,60143,53126,-0.15
2814,DTF,Financial Services,Asset Management,NYSE,89.7,51,48,49,50,11.22,79082628.75,7029567.0,0.0019,-3.36,16423,8444,7030,-0.016
2815,FRT,Real Estate,REIT - Retail,NYSE,89.7,51,62,75,69,105.97,9270201811.901672,86889133.0,0.0002,-17.35,1098310,875853,876270,0.072
2816,TFX,Healthcare,Medical Instruments & Supplies,NYSE,89.7,51,64,68,62,125.24,5259262032.019264,42372397.0,0.14819999,-13.63,846990,745226,703932,0.289
2817,TVA,Financial Services,Shell Companies,NASDAQ,89.7,51,43,39,37,10.59,317399997.71118164,30000000.0,0.0,-13.69,35870,393296,245564,
2818,VLOS,Financial Services,Shell Companies,NASDAQ,89.69,51,40,41,48,10.73,252430543.25,23481911.0,0.00059999997,-10.28,30105,27258,42243,
2819,JFR,Financial Services,Asset Management,NYSE,89.68,51,54,53,45,7.23,1183110558.39895,160967425.0,0.0033000002,-11.29,1183670,803976,711692,0.043
2820,SCHW,Financial Services,Capital Markets,NYSE,89.68,51,75,60,58,97.96,167226758266.28622,1729335714.0,0.01,-14.47,8897220,8498486,7852800,0.209
2821,CVSA,Consumer Defensive,Education & Training Services,NYSE,89.67,51,63,62,35,125.39,4271191247.8660583,34038820.0,0.08229999,-19.76,411450,363706,358686,0.097
2822,AXSM,Healthcare,Biotechnology,NASDAQ,89.67,51,76,92,86,177.08,9389261626.5,52380818.0,0.0929,-31.94,825650,669016,687820,0.455
2823,SOAR,Industrials,Airports & Air Services,NYSE ARCA,89.66,51,10,3,2,0.26,15070942.061429024,53633248.0,0.1216,-93.29,133684790,88389856,62316426,-0.961
2824,ITHAU,Financial Services,Shell Companies,NASDAQ,89.66,51,43,53,41,10.13,,,372.91,-7.91,0,23,14,
2825,GGG,Industrials,Specialty Industrial Machinery,NYSE,89.62,51,34,25,54,78.83,12632398272.0,161953824.0,0.0431,-17.62,1475570,2240860,1902960,0.033
2826,EEA,Financial Services,Asset Management,NYSE,89.61,51,59,59,55,10.3,70988406.32749653,6852163.0,0.00029999999,-9.89,22542,17420,14918,-0.167
2827,LKFN,Financial Services,Banks - Regional,NASDAQ,89.59,51,48,40,56,58.31,1468352601.2139893,24857840.0,0.1192,-10.88,191550,179126,170758,0.092
2828,GLV,Financial Services,Asset Management,NYSE ARCA,89.58,51,55,68,64,5.8,71852069.88660812,12409684.0,0.0017,-12.78,28260,33120,41364,-0.22
2829,KRAQU,Financial Services,Shell Companies,NASDAQ,89.58,51,41,47,39,10.14,,,0.0,-3.43,150,513,418,
2830,RDAGU,Financial Services,Shell Companies,NASDAQ,89.55,51,41,41,43,10.53,41698798.94256592,3960000.0,0.18,-1.59,180,63,246,
2831,ECHO,Communication Services,Telecom Services,NASDAQ,89.53,51,35,82,98,98.21,27409393297.0,290815844.0,0.2344,-33.3,3592780,3209053,3686962,-0.04
2832,EFT,Financial Services,Asset Management,NYSE,89.53,51,40,37,35,10.52,281993186.25514793,26578058.0,0.06,-11.74,192463,142581,126050,-0.231
2833,LIN,Basic Materials,Specialty Chemicals,NASDAQ,89.53,51,49,65,63,482.38,221030773619.71933,460980163.0,0.0127,-12.01,2143520,2031770,2126174,0.093
2834,KIM,Real Estate,REIT - Retail,NYSE,89.51,51,56,70,69,22.03,14918355501.988497,670789373.0,0.0641,-17.34,4819780,5493463,5050432,0.049
2835,CEPV,Financial Services,Shell Companies,NASDAQ,89.49,51,43,46,38,10.27,327119098.78730774,31790000.0,0.0002,-2.19,12070,5310,6424,
2836,UPC,Healthcare,Drug Manufacturers - Specialty & Generic,NASDAQ,89.49,51,72,83,21,4.34,22609755.0,5024390.0,0.0152,-75.84,60760,244253,981716,-0.013
2837,JANX,Healthcare,Biotechnology,NASDAQ,89.48,51,84,33,21,16.54,1035045585.5474625,61136773.0,0.1234,-53.2,783160,937043,836682,
2838,CRAI,Industrials,Consulting Services,NASDAQ,89.45,51,51,28,25,171.29,1069451437.4487305,6276860.0,0.0493,-24.64,140460,126686,132316,0.128
2839,FORTY,Technology,Information Technology Services,NASDAQ,89.44,51,38,29,36,118.15,1740484704.5,15334667.0,0.89,-38.0,2130,866,652,0.053
2840,DGICA,Financial Services,Insurance - Property & Casualty,NASDAQ,89.44,51,64,52,32,18.24,678169299.1318588,37119282.0,0.049099997,-13.39,115130,112143,120942,-0.024
2841,RMNI,Technology,Software - Application,NASDAQ,89.43,51,78,74,26,4.18,395829418.6325073,93356000.0,0.048600003,-26.41,377240,447373,444730,0.067
2842,ARTCU,Financial Services,Shell Companies,NASDAQ,89.43,51,43,50,39,10.09,,,10.48,-2.93,0,103,160,
2843,NMIH,Financial Services,Insurance - Specialty,NASDAQ,89.41,51,74,58,58,39.39,2920709292.0579987,75217851.0,0.0321,-15.73,978340,680680,588238,0.081
2844,PNW,Utilities,Utilities - Regulated Electric,NYSE,89.41,51,52,69,67,95.96,11625238463.361237,121197234.0,0.1109,-13.67,1532770,1160190,1182678,0.071
2845,GATX,Industrials,Rental & Leasing Services,NYSE,89.37,51,54,45,73,172.27,6038224026.643005,35305058.0,0.1145,-16.19,304900,237260,233726,0.348
2846,PB,Financial Services,Banks - Regional,NYSE,89.37,51,58,54,47,67.22,8097510499.90464,120176771.0,0.0424,-12.93,1345520,1072760,1022816,0.259
2847,CEPF,Financial Services,Shell Companies,NASDAQ,89.36,51,43,46,39,10.28,586930526.1611938,57150000.0,0.0001,-3.66,154210,83286,67296,
2848,PAAS,Basic Materials,Gold,NYSE,89.36,51,68,38,89,45.32,18869264484.077454,414618000.0,1.41,-35.25,3104430,3714400,4190680,0.384
2849,MSIF,Financial Services,Asset Management,NYSE,89.35,51,55,31,36,11.69,531446095.9884825,45345229.0,0.010299999,-19.16,186830,194066,241532,0.002
2850,CRSP,Healthcare,Biotechnology,NASDAQ,89.33,51,46,31,58,57.34,5359673785.298256,96692653.0,0.2258,-26.94,1490330,1517576,1538180,10.414
2851,ATHM,Communication Services,Internet Content & Information,NYSE,89.32,51,64,35,18,20.61,2367913868.6520977,115170911.0,0.0478,-29.1,403620,635666,692992,-0.319
2852,HY,Industrials,Farm & Heavy Construction Machinery,NYSE,89.32,51,53,30,54,31.94,559965977.8021202,17930387.0,0.0641,-22.66,172610,122356,121974,-0.15
2853,UUU,Industrials,Building Products & Equipment,NYSE ARCA,89.32,51,29,32,95,4.72,14778899.786580086,3028463.0,0.0168,-39.64,14930,26246,31060,-0.971
2854,BOC,Industrials,Conglomerates,NYSE,89.32,51,52,61,30,13.22,397971938.0092373,30126566.0,0.0834,-13.14,159190,160686,140488,0.024
2855,SPAI,Industrials,Aerospace & Defense,NASDAQ,89.31,51,25,31,48,4.38,90003851.59356308,20362862.0,0.0385,-51.6,89210,106043,271730,13.362
2856,GBDC,Financial Services,Asset Management,NASDAQ,89.31,51,49,43,40,12.38,3256030916.155078,259651589.0,0.0535,-14.09,1677170,1405190,1298506,-0.14
2857,CUBE,Real Estate,REIT - Industrial,NYSE,89.3,50,49,54,53,37.19,8461574062.115639,225521694.0,0.0548,-14.03,2992120,2654210,2458246,0.015
2858,MXE,Financial Services,Asset Management,NYSE,89.3,50,62,54,78,12.49,54210573.53716278,4400209.0,1.47,-12.66,3317,3282,3173,-0.055
2859,PRGS,Technology,Software - Infrastructure,NASDAQ,89.29,50,75,56,11,37.22,1508257747.1690674,40874192.0,0.1673,-21.33,742470,605313,550640,-0.015
2860,CEE,Financial Services,Asset Management,NYSE,89.28,50,65,76,82,18.35,118145920.75196457,6520194.0,0.0004,-16.52,11350,20876,22500,3.178
2861,IPFXU,Financial Services,Shell Companies,NASDAQ,89.28,50,36,59,40,10.37,,,0.34,-12.86,0,576,466,
2862,BGT,Financial Services,Asset Management,NYSE,89.27,50,57,37,39,10.27,311370064.28504944,29824720.0,0.015,-16.37,160253,137004,129658,-0.079
2863,SPCE,Industrials,Aerospace & Defense,NYSE,89.26,50,23,19,31,3.05,459335581.7528064,151595903.0,0.2235,-65.73,4632870,5443796,6914560,-0.67
2864,MQ,Technology,Software - Infrastructure,NASDAQ,89.26,50,31,25,28,17.03,1722835623.2788925,104098834.0,0.0592,-23.56,1203130,845216,949956,0.17
2865,GMED,Healthcare,Medical Devices,NYSE,89.25,50,44,52,83,76.57,10150200493.532578,134261914.0,0.061,-24.49,1549860,1438656,1424838,0.059
2866,IPWR,Technology,Semiconductors,NASDAQ,89.23,50,57,78,14,3.95,66560355.884661674,16434655.0,0.0428,-57.53,142380,179670,195264,3.549
2867,EQX,Basic Materials,Gold,NYSE ARCA,89.22,50,59,26,91,11.23,12970478221.604479,1167459822.0,3.36,-40.77,12643710,12724413,14265952,1.693
2868,CBU,Financial Services,Banks - Regional,NYSE,89.17,50,57,65,62,60.13,3193259202.1930504,52615905.0,0.0541,-15.44,303900,269803,252926,0.12
2869,FVR,Real Estate,REIT - Diversified,NYSE,89.17,50,76,89,80,16.2,407925303.50336456,24455953.0,0.025799999,-27.32,300110,187570,203900,0.015
2870,LOB,Financial Services,Banks - Regional,NYSE,89.16,50,63,71,68,36.54,1697683195.72464,46283620.0,0.0714,-17.94,223760,205763,211662,0.122
2871,NGVC,Consumer Defensive,Grocery Stores,NYSE,89.16,50,33,63,24,30.16,705433513.1760712,23045851.0,0.094799995,-26.56,128590,142623,151966,0.018
2872,NCV,Financial Services,Asset Management,NYSE,89.14,50,63,72,72,15.05,342063977.7768259,22593393.0,0.0007,-14.73,111320,76960,68944,-0.105
2873,NJR,Utilities,Utilities - Regulated Gas,NYSE,89.13,50,58,73,75,50.89,5234731349.62278,101467946.0,0.0546,-16.38,864230,702943,695876,0.168
2874,FSCO,Financial Services,Asset Management,NYSE,89.13,50,58,25,24,5.07,1033597912.9559112,202269645.0,0.0101,-29.09,1170485,945278,920081,
2875,BLSH,Technology,Software - Infrastructure,NYSE,89.12,50,45,8,22,34.35,5190922814.160896,151648346.0,0.1511,-51.28,1005770,1444196,1562458,0.688
2876,BMRN,Healthcare,Biotechnology,NASDAQ,89.11,50,71,53,43,57.54,11068547598.694023,193573759.0,0.052199997,-18.93,2016410,1958846,2098620,0.199
2877,CDE,Basic Materials,Gold,NYSE,89.11,50,80,37,93,17.05,18153331907.829567,1027934998.0,0.050100002,-38.6,36800750,34888053,36563192,1.259
2878,GLO,Financial Services,Asset Management,NYSE ARCA,89.08,50,53,64,65,5.42,231792926.5028038,42766222.0,0.0023999999,-12.3,125546,115348,110207,-0.066
2879,EMN,Basic Materials,Specialty Chemicals,NYSE,89.07,50,58,35,59,64.94,7416368348.017448,114326623.0,0.0675,-22.2,1266970,1123016,1108948,0.099
2880,CXT,Industrials,Business Equipment & Supplies,NYSE,89.06,50,63,39,27,49.16,2807840338.8547363,57561304.0,0.19229999,-28.75,559500,536146,547982,0.22
2881,UMBFO,Financial Services,Banks - Regional,NASDAQ,89.05,50,49,52,47,25.37,,,1.88,-8.08,78339,34026,23841,0.122
2882,HWM,Industrials,Aerospace & Defense,NYSE,89.03,50,73,80,86,229.57,92230801250.5934,398801399.0,0.0249,-25.95,2288250,3467263,2962096,0.241
2883,TW,Financial Services,Capital Markets,NASDAQ,89.03,50,35,23,56,107.11,21565496152.21344,210971394.0,0.030299999,-16.12,1386800,1268290,1438564,0.09
2884,NWAX,Financial Services,Shell Companies,NYSE,89.02,50,39,40,37,10.06,501485984.8022461,49800000.0,0.0014,-3.18,92640,169880,122684,
2885,SFBC,Financial Services,Banks - Regional,NASDAQ,89.02,50,63,38,40,43.05,118669264.67888641,2568043.0,0.0029,-12.52,3303,5191,9876,0.102
2886,GDOT,Financial Services,Credit Services,NYSE,89.0,50,53,66,63,12.52,712314737.5,56985179.0,0.0298,-8.95,497290,363273,384058,0.183
2887,BDC,Technology,Communication Equipment,NYSE,88.99,50,53,26,69,111.35,4394733324.082848,39078191.0,0.16700001,-30.4,377400,413703,433686,0.116
2888,ALISU,Financial Services,Shell Companies,NASDAQ,88.99,50,50,53,49,10.5,,,0.0,-32.21,901,300,180,
2889,ACAA,Financial Services,Shell Companies,NASDAQ,88.98,50,38,44,38,10.02,358609232.30589867,35682510.0,0.0001,-2.15,58061,45263,36752,
2890,QSR,Consumer Cyclical,Restaurants,NYSE,88.96,50,71,59,72,69.87,24381677601.34018,348758065.0,0.0635,-14.75,2609360,3114133,2852550,0.046
2891,COCP,Healthcare,Biotechnology,NASDAQ,88.95,50,51,19,78,1.11,22152679.540729523,19263200.0,0.020399999,-45.32,44510,49526,64014,
2892,TWFG,Financial Services,Insurance Brokers,NASDAQ,88.94,50,83,63,13,24.73,1330214683.330597,54051794.0,0.0915,-20.99,179310,176996,169038,0.451
2893,FLOC,Energy,Oil & Gas Equipment & Services,NYSE,88.94,50,54,60,83,18.49,811735798.6818008,43972689.0,0.0939,-34.57,557560,570236,570298,0.221
2894,HON,Industrials,Conglomerates,NASDAQ,88.93,50,33,40,68,214.14,67821994480.90347,316940010.0,0.0234,-17.73,2337460,2882093,2984652,0.043
2895,CNA,Financial Services,Insurance - Property & Casualty,NYSE,88.93,50,63,70,61,46.21,12539647044.810425,270600928.0,0.1479,-17.05,667500,545806,495068,0.03
2896,HIFS,Financial Services,Banks - Regional,NASDAQ,88.91,50,61,41,71,283.84,632324602.31781,2197250.0,0.1472,-16.02,44400,41220,45990,1.08
2897,RTB,Technology,Software - Application,NASDAQ,88.89,50,97,97,16,8.89,133941412.21066475,14464515.0,2.28,-57.16,85180,139600,111692,3.503
2898,BOBS,Consumer Cyclical,Specialty Retail,NYSE,88.87,50,75,64,15,14.15,1854449553.6015205,130687076.0,0.20979999,-39.76,984260,858950,975052,0.088
2899,AR,Energy,Oil & Gas E&P,NYSE,88.86,50,62,32,59,34.69,10477521682.937622,307439000.0,0.0446,-24.17,4435440,3902053,4063240,0.126
2900,UL,Consumer Defensive,Household & Personal Products,NYSE,88.86,50,52,40,28,59.98,128566288360.71997,2153539141.0,1.17,-20.01,2976390,3391816,3911834,0.005
2901,OMC,Communication Services,Advertising Agencies,NYSE,88.85,50,62,62,50,75.25,20342753871.668724,274345967.0,0.095699996,-15.99,2486520,2982716,2944840,0.634
2902,TOST,Technology,Software - Infrastructure,NYSE,88.85,50,69,30,19,30.04,17218620529.174805,578000000.0,0.0623,-24.38,9284690,8820136,9283200,0.231
2903,PPG,Basic Materials,Specialty Chemicals,NYSE,88.85,50,54,60,55,105.27,23374845339.20288,222300000.0,0.0336,-21.1,1641800,1607630,1685288,0.072
2904,VIV,Communication Services,Telecom Services,NYSE,88.83,50,27,58,88,12.62,18438648590.088646,1597803176.0,0.0083,-26.88,1231070,1352426,1551698,0.076
2905,WRB,Financial Services,Insurance - Property & Casualty,NYSE,88.83,50,47,55,35,69.77,25607276196.606163,371227529.0,0.0004,-11.64,2442730,3143086,2544260,0.012
2906,HCA,Healthcare,Medical Care Facilities,NYSE,88.82,50,33,29,75,434.92,92379025563.56812,216501500.0,0.046,-21.85,1129300,1391873,1381014,0.087
2907,MOD,Consumer Cyclical,Auto Parts,NYSE,88.82,50,41,93,97,182.91,9464684403.512878,53112708.0,0.0644,-43.42,1513820,1325430,1478750,0.28
2908,RTX,Industrials,Aerospace & Defense,NYSE,88.82,50,68,63,78,184.33,248903964162.64453,1347758144.0,0.0101,-18.75,3799980,3876910,4359102,0.145
2909,DAAQU,Financial Services,Shell Companies,NASDAQ,88.81,50,61,53,37,10.51,,,4.13,-12.05,70,213,228,
2910,ALCO,Consumer Defensive,Farm Products,NASDAQ,88.8,50,57,62,79,38.39,284205082.09784317,7418561.0,0.0327,-14.71,20480,20690,21206,0.077
2911,SBSI,Financial Services,Banks - Regional,NYSE,88.79,50,57,65,68,30.43,915999211.7549896,29807980.0,0.036199998,-15.94,149460,134873,135198,0.083
2912,CGNT,Technology,Software - Infrastructure,NASDAQ,88.79,50,32,46,52,8.77,645407363.2181664,73845238.0,0.0092,-28.76,498540,648886,586742,0.12
2913,CKX,Energy,Oil & Gas E&P,NYSE ARCA,88.78,50,55,45,50,10.32,21824761.504961967,2053129.0,0.003,-17.04,3710,3160,4130,0.238
2914,PLD,Real Estate,REIT - Industrial,NYSE,88.78,50,56,69,75,128.08,122507478464.74475,950333372.0,0.0227,-16.48,3653110,3442863,3953524,0.123
2915,NWN,Utilities,Utilities - Regulated Gas,NYSE,88.76,50,56,58,79,47.19,1994391875.4007492,42093538.0,0.06,-15.72,257190,253596,246328,0.031
2916,ATIIU,Financial Services,Shell Companies,NASDAQ,88.75,49,45,64,45,11.33,,,1.41,-77.78,120,126,238,
2917,MSN,Technology,Consumer Electronics,NYSE ARCA,88.73,49,85,21,52,0.39,8206633.978982449,21042652.0,0.0219,-54.12,228690,442810,301144,-0.371
2918,OEC,Basic Materials,Specialty Chemicals,NYSE,88.72,49,34,20,32,5.85,327266425.05383015,56522699.0,0.043,-32.29,448190,423596,431412,0.074
2919,DYNCU,Financial Services,Shell Companies,NASDAQ,88.72,49,36,37,55,10.95,,,0.0,-23.43,67,31,18,
2920,FWONA,Communication Services,Entertainment,NASDAQ,88.68,49,57,44,40,87.49,20906580411.129684,250708485.0,0.0462,-12.09,213040,186530,168946,0.183
2921,ARQT,Healthcare,Biotechnology,NASDAQ,88.68,49,57,80,83,25.15,3162409719.580929,125691961.0,0.1566,-20.84,2370740,2907753,2442814,0.593
2922,FRMM,Technology,Software - Application,NASDAQ,88.68,49,26,93,2,4.75,63750917.83300018,13198948.0,0.3752,-82.44,89700,121283,149432,
2923,SON,Consumer Cyclical,Packaging & Containers,NYSE,88.68,49,67,70,78,48.22,4819167812.17841,98875003.0,0.1416,-20.52,976230,1148810,1072768,-0.013
2924,CHNR,Basic Materials,Other Industrial Metals & Mining,NASDAQ,88.68,49,43,33,29,3.87,4849657.548199654,1256388.0,0.0054,-52.8,5720,4533,8046,
2925,ANGX,Communication Services,Entertainment,NYSE,88.68,49,63,62,4,4.16,761965767.2716236,186756319.0,0.0542,-52.73,1892570,1826766,1747812,0.275
2926,FERG,Industrials,Industrial Distribution,NYSE,88.68,49,37,34,73,222.93,43203795641.832504,193452717.0,0.0337,-17.93,1536630,1441613,2647386,0.046
2927,FWONK,Communication Services,Entertainment,NASDAQ,88.67,49,56,42,38,95.0,22864613066.898422,250708485.0,0.0402,-13.13,2727190,2210530,2144538,0.183
2928,AGD,Financial Services,Asset Management,NYSE,88.66,49,61,61,66,11.14,296447788.4135113,26118747.0,0.68,-20.31,103855,87951,89285,0.187
2929,BMRA,Healthcare,Medical Devices,NASDAQ,88.66,49,49,12,16,2.05,9841792.002450943,4598968.0,0.0088,-36.14,25470,142993,88358,0.168
2930,OSS,Technology,Computer Hardware,NASDAQ,88.65,49,64,97,93,8.33,216025324.27366638,24945188.0,0.19370002,-60.11,771050,733613,840922,0.623
2931,BCS,Financial Services,Banks - Diversified,NYSE,88.63,49,76,78,75,23.59,79145529450.99979,3338065479.0,1.92,-17.78,4839260,4228726,4101400,0.156
2932,INVA,Healthcare,Biotechnology,NASDAQ,88.63,49,36,60,80,20.64,1481032442.5,72245485.0,0.13430001,-17.93,1215990,917250,818302,0.193
2933,PHI,Communication Services,Telecom Services,NYSE,88.63,49,37,29,40,18.15,3793939293.6137676,216055775.0,0.006,-25.95,289280,183270,156696,0.021
2934,IPM,Technology,Software - Application,NASDAQ,88.62,49,56,33,31,1.76,23203597.2470448,13035729.0,0.0053,-22.12,6460,6686,6286,0.129
2935,SPKLU,Financial Services,Shell Companies,NASDAQ,88.62,49,54,67,56,11.91,,,0.07,-32.71,64,31,18,
2936,FN,Technology,Electronic Components,NYSE,88.62,49,19,57,96,453.84,16616268175.64746,35834864.0,0.056900002,-39.4,725940,800290,893860,0.446
2937,ZVRA,Healthcare,Biotechnology,NASDAQ,88.6,49,79,84,55,10.7,593243958.5981312,59383781.0,0.097799994,-28.83,1073950,956616,1032584,0.533
2938,LWLG,Basic Materials,Specialty Chemicals,NASDAQ,88.6,49,52,96,99,5.55,878753324.0949297,154167255.0,0.1691,-70.34,3318940,2764193,2916994,0.279
2939,SYY,Consumer Defensive,Food Distribution,NYSE,88.59,49,51,66,40,76.38,37161745070.22163,479568281.0,0.0293,-16.84,4779670,4121823,3922954,0.047
2940,ACFN,Technology,Scientific & Technical Instruments,NASDAQ,88.57,49,50,27,45,18.72,48210261.44029999,2534714.0,0.018099999,-36.65,45300,64560,57932,-0.294
2941,ED,Utilities,Utilities - Regulated Electric,NYSE,88.56,49,56,58,62,103.38,38236582140.144516,369828633.0,0.036199998,-11.06,2443220,2139433,2236868,0.132
2942,IQMX,Technology,Computer Hardware,NASDAQ,88.56,49,48,75,50,10.56,1961285928.5870705,189496218.0,2.29,-30.07,261100,362793,356712,0.277
2943,PAHC,Healthcare,Drug Manufacturers - Specialty & Generic,NASDAQ,88.56,49,49,18,95,37.19,1512003763.8684425,40601603.0,0.0643,-38.1,232230,259803,231776,0.048
2944,MAGN,Consumer Defensive,Household & Personal Products,NYSE,88.56,49,55,64,23,11.68,415452002.71606445,35600000.0,0.056799997,-24.74,368270,367080,422912,0.021
2945,SSD,Basic Materials,Lumber & Wood Production,NYSE,88.55,49,37,61,57,172.77,7113301307.859741,40984682.0,0.0296,-19.07,270610,286726,276642,0.063
2946,CTOR,Healthcare,Drug Manufacturers - Specialty & Generic,NASDAQ,88.54,49,22,12,17,0.87,100471031.63925469,105758982.0,0.0172,-61.33,96000,93576,108048,
2947,SSTI,Technology,Software - Application,NASDAQ,88.53,49,18,46,11,8.32,110293463.9498291,13240512.0,0.04,-31.47,624120,277080,232384,-0.077
2948,MTX,Basic Materials,Specialty Chemicals,NYSE,88.52,49,57,62,73,66.2,2067883669.1597443,31128762.0,0.047399998,-21.51,160380,182650,214852,0.037
2949,HRZN,Financial Services,Asset Management,NASDAQ,88.51,49,55,28,19,4.58,309696651.9085779,67033909.0,0.0444,-33.14,302450,564593,626118,0.021
2950,EVF,Financial Services,Asset Management,NYSE,88.5,49,39,37,36,4.84,88307606.96599531,18170289.0,0.54,-12.64,70154,64858,58656,-0.237
2951,COST,Consumer Defensive,Discount Stores,NASDAQ,88.47,49,32,35,49,923.52,408092853721.9238,443266000.0,0.0166,-15.78,2496120,2222090,2079784,0.111
2952,LNN,Industrials,Farm & Heavy Construction Machinery,NYSE,88.47,49,46,31,28,114.39,1162811984.2335129,10168885.0,0.111099996,-22.71,134550,163940,143322,-0.051
2953,IR,Industrials,Specialty Industrial Machinery,NYSE,88.47,49,35,31,60,78.55,29515116445.62197,387999429.0,0.0397,-22.2,5406200,4416926,4307670,0.085
2954,BGX,Financial Services,Asset Management,NYSE,88.47,49,38,37,35,10.52,133945218.01521778,12708275.0,0.0004,-12.62,87392,73144,65554,
2955,SNAP,Communication Services,Internet Content & Information,NYSE,88.47,49,26,15,15,5.61,9436883103.931854,1691197712.0,0.089099996,-38.55,30229310,34478826,37315414,0.189
2956,AXIL,Technology,Consumer Electronics,NYSE ARCA,88.46,49,53,36,71,6.09,42095942.29052925,6822681.0,0.002,-38.24,8910,23760,24446,0.489
2957,PCOR,Technology,Software - Application,NYSE,88.45,49,40,15,17,54.18,7742124587.032722,151955338.0,0.129,-34.18,3013980,2757110,3234650,0.158
2958,ODFL,Industrials,Trucking,NASDAQ,88.44,49,36,81,82,179.37,37423722252.63693,207356622.0,0.0494,-28.83,1832850,1852616,1808620,0.104
2959,OGE,Utilities,Utilities - Regulated Electric,NYSE,88.43,49,54,58,65,44.97,9366395584.101803,206581287.0,0.0682,-11.11,2330090,1806850,1640062,-0.04
2960,AFL,Financial Services,Insurance - Life,NYSE,88.42,49,57,66,55,112.38,55919831917.9135,501343298.0,0.0299,-13.7,1722030,2131983,2097994,-0.01
2961,KT,Communication Services,Telecom Services,NYSE,88.41,49,45,25,73,19.01,9020433141.392212,476263616.0,0.0104,-22.66,1625910,1317356,1494470,-0.101
2962,RGCO,Utilities,Utilities - Regulated Gas,NASDAQ,88.41,49,38,62,60,21.64,227146312.85050964,10419556.0,0.0149,-22.69,12930,13330,14800,-0.009
2963,CDW,Technology,Information Technology Services,NASDAQ,88.39,49,63,51,29,133.92,16663571872.189606,125017426.0,0.088,-17.08,1364630,1560553,1722540,0.1
2964,WAFDP,Financial Services,Banks - Regional,NASDAQ,88.39,49,51,51,54,15.5,,,0.67,-11.38,29351,20960,16500,0.056
2965,RF,Financial Services,Banks - Regional,NYSE,88.39,49,67,73,69,27.07,23087289937.585316,851929506.0,0.0859,-16.63,10913960,8782543,8311088,0.034
2966,SWX,Utilities,Utilities - Regulated Gas,NYSE,88.39,49,56,62,72,82.79,5990547761.439758,72445853.0,0.0398,-12.36,719520,703683,600020,-0.096
2967,GCV,Financial Services,Asset Management,NYSE,88.36,49,62,71,68,4.1,83209119.4856968,20147486.0,0.001,-14.58,65567,39539,39955,-0.398
2968,EFR,Financial Services,Asset Management,NYSE,88.36,49,41,39,35,10.19,305864672.34387016,29523618.0,0.29,-11.77,126274,115631,126354,-0.214
2969,MPV,Financial Services,Asset Management,NYSE,88.35,49,37,28,44,16.25,172460261.9196968,10792257.0,0.9,-21.04,16391,21147,24048,-0.053
2970,TCBI,Financial Services,Banks - Regional,NASDAQ,88.34,49,54,60,77,93.69,4076156930.3112717,43474369.0,0.1454,-13.98,616860,520543,474318,0.086
2971,DOCS,Healthcare,Health Information Services,NYSE,88.33,49,27,12,6,28.58,4978410275.796356,178245980.0,0.099300005,-61.34,2979490,2789480,4931406,0.073
2972,STAG,Real Estate,REIT - Industrial,NYSE,88.32,48,47,57,62,36.05,6950740113.348919,192808329.0,0.053200003,-15.4,1964850,1672046,1661404,0.081
2973,DEC,Energy,Oil & Gas Integrated,NYSE,88.32,48,63,31,79,13.61,926479484.2471218,69037219.0,0.107200004,-27.99,647450,825673,865612,0.247
2974,FHN,Financial Services,Banks - Regional,NYSE,88.32,48,61,63,67,23.36,11095861076.506329,473777158.0,0.0001,-12.05,5305190,4865303,4915488,0.09
2975,BKU,Financial Services,Banks - Regional,NYSE,88.31,48,56,68,78,43.23,3090055037.7042503,71232249.0,0.066,-17.04,888620,916336,800740,0.042
2976,TNDM,Healthcare,Medical Devices,NASDAQ,88.3,48,66,24,75,16.52,1148048665.5,69578707.0,0.2401,-44.28,2431170,1931276,2081444,0.058
2977,PHUN,Technology,Software - Application,NASDAQ,88.29,48,49,31,24,2.06,40925350.0,20462675.0,0.026400002,-34.23,61510,86613,87510,0.756
2978,CMPR,Industrials,Specialty Business Services,NASDAQ,88.28,48,67,90,85,76.35,1827184701.332611,24349476.0,0.1512,-28.36,197800,186813,200182,0.087
2979,GFL,Industrials,Waste Management,NYSE,88.27,48,58,28,26,42.28,18303978011.767426,436016632.0,0.0765,-10.06,3696570,3061356,2700484,0.163
2980,SELF,Real Estate,REIT - Specialty,NASDAQ,88.27,48,55,44,62,4.9,55393885.91076851,11421420.0,0.0016,-14.78,59710,39176,36344,0.006
2981,ACDC,Energy,Oil & Gas Equipment & Services,NASDAQ,88.26,48,35,32,75,4.75,834122236.065136,182122762.0,0.0517,-42.21,1247100,1302926,1601240,-0.008
2982,MOLN,Healthcare,Biotechnology,NASDAQ,88.26,48,55,39,56,3.92,149773479.95776486,38305237.0,0.16,-26.87,690,1293,1128,
2983,TRP,Energy,Oil & Gas Midstream,NYSE,88.26,48,54,76,73,59.48,61537170228.79797,1041766896.0,16.86,-16.78,4493780,2961906,2697432,0.057
2984,FIZZ,Consumer Defensive,Beverages - Non-Alcoholic,NASDAQ,88.25,48,36,31,31,29.84,2838415928.070877,93615302.0,0.17709999,-21.91,402210,405456,378184,0.0
2985,TIPT,Financial Services,Asset Management,NASDAQ,88.24,48,46,47,31,17.34,646108670.4058151,37239692.0,0.0345,-10.29,257430,208860,217134,
2986,TCBS,Financial Services,Banks - Regional,NASDAQ,88.24,48,57,57,55,17.0,49209811.09911156,2872727.0,0.0013,-15.0,2150,2013,1654,0.135
2987,PRMB,Consumer Defensive,Beverages - Non-Alcoholic,NYSE,88.24,48,52,68,28,19.88,7061521767.39234,361943705.0,0.32759997,-24.15,3612050,4224003,4363308,0.038
2988,PSA,Real Estate,REIT - Industrial,NYSE,88.2,48,50,66,60,281.66,53030549387.76764,186852295.0,0.0429,-16.06,912790,875593,896276,0.033
2989,USAS,Basic Materials,Other Industrial Metals & Mining,NYSE ARCA,88.2,48,74,44,96,4.43,1494656679.6793785,338157614.0,0.0659,-57.81,3472140,3954016,4369026,0.721
2990,EXR,Real Estate,REIT - Industrial,NYSE,88.19,48,39,53,49,132.91,28151668603.5,211269558.0,0.0315,-16.35,1475640,1381153,1282188,0.038
2991,HTHT,Consumer Cyclical,Lodging,NASDAQ,88.19,48,54,35,84,41.77,13177661751.842926,315405987.0,0.045500003,-26.25,1436580,1445116,1529550,0.108
2992,PLMKU,Financial Services,Shell Companies,NASDAQ,88.18,48,35,39,36,10.76,,,0.26,-15.48,0,226,150,
2993,SIGI,Financial Services,Insurance - Property & Casualty,NASDAQ,88.12,48,67,70,37,85.25,5098520677.061371,59569119.0,0.0334,-15.09,520690,447036,463388,0.045
2994,KEN,Utilities,Utilities - Independent Power Producers,NYSE,88.12,48,62,63,93,61.21,3152037021.992214,52108397.0,0.0031,-36.19,12000,14836,17350,0.934
2995,SKYW,Industrials,Airlines,NASDAQ,88.09,48,53,40,44,96.06,3744215391.5994644,38828325.0,0.065799996,-18.4,307450,328243,342064,0.065
2996,ESNT,Financial Services,Insurance - Specialty,NYSE,88.09,48,72,58,56,61.09,5412332829.711914,89876000.0,0.0469,-13.19,987550,804323,707150,0.136
2997,DRD,Basic Materials,Gold,NYSE,88.09,48,66,24,87,24.17,2111078301.6191368,86875653.0,0.0337,-38.61,247340,279560,289092,0.498
2998,OGG,Basic Materials,Gold,NYSE,88.07,48,34,18,78,2.85,859404304.4698186,305837837.0,14.32,-40.56,2049550,1871593,1752684,3.771
2999,HIVE,Financial Services,Capital Markets,NASDAQ,88.06,48,51,78,29,2.9,817346472.471425,274277338.0,2.53,-63.01,10278050,13405230,17829470,0.735
3000,SABA,Financial Services,Asset Management,NYSE,88.05,48,41,39,49,7.9,212159215.40737152,26754000.0,0.00059999997,-13.94,83192,62757,51810,-0.232
3001,SPKL,Financial Services,Shell Companies,NASDAQ,88.03,48,49,57,46,11.56,100268799.11938667,8658791.0,0.2384,-17.01,32810,26356,24606,
3002,CHSCP,Consumer Defensive,Farm Products,NASDAQ,88.03,48,37,38,52,26.09,,,0.14,-12.15,20418,17302,16775,0.186
3003,STNE,Technology,Software - Infrastructure,NASDAQ,88.0,48,23,27,48,11.54,2202188329.5826263,230595632.0,0.0887,-41.24,7356520,6601940,5769146,0.016
3004,OSW,Consumer Cyclical,Leisure,NASDAQ,87.98,48,48,70,76,22.92,2397399662.621109,101498712.0,0.0789,-21.64,864860,1006396,977140,0.085
3005,SKT,Real Estate,REIT - Retail,NYSE,87.98,48,59,71,67,34.59,4033401373.9065704,114878989.0,0.0991,-18.67,1050990,894406,918502,0.115
3006,BULL,Technology,Software - Application,NASDAQ,87.97,48,88,41,10,7.36,3961333563.7503433,539691210.0,0.0806,-49.26,10181500,14532940,13980574,0.519
3007,ASPCU,Financial Services,Shell Companies,NASDAQ,87.97,48,61,25,53,11.99,,,0.71,-75.53,0,87,227,
3008,CBUS,Healthcare,Biotechnology,NASDAQ,87.97,48,54,79,23,1.68,130693531.3555336,76428964.0,0.060599998,-59.91,156550,122070,138534,0.065
3009,MGIH,Consumer Cyclical,Packaging & Containers,NASDAQ,87.96,48,52,34,34,1.49,16762500.10728836,11250000.0,0.0324,-39.92,18780,16463,349038,-0.233
3010,LW,Consumer Defensive,Packaged Foods,NYSE,87.94,48,53,42,30,44.57,5994265479.017349,137483158.0,0.0553,-33.55,2490500,1776670,1646782,0.056
3011,RCL,Consumer Cyclical,Travel Services,NYSE,87.94,48,30,35,51,275.03,74282139198.32324,267452084.0,0.0556,-22.83,4538700,2821946,2446796,0.065
3012,CING,Healthcare,Biotechnology,NASDAQ,87.93,48,65,38,74,4.75,64112614.44281769,13469036.0,0.11229999,-60.05,97180,108830,125116,
3013,NVS,Healthcare,Drug Manufacturers - General,NYSE,87.92,48,68,65,76,140.93,268000792440.0,1900714840.0,0.0027,-17.32,1935720,2298590,1996082,0.008
3014,KEY,Financial Services,Banks - Regional,NYSE,87.9,48,65,73,77,20.18,21427941282.904552,1067128554.0,0.0001,-16.16,14688500,13577506,11911264,0.101
3015,GS,Financial Services,Capital Markets,NYSE,87.89,48,74,80,77,893.46,262799665293.6123,291171408.0,0.0239,-22.58,2008330,2018243,2010220,0.425
3016,AD,Communication Services,Telecom Services,NYSE,87.89,48,52,39,70,34.5,2974011175.2774353,86478954.0,0.081999995,-43.28,240170,262223,218526,0.895
3017,SAAQU,Financial Services,Shell Companies,NASDAQ,87.89,48,38,47,44,10.19,,,1.08,-6.51,2790,2016,1562,
3018,NEPH,Healthcare,Medical Instruments & Supplies,NASDAQ,87.89,48,51,36,24,3.55,39856641.2285614,10860120.0,0.0069,-44.7,21440,24366,26730,0.362
3019,FTS,Utilities,Utilities - Regulated Electric,NYSE,87.89,48,54,63,69,52.57,27011282454.299927,510900000.0,20.28,-11.5,927960,774520,781542,0.041
3020,SMMT,Healthcare,Biotechnology,NASDAQ,87.88,48,53,15,49,17.27,13366293912.01189,797749602.0,0.2626,-40.92,8225580,7122790,6235838,
3021,KRG,Real Estate,REIT - Retail,NYSE,87.87,48,55,76,71,24.13,4886461573.587936,200346933.0,0.1021,-19.35,2163190,2125570,2358144,-0.08
3022,LBRT,Energy,Oil & Gas Equipment & Services,NYSE,87.87,48,54,86,96,19.59,3151226155.806381,163191416.0,0.14729999,-43.18,4535080,3787750,4219868,0.14
3023,RTAC,Financial Services,Shell Companies,NASDAQ,87.87,48,41,37,31,10.43,325323833.6442032,31161288.0,0.0037,-10.85,75350,234913,180784,
3024,TFII,Industrials,Trucking,NYSE,87.85,48,70,86,82,114.8,9772751511.316612,82193031.0,7.26,-31.54,347690,245550,288614,0.124
3025,AB,Financial Services,Asset Management,NYSE,87.85,48,49,40,55,35.04,3261132665.0,93175219.0,0.0097,-20.56,363250,324413,300426,
3026,MTG,Financial Services,Insurance - Specialty,NYSE,87.85,48,72,53,59,27.12,5528114594.497833,205124840.0,0.059499998,-14.96,2947200,2307893,2049774,-0.029
3027,BUSEP,Financial Services,Banks - Regional,NASDAQ,87.84,48,46,42,43,25.27,,,1.57,-5.18,15247,9402,10481,-0.009
3028,ABUS,Healthcare,Biotechnology,NASDAQ,87.84,48,73,73,64,4.67,881570518.5643282,198105743.0,0.13859999,-14.31,12186190,7337220,5275136,-0.906
3029,VOYG,Industrials,Aerospace & Defense,NYSE,87.8,48,61,32,24,30.2,1887628844.424591,61029060.0,0.19139999,-42.37,3633030,2082490,1964002,0.155
3030,FGBIP,Financial Services,Banks - Regional,NASDAQ,87.8,48,54,71,39,17.18,,,0.2,-19.94,5594,5078,4924,1.768
3031,TBLD,Financial Services,Asset Management,NASDAQ,87.79,48,61,61,69,19.95,648374826.0581589,32081883.0,0.1,-13.34,65785,73591,62365,
3032,GLSI,Healthcare,Biotechnology,NASDAQ,87.78,47,58,72,95,16.91,249235965.1208496,14678208.0,0.2131,-50.41,115390,123743,123708,
3033,NVST,Healthcare,Medical Instruments & Supplies,NYSE,87.78,47,74,64,84,23.34,3768091306.0900955,160617709.0,0.0714,-23.27,2736330,2683000,2924068,0.071
3034,CVR,Industrials,Tools & Accessories,NYSE ARCA,87.78,47,33,32,34,10.51,10820678.215724945,966132.0,0.0107,-29.93,2170,3443,3074,-0.008
3035,WWD,Industrials,Aerospace & Defense,NASDAQ,87.77,47,59,83,90,332.96,19580774540.090332,59045820.0,0.0202,-26.16,692320,728096,704890,0.212
3036,NTRSO,Financial Services,Asset Management,NASDAQ,87.76,47,38,38,46,18.28,,,2.09,-10.81,68670,45976,41490,0.364
3037,AVK,Financial Services,Asset Management,NYSE,87.76,47,55,64,58,11.54,510800977.74687195,44148746.0,0.0014,-13.1,201587,165995,154809,0.04
3038,SPOK,Healthcare,Health Information Services,NASDAQ,87.74,47,29,22,22,10.97,227798519.1116724,20918137.0,0.035,-33.31,131340,131296,153398,-0.019
3039,RMD,Healthcare,Medical Instruments & Supplies,NYSE,87.72,47,41,22,32,222.86,30784523814.43062,140639243.0,0.11350001,-21.77,993190,1274230,1365560,0.086
3040,TSLX,Financial Services,Asset Management,NYSE,87.72,47,37,27,30,17.59,1717129955.2123127,95343139.0,0.0548,-24.15,511460,435310,460550,-0.149
3041,AWK,Utilities,Utilities - Regulated Water,NYSE,87.71,47,61,35,37,127.84,25884450817.25,198728989.0,0.085200004,-12.22,1813670,1923720,2169502,0.062
3042,FTHY,Financial Services,Asset Management,NYSE,87.71,47,48,49,48,12.63,463707378.66499615,36772989.0,0.0034,-12.41,153934,122604,111408,
3043,OZK,Financial Services,Banks - Regional,NASDAQ,87.71,47,56,53,58,46.59,5093147036.953079,109037618.0,0.16319999,-12.74,1215660,1095443,1055460,-0.021
3044,FINS,Financial Services,Asset Management,NYSE,87.7,47,50,54,51,11.94,399665539.2347517,33416851.0,0.0023,-11.23,62454,48164,44276,0.181
3045,HPP,Real Estate,REIT - Office,NYSE,87.7,47,46,92,7,11.25,623005121.8377419,54268741.0,0.0098,-42.81,649540,625050,689022,-0.013
3046,PPT,Financial Services,Asset Management,NYSE,87.69,47,43,40,50,3.27,312505844.1671939,95567537.0,0.0008,-12.57,185690,129650,127692,-0.191
3047,KBDC,Financial Services,Asset Management,NYSE,87.66,47,35,44,52,12.7,836699057.7382851,66037810.0,0.0083,-19.97,396512,365994,385778,
3048,SIM,Basic Materials,Steel,NYSE ARCA,87.66,47,26,52,47,28.7,4295631340.0,153415405.0,0.0001,-17.03,15410,5633,15576,0.156
3049,BMA,Financial Services,Banks - Regional,NYSE,87.65,47,57,88,64,68.78,4127264581.6264343,63939030.0,0.0208,-35.2,394200,299330,303114,0.012
3050,MMT,Financial Services,Asset Management,NYSE,87.65,47,45,37,53,4.21,236188738.82529688,54673317.0,1.13,-13.37,358136,297015,288541,0.021
3051,PVH,Consumer Cyclical,Apparel Manufacturing,NYSE,87.65,47,35,38,77,74.9,3484790470.169403,46137833.0,0.139,-25.66,818260,1023026,965306,-0.032
3052,IONQ,Technology,Computer Hardware,NYSE,87.64,47,19,57,24,42.97,17732787848.576385,405135656.0,0.1004,-49.23,29331710,22332363,21855108,2.868
3053,UNB,Financial Services,Banks - Regional,NASDAQ,87.64,47,49,43,37,22.93,113903343.43605804,4945868.0,0.0026,-13.18,3530,4003,5538,0.131
3054,GLND,Energy,Oil & Gas E&P,NASDAQ,87.64,47,3,2,17,3.71,163113624.45408726,43730194.0,1.74,-83.87,48066030,23624793,14914328,
3055,AURA,Healthcare,Biotechnology,NASDAQ,87.64,47,75,61,78,6.22,631562302.634098,103704809.0,0.0684,-34.77,917050,870896,819072,
3056,VVR,Financial Services,Asset Management,NYSE,87.63,47,36,36,39,2.87,444843349.95737815,153925029.0,0.0008,-15.84,705974,753261,672374,-0.188
3057,MBINN,Financial Services,Banks - Regional,NASDAQ,87.62,47,50,51,59,18.78,,,1.21,-11.87,14460,9773,8776,0.371
3058,VTS,Energy,Oil & Gas E&P,NYSE,87.61,47,29,20,30,17.05,710299863.125349,42104317.0,0.1557,-28.36,440760,518750,510902,0.092
3059,TFC,Financial Services,Banks - Regional,NYSE,87.58,47,63,63,68,46.33,56744537364.626816,1221626188.0,0.0216,-17.56,8022190,7405436,7027370,0.082
3060,HGBL,Financial Services,Capital Markets,NASDAQ,87.57,47,38,21,26,1.3,44684882.72861004,34639445.0,0.0023999999,-21.21,75190,157843,226208,-0.143
3061,RSG,Industrials,Waste Management,NYSE,87.56,47,51,40,34,212.83,64169990922.08972,306212978.0,0.0252,-8.82,1237880,1570553,1512548,0.046
3062,ELAN,Healthcare,Drug Manufacturers - Specialty & Generic,NYSE,87.55,47,63,76,88,22.51,11057813462.780167,499449583.0,0.1012,-19.55,5806990,5330933,6635456,0.102
3063,VZLA,Basic Materials,Other Industrial Metals & Mining,NYSE ARCA,87.55,47,53,23,31,3.51,1281755270.6730518,355056872.0,0.1016,-51.18,4829940,4881640,5094842,
3064,UHS,Healthcare,Medical Care Facilities,NYSE,87.53,47,36,21,35,176.05,10356324487.743988,58936515.0,0.065799996,-28.53,707210,724856,797956,0.083
3065,CLWT,Industrials,Pollution & Treatment Controls,NASDAQ,87.52,47,78,83,57,1.33,9931362.0073843,7411464.0,0.0023999999,-50.37,7310,11803,15584,-0.092
3066,WIW,Financial Services,Asset Management,NYSE,87.51,47,41,45,51,7.91,488861224.64606285,61184135.0,0.56,-12.31,381836,332238,307897,-0.0
3067,LSPD,Technology,Software - Application,NYSE,87.5,47,46,40,23,10.21,1269721953.980896,129299592.0,0.0481,-25.56,1154570,748710,789842,0.058
3068,AX,Financial Services,Banks - Regional,NYSE,87.45,47,65,61,72,88.51,5045358994.883858,56734049.0,0.0804,-16.29,360360,374366,353098,0.181
3069,DWSN,Energy,Oil & Gas Equipment & Services,NASDAQ,87.44,47,86,99,91,2.77,85713505.38383055,31055618.0,0.0442,-64.71,74570,87976,128790,0.818
3070,AEBI,Industrials,Farm & Heavy Construction Machinery,NASDAQ,87.41,47,55,37,48,11.14,845591811.9235039,77506125.0,0.1911,-30.2,444050,386790,389246,0.787
3071,WIA,Financial Services,Asset Management,NYSE,87.4,47,41,46,49,7.64,178182040.36614275,23322257.0,0.49,-10.54,58643,43144,35464,-0.013
3072,AVO,Consumer Defensive,Food Distribution,NASDAQ,87.39,47,62,47,78,12.7,1123160392.0313225,87678404.0,0.088,-18.22,885010,828193,769148,0.258
3073,SDHY,Financial Services,Asset Management,NYSE,87.39,47,47,45,49,15.23,377251025.2987976,24673056.0,0.42,-10.52,75431,69097,62568,
3074,NVMI,Technology,Semiconductor Equipment & Materials,NASDAQ,87.38,47,37,80,93,392.86,12599056340.01648,31806161.0,0.0699,-36.22,277910,515173,535276,0.159
3075,ZH,Communication Services,Internet Content & Information,NYSE,87.37,47,15,24,24,3.37,285657297.76971745,84264687.0,0.0189,-33.8,599470,562210,404676,-0.037
3076,TFIN,Financial Services,Banks - Regional,NYSE,87.37,47,58,81,59,61.6,1485762317.952034,23894537.0,0.126,-26.25,242390,220080,202972,0.119
3077,HOV,Consumer Cyclical,Residential Construction,NYSE,87.36,47,58,67,37,111.69,692539199.8118591,5959890.0,0.095,-24.78,100980,112000,132086,-0.118
3078,USLM,Basic Materials,Building Materials,NASDAQ,87.36,47,48,21,73,110.78,3184695237.914955,28688363.0,0.0937,-21.68,134350,143326,153688,0.083
3079,ASND,Healthcare,Biotechnology,NASDAQ,87.35,47,81,80,81,228.03,14994675581.233154,65803642.0,0.0713,-19.18,799820,780603,686360,1.147
3080,MIY,Financial Services,Asset Management,NYSE,87.35,47,57,60,58,11.11,323536259.70983505,28964750.0,0.0037,-13.88,102958,78806,70365,0.039
3081,PUMP,Energy,Oil & Gas Equipment & Services,NYSE,87.35,47,73,89,96,9.59,1138577766.8143272,122823917.0,0.1681,-48.16,4071830,3777513,3783000,-0.062
3082,ENSG,Healthcare,Medical Care Facilities,NASDAQ,87.35,47,37,34,77,172.89,10011756441.37445,58282434.0,0.0306,-20.69,342700,351963,359274,0.173
3083,BGDE,Financial Services,Capital Markets,NASDAQ,87.34,47,89,77,27,5.34,32063661.870160103,5861730.0,0.0421,-86.65,87710,60940,64124,-0.355
3084,SONM,Financial Services,Capital Markets,NASDAQ,87.3,47,9,31,8,4.03,6072937.086439133,1488465.0,0.0168,-76.26,20530,17070,15368,
3085,D,Utilities,Utilities - Regulated Electric,NYSE,87.3,47,60,71,65,61.02,53923737141.03508,879525949.0,0.0254,-16.4,4849730,4809796,4238292,0.176
3086,ACGL,Financial Services,Insurance - Diversified,NASDAQ,87.27,47,57,58,55,94.36,31939045672.925674,341229126.0,0.025,-11.89,4180450,3862046,2994948,-0.105
3087,ETR,Utilities,Utilities - Regulated Electric,NYSE,87.26,47,60,72,81,100.82,48212527458.293396,477777482.0,0.0398,-14.88,3045280,2843436,2689956,0.059
3088,AMBA,Technology,Semiconductor Equipment & Materials,NASDAQ,87.26,47,30,75,30,68.26,3030277726.5037766,44140971.0,0.15630001,-29.4,1395240,1695963,1718804,0.132
3089,VTOL,Energy,Oil & Gas Equipment & Services,NYSE,87.23,47,56,55,85,40.43,1193386870.2468872,29642000.0,0.0448,-19.75,214350,290920,261092,0.094
3090,DIN,Consumer Cyclical,Restaurants,NYSE,87.23,47,63,83,43,29.86,378761768.9658165,12659150.0,0.1723,-24.75,801080,472063,387864,0.044
3091,HHH,Real Estate,Real Estate - Development,NYSE,87.22,46,26,41,27,71.66,4242470635.1548004,59719462.0,0.1268,-21.31,985740,760186,627238,3.302
3092,L,Financial Services,Insurance - Property & Casualty,NYSE,87.21,46,54,64,67,105.67,21675470902.054443,204427720.0,0.0287,-12.68,1126420,984636,870992,0.039
3093,LGIH,Consumer Cyclical,Residential Construction,NASDAQ,87.2,46,57,82,22,46.45,1119171799.8903809,23248272.0,0.2143,-29.89,292650,287096,308558,0.057
3094,BRX,Real Estate,REIT - Retail,NYSE,87.17,46,51,69,73,27.05,8405232547.940002,306872316.0,0.0932,-17.68,3816880,3244036,2911248,0.043
3095,HOS,Industrials,Marine Shipping,NYSE,87.16,46,64,74,85,7.85,2481930049.89624,327000000.0,3.27,-29.47,2881050,2666370,2189736,-0.113
3096,HMN,Financial Services,Insurance - Property & Casualty,NYSE,87.16,46,68,76,58,45.6,1833077636.0603256,40501054.0,0.038,-17.93,344440,319203,290834,0.077
3097,TVACU,Financial Services,Shell Companies,NASDAQ,87.15,46,41,39,44,10.7,,,0.39,-15.88,960,966,584,
3098,REG,Real Estate,REIT - Retail,NASDAQ,87.15,46,49,63,68,71.33,13111430885.78022,183120547.0,0.045100003,-14.74,1275350,1271623,1312618,0.089
3099,DOV,Industrials,Specialty Industrial Machinery,NYSE,87.11,46,33,62,73,191.3,25547492209.059143,134680225.0,0.0357,-19.47,1265440,1311180,1190276,0.069
3100,CINF,Financial Services,Insurance - Property & Casualty,NASDAQ,87.11,46,59,66,61,162.14,24855768919.372177,153478045.0,0.0286,-16.77,697990,629520,626338,0.316
3101,BNL,Real Estate,REIT - Diversified,NYSE,87.1,46,64,77,75,18.4,3797387100.971489,204600604.0,0.1409,-20.35,1966550,1891370,2137160,0.083
3102,MHO,Consumer Cyclical,Residential Construction,NYSE,87.09,46,57,69,40,132.0,3407141118.6761627,25283031.0,0.074,-19.34,195440,202973,208770,-0.085
3103,INMD,Healthcare,Medical Devices,NASDAQ,87.09,46,58,57,36,14.13,810797392.2605438,57544172.0,0.0464,-15.59,419920,490936,484624,-0.0
3104,POLEU,Financial Services,Shell Companies,NASDAQ,87.09,46,30,35,57,10.74,,,0.62,-12.4,0,72,49,
3105,ABX,Financial Services,Insurance - Life,NYSE,87.09,46,77,92,81,8.24,808741943.995739,97792249.0,0.1675,-33.76,737640,578826,578284,0.299
3106,WTM,Financial Services,Insurance - Property & Casualty,NYSE,87.08,46,54,56,73,2019.44,4823372308.2052,2386721.0,0.0585,-13.44,14370,19676,20602,0.225
3107,PC,Industrials,Specialty Business Services,NASDAQ,87.06,46,57,61,65,9.4,30497781.762342453,3244445.0,,-29.06,0,0,0,-0.079
3108,BTT,Financial Services,Asset Management,NYSE,87.04,46,41,47,54,21.76,1395941551.3196354,63625411.0,0.0004,-6.37,141987,115425,95791,0.006
3109,SUZ,Basic Materials,Paper & Paper Products,NYSE,87.02,46,43,26,54,8.43,10468266137.0,1231560722.0,0.0113,-26.92,2996600,3066230,3194528,-0.128
3110,DLY,Financial Services,Asset Management,NYSE,87.01,46,46,44,43,13.22,652364919.1522007,48539058.0,0.77,-13.37,402676,254678,229029,
3111,IVT,Real Estate,REIT - Retail,NYSE,87.0,46,56,76,70,29.76,2370544272.6535892,77978431.0,0.083500005,-20.04,737030,676783,652826,0.126
3112,MELI,Consumer Cyclical,Internet Retail,NASDAQ,86.99,46,56,29,27,1860.61,86010169371.63574,50696802.0,0.0163,-23.37,714550,588696,549160,0.498
3113,YETI,Consumer Cyclical,Leisure,NYSE,86.99,46,33,83,57,40.52,2983052014.559555,72988796.0,0.1455,-24.95,1568790,1675960,1748766,0.085
3114,SEG,Real Estate,Real Estate Services,NYSE,86.99,46,68,68,59,22.5,286677404.9298096,12809536.0,0.0866,-24.01,104040,72530,76686,-0.148
3115,PRPO,Healthcare,Diagnostics & Research,NASDAQ,86.97,46,77,64,96,24.0,41407046.93761444,1790188.0,0.045300003,-28.64,52050,131163,130886,0.242
3116,AEP,Utilities,Utilities - Regulated Electric,NASDAQ,86.97,46,52,66,76,119.73,65093591212.50311,544397352.0,0.047,-14.83,4118780,3874683,3869164,0.07
3117,SIFY,Communication Services,Telecom Services,NASDAQ,86.96,46,57,90,93,13.33,964104756.044774,72434615.0,0.036,-25.32,37550,29960,32092,0.152
3118,LSAK,Technology,Software - Infrastructure,NASDAQ,86.96,46,37,50,60,4.58,371618320.47214127,85824094.0,0.0042,-17.33,253600,155586,137744,0.118
3119,NAVI,Financial Services,Credit Services,NASDAQ,86.96,46,56,20,16,9.04,863762702.7904711,93989417.0,0.2867,-32.94,1328200,1381190,1329584,0.042
3120,IRMD,Healthcare,Medical Devices,NASDAQ,86.96,46,30,74,82,86.47,1092009050.9113998,12786991.0,0.0844,-19.86,147550,125136,128696,0.003
3121,TEX,Industrials,Farm & Heavy Construction Machinery,NYSE,86.96,46,63,70,79,56.9,6481952895.355225,114300000.0,0.0719,-23.82,1547600,1163176,1215656,0.505
3122,NOMD,Consumer Defensive,Packaged Foods,NYSE,86.94,46,60,41,16,10.69,1488775896.523901,139791169.0,0.0215,-18.89,1300870,1331753,1569304,-0.031
3123,RTACU,Financial Services,Shell Companies,NASDAQ,86.94,46,42,37,30,10.7,,,0.0,-14.67,400,2510,2586,
3124,SHW,Basic Materials,Specialty Chemicals,NYSE,86.93,46,50,38,36,318.46,77563659196.69507,242758151.0,0.026500002,-15.7,1786220,1662366,1791060,0.075
3125,AIR,Industrials,Aerospace & Defense,NYSE,86.93,46,84,88,91,102.24,4120308655.474098,40194211.0,0.041100003,-33.61,908570,550450,496422,0.241
3126,FAF,Financial Services,Insurance - Specialty,NYSE,86.92,46,65,70,62,61.97,6380229171.37146,102100000.0,0.0687,-22.41,1132970,941093,811324,0.15
3127,UPXI,Communication Services,Internet Content & Information,NASDAQ,86.91,46,18,5,5,1.15,96059891.05654407,82102474.0,0.1917,-85.16,3765790,4667806,3411402,-0.266
3128,ALV,Consumer Cyclical,Auto Parts,NYSE,86.9,46,53,53,45,112.07,8191582609.698875,73237217.0,0.0722,-15.21,753310,669116,615036,0.033
3129,AEXA,Financial Services,Shell Companies,NYSE,86.89,46,49,56,42,11.04,550003134.0196705,49460714.0,0.006,-7.92,61140,65933,65104,
3130,VNO,Real Estate,REIT - Office,NYSE,86.88,46,57,72,22,33.21,6298083425.156124,186720531.0,0.0,-20.65,1418880,1309730,1389846,0.05
3131,TOL,Consumer Cyclical,Residential Construction,NYSE,86.86,46,40,65,68,135.38,12588201726.242065,92147000.0,0.0519,-19.59,1262970,1047470,986286,-0.097
3132,TPG,Financial Services,Asset Management,NASDAQ,86.86,46,67,28,20,44.5,7447159682.805679,166715021.0,0.075100005,-36.77,2605540,2570033,2895378,1.102
3133,PCAR,Industrials,Farm & Heavy Construction Machinery,NASDAQ,86.86,46,65,66,76,109.36,57731708205.673836,526364953.0,0.0271,-21.46,3930470,3219373,3351396,0.005
3134,TAOX,Financial Services,Capital Markets,NASDAQ,86.84,46,20,14,30,4.43,33001096.07814789,7483242.0,0.0627,-55.7,237220,210726,168570,21.369
3135,WHLRD,Real Estate,REIT - Retail,NASDAQ,86.84,46,37,54,49,36.26,,,4.87,-13.67,500,380,288,-0.139
3136,COF,Financial Services,Credit Services,NYSE,86.84,46,65,34,37,195.14,119457768014.80286,613484836.0,0.018099999,-24.84,3477410,3417186,3420372,11.11
3137,CMP,Basic Materials,Other Industrial Metals & Mining,NYSE,86.83,46,58,83,84,22.66,931975434.828865,41980874.0,0.0692,-34.32,369390,393543,448770,0.003
3138,F,Consumer Cyclical,Auto Manufacturers,NYSE,86.8,46,66,70,61,12.15,48249909091.84703,3987595667.0,0.0,-31.66,43022760,46532883,47226746,-0.038
3139,FRA,Financial Services,Asset Management,NYSE,86.79,46,45,36,34,10.29,371710603.30962753,35434758.0,0.0018000001,-21.09,182390,151016,153684,-0.206
3140,LXU,Basic Materials,Chemicals,NYSE,86.76,46,56,55,92,10.18,709895364.7216187,71997504.0,0.0688,-40.88,681020,760346,829386,0.111
3141,NPFD,Financial Services,Asset Management,NYSE,86.75,46,50,49,56,17.41,424563949.9956894,24164141.0,0.0064,-13.38,65650,60323,64560,0.068
3142,ACV,Financial Services,Asset Management,NYSE,86.74,46,57,74,65,24.14,251895753.68107605,10396028.0,0.65,-16.88,34209,27233,31243,
3143,NBIX,Healthcare,Drug Manufacturers - Specialty & Generic,NASDAQ,86.74,46,52,83,57,144.21,14554128991.079163,101649181.0,0.0634,-22.52,1551940,1264923,1343276,0.395
3144,GLU,Financial Services,Asset Management,NYSE ARCA,86.73,46,56,56,66,17.66,104557874.32142258,5991855.0,0.00059999997,-18.58,9617,7372,7767,0.224
3145,TMQ,Basic Materials,Other Industrial Metals & Mining,NYSE ARCA,86.71,46,39,34,86,3.04,560406120.2436426,181361209.0,0.0635,-73.07,1161390,1209113,1242562,
3146,FIEE,Technology,Communication Equipment,NASDAQ,86.7,46,78,36,99,3.69,31299955.31068039,8528598.0,0.0101,-65.16,5960,17630,520868,106.246
3147,GNL,Real Estate,REIT - Diversified,NYSE,86.7,46,60,62,78,8.14,1908372320.25,231317857.0,0.0,-18.88,3061210,2402736,2560736,-0.1
3148,PGR,Financial Services,Insurance - Property & Casualty,NYSE,86.68,46,53,61,28,212.62,122063922583.00781,580400000.0,0.0108,-13.44,3436430,2513800,2520248,0.073
3149,CBIO,Healthcare,Biotechnology,NASDAQ,86.66,45,90,78,91,13.94,531942594.26368713,37146830.0,0.1574,-49.14,381900,451536,357236,
3150,EVI,Industrials,Industrial Distribution,NYSE ARCA,86.64,45,13,11,35,19.15,248426894.0706482,12878532.0,0.026600001,-39.84,56160,54490,82920,0.108
3151,ATR,Healthcare,Medical Instruments & Supplies,NYSE,86.64,45,53,33,37,120.61,7624013411.231049,63581129.0,0.0347,-17.9,418910,414253,448604,0.063
3152,CSR,Real Estate,REIT - Residential,NYSE,86.62,45,26,30,55,55.18,915468382.5,16797585.0,0.080299996,-20.73,279220,330240,252384,-0.04
3153,ARI,Real Estate,REIT - Mortgage,NYSE,86.61,45,52,52,76,6.23,796974964.0821104,128544353.0,0.0368,-44.57,3501780,2679460,2992578,5.249
3154,PLMR,Financial Services,Insurance - Property & Casualty,NASDAQ,86.6,45,73,56,39,127.34,3328923666.4493637,26317683.0,0.0422,-13.74,243300,212583,229386,0.547
3155,MRTN,Industrials,Trucking,NASDAQ,86.59,45,56,83,67,13.05,1089366676.9205818,81661669.0,0.09810001,-29.38,741970,694736,685444,-0.028
3156,CTRE,Real Estate,REIT - Healthcare Facilities,NYSE,86.59,45,59,68,74,36.2,8577442943.422596,236293199.0,0.082100004,-17.01,2553580,2239353,2264596,0.435
3157,BGIN,Technology,Computer Hardware,NASDAQ,86.58,45,12,7,19,2.45,262475375.56736112,113135941.0,0.0017,-62.31,1314440,442690,308496,-0.845
3158,ALEC,Healthcare,Biotechnology,NASDAQ,86.58,45,88,16,87,1.99,202099017.00093985,111656919.0,0.0579,-41.47,9829640,4197456,3116566,-0.578
3159,BCDA,Healthcare,Biotechnology,NASDAQ,86.57,45,26,12,17,1.09,15744332.702501297,15138782.0,0.0651,-39.44,158610,302086,280932,
3160,ANIX,Healthcare,Biotechnology,NASDAQ,86.57,45,52,35,28,2.95,102553217.55766726,34763802.0,0.032,-45.97,345430,366090,302254,
3161,YSXT,Industrials,Specialty Business Services,NASDAQ,86.55,45,64,10,10,1.24,39279239.78716135,31882500.0,0.0042,-60.51,5800,24536,36728,0.137
3162,OSK,Industrials,Farm & Heavy Construction Machinery,NYSE,86.54,45,70,52,76,132.67,8263865780.479523,61739749.0,0.0373,-26.49,826310,602140,696032,0.067
3163,CHH,Consumer Cyclical,Lodging,NYSE,86.53,45,38,37,50,99.58,4613383755.0,45008622.0,0.2951,-19.58,568320,562790,544672,0.071
3164,LYTS,Technology,Electronic Components,NASDAQ,86.53,45,32,79,50,20.84,791803390.0,37261336.0,0.081199996,-23.83,318730,429263,392544,0.513
3165,AMH,Real Estate,REIT - Residential,NYSE,86.52,45,51,57,32,30.08,10888002557.295122,359815019.0,0.0467,-14.23,3573460,2910046,2618248,0.028
3166,TR,Consumer Defensive,Confectioners,NYSE,86.51,45,40,36,75,37.61,2855444623.598694,75163056.0,0.078200005,-16.53,189860,166976,158320,-0.006
3167,NRXP,Healthcare,Biotechnology,NASDAQ,86.51,45,81,92,50,2.87,125774201.89629817,43295767.0,0.2354,-43.22,682800,673596,912764,
3168,MUX,Basic Materials,Other Precious Metals & Mining,NYSE,86.5,45,63,43,93,17.9,1088500946.7961388,61358566.0,0.21059999,-39.73,1648670,1243640,1192134,0.268
3169,MSCI,Financial Services,Financial Data & Stock Exchanges,NYSE,86.49,45,42,60,36,552.35,38963565887.45117,72700000.0,0.022,-14.33,585500,518730,581802,0.122
3170,NEOV,Industrials,Electrical Equipment & Parts,NASDAQ,86.47,45,89,11,25,2.96,179990400.5360291,59013247.0,0.0924,-58.49,2158370,1832863,1752422,-0.997
3171,EVG,Financial Services,Asset Management,NYSE,86.43,45,46,48,51,9.98,135107335.72665977,13456906.0,2.36,-11.99,47652,40474,43348,-0.163
3172,SCI,Consumer Cyclical,Personal Services,NYSE,86.43,45,62,35,51,75.94,10513532937.994217,136291587.0,0.04,-16.54,1065650,924353,971640,0.036
3173,NCNO,Technology,Software - Application,NASDAQ,86.43,45,79,18,15,19.28,1975151762.5881195,105736174.0,0.18370001,-29.89,2219260,2628523,2438212,0.082
3174,SHLS,Technology,Solar,NASDAQ,86.41,45,25,86,64,8.15,1396889617.100668,168299950.0,0.1172,-38.16,3855540,4382586,4859388,0.474
3175,VMRK,Real Estate,REIT - Residential,NYSE,86.41,45,50,65,43,60.09,46264254293.21594,773779120.0,0.027,-15.96,5351080,6018676,5461726,0.033
3176,DORM,Consumer Cyclical,Auto Parts,NASDAQ,86.4,45,47,67,29,123.44,3651881478.6297607,29675618.0,0.0796,-24.73,249810,204013,254034,0.007
3177,RIV,Financial Services,Asset Management,NYSE,86.4,45,41,56,57,10.4,322337331.87690544,30728059.0,0.040700004,-14.4,82326,132528,139793,
3178,KYIV,Communication Services,Telecom Services,NASDAQ,86.39,45,65,83,40,12.57,2888354189.0850677,230883624.0,0.0521,-24.05,422840,402530,392398,0.194
3179,AVNW,Technology,Communication Equipment,NASDAQ,86.38,45,31,36,57,20.54,264735830.42671967,12801539.0,0.08140001,-23.98,114250,173656,160424,0.048
3180,WFC,Financial Services,Banks - Diversified,NYSE,86.38,45,64,50,51,81.44,243280737352.6864,3023999336.0,0.0,-16.69,13634000,13640673,13202076,0.095
3181,JF,Financial Services,Credit Services,NASDAQ,86.38,45,37,66,46,0.92,16872941.986084342,18340154.0,0.0013,-25.81,6960,7000,9912,
3182,CWCO,Utilities,Utilities - Regulated Water,NASDAQ,86.35,45,28,25,59,30.32,482787873.64157677,16012865.0,0.0477,-22.49,100630,89823,90850,-0.021
3183,DASH,Consumer Cyclical,Internet Retail,NASDAQ,86.31,45,70,36,18,191.77,81957870309.4732,433295654.0,0.0401,-32.83,4763570,4095556,4259920,0.356
3184,UPS,Industrials,Integrated Freight & Logistics,NYSE,86.29,45,59,71,60,93.14,79139699901.62273,850781582.0,0.0343,-23.91,4913860,4635610,4974890,0.076
3185,ERC,Financial Services,Asset Management,NYSE ARCA,86.29,45,55,50,54,8.43,237896219.63798904,28053801.0,0.87,-13.8,73288,64926,61169,-0.047
3186,EDF,Financial Services,Asset Management,NYSE,86.26,45,64,72,66,4.68,158940465.86102152,32174183.0,0.0085,-17.46,160826,137115,120773,
3187,CAF,Financial Services,Asset Management,NYSE,86.26,45,61,81,69,17.62,236231311.87177658,13353946.0,0.5,-17.7,12294,10801,13498,
3188,STRA,Consumer Defensive,Education & Training Services,NASDAQ,86.26,45,47,54,42,79.28,1770386630.5888367,22207559.0,0.103199996,-11.65,272300,288810,299724,0.049
3189,HERZ,Financial Services,Asset Management,NASDAQ,86.24,45,46,66,54,15.11,30830837.461209297,2017725.0,0.0038,-46.61,16320,24613,24164,1.943
3190,MDAI,Healthcare,Medical Devices,NASDAQ,86.24,45,29,25,66,1.69,52827814.0377599,31823985.0,0.0767,-43.1,119980,116710,147960,-0.304
3191,FULTP,Financial Services,Banks - Regional,NASDAQ,86.2,45,33,39,53,17.17,,,0.37,-15.29,10022,8430,11428,0.137
3192,ENTA,Healthcare,Biotechnology,NASDAQ,86.2,45,78,77,93,12.6,376855805.90925217,29078380.0,0.106800005,-26.53,319080,282823,245022,-0.216
3193,SABS,Healthcare,Biotechnology,NASDAQ,86.2,45,70,78,91,3.1,271139378.37542725,90986368.0,0.040900003,-39.81,809040,530050,473846,
3194,WDFC,Basic Materials,Specialty Chemicals,NASDAQ,86.18,45,39,80,44,205.86,2724750967.2611084,13421096.0,0.057600003,-31.13,125190,118053,115014,0.243
3195,FMS,Healthcare,Medical Care Facilities,NYSE,86.15,45,42,42,34,22.65,11841880982.5,532219370.0,4.46,-18.05,789050,691873,746790,0.014
3196,CCS,Real Estate,Real Estate - Development,NYSE,86.13,45,60,60,37,58.13,1702277692.6303864,28432900.0,0.0926,-23.51,201060,268663,252908,-0.073
3197,ACNT,Basic Materials,Specialty Chemicals,NASDAQ,86.13,45,67,65,39,13.68,124060171.93420029,9009453.0,0.018099999,-23.66,29190,32300,42822,0.376
3198,REGCP,Real Estate,REIT - Retail,NASDAQ,86.12,45,52,49,49,21.85,,,0.66,-11.72,7819,5169,3741,0.089
3199,AWI,Industrials,Building Products & Equipment,NYSE,86.09,45,50,24,49,163.47,6893911970.758545,42262826.0,0.0419,-20.68,307700,347616,414854,0.112
3200,AMBR,Financial Services,Asset Management,NASDAQ,86.04,45,6,7,11,1.88,170638198.91552687,94275251.0,0.0067000003,-44.21,194960,948783,581256,-0.336
3201,AROC,Energy,Oil & Gas Equipment & Services,NYSE,86.04,45,61,86,88,30.1,5318007137.672758,175338185.0,0.0608,-28.72,1349140,1835536,1793372,-0.031
3202,XLO,Healthcare,Biotechnology,NASDAQ,86.03,45,56,32,28,9.11,59287180.0360775,6580153.0,0.0701,-27.62,7470,9576,12280,1.312
3203,GRF,Financial Services,Asset Management,NYSE ARCA,86.02,45,46,41,50,9.86,40313213.154556274,3967836.0,0.0011999999,-16.79,1908,3419,2901,-0.191
3204,RAPP,Healthcare,Biotechnology,NASDAQ,86.01,45,96,92,96,32.19,1543461372.7691345,47978286.0,0.074200004,-39.18,576590,431720,370040,
3205,SRTA,Healthcare,Medical Care Facilities,NASDAQ,85.99,45,62,66,49,4.81,418447994.0673704,88466806.0,0.0625,-26.0,914220,825633,955076,0.607
3206,RMI,Financial Services,Asset Management,NYSE,85.99,45,53,60,63,13.81,87847140.01769829,6374974.0,3.29,-15.59,37482,19624,22150,
3207,ELWT,Communication Services,Telecom Services,NASDAQ,85.98,44,58,65,32,6.12,42035703.96868706,6619796.0,0.0047,-37.04,9730,9966,11294,-0.464
3208,JJSF,Consumer Defensive,Packaged Foods,NASDAQ,85.97,44,40,23,22,78.19,1461835826.0,18681608.0,0.16360001,-20.72,206550,195360,220224,-0.062
3209,BZ,Communication Services,Internet Content & Information,NASDAQ,85.97,44,48,21,18,15.1,6492637438.998184,437804280.0,0.066,-38.74,6178880,9129850,7069942,0.141
3210,BTI,Consumer Defensive,Tobacco,NYSE,85.96,44,35,66,69,52.88,113267936025.87814,2151746530.0,0.0016,-21.43,4570330,5105256,4708786,0.014
3211,NNI,Financial Services,Credit Services,NYSE,85.95,44,37,45,61,125.01,4431999083.3311615,35779438.0,0.0444,-13.42,126200,142476,142420,-0.305
3212,BANF,Financial Services,Banks - Regional,NASDAQ,85.95,44,39,36,47,107.57,3631352421.1211395,33598745.0,0.0416,-16.58,160860,140980,135852,0.087
3213,ALLT,Technology,Software - Infrastructure,NASDAQ,85.95,44,34,38,24,8.41,415625097.4661102,49303094.0,0.0419,-29.45,260490,290246,280830,0.153
3214,OTLY,Consumer Defensive,Packaged Foods,NASDAQ,85.95,44,85,18,61,10.47,336674327.98678017,31912258.0,0.029000001,-36.25,64080,65740,95104,0.152
3215,WAL,Financial Services,Banks - Regional,NYSE,85.94,44,41,40,41,76.02,8333123692.665527,109100864.0,0.0,-21.81,1158780,1129320,1037668,0.136
3216,VBF,Financial Services,Asset Management,NYSE,85.93,44,37,40,47,14.16,161779258.49666977,11425089.0,0.0047999998,-10.72,52671,75530,74096,-0.042
3217,TECX,Healthcare,Biotechnology,NASDAQ,85.93,44,81,90,91,23.11,440642727.5379791,19549366.0,0.22950001,-41.54,315340,246296,231070,
3218,MCN,Financial Services,Asset Management,NYSE,85.92,44,49,38,55,5.24,110425657.00502396,20993470.0,0.23,-18.0,80489,57859,57703,
3219,LMT,Industrials,Aerospace & Defense,NYSE,85.92,44,52,38,74,506.63,116643955318.91098,230790753.0,0.0125,-26.79,1118600,1137396,1125086,0.105
3220,H,Consumer Cyclical,Lodging,NYSE,85.92,44,39,77,63,156.77,14974216775.22461,94236736.0,0.2868,-24.21,799390,764663,824360,-0.066
3221,NGG,Utilities,Utilities - Regulated Electric,NYSE,85.9,44,42,57,75,76.02,76529665225.12358,1005381798.0,0.0014,-19.67,997990,907290,859786,0.02
3222,FOF,Financial Services,Asset Management,NYSE,85.89,44,51,60,63,12.27,347819300.0,27825544.0,0.0005,-18.42,84776,68352,60423,
3223,VIVO,Technology,Software - Infrastructure,NASDAQ,85.88,44,74,94,21,3.36,107498341.44374251,31993555.0,0.0661,-51.02,510400,372813,448170,
3224,PAYX,Technology,Software - Application,NASDAQ,85.88,44,71,50,18,99.78,35220708867.71295,355980473.0,0.0623,-22.79,4075800,3143386,3019780,0.059
3225,AMT,Real Estate,REIT - Specialty,NYSE,85.88,44,32,32,33,162.26,75578718363.60278,465960048.0,0.015,-17.25,2906120,2496250,2588888,0.047
3226,UTSI,Technology,Communication Equipment,NASDAQ,85.87,44,27,49,55,2.34,21266806.49054289,9494110.0,0.0013,-35.54,35090,13910,12362,-0.273
3227,MSD,Financial Services,Asset Management,NYSE,85.87,44,50,50,55,6.66,135751909.7017622,20231283.0,0.63,-16.12,115675,75761,62993,-0.061
3228,WPC,Real Estate,REIT - Diversified,NYSE,85.83,44,48,60,67,63.93,14698744268.313866,227816879.0,0.048299998,-17.21,1764930,1540470,1414592,0.184
3229,ECVT,Basic Materials,Specialty Chemicals,NYSE,85.83,44,33,65,92,10.37,1107820175.232336,109468398.0,0.048899997,-31.26,1051620,1249706,1274488,0.42
3230,TPL,Energy,Oil & Gas E&P,NYSE,85.83,44,36,66,76,344.67,23464497578.165222,68974683.0,0.0896,-37.01,328080,361056,385010,0.312
3231,YOU,Technology,Software - Application,NYSE,85.81,44,54,91,90,41.25,4275954007.4351006,102911049.0,0.1742,-40.28,2047630,1989370,1923298,0.266
3232,UE,Real Estate,REIT - Retail,NYSE,85.81,44,43,70,69,19.51,2487016076.516884,126244466.0,0.0509,-19.08,944930,860390,826508,0.076
3233,VRDN,Healthcare,Biotechnology,NASDAQ,85.81,44,65,58,20,19.0,2197869975.382429,113292269.0,0.17809999,-44.59,2013560,1607520,1699820,2.787
3234,PSBD,Financial Services,Asset Management,NYSE,85.8,44,34,35,29,9.67,299462443.2010155,30651221.0,0.0197,-26.24,167960,110270,113420,
3235,MUJ,Financial Services,Asset Management,NYSE,85.8,44,50,61,58,11.1,600991617.5442524,53185098.0,0.0057,-12.46,210229,146686,120121,0.02
3236,GLRE,Financial Services,Insurance - Reinsurance,NASDAQ,85.79,44,60,62,84,14.74,481459824.0,32641344.0,0.032,-23.98,126980,134426,137604,-0.103
3237,EPAC,Industrials,Specialty Industrial Machinery,NYSE,85.79,44,42,31,32,36.02,1822545672.2280579,51137646.0,0.0494,-19.96,446350,422273,388450,0.056
3238,ELS,Real Estate,REIT - Residential,NYSE,85.77,44,44,50,55,58.49,11304264056.75,194064619.0,0.0642,-15.23,1834240,1629136,1530354,0.064
3239,DPG,Financial Services,Asset Management,NYSE,85.76,44,59,65,74,12.84,461842777.4236393,35997099.0,0.0008,-15.25,119590,79616,67914,
3240,RPC,Financial Services,Asset Management,NYSE,85.75,44,33,29,18,7.89,840016900.1842117,110238440.0,0.048299998,-31.21,554520,545276,568070,0.113
3241,PFAI,Consumer Defensive,Farm Products,NASDAQ,85.74,44,34,88,92,2.69,29765702.66339779,11765100.0,0.0025,-45.44,2390,1476,8166,-0.033
3242,APO,Financial Services,Asset Management,NYSE,85.73,44,58,38,26,115.35,67333729006.76583,590543159.0,0.0434,-24.75,3236670,2682110,3206004,0.638
3243,GE,Industrials,Aerospace & Defense,NYSE,85.68,44,62,76,72,306.34,321187848991.1684,1037562513.0,0.0152,-21.22,4086890,4109043,3916524,0.211
3244,MGF,Financial Services,Asset Management,NYSE,85.68,44,39,38,46,2.69,88319424.2732172,32590193.0,0.19,-14.06,51273,79211,67788,-0.073
3245,LPA,Real Estate,Real Estate - Development,NYSE ARCA,85.67,44,33,28,32,3.12,94778918.95230174,31698635.0,0.0198,-34.01,446050,168713,114994,0.261
3246,SPE,Financial Services,Asset Management,NYSE,85.66,44,40,37,49,12.6,139421034.69565964,11021426.0,0.42,-19.64,39747,36949,32929,0.176
3247,ACGLO,Financial Services,Insurance - Diversified,NASDAQ,85.64,44,33,34,48,18.35,,,1.14,-16.82,48583,40221,33652,-0.105
3248,GAB,Financial Services,Asset Management,NYSE,85.64,44,52,49,51,5.18,1799308082.206688,343379420.0,0.0,-17.87,1540428,1003822,871807,0.366
3249,DNP,Financial Services,Asset Management,NYSE,85.64,44,61,66,63,9.48,3625140909.948616,378802615.0,0.0023999999,-15.05,1136920,888276,750914,0.043
3250,BSY,Technology,Software - Application,NASDAQ,85.64,44,23,20,19,34.75,9736453674.18285,302092889.0,0.086899996,-39.3,2433840,2566023,2667466,0.128
3251,ITRG,Basic Materials,Other Precious Metals & Mining,NYSE ARCA,85.62,44,38,23,81,2.61,535584926.082232,202873070.0,0.0235,-46.41,1534740,1892410,2299262,0.159
3252,MEGI,Financial Services,Asset Management,NYSE,85.62,44,57,62,69,13.34,694834598.7545586,52047534.0,0.24,-16.05,171744,143214,135162,
3253,TM,Consumer Cyclical,Auto Manufacturers,NYSE,85.62,44,46,27,60,184.12,214917445600.2535,1184183366.0,0.00090000004,-26.03,293510,321233,353464,0.104
3254,GRND,Technology,Software - Application,NYSE,85.61,44,78,67,24,13.54,2334411073.6558456,173820627.0,0.1588,-26.81,2021130,1494486,1618230,0.325
3255,JBIO,Healthcare,Biotechnology,NASDAQ,85.6,44,94,93,87,14.07,897995097.1618567,63597387.0,0.21129999,-49.75,863130,907906,888514,
3256,CAMP,Healthcare,Biotechnology,NASDAQ,85.6,44,89,84,91,4.01,250886416.0,62721604.0,0.0216,-48.26,316510,313580,279716,0.188
3257,JLS,Financial Services,Asset Management,NYSE,85.59,44,36,38,55,16.2,89597621.06266785,5476627.0,0.00090000004,-14.65,35084,23088,27068,
3258,TRI,Industrials,Specialty Business Services,NASDAQ,85.59,44,38,19,11,97.08,42294001100.80046,433251382.0,7.47,-40.91,1320090,1482450,1853784,0.095
3259,DHF,Financial Services,Asset Management,NYSE,85.58,44,40,45,48,2.23,162202472.2073393,72736534.0,0.07,-14.56,447331,384113,352010,-0.067
3260,VTEX,Technology,Software - Application,NYSE,85.57,44,31,31,31,3.79,603462301.2173009,165332133.0,0.047,-17.97,789130,729066,809890,0.095
3261,NGS,Energy,Oil & Gas Equipment & Services,NYSE,85.57,44,54,81,88,33.58,427836089.8325348,12898285.0,0.0378,-24.73,115570,113210,123672,0.242
3262,FTF,Financial Services,Asset Management,NYSE ARCA,85.57,44,48,42,47,5.32,216976853.7559719,40405374.0,0.32,-17.13,280704,193308,195490,-0.048
3263,CCU,Consumer Defensive,Beverages - Brewers,NYSE,85.57,44,45,27,31,10.98,1960625511.7700195,185139328.0,0.030299999,-28.52,126900,139260,128394,0.048
3264,AMPY,Energy,Oil & Gas E&P,NYSE,85.56,44,48,21,88,4.43,180750127.53503323,41456450.0,0.1016,-34.76,518730,553553,715406,-0.229
3265,JMM,Financial Services,Asset Management,NYSE,85.56,44,39,38,40,5.54,52799912.27807999,9462350.0,0.0043,-13.3,13659,9249,8929,-0.01
3266,CPZ,Financial Services,Asset Management,NASDAQ,85.54,43,36,32,36,12.55,246384038.44454384,19632194.0,0.0014,-22.67,71008,62879,64495,
3267,BKTI,Technology,Communication Equipment,NYSE ARCA,85.51,43,35,74,91,75.94,286360486.93130493,3769389.0,0.0582,-27.36,43130,40580,38564,0.106
3268,CCL,Consumer Cyclical,Travel Services,NYSE,85.5,43,23,32,61,25.56,34637157230.79684,1344610129.0,0.038399998,-24.89,33892690,24880343,22041230,0.035
3269,SSBI,Financial Services,Banks - Regional,NASDAQ,85.5,43,47,58,77,12.21,82485046.20061493,6766616.0,0.0019,-12.79,3890,4806,4912,-0.543
3270,HBANP,Financial Services,Banks - Regional,NASDAQ,85.48,43,34,34,48,15.58,,,0.71,-16.24,83515,77751,66121,0.476
3271,FLNT,Communication Services,Advertising Agencies,NASDAQ,85.47,43,86,85,78,2.84,94189116.88285732,31607086.0,0.0033000002,-36.75,33800,35506,35342,0.084
3272,MGY,Energy,Oil & Gas E&P,NYSE,85.46,43,52,48,80,24.0,6478960137.295349,269171592.0,0.1144,-26.74,5479970,4446556,4236082,0.501
3273,CABR,Healthcare,Drug Manufacturers - Specialty & Generic,NASDAQ,85.45,43,77,84,82,1.13,12027141.81392312,10368226.0,0.002,-38.59,12020,31386,53928,
3274,AHRT,Real Estate,REIT - Diversified,NYSE,85.45,43,54,71,29,5.96,449795757.41023254,74592992.0,0.045300003,-18.69,1862920,1078920,914084,0.039
3275,BBIO,Healthcare,Biotechnology,NASDAQ,85.44,43,69,86,87,66.14,13146904048.25,195492997.0,0.123100005,-29.2,3157490,2535530,2442242,1.204
3276,G,Technology,Information Technology Services,NYSE,85.42,43,36,17,22,33.52,5593865562.870094,168034407.0,0.074099995,-31.09,1761000,1961616,2253060,0.071
3277,REYN,Consumer Cyclical,Packaging & Containers,NASDAQ,85.42,43,34,72,34,22.23,4704854653.911697,210790982.0,0.1181,-18.63,1436420,1582493,1449054,0.006
3278,SKYH,Real Estate,Real Estate - Development,NYSE,85.41,43,63,36,58,9.34,367727480.5700226,39583152.0,0.122200005,-20.14,215970,167260,183638,0.496
3279,OC,Industrials,Building Products & Equipment,NYSE,85.4,43,71,70,33,117.48,9356202168.127487,79048683.0,0.0342,-26.53,1022750,1091316,991278,0.003
3280,RLI,Financial Services,Insurance - Property & Casualty,NYSE,85.38,43,63,50,31,56.08,5133779815.769005,91772970.0,0.1037,-16.45,806540,661780,709134,0.152
3281,APOG,Industrials,Building Products & Equipment,NASDAQ,85.38,43,58,50,33,35.66,743328609.9902573,20868294.0,0.0547,-29.91,247650,248940,214052,-0.011
3282,AIG,Financial Services,Insurance - Diversified,NYSE,85.37,43,43,42,43,75.12,39180385312.74433,522893169.0,0.0233,-13.94,5330660,4573853,3947374,0.005
3283,CRI,Consumer Cyclical,Apparel Retail,NYSE,85.36,43,43,75,53,32.32,1159706339.7516823,36711185.0,0.191,-27.27,1272780,1512243,1361546,0.052
3284,BCO,Industrials,Security & Protection Services,NYSE,85.35,43,39,36,48,102.76,4192228776.074524,41181028.0,0.2051,-24.65,437130,427110,471024,0.071
3285,NNN,Real Estate,REIT - Retail,NYSE,85.34,43,54,65,60,40.38,7790662993.29784,190248177.0,0.0448,-19.24,2757170,2003023,1738506,0.077
3286,COSM,Healthcare,Medical Distribution,NASDAQ,85.33,43,19,13,15,0.35,38240833.26014078,100633773.0,0.0353,-73.48,5179250,3583930,3411080,0.288
3287,MIN,Financial Services,Asset Management,NYSE,85.33,43,38,39,39,2.28,265149885.85788345,113798238.0,1.02,-14.93,228712,271037,219378,-0.023
3288,VNT,Technology,Scientific & Technical Instruments,NYSE,85.33,43,36,18,51,31.89,4280431979.370117,135200000.0,0.1154,-33.84,1227490,1285123,1460256,-0.022
3289,ONL,Real Estate,REIT - Office,NYSE,85.33,43,56,73,76,2.36,137477765.63618708,57044714.0,0.0346,-22.62,256750,280913,282140,-0.074
3290,PCF,Financial Services,Asset Management,NYSE,85.32,43,40,37,36,5.06,95641061.99891567,18716450.0,0.0023,-20.31,158716,125298,104437,-0.358
3291,MARA,Financial Services,Capital Markets,NASDAQ,85.32,43,29,49,20,11.17,4338140928.476215,386299297.0,0.3098,-52.37,35995490,44518383,45732090,-0.267
3292,LYFT,Technology,Software - Application,NASDAQ,85.31,43,57,37,26,15.73,5852232263.980165,378540249.0,0.2021,-38.41,8285870,9705970,10407326,0.161
3293,CRWV,Technology,Software - Infrastructure,NASDAQ,85.3,43,39,22,85,87.39,49428711786.08052,551536602.0,0.17639999,-42.96,24592170,26025753,28922284,1.125
3294,JGH,Financial Services,Asset Management,NYSE,85.27,43,47,49,56,11.45,325978455.12166214,28125837.0,0.0023999999,-16.42,89349,65786,63631,
3295,INVH,Real Estate,REIT - Residential,NYSE,85.26,43,48,61,33,26.06,15379829345.771713,590623226.0,0.0361,-15.64,5316800,5124880,4604556,0.101
3296,SR,Utilities,Utilities - Regulated Gas,NYSE,85.26,43,51,35,72,77.41,4583607108.899391,59112807.0,0.0668,-18.78,528210,543713,508278,0.192
3297,GEG,Financial Services,Asset Management,NASDAQ,85.25,43,30,39,29,2.15,64224371.19204712,29733504.0,0.0539,-24.03,10250,17946,13116,0.883
3298,FHB,Financial Services,Banks - Regional,NASDAQ,85.24,43,48,72,62,25.04,3073670979.3706512,121681352.0,0.1504,-18.12,2176360,2044600,1956604,0.059
3299,PIM,Financial Services,Asset Management,NYSE,85.24,43,42,40,51,2.97,144071180.04952168,48184341.0,0.0002,-13.66,114990,81980,66786,-0.132
3300,AQST,Healthcare,Drug Manufacturers - Specialty & Generic,NASDAQ,85.23,43,70,26,67,4.57,570874819.3309288,125466988.0,0.22649999,-39.47,2078700,2391013,2900212,0.381
3301,GFI,Basic Materials,Gold,NYSE,85.23,43,78,27,88,35.69,31733733589.49984,890896534.0,0.0076,-42.1,4314370,3828880,3793786,0.789
3302,MHH,Industrials,Staffing & Employment Services,NYSE ARCA,85.22,43,61,64,31,6.92,85889955.295609,12012581.0,0.0099,-17.32,4050,7230,9644,-0.156
3303,ORKT,Technology,Software - Application,NASDAQ,85.21,43,20,25,20,0.99,5927366.46646142,5839770.0,0.0163,-60.24,114890,205056,134046,0.609
3304,EMA,Utilities,Utilities - Regulated Electric,NYSE,85.2,43,50,60,65,47.88,14752414125.061035,307150000.0,16.18,-13.71,396950,367900,478824,0.012
3305,CI,Healthcare,Healthcare Plans,NYSE,85.2,43,40,50,33,271.29,71484978355.02081,264240486.0,0.0277,-13.1,1897360,1613323,1708210,0.067
3306,GRNT,Energy,Oil & Gas E&P,NYSE,85.2,43,52,29,65,4.51,589594054.0662279,131900242.0,0.1076,-26.61,1291660,1572606,1245304,0.373
3307,REGCO,Real Estate,REIT - Retail,NASDAQ,85.19,43,54,40,49,20.68,,,0.76,-14.69,3949,3936,3199,0.089
3308,TSI,Financial Services,Asset Management,NYSE,85.19,43,34,37,36,4.24,273332714.36950684,63713920.0,0.0032,-14.86,174324,164391,167880,0.082
3309,AIRJ,Industrials,Building Products & Equipment,NASDAQ,85.18,43,71,66,15,3.78,287521790.07596207,73347394.0,0.1376,-44.0,800430,901163,1305036,
3310,BUI,Financial Services,Asset Management,NYSE,85.15,43,50,64,65,24.69,660269250.290659,26548823.0,0.0022,-19.84,103936,85448,79059,
3311,XYF,Financial Services,Credit Services,NYSE,85.14,43,30,16,8,4.95,182450889.43334484,36933378.0,0.005,-66.69,43900,72913,62778,-0.563
3312,RMCO,Financial Services,Asset Management,NASDAQ,85.14,43,59,40,84,2.48,38235223.87060356,15172708.0,0.0011999999,-50.4,5740,9466,12256,0.38
3313,RELX,Industrials,Specialty Business Services,NYSE,85.13,43,32,21,19,33.82,58091532696.75188,1738226687.0,0.0039,-28.38,1890280,2026866,2253628,0.027
3314,PFO,Financial Services,Asset Management,NYSE,85.12,43,43,45,52,8.51,112595772.37025642,13077326.0,1.99,-13.87,33219,26103,27213,0.01
3315,EQT,Energy,Oil & Gas E&P,NYSE,85.11,43,39,26,58,51.12,31382136574.645996,625516000.0,0.040900003,-25.09,7927950,7447106,6935182,-0.039
3316,BEP,Utilities,Utilities - Renewable,NYSE,85.08,43,54,65,82,28.22,8508164711.5835,300111626.0,0.0046,-25.97,994260,988816,965850,0.011
3317,RVP,Healthcare,Medical Instruments & Supplies,NYSE ARCA,85.08,43,35,33,30,0.7,20956011.643121243,29937160.0,0.0050999997,-38.6,20710,23130,25884,-0.311
3318,IRS,Real Estate,Real Estate Services,NYSE,85.07,43,42,56,64,13.95,1130249277.595067,84599499.0,0.0178,-27.12,201800,184196,164810,0.041
3319,DTM,Energy,Oil & Gas Midstream,NYSE,85.07,43,49,77,77,122.12,12343850816.0,102015296.0,0.070700005,-20.12,868800,945810,965390,0.11
3320,AWF,Financial Services,Asset Management,NYSE,85.06,43,39,39,49,9.48,830391809.0082035,86229678.0,0.68,-14.82,332066,287662,284255,-0.046
3321,SIGIP,Financial Services,Insurance - Property & Casualty,NASDAQ,85.06,43,35,36,39,15.11,,,0.06,-18.76,8366,8545,7473,0.045
3322,JLL,Real Estate,Real Estate Services,NYSE,85.05,43,73,58,70,302.41,14115623245.106506,46007703.0,0.0214,-23.22,490520,376703,369278,0.108
3323,CMI,Industrials,Specialty Industrial Machinery,NYSE,85.04,42,53,87,89,523.37,72730902780.12482,137664487.0,0.0304,-29.06,1085040,1114793,1067470,0.094
3324,FSI,Basic Materials,Specialty Chemicals,NYSE ARCA,85.04,42,23,34,31,6.12,77273615.33616066,12772498.0,0.0093,-38.12,12160,11973,16916,-0.331
3325,MDU,Utilities,Utilities - Regulated Gas,NYSE,85.03,42,44,59,74,18.69,3914603504.547119,210349456.0,0.10609999,-18.67,2092830,1924480,1764586,0.069
3326,HSLV,Basic Materials,Silver,NYSE ARCA,85.02,42,48,16,37,5.25,1068497944.5,203523418.0,4.27,-24.68,765520,687683,593448,
3327,EAD,Financial Services,Asset Management,NYSE ARCA,85.0,42,40,40,51,5.96,356326798.4780655,59092336.0,0.003,-15.58,335860,259506,267068,-0.096
3328,OPP,Financial Services,Asset Management,NYSE,84.99,42,47,51,51,6.91,173681398.73351097,24990130.0,0.54,-19.46,126070,116660,103944,
3329,SAIA,Industrials,Trucking,NASDAQ,84.99,42,31,72,77,346.14,9341585039.932251,26605107.0,0.0471,-30.03,363170,365933,438646,0.171
3330,EHI,Financial Services,Asset Management,NYSE,84.99,42,37,42,53,5.4,165133588.12078285,30299742.0,0.00090000004,-17.81,148377,167829,149261,0.025
3331,SVV,Consumer Cyclical,Specialty Retail,NYSE,84.97,42,63,45,23,9.19,1417419633.75,153234555.0,0.2383,-33.79,1448760,1245093,1616306,0.074
3332,SSYS,Technology,Computer Hardware,NASDAQ,84.97,42,24,26,24,8.58,762006883.2941055,87587000.0,0.0467,-33.02,655500,704503,711886,-0.003
3333,TSLA,Consumer Cyclical,Auto Manufacturers,NASDAQ,84.97,42,25,62,46,378.73,1463662754278.7854,3949547394.0,0.0195,-24.08,37362250,38689666,37248462,0.255
3334,ZDGE,Communication Services,Internet Content & Information,NYSE ARCA,84.96,42,50,33,34,2.93,47055234.0,15685078.0,0.0064,-37.66,65740,94150,84748,0.03
3335,NNY,Financial Services,Asset Management,NYSE,84.96,42,34,54,54,7.9,147877777.88910866,18886051.0,0.00029999999,-11.63,81617,64285,57141,-0.016
3336,KIO,Financial Services,Asset Management,NYSE,84.95,42,48,53,45,10.17,424196473.3845997,40985165.0,1.27,-18.77,252040,204703,203694,
3337,CEPU,Utilities,Utilities - Regulated Electric,NYSE,84.95,42,48,74,77,12.43,1751302025.5981293,149940238.0,0.0025,-32.82,252230,257783,248426,2.247
3338,GUT,Financial Services,Asset Management,NYSE,84.95,42,66,73,60,5.72,535667421.77849483,90028141.0,0.025999999,-19.09,315022,219514,199198,0.07
3339,NBHC,Financial Services,Banks - Regional,NYSE,84.94,42,56,64,65,37.79,1685510681.8970413,44285618.0,0.052800003,-20.07,631730,445053,422176,0.221
3340,GVA,Industrials,Engineering & Construction,NYSE,84.93,42,35,59,77,118.9,5327672927.211929,44426893.0,0.1377,-26.64,708610,569856,717944,0.293
3341,BCBP,Financial Services,Banks - Regional,NASDAQ,84.92,42,31,74,71,8.46,261390487.0,30751822.0,0.0618,-27.75,457700,354993,287722,-0.808
3342,TYG,Financial Services,Asset Management,NYSE,84.91,42,51,52,74,38.66,967994015.5029297,25400000.0,0.0019,-24.46,220959,152546,141663,-0.029
3343,OBDC,Financial Services,Asset Management,NYSE,84.91,42,41,35,32,10.17,5079368554.75948,493142569.0,0.038599998,-25.08,4120800,3304090,3785906,-0.174
3344,VERU,Healthcare,Biotechnology,NASDAQ,84.9,42,31,31,16,2.55,42796303.03739548,17050320.0,0.09729999,-65.21,100020,181063,219200,
3345,DXR,Healthcare,Medical Instruments & Supplies,NASDAQ,84.9,42,30,37,25,10.63,62001938.211868286,5838224.0,0.0008,-27.98,20630,34740,21488,0.255
3346,RFI,Financial Services,Asset Management,NYSE,84.86,42,50,51,56,10.34,280729576.49474716,26761638.0,0.0011999999,-14.55,107773,88027,94824,-0.489
3347,RDN,Financial Services,Insurance - Specialty,NYSE,84.83,42,61,64,58,33.5,4309053886.884842,132301318.0,0.0505,-18.39,2203520,1474033,1297262,0.935
3348,BLW,Financial Services,Asset Management,NYSE,84.83,42,43,40,37,11.68,458241040.5205765,39099064.0,0.0061000003,-17.51,323453,215721,180196,-0.084
3349,CE,Basic Materials,Chemicals,NYSE,84.82,42,31,27,86,45.53,4849804889.222786,109748926.0,0.101,-35.6,1890500,1801200,1868846,0.087
3350,COYA,Healthcare,Biotechnology,NASDAQ,84.81,42,29,52,26,4.85,112832252.34773111,23457849.0,0.0511,-37.42,127650,132903,130644,0.49
3351,SPCB,Industrials,Security & Protection Services,NASDAQ,84.8,42,51,84,54,9.15,59099052.36167908,6280452.0,0.013099999,-28.9,59030,71183,82020,0.133
3352,MRSH,Financial Services,Insurance Brokers,NYSE,84.8,42,56,35,27,170.43,81154547071.01343,477211268.0,0.0123000005,-18.0,2848270,2629873,2483394,0.062
3353,WEA,Financial Services,Asset Management,NYSE,84.8,42,40,44,53,9.83,116876164.52636719,11865600.0,0.46,-13.92,40365,43615,36773,0.024
3354,GSK,Healthcare,Drug Manufacturers - General,NYSE,84.79,42,53,63,86,46.55,94225319432.59268,2003515243.0,0.0073,-24.55,4259380,3275596,3543678,0.053
3355,PAI,Financial Services,Asset Management,NYSE,84.78,42,38,38,45,11.35,108234760.02844334,9510963.0,0.47,-12.36,18349,20896,18863,0.025
3356,DAIO,Technology,Electronic Components,NASDAQ,84.77,42,26,79,26,2.89,30978968.65828085,10395627.0,0.0007,-35.63,19270,21890,33548,-0.134
3357,GSIT,Technology,Semiconductors,NASDAQ,84.77,42,27,73,81,5.64,215267334.65322447,38372073.0,0.12100001,-68.93,344920,457386,519536,0.005
3358,UBCP,Financial Services,Banks - Regional,NASDAQ,84.77,42,61,63,77,14.06,84828311.00120735,5735518.0,0.0015,-18.92,7687,6052,4667,0.092
3359,ASM,Basic Materials,Other Precious Metals & Mining,NYSE ARCA,84.74,42,82,58,93,5.58,942696786.4473219,169855271.0,0.0432,-53.46,2673500,3488330,3832588,0.228
3360,ZTR,Financial Services,Asset Management,NYSE,84.74,42,61,61,69,5.95,299461670.52737236,49993603.0,0.69,-16.32,170424,128424,120868,
3361,CNDT,Technology,Information Technology Services,NASDAQ,84.71,42,69,20,15,1.64,256609316.29209518,155520800.0,0.0399,-41.43,1245060,1079406,1063502,-0.119
3362,KRC,Real Estate,REIT - Office,NYSE,84.71,42,51,71,24,33.28,3911471390.671402,116308988.0,0.125,-23.63,1311720,1341796,1309354,-0.06
3363,FBK,Financial Services,Banks - Regional,NYSE,84.7,42,58,53,59,52.58,2669832040.447296,49978138.0,0.060300004,-16.08,549090,553303,456070,1.302
3364,BGH,Financial Services,Asset Management,NYSE,84.69,42,48,46,46,12.85,263682058.72824955,20082411.0,0.0016,-16.83,125074,89094,85404,
3365,RDZN,Technology,Software - Application,NASDAQ,84.69,42,29,34,29,1.19,103901379.296592,85165063.0,0.0385,-53.52,422700,369560,331726,0.49
3366,JKHY,Technology,Information Technology Services,NASDAQ,84.67,42,64,33,28,145.12,9993850673.593262,70112608.0,0.07,-24.96,877000,997230,978886,0.047
3367,WMG,Communication Services,Entertainment,NASDAQ,84.66,42,37,38,34,27.63,14027188735.105757,523109769.0,0.083900005,-21.99,2093840,1934820,2146132,0.104
3368,ALG,Industrials,Farm & Heavy Construction Machinery,NYSE,84.66,42,53,24,32,162.39,1959647007.7928925,12170965.0,0.059899997,-26.15,213750,192786,174234,0.076
3369,SLDB,Healthcare,Biotechnology,NASDAQ,84.66,42,94,92,94,7.06,734492870.0742044,107225238.0,0.18129998,-38.34,1383190,1220936,1096302,
3370,HR,Real Estate,REIT - Healthcare Facilities,NYSE,84.65,42,55,78,62,17.08,5987313971.873016,342719760.0,0.0861,-22.5,4451140,3909146,3845790,-0.043
3371,FFC,Financial Services,Asset Management,NYSE,84.65,42,46,52,50,14.72,719777746.0237503,48177896.0,1.01,-13.41,145313,127527,111990,0.012
3372,JRS,Financial Services,Asset Management,NYSE,84.64,42,57,67,61,7.23,214382137.0243206,28892471.0,0.0007,-18.76,90529,57143,58889,-0.064
3373,PFGC,Consumer Defensive,Food Distribution,NYSE,84.61,42,50,78,38,92.58,14741250037.476448,157072459.0,0.0502,-21.19,1289650,1455123,1589124,0.073
3374,AMX,Communication Services,Telecom Services,NYSE,84.61,42,47,72,86,22.15,63634748236.465454,2988950000.0,0.0058999998,-22.17,2784910,2943483,2857412,0.031
3375,GRBK,Consumer Cyclical,Residential Construction,NYSE,84.59,42,52,60,50,65.47,2867093152.869873,43010696.0,0.00029999999,-21.29,330000,380593,327426,-0.087
3376,DBL,Financial Services,Asset Management,NYSE,84.57,42,42,40,39,13.17,270479639.07390594,19771903.0,2.28,-16.59,141329,89916,73115,
3377,DSU,Financial Services,Asset Management,NYSE,84.57,42,40,47,47,8.8,578511700.7601852,64782943.0,0.0134000005,-16.51,427998,308936,291415,-0.018
3378,ELUT,Healthcare,Medical Devices,NASDAQ,84.57,42,18,30,39,0.82,34501309.47308123,44289230.0,0.0002,-40.79,778440,293296,195092,-0.116
3379,BXP,Real Estate,REIT - Office,NYSE,84.56,42,58,62,25,59.37,9651541182.0121,159661556.0,0.103199996,-21.82,1285860,1350403,1388346,0.037
3380,ETX,Financial Services,Asset Management,NYSE,84.54,42,36,50,53,17.16,190683813.0246277,10902448.0,0.0018000001,-14.2,35283,27111,22920,
3381,APAM,Financial Services,Asset Management,NYSE,84.52,41,66,31,35,34.4,2476355658.8723717,70996433.0,0.0686,-26.07,988400,849843,873406,0.089
3382,HIHO,Industrials,Metal Fabrication,NASDAQ,84.52,41,51,17,12,0.9,4164008.289691448,4626676.0,0.00029999999,-59.28,38030,35913,90438,0.292
3383,NAAS,Consumer Cyclical,Specialty Retail,NASDAQ,84.51,41,57,73,15,3.05,56282693.786736965,17055362.0,0.0037,-28.32,15360,16880,17946,-0.317
3384,NIM,Financial Services,Asset Management,NYSE,84.5,41,40,49,51,8.61,108907723.75,12446597.0,0.001,-13.38,54678,32956,24833,0.012
3385,OIA,Financial Services,Asset Management,NYSE,84.48,41,46,54,56,5.56,268418282.6288638,47931837.0,0.001,-13.13,379881,199310,173602,0.044
3386,OCFC,Financial Services,Banks - Regional,NASDAQ,84.48,41,60,56,64,16.82,1621706841.1810055,96645219.0,0.052800003,-18.39,1120270,1032046,1003538,0.322
3387,EPM,Energy,Oil & Gas E&P,NYSE ARCA,84.46,41,23,28,59,3.56,143816566.0151024,40172226.0,0.08270001,-29.22,404550,529696,549338,0.147
3388,FMY,Financial Services,Asset Management,NYSE,84.45,41,40,40,49,10.8,46639181.76425934,4213115.0,1.33,-12.62,3955,3491,3539,-0.27
3389,CTRM,Industrials,Marine Shipping,NASDAQ,84.45,41,66,59,23,1.97,19324708.0,9662354.0,0.001,-25.94,40500,53450,48658,0.425
3390,WTW,Financial Services,Insurance Brokers,NASDAQ,84.43,41,71,34,30,288.11,26803768377.141235,92871937.0,0.030199999,-18.33,575620,521046,554700,0.091
3391,FTEK,Industrials,Pollution & Treatment Controls,NASDAQ,84.43,41,38,36,23,1.65,51819868.69802725,31216789.0,0.0128,-52.17,104050,193856,172266,0.167
3392,RQI,Financial Services,Asset Management,NYSE,84.41,41,40,52,66,10.93,1487764082.0258074,134517543.0,0.00090000004,-19.45,815340,682556,610772,0.043
3393,JHS,Financial Services,Asset Management,NYSE,84.39,41,37,39,45,10.3,120425690.67712784,11646585.0,0.81,-14.81,8729,10793,10625,-0.013
3394,ASPC,Financial Services,Shell Companies,NASDAQ,84.39,41,50,28,36,10.81,25308988.70228958,2337581.0,0.042600002,-83.1,2720,9583,26224,
3395,WMT,Consumer Defensive,Discount Stores,NASDAQ,84.36,41,30,49,72,105.07,827172400034.9705,7933746241.0,0.0183,-22.26,22613170,23772950,24796982,0.059
3396,UNIT,Real Estate,REIT - Specialty,NASDAQ,84.36,41,77,84,90,7.95,1951510076.140771,242725135.0,0.1879,-38.55,3022180,2286110,2314396,2.025
3397,BTGO,Financial Services,Capital Markets,NYSE,84.34,41,21,4,10,7.38,855780451.6905012,115959409.0,0.028099999,-69.88,1128550,1957453,1792630,0.796
3398,ACGLN,Financial Services,Insurance - Diversified,NASDAQ,84.34,41,34,35,52,15.07,,,0.66,-16.79,58297,65175,55531,-0.105
3399,ISOU,Energy,Uranium,NYSE ARCA,84.34,41,68,62,80,9.47,598401449.7386703,65256428.0,14.52,-30.27,132790,175700,143340,
3400,KOSS,Technology,Consumer Electronics,NASDAQ,84.33,41,18,28,26,3.9,36540449.68693113,9466438.0,0.0473,-31.58,109870,48220,34924,0.058
3401,FE,Utilities,Utilities - Regulated Electric,NYSE,84.32,41,52,54,72,43.64,25078254741.173447,578639932.0,0.069299996,-16.62,4516330,4233383,4387424,0.088
3402,NPCT,Financial Services,Asset Management,NYSE,84.3,41,41,41,58,9.05,263108239.030838,28755000.0,0.008,-17.76,120382,104340,103656,
3403,STE,Healthcare,Medical Devices,NYSE,84.3,41,36,31,33,211.07,20332672284.79721,97500110.0,0.0287,-21.66,570330,642560,689850,0.073
3404,SHMD,Industrials,Specialty Industrial Machinery,NASDAQ,84.28,41,15,60,88,4.5,304535461.21916294,66637954.0,0.0626,-57.75,2610020,1400246,1004114,-0.375
3405,PFD,Financial Services,Asset Management,NYSE,84.28,41,46,50,50,10.53,137393828.93685246,12852557.0,0.67,-13.19,43885,36705,35671,0.012
3406,BANC,Financial Services,Banks - Regional,NYSE,84.27,41,55,70,68,17.55,2810510022.738743,158427850.0,0.0837,-19.97,2499760,2529896,2910016,
3407,NUVB,Healthcare,Biotechnology,NYSE,84.26,41,87,89,88,4.95,1804773370.7399907,351123233.0,0.2728,-49.23,5890800,4976020,5455574,5.556
3408,BTZ,Financial Services,Asset Management,NYSE,84.25,41,40,41,50,9.29,874450151.4098635,93324457.0,0.0026,-16.91,473152,417890,361864,-0.087
3409,RITM,Real Estate,REIT - Mortgage,NYSE,84.25,41,53,29,37,8.74,4863725261.311538,558407031.0,0.0519,-28.07,7571830,5852650,5804064,0.097
3410,REFI,Real Estate,REIT - Mortgage,NASDAQ,84.23,41,35,35,43,9.81,257748739.5110607,25621146.0,0.056799997,-27.28,208470,213883,200554,-0.075
3411,GDO,Financial Services,Asset Management,NYSE,84.23,41,35,39,54,9.72,73314159.75,7519401.0,0.17,-19.93,88100,55826,54832,
3412,AEE,Utilities,Utilities - Regulated Electric,NYSE,84.23,41,49,61,65,99.7,27667715180.826843,276843251.0,0.0498,-15.74,2254900,1723040,1671860,-0.062
3413,TGS,Energy,Oil & Gas Integrated,NYSE,84.23,41,38,62,71,26.58,3765310856.5786667,150552212.0,0.0078,-26.88,229140,231283,223554,0.154
3414,GIB,Technology,Information Technology Services,NYSE,84.22,41,32,20,20,71.06,14534623322.885193,207075407.0,14.52,-25.36,468930,419620,446358,0.025
3415,GHY,Financial Services,Asset Management,NYSE,84.2,41,37,42,46,10.75,445247347.97237206,40961118.0,0.55,-17.05,220655,191225,177197,
3416,ZIONP,Financial Services,Banks - Regional,NASDAQ,84.18,41,28,30,31,17.66,,,0.28,-20.7,5574,5232,5106,0.352
3417,WGS,Healthcare,Diagnostics & Research,NASDAQ,84.17,41,59,19,14,76.27,2179729412.476593,29822541.0,0.3777,-55.36,978320,692433,749872,0.114
3418,ZOOZ,Industrials,Electrical Equipment & Parts,NASDAQ,84.17,41,32,8,5,7.16,60873020.03614426,8009608.0,0.0017,-85.15,10480,32753,22066,
3419,KR,Consumer Defensive,Grocery Stores,NYSE,84.15,41,27,30,50,58.78,34862450240.06653,590588700.0,0.0504,-23.24,8083930,7434280,6962312,0.02
3420,INTR,Financial Services,Banks - Regional,NASDAQ,84.14,41,19,15,67,6.56,2419493834.981201,441513472.0,0.042600002,-36.68,7515370,5160106,5352290,0.238
3421,AGI,Basic Materials,Gold,NYSE,84.14,41,38,19,86,32.31,13587900550.656166,418604465.0,1.83,-41.69,3777030,3638496,4288826,0.356
3422,JHI,Financial Services,Asset Management,NYSE,84.13,41,44,49,52,12.01,106508585.12862396,8744547.0,0.0004,-15.84,26497,26139,21277,0.022
3423,BLBD,Industrials,Farm & Heavy Construction Machinery,NASDAQ,84.11,41,57,88,86,57.03,1772049433.1245422,31347063.0,0.1539,-31.61,532390,536326,573838,0.299
3424,BOH,Financial Services,Banks - Regional,NYSE,84.1,41,61,70,75,68.03,2733123386.7227783,39450396.0,0.0001,-21.18,619700,412273,390892,0.129
3425,CARR,Industrials,Building Products & Equipment,NYSE,84.09,41,34,64,60,55.73,45436796261.365845,824325057.0,0.0234,-27.4,6225450,6714440,6739656,0.039
3426,CRNT,Technology,Communication Equipment,NASDAQ,84.08,41,25,39,59,2.14,198991522.2536316,91280512.0,0.0072000003,-34.95,362070,315010,382300,0.142
3427,EFC,Real Estate,REIT - Mortgage,NYSE,84.08,41,61,63,51,11.5,1493804823.4066544,128887386.0,0.0752,-18.56,1878800,1433616,1316020,0.338
3428,HIO,Financial Services,Asset Management,NYSE,84.08,41,38,49,51,3.24,312876413.72225285,95099215.0,0.39,-16.71,726848,533482,463621,-0.017
3429,BTU,Energy,Thermal Coal,NYSE,84.07,41,60,33,81,25.5,3024338934.8983765,121900000.0,0.13939999,-38.02,1953990,2363983,2453260,0.127
3430,SLSR,Basic Materials,Other Precious Metals & Mining,NYSE ARCA,84.05,41,58,56,95,7.12,1184537825.4731064,167071622.0,6.32,-37.98,133940,162536,154344,
3431,NXP,Financial Services,Asset Management,NYSE,84.05,41,42,48,51,13.04,837478783.4961414,63015710.0,0.0005,-10.99,448965,277038,225557,0.16
3432,ABT,Healthcare,Medical Devices,NYSE,84.03,41,47,21,22,100.1,168712371360.0,1730383296.0,0.0128999995,-25.98,8654700,8553096,8530116,0.13
3433,LDP,Financial Services,Asset Management,NYSE,84.03,41,47,52,52,18.99,565009292.3342743,29079222.0,0.0014,-13.88,103761,88743,79642,
3434,CEG,Utilities,Utilities - Independent Power Producers,NASDAQ,84.03,41,49,20,38,267.62,91230603558.677,354307379.0,0.037,-35.15,2893340,2880343,2833114,0.23
3435,HIX,Financial Services,Asset Management,NYSE,84.02,41,51,51,53,3.51,318846766.4241133,90069709.0,1.39,-20.05,609116,408788,382051,-0.026
3436,BHFAP,Financial Services,Insurance - Life,NASDAQ,84.02,41,30,33,55,13.61,,,0.71,-24.18,41597,40385,38751,0.867
3437,ARES,Financial Services,Asset Management,NYSE,84.0,41,54,33,18,117.13,26736472304.265152,227447653.0,0.1499,-35.36,2204730,2150746,2276468,0.096
3438,GTY,Real Estate,REIT - Retail,NYSE,84.0,41,61,75,77,27.87,1746502159.0508995,61932699.0,0.1535,-24.33,778020,667300,602594,0.109
3439,PZG,Basic Materials,Gold,NYSE ARCA,84.0,41,66,38,97,1.15,103458461.31106973,86215381.0,0.004,-57.56,270300,324696,435916,
3440,SF,Financial Services,Capital Markets,NYSE,83.99,40,63,37,64,70.63,10612401681.191711,151001734.0,0.0001,-21.37,1725570,1312326,1205712,0.127
3441,DIBS,Communication Services,Internet Content & Information,NASDAQ,83.99,40,70,74,93,4.03,135133477.21883917,33615293.0,0.0506,-39.17,100280,110113,107896,0.053
3442,FOR,Real Estate,Real Estate - Development,NYSE,83.99,40,47,75,62,25.35,1313703895.25,51017627.0,0.0395,-20.93,192150,164910,141010,0.042
3443,DOX,Technology,Software - Infrastructure,NASDAQ,83.97,40,30,15,21,58.46,6068599688.472748,104415000.0,0.104499996,-31.73,950770,999873,1092100,0.027
3444,FLC,Financial Services,Asset Management,NYSE,83.96,40,41,47,50,15.4,164172087.70551968,10456821.0,2.9288,-14.87,47404,36431,27984,0.008
3445,SORA,Consumer Cyclical,Luxury Goods,NASDAQ,83.95,40,24,11,12,2.11,55446720.474243164,24864000.0,0.001,-69.81,701450,275346,226560,-0.319
3446,ABOS,Healthcare,Biotechnology,NASDAQ,83.95,40,93,86,93,2.13,147527258.6413145,72317285.0,0.0556,-40.83,708970,477900,446554,
3447,MSDL,Financial Services,Asset Management,NYSE,83.92,40,46,51,32,13.56,1137942278.2015095,84105122.0,0.0546,-24.29,551290,454406,469028,-0.108
3448,VGI,Financial Services,Asset Management,NYSE,83.92,40,50,51,54,6.66,76363384.5,11313094.0,0.0047,-17.16,65398,44419,42813,
3449,CHA,Consumer Cyclical,Restaurants,NASDAQ,83.91,40,32,23,12,11.19,2094581232.1554794,190763326.0,0.0715,-36.64,766980,1190150,914328,0.025
3450,DFP,Financial Services,Asset Management,NYSE,83.9,40,45,49,53,18.74,392278424.5346775,20538137.0,0.04,-15.24,97761,87103,68484,
3451,DSL,Financial Services,Asset Management,NYSE,83.87,40,37,47,47,9.82,1141128110.5705404,114571095.0,0.0011999999,-20.42,922011,678273,609494,
3452,BRT,Real Estate,REIT - Residential,NYSE,83.87,40,41,54,38,13.29,249950587.68453312,18793277.0,0.0304,-15.94,66590,57176,50424,-0.001
3453,ITRI,Technology,Scientific & Technical Instruments,NASDAQ,83.86,40,51,19,27,87.79,3787992095.568596,43786753.0,0.1996,-38.18,629260,561253,815574,-0.072
3454,HTLM,Consumer Cyclical,Specialty Retail,NASDAQ,83.85,40,15,20,11,1.94,170406247.86168337,89687500.0,0.0058999998,-53.7,18130,8376,6518,0.044
3455,LINE,Real Estate,REIT - Industrial,NASDAQ,83.84,40,37,72,31,34.98,7818337728.840351,227674365.0,0.0731,-23.54,1192260,962013,969118,0.008
3456,COIN,Financial Services,Financial Data & Stock Exchanges,NASDAQ,83.82,40,26,13,16,188.22,48282156909.0,263836923.0,0.114700004,-53.2,7568740,9607083,9531644,-0.173
3457,AWX,Industrials,Waste Management,NYSE ARCA,83.82,40,46,43,35,2.45,9670591.434375763,3899432.0,0.0045,-54.88,5670,7626,55354,0.032
3458,PDT,Financial Services,Asset Management,NYSE,83.81,40,39,47,59,11.68,579401937.366128,49185225.0,0.36,-14.43,164165,143035,135187,0.032
3459,BAM,Financial Services,Asset Management,NYSE,83.81,40,53,32,31,44.73,71636733302.83743,1597251633.0,0.0493,-24.61,3466060,2773226,2745642,0.608
3460,CMRC,Technology,Software - Application,NASDAQ,83.78,40,17,26,9,3.21,269291720.75,82858991.0,0.097200006,-42.11,537070,1070850,1166450,0.001
3461,MCO,Financial Services,Financial Data & Stock Exchanges,NYSE,83.77,40,56,51,30,448.15,76435156561.40918,173180984.0,0.0191,-18.05,955680,785413,773858,0.151
3462,PGZ,Financial Services,Asset Management,NYSE,83.76,40,52,58,58,8.87,61050282.43391991,6694110.0,0.0014,-16.16,20139,20936,20317,
3463,UHT,Real Estate,REIT - Healthcare Facilities,NYSE,83.76,40,54,63,69,36.92,508969793.2346039,13898684.0,0.0438,-20.26,195930,133596,121120,0.007
3464,CNEY,Basic Materials,Specialty Chemicals,NASDAQ,83.76,40,7,12,6,0.55,3042452.044269085,5623756.0,0.031600002,-79.05,39310,53896,79198,0.082
3465,INR,Energy,Oil & Gas E&P,NYSE,83.75,40,58,22,64,13.21,240668578.63545227,18642028.0,0.17909999,-32.55,317660,302140,289680,1.296
3466,LOMA,Basic Materials,Building Materials,NYSE,83.72,40,34,61,61,9.77,1068941112.9935074,116696630.0,0.0174,-25.98,473680,390006,408140,0.021
3467,MDXG,Healthcare,Biotechnology,NASDAQ,83.72,40,33,19,12,4.55,669838459.267807,145934300.0,0.0933,-42.91,1078240,1101753,1290500,-0.347
3468,NTGR,Technology,Communication Equipment,NASDAQ,83.72,40,22,27,33,22.94,640337720.2448368,27179021.0,0.0913,-37.76,270440,324500,338462,-0.012
3469,NAZ,Financial Services,Asset Management,NYSE,83.72,40,36,58,63,10.99,139193884.54384804,12828929.0,0.004,-18.11,67193,37824,29648,0.023
3470,ATAT,Consumer Cyclical,Lodging,NASDAQ,83.71,40,32,27,67,32.13,4457878579.579468,138185952.0,0.026400002,-25.58,925720,926940,945104,0.414
3471,UDR,Real Estate,REIT - Residential,NYSE,83.71,40,36,63,34,33.84,10688460813.00309,321264222.0,0.0425,-19.43,3901350,3800003,3694434,-0.001
3472,IOR,Financial Services,Mortgage Finance,NYSE ARCA,83.71,40,60,43,44,17.0,69125026.0,4066178.0,0.0058,-21.11,370,236,248,
3473,MDGL,Healthcare,Biotechnology,NASDAQ,83.7,40,69,73,82,493.62,11538200383.383606,23104126.0,0.114700004,-19.74,250560,225940,292624,0.712
3474,HBANZ,Financial Services,Banks - Regional,NASDAQ,83.69,40,31,34,39,18.57,,,0.68,-16.46,13999,11069,10503,0.476
3475,WRN,Basic Materials,Other Industrial Metals & Mining,NYSE ARCA,83.69,40,57,39,91,2.16,493062443.77883863,226175426.0,0.0087,-49.3,1158930,1104070,1062288,
3476,BKE,Consumer Cyclical,Apparel Retail,NYSE,83.68,40,25,22,72,43.45,2209883497.2017365,51512434.0,0.1254,-25.94,449660,491460,461362,0.046
3477,BKT,Financial Services,Asset Management,NYSE,83.68,40,37,40,42,9.53,312553374.44459534,32388952.0,0.0013,-15.96,202878,172809,156095,0.45
3478,TCBIO,Financial Services,Banks - Regional,NASDAQ,83.68,40,36,44,65,18.88,,,0.04,-17.72,35267,28145,21243,0.086
3479,SACH,Real Estate,REIT - Mortgage,NYSE ARCA,83.68,40,25,22,53,0.9,43974397.338201046,47954632.0,0.0075,-37.93,103180,161116,142424,-0.913
3480,GD,Industrials,Aerospace & Defense,NYSE,83.65,40,56,67,55,331.72,89308223506.73996,270557195.0,0.0111,-17.07,1410330,1224866,1127170,0.081
3481,NTIC,Basic Materials,Specialty Chemicals,NASDAQ,83.65,40,40,38,36,7.7,73122578.488698,9496439.0,0.0013,-23.23,3430,9440,7898,0.126
3482,NXE,Energy,Uranium,NYSE,83.65,40,58,51,89,9.07,6034554909.0,670506101.0,8.89,-35.03,4119260,4168543,4710864,
3483,PSF,Financial Services,Asset Management,NYSE,83.64,40,41,52,50,18.05,219634697.37303352,12028187.0,0.0025,-14.29,74150,53863,46008,
3484,EMD,Financial Services,Asset Management,NYSE,83.63,40,55,60,65,9.18,539450495.5174971,58130443.0,0.0025,-18.76,273927,218409,192909,-0.04
3485,GF,Financial Services,Asset Management,NYSE,83.63,40,50,39,47,10.49,172046185.36044598,16307695.0,0.0001,-16.01,20378,24499,23999,-0.054
3486,BHFAN,Financial Services,Insurance - Life,NASDAQ,83.62,40,31,33,54,11.08,,,0.8,-23.32,85670,65883,69612,0.867
3487,GOODN,Real Estate,REIT - Diversified,NASDAQ,83.62,40,55,52,52,20.06,,,0.09,-16.1,6164,3898,3450,0.113
3488,NEWT,Financial Services,Banks - Regional,NASDAQ,83.62,40,52,80,62,11.15,322931301.39492035,28884731.0,0.1427,-28.94,259470,260666,254478,0.147
3489,AAL,Industrials,Airlines,NASDAQ,83.61,40,39,85,36,12.83,8565890888.166354,661969951.0,0.1393,-31.72,64722030,67604096,63369686,0.163
3490,ES,Utilities,Utilities - Regulated Electric,NYSE,83.61,40,57,63,58,64.69,24295521633.0,376674754.0,0.0317,-15.52,2795530,2385830,2367612,0.023
3491,SPH,Utilities,Utilities - Regulated Gas,NYSE,83.61,40,31,36,58,16.77,1112095496.3797512,66712387.0,0.0057,-19.37,219480,206573,215602,0.005
3492,AYI,Industrials,Electrical Equipment & Parts,NYSE,83.59,40,58,61,33,304.84,9242899784.059326,29935547.0,0.0418,-19.81,517980,334670,308678,0.029
3493,TCMD,Healthcare,Medical Devices,NASDAQ,83.59,40,36,93,90,22.47,500615529.24116135,22652286.0,0.1263,-40.51,232210,279293,319720,0.086
3494,HIG,Financial Services,Insurance - Diversified,NYSE,83.58,40,56,54,63,126.21,34143416678.73575,270872002.0,0.0001,-13.6,1965170,1667156,1622758,0.081
3495,IREN,Financial Services,Capital Markets,NASDAQ,83.58,40,57,76,98,40.48,16455888479.065643,394058648.0,0.2171,-47.34,33621380,38440403,42099656,-0.267
3496,RLTY,Financial Services,Asset Management,NYSE,83.58,40,53,62,60,13.62,231270873.70418167,16722406.0,0.44,-17.0,71200,55033,52790,
3497,BRW,Financial Services,Asset Management,NYSE,83.55,40,39,40,41,5.96,308932658.7367058,50895000.0,0.0015,-23.1,299378,230656,230785,-0.307
3498,HEI,Industrials,Aerospace & Defense,NYSE,83.53,40,47,66,35,301.57,42263671490.38257,139737708.0,0.0134000005,-19.98,496360,525570,480910,0.231
3499,ISBA,Financial Services,Banks - Regional,NASDAQ,83.52,39,38,35,85,37.87,290812630.6114845,7628873.0,0.0421,-35.63,32491,57327,60106,0.083
3500,ROP,Technology,Software - Application,NASDAQ,83.51,39,55,24,18,363.38,35042558400.051636,98900874.0,0.060500003,-30.29,831310,818076,805594,0.085
3501,TXRH,Consumer Cyclical,Restaurants,NASDAQ,83.51,39,67,64,32,158.97,10249174145.575958,65640926.0,0.029000001,-26.5,1420220,1074556,985500,0.111
3502,EDIT,Healthcare,Biotechnology,NASDAQ,83.5,39,81,64,90,2.79,402379674.1241598,153580035.0,0.19540001,-38.51,2527820,2910286,2615262,2.323
3503,GIGM,Communication Services,Electronic Gaming & Multimedia,NASDAQ,83.48,39,28,40,30,1.4,15804695.470287204,11052235.0,0.0002,-18.6,2960,3513,4608,1.449
3504,OZKAP,Financial Services,Banks - Regional,NASDAQ,83.44,39,37,38,51,14.8,,,0.11,-16.95,50720,46566,36228,-0.021
3505,LZM,Basic Materials,Other Industrial Metals & Mining,NYSE,83.44,39,38,19,24,3.83,346171035.87507963,89914557.0,0.0004,-40.16,359500,347793,368914,4.124
3506,PWP,Financial Services,Capital Markets,NASDAQ,83.44,39,34,16,71,15.8,1223060502.6465454,77311032.0,0.10479999,-39.05,3103040,1842786,1606362,0.008
3507,NBB,Financial Services,Asset Management,NYSE,83.43,39,48,45,54,14.08,420344944.9066038,29394751.0,0.0050999997,-15.28,96987,78602,69463,
3508,PMA,Industrials,Engineering & Construction,NASDAQ,83.41,39,24,69,11,1.2,200459253.10850143,162975000.0,0.00090000004,-55.56,30390,47696,170718,-0.623
3509,RA,Financial Services,Asset Management,NYSE,83.41,39,48,52,57,11.42,641507001.5898056,55254696.0,0.28,-15.97,310528,246042,211389,
3510,BHFAO,Financial Services,Insurance - Life,NASDAQ,83.4,39,29,32,58,13.85,,,0.1,-23.82,48386,41465,43435,0.867
3511,EIM,Financial Services,Asset Management,NYSE ARCA,83.39,39,37,54,53,8.82,464408293.0002909,51372599.0,0.49,-12.33,316843,220671,192420,-0.556
3512,PHM,Consumer Cyclical,Residential Construction,NYSE,83.38,39,38,51,55,113.98,22044986272.140038,190486353.0,0.0617,-21.12,1669320,1577020,1527950,-0.096
3513,PAXS,Financial Services,Asset Management,NYSE,83.38,39,45,50,38,13.12,631365296.1883545,47152000.0,0.27,-20.77,336082,306237,263908,
3514,INTG,Consumer Cyclical,Lodging,NASDAQ,83.37,39,82,95,94,28.25,59887392.2433548,2148812.0,0.08930001,-45.67,49140,82180,95854,0.133
3515,QNME,Industrials,Integrated Freight & Logistics,NASDAQ,83.37,39,6,6,25,0.58,19279433.122081697,34427559.0,0.0322,-65.48,18761930,19838473,16488666,-0.637
3516,DUK,Utilities,Utilities - Regulated Electric,NYSE,83.35,39,39,49,62,113.84,88987409145.57397,779702193.0,0.0271,-15.35,4092500,3867080,4248324,0.011
3517,LOVE,Consumer Cyclical,"Furnishings, Fixtures & Appliances",NASDAQ,83.32,39,64,55,47,14.83,212024462.34894848,14423433.0,0.22780001,-22.94,211920,280733,248508,0.004
3518,BTCS,Financial Services,Capital Markets,NASDAQ,83.32,39,15,5,12,1.51,75034872.87773716,52471941.0,0.059,-75.45,1554130,2123106,1931918,-0.119
3519,ARDC,Financial Services,Asset Management,NYSE,83.31,39,39,49,35,11.33,275369334.5146179,23966000.0,0.35,-19.01,152394,103348,96644,
3520,MARPS,Energy,Oil & Gas Midstream,NASDAQ,83.31,39,38,55,72,4.15,8140000.343322754,2000000.0,0.0016,-36.06,6870,5880,4634,0.099
3521,ERIC,Technology,Communication Equipment,NASDAQ,83.3,39,35,72,88,9.22,30311719114.412796,3262833072.0,0.0215,-33.04,7598520,8139870,9216838,-0.061
3522,WPRT,Consumer Cyclical,Auto Parts,NASDAQ,83.3,39,34,33,23,1.88,35711979.82942128,18995734.0,0.0253,-26.27,37940,50816,63656,-0.783
3523,ACEL,Consumer Cyclical,Gambling,NYSE,83.29,39,51,59,52,10.88,880137281.3891411,81193475.0,0.0431,-22.29,427050,332630,320278,0.096
3524,SLM,Financial Services,Credit Services,NASDAQ,83.28,39,65,38,23,22.74,4277000000.0,188000000.0,0.109799996,-26.79,2422440,2052873,2107774,0.081
3525,CURI,Communication Services,Broadcasting,NASDAQ,83.28,39,21,16,35,2.92,172673666.5730238,59338028.0,0.0598,-45.72,593580,789353,1252190,0.223
3526,CVM,Healthcare,Biotechnology,NYSE ARCA,83.27,39,11,2,20,2.42,40630558.96355009,17588987.0,0.0363,-77.38,306360,184510,195694,
3527,MREO,Healthcare,Biotechnology,NASDAQ,83.26,39,7,12,3,0.39,60682568.9785341,159690973.0,0.023699999,-83.54,2094730,1744976,4942236,
3528,GNTX,Consumer Cyclical,Auto Parts,NASDAQ,83.25,39,33,51,34,21.91,4651887932.406137,210683331.0,0.081599995,-20.76,2177130,2338686,2339654,-0.01
3529,RFL,Real Estate,Real Estate Services,NYSE,83.24,39,96,92,28,1.47,80079991.85635757,51999996.0,0.0366,-62.88,404350,218593,169018,-0.506
3530,SUI,Real Estate,REIT - Residential,NYSE,83.2,39,33,34,58,111.84,13489455987.75,121800957.0,0.0633,-18.87,1056790,1187970,1684892,0.002
3531,RFMZ,Financial Services,Asset Management,NYSE,83.2,39,51,61,55,11.67,287594260.3884039,24351757.0,0.5,-14.82,151505,85371,74165,
3532,PDO,Financial Services,Asset Management,NYSE,83.17,39,44,51,50,11.79,1753903360.2762222,144831000.0,0.42,-17.26,1455850,1228806,1026200,
3533,APEI,Consumer Defensive,Education & Training Services,NASDAQ,83.12,39,61,86,93,44.41,800326467.0122185,18301543.0,0.122,-27.89,279680,259926,287846,0.055
3534,TRMB,Technology,Scientific & Technical Instruments,NASDAQ,83.12,39,27,15,30,58.81,13408574679.589985,233111519.0,0.044299997,-30.34,2273580,3240513,3094334,0.11
3535,UTG,Financial Services,Asset Management,NYSE ARCA,83.11,39,44,59,72,35.29,3249611052.3620605,92109160.0,0.0017,-19.61,429314,363964,331842,-0.038
3536,DDL,Consumer Defensive,Grocery Stores,NYSE,83.11,39,35,28,66,2.1,470112826.70276785,218657119.0,0.0165,-38.42,234770,253460,294490,-0.988
3537,ASUR,Technology,Software - Application,NASDAQ,83.1,39,57,25,34,7.89,221793234.0825348,28879328.0,0.044,-22.65,103690,105806,110108,0.232
3538,TRC,Industrials,Conglomerates,NYSE,83.1,39,29,52,70,16.18,442611230.0427017,27021444.0,0.095699996,-24.07,96720,148416,158272,0.717
3539,SMRT,Technology,Software - Application,NYSE,83.09,39,31,16,74,1.2,231405691.99523568,192838069.0,0.0464,-45.45,599340,736353,1077234,0.04
3540,DSWL,Technology,Electronic Components,NASDAQ,83.08,39,35,71,68,3.01,48767682.66954589,15885239.0,0.0004,-25.86,7830,9626,9354,-0.134
3541,CNX,Energy,Oil & Gas E&P,NYSE,83.05,39,58,27,65,32.24,4660224565.5,147943637.0,0.1451,-26.09,2024010,1867200,1718394,-0.181
3542,MNKD,Healthcare,Biotechnology,NASDAQ,83.05,39,58,67,10,3.82,1221869023.8675642,321544484.0,0.092700005,-41.32,6814360,4345270,4476794,0.429
3543,TIC,Industrials,Specialty Business Services,NYSE,83.04,39,44,19,17,8.26,1802500190.5066757,218220356.0,0.1034,-43.62,1355700,1441830,1833412,0.861
3544,HLN,Healthcare,Drug Manufacturers - Specialty & Generic,NYSE,83.04,39,50,42,47,8.82,38699225121.1831,4397639123.0,0.005,-21.81,20539560,17998006,14914624,0.022
3545,SBI,Financial Services,Asset Management,NYSE,83.01,39,43,51,54,6.93,98717038.38318634,14082316.0,0.69,-13.48,108352,64694,60032,-0.021
3546,BIT,Financial Services,Asset Management,NYSE,82.98,39,35,39,42,11.1,645949848.4658432,57062709.0,0.0045,-17.53,588499,432536,409739,
3547,NRK,Financial Services,Asset Management,NYSE,82.97,39,47,61,60,9.17,816522415.4901352,87235304.0,0.0083,-15.87,737235,462255,392341,-0.018
3548,BTCT,Technology,Computer Hardware,NASDAQ,82.97,39,75,8,7,1.22,19522404.195260525,16976004.0,0.2447,-60.9,1725280,11564543,13339242,0.004
3549,EPAM,Technology,Information Technology Services,NYSE,82.96,39,26,8,19,109.95,5586354219.719292,51586981.0,0.1752,-50.59,1042670,1099096,1387160,0.045
3550,SHIM,Industrials,Engineering & Construction,NASDAQ,82.95,39,72,79,96,3.11,130207846.39209127,41335823.0,0.0136,-54.01,130210,183273,147490,-0.17
3551,LKFT,Healthcare,Biotechnology,NASDAQ,82.95,39,30,37,34,29.51,1923284812.8569221,65484670.0,0.085200004,-20.24,341860,294783,285558,-0.815
3552,KMB,Consumer Defensive,Household & Personal Products,NASDAQ,82.93,39,48,58,27,95.41,31382158228.670135,332579038.0,0.18030001,-22.49,3804720,4375636,4004954,0.006
3553,MUC,Financial Services,Asset Management,NYSE,82.93,39,43,56,53,9.64,917351388.4630108,94183923.0,0.0028,-13.62,897583,627141,539834,0.073
3554,HBANM,Financial Services,Banks - Regional,NASDAQ,82.92,39,37,35,44,19.38,,,0.03,-17.92,39039,24516,20989,0.476
3555,ORLY,Consumer Cyclical,Auto Parts,NASDAQ,82.92,39,29,30,37,83.9,68680772475.17621,808960792.0,0.032,-20.27,5194600,5862330,5978132,0.081
3556,BRUN,Technology,Software - Infrastructure,NASDAQ,82.91,39,76,98,62,14.33,1312337669.1032314,79487441.0,2.22,-65.88,1761290,2200423,2306148,2.697
3557,CVV,Industrials,Specialty Industrial Machinery,NASDAQ,82.89,38,94,96,64,4.28,30098708.4596653,6951203.0,0.0399,-52.97,48480,93786,125966,-0.426
3558,VFS,Consumer Cyclical,Auto Manufacturers,NASDAQ,82.88,38,33,22,77,3.08,7112189381.153784,2339536010.0,0.0544,-41.72,398310,369886,359784,0.417
3559,XEL,Utilities,Utilities - Regulated Electric,NASDAQ,82.88,38,38,55,62,71.49,44598890401.51631,624634306.0,0.075,-15.13,5475170,5689873,5377050,-0.051
3560,KHC,Consumer Defensive,Packaged Foods,NYSE,82.87,38,54,57,29,21.84,26313429823.31821,1185823758.0,0.109799996,-22.25,13293030,20475633,18200222,-0.014
3561,BHFAM,Financial Services,Insurance - Life,NASDAQ,82.86,38,28,31,55,9.79,,,0.05,-23.97,75889,59486,68421,0.867
3562,CNXC,Technology,Information Technology Services,NASDAQ,82.85,38,35,11,13,25.87,1518214670.7000732,60948000.0,0.1657,-47.6,2785610,1941756,1638150,-0.012
3563,MLP,Real Estate,Real Estate Services,NYSE,82.84,38,32,36,35,15.69,311987325.80756664,19859155.0,0.0398,-21.23,12270,14456,17504,-0.196
3564,NUW,Financial Services,Asset Management,NYSE,82.84,38,40,49,55,12.89,239470824.9791565,17951336.0,0.00090000004,-12.31,142890,94096,74122,
3565,BPRE,Financial Services,Asset Management,NYSE,82.84,38,21,25,63,12.73,,,0.24,-30.3,992739,928766,887051,
3566,OXLC,Financial Services,Asset Management,NASDAQ,82.83,38,41,20,16,8.93,873449476.9017715,98030246.0,0.0589,-47.81,1062213,871314,923550,-0.102
3567,AKTX,Healthcare,Biotechnology,NASDAQ,82.83,38,17,95,2,8.94,19926639.410204887,2285165.0,0.0095999995,-79.77,51700,79716,65696,
3568,FMN,Financial Services,Asset Management,NYSE,82.81,38,43,55,56,9.97,77874262.25825977,7818701.0,0.002,-15.22,83253,42021,34054,-0.223
3569,ORI,Financial Services,Insurance - Property & Casualty,NYSE,82.8,38,59,56,60,37.79,9188937342.877663,241432922.0,0.0589,-19.18,1748870,1445723,1328286,0.134
3570,RRX,Industrials,Specialty Industrial Machinery,NYSE,82.8,38,30,80,89,161.26,10646041452.1344,66591867.0,0.056399997,-34.92,983190,1165986,1282398,0.042
3571,RFM,Financial Services,Asset Management,NYSE,82.79,38,50,60,56,12.78,79491087.0,6114699.0,0.68,-14.97,33729,23156,17727,
3572,ELMD,Healthcare,Medical Devices,NYSE ARCA,82.78,38,33,96,56,28.32,232867091.66127205,8287085.0,0.026600001,-40.25,94650,114630,94472,0.116
3573,GEHC,Healthcare,Medical Devices,NASDAQ,82.77,38,33,23,41,65.74,29038909554.611115,451686252.0,0.0424,-26.77,3629420,3366146,3728868,0.058
3574,DMC,Consumer Defensive,Farm Products,NYSE,82.77,38,35,18,76,29.9,1398828291.656971,47146218.0,0.1066,-31.39,329150,412646,392154,0.031
3575,GUG,Financial Services,Asset Management,NYSE,82.76,38,49,55,58,13.71,458423141.11909676,32980083.0,0.3,-16.71,181490,128580,120300,
3576,FCNCO,Financial Services,Banks - Regional,NASDAQ,82.74,38,34,36,49,18.99,,,0.27,-18.95,20820,20950,17984,0.085
3577,GBLI,Financial Services,Insurance - Property & Casualty,NASDAQ,82.74,38,64,32,38,24.52,356498956.484951,14640614.0,0.0016,-19.61,9790,8120,6958,0.051
3578,OGS,Utilities,Utilities - Regulated Gas,NYSE,82.72,38,51,38,71,72.57,4561479494.717789,62856270.0,0.0797,-20.06,671120,567363,539466,-0.029
3579,RAND,Financial Services,Asset Management,NASDAQ,82.72,38,27,24,21,9.95,30262403.413816452,2969814.0,0.0002,-43.11,2170,3916,3396,-0.13
3580,NP,Financial Services,Insurance Brokers,NYSE,82.72,38,89,78,45,27.12,3764303700.5802155,137233090.0,0.0664,-22.84,661650,513293,568840,0.328
3581,PODC,Communication Services,Internet Content & Information,NASDAQ,82.71,38,62,96,50,2.27,71093832.71487808,30252696.0,0.0152,-56.35,87840,70926,79034,0.075
3582,ESOA,Industrials,Engineering & Construction,NASDAQ,82.69,38,36,90,91,11.0,205437587.0807476,18659181.0,0.0373,-44.83,95130,117013,149120,0.255
3583,PPLC,Utilities,Utilities - Regulated Electric,NYSE,82.68,38,32,34,49,44.81,,,,-14.76,115994,107658,165798,0.042
3584,CPT,Real Estate,REIT - Residential,NYSE,82.67,38,37,60,36,97.37,11105698078.92366,115732578.0,0.0433,-18.73,1312630,1091250,1038010,-0.008
3585,ADAMZ,Real Estate,REIT - Mortgage,NASDAQ,82.66,38,50,56,55,16.51,,,0.0,-19.23,10480,14656,11544,1.298
3586,BR,Technology,Information Technology Services,NYSE,82.65,38,32,18,16,159.08,17717401194.85547,112900032.0,0.0294,-33.36,834840,1034790,1168778,0.075
3587,PPL,Utilities,Utilities - Regulated Electric,NYSE,82.65,38,39,38,65,32.95,24683470210.65385,752544841.0,0.054,-17.85,7691010,7241723,7701420,0.042
3588,BDN,Real Estate,REIT - Office,NYSE,82.64,38,36,49,26,2.73,478716801.2733102,172200290.0,0.0791,-33.41,1586590,1820426,1891766,0.141
3589,DGICB,Financial Services,Insurance - Property & Casualty,NASDAQ,82.62,38,92,86,63,17.49,618036031.1401176,37119282.0,0.0069,-41.68,4670,2373,2874,-0.024
3590,AUNA,Healthcare,Medical Care Facilities,NYSE,82.62,38,57,25,37,5.06,374724995.20246315,74056324.0,0.0292,-25.26,126740,118430,159178,0.132
3591,CNP,Utilities,Utilities - Regulated Electric,NYSE,82.58,38,37,62,67,37.75,24893040286.596436,658720288.0,0.0907,-16.59,6956060,6523466,6453390,0.107
3592,LNT,Utilities,Utilities - Regulated Electric,NASDAQ,82.58,38,40,67,66,64.29,16679785161.434464,259284699.0,0.1125,-18.42,3450740,2559483,2602914,0.01
3593,DMO,Financial Services,Asset Management,NYSE,82.57,38,35,41,52,9.36,108900526.78862762,11427128.0,0.46,-22.52,92055,61821,56239,-0.087
3594,AXS,Financial Services,Insurance - Specialty,NYSE,82.56,38,52,69,50,95.62,6923043956.552025,72966317.0,0.0274,-20.31,703180,641770,693666,0.074
3595,GRO,Basic Materials,Other Industrial Metals & Mining,NYSE ARCA,82.55,38,60,38,86,2.25,133184368.15765142,61946215.0,0.0064999997,-43.61,153260,184926,181210,
3596,JBSS,Consumer Defensive,Packaged Foods,NASDAQ,82.55,38,52,78,76,68.03,801237278.8657608,11693481.0,0.085200004,-26.12,122430,133056,140512,0.042
3597,PEPG,Healthcare,Biotechnology,NASDAQ,82.54,38,94,64,20,2.36,157911696.77846932,69259517.0,0.0789,-69.74,978220,779026,890560,
3598,WAFD,Financial Services,Banks - Regional,NASDAQ,82.53,38,64,76,66,30.17,2279554759.5336914,74011520.0,0.088199995,-23.6,1430320,1210820,936494,0.056
3599,ADV,Communication Services,Advertising Agencies,NASDAQ,82.53,38,67,85,51,27.37,354406429.3739319,12822230.0,0.1188,-42.32,69100,61583,83122,0.018
3600,RMM,Financial Services,Asset Management,NYSE,82.5,38,53,63,59,12.55,252272440.56895065,19739628.0,1.52,-16.33,131756,76092,61691,
3601,OPCH,Healthcare,Medical Care Facilities,NASDAQ,82.48,38,34,16,29,23.37,3391137810.098343,149785243.0,0.1126,-36.49,1697460,1983396,2252818,0.019
3602,RPM,Basic Materials,Specialty Chemicals,NYSE,82.47,38,37,35,41,95.3,12660909481.628418,127643000.0,0.033299997,-21.74,1069340,1424483,1250156,0.072
3603,STRO,Healthcare,Biotechnology,NASDAQ,82.44,38,82,98,99,15.13,254356244.97112083,16570439.0,0.12560001,-65.5,231670,280590,284434,-0.846
3604,GBCI,Financial Services,Banks - Regional,NYSE,82.44,38,51,61,61,43.75,5717606836.361233,130211953.0,0.083500005,-19.84,1087740,1018030,1018384,0.415
3605,NMFC,Financial Services,Asset Management,NASDAQ,82.43,38,30,24,34,6.85,655499592.0046091,94452390.0,0.040599998,-30.39,595040,500203,519108,-0.264
3606,SRRK,Healthcare,Biotechnology,NASDAQ,82.42,38,86,83,83,43.4,5700769217.666634,121785282.0,0.1989,-29.73,1971850,1944610,1596790,
3607,HTD,Financial Services,Asset Management,NYSE,82.42,38,55,60,64,22.0,788358106.25,35431825.0,0.003,-16.51,121131,78537,68004,0.055
3608,MMD,Financial Services,Asset Management,NYSE,82.41,38,42,51,54,13.47,258029679.92172432,18779453.0,0.28,-14.85,153158,88949,77711,0.07
3609,INGR,Consumer Defensive,Packaged Foods,NYSE,82.4,38,31,23,34,96.85,6011889233.543594,63063979.0,0.080299996,-21.57,685520,647400,651262,0.009
3610,EOT,Financial Services,Asset Management,NYSE,82.39,38,48,55,55,15.24,242655018.95769596,15624921.0,0.09,-15.33,75108,50486,40569,
3611,DOLE,Consumer Defensive,Farm Products,NYSE,82.38,38,39,39,63,12.8,1204349789.25,94458807.0,0.049200002,-22.75,761240,985766,1061932,0.029
3612,CIK,Financial Services,Asset Management,NYSE ARCA,82.38,38,34,32,35,2.3,127274173.21772933,54859559.0,0.0016,-24.34,631968,551249,504307,-0.033
3613,YUMC,Consumer Cyclical,Restaurants,NYSE,82.37,37,34,30,58,40.25,13528966177.995815,338393355.0,0.0178,-31.07,1339930,1459080,1482102,0.126
3614,GEN,Technology,Software - Infrastructure,NASDAQ,82.37,37,74,68,17,22.28,13162928696.674301,598587032.0,0.0654,-29.61,18078870,10305040,8243438,0.063
3615,CRF,Financial Services,Asset Management,NYSE ARCA,82.37,37,33,54,55,6.15,1042013653.1548691,170263672.0,0.1035,-25.45,1239609,1549316,1565007,-0.324
3616,IRT,Real Estate,REIT - Residential,NYSE,82.36,37,35,53,33,14.72,3420653721.1276493,235744567.0,0.0935,-17.26,4174530,3733623,3400780,0.03
3617,STEP,Financial Services,Asset Management,NASDAQ,82.36,37,55,19,27,46.08,3725218857.558872,82288907.0,0.0744,-40.77,1084730,1084496,1212894,0.04
3618,KTF,Financial Services,Asset Management,NYSE,82.36,37,39,56,56,8.04,317300002.7432518,39172838.0,0.63,-14.19,404583,298111,275806,-0.028
3619,NFG,Energy,Oil & Gas Integrated,NYSE,82.36,37,49,31,62,76.34,7264296945.575462,95045099.0,0.0627,-21.35,939050,754673,712896,0.011
3620,OXBR,Financial Services,Insurance - Reinsurance,NASDAQ,82.32,37,86,90,6,1.14,9115206.27880776,8138577.0,0.003,-46.58,24260,19083,43482,0.416
3621,HIMS,Healthcare,Drug Manufacturers - Specialty & Generic,NYSE,82.31,37,28,70,10,29.67,6766088977.0,233313413.0,0.2726,-54.56,10706320,9821290,11708398,0.382
3622,RMMZ,Financial Services,Asset Management,NYSE,82.3,37,49,56,57,13.03,112197853.87039185,8455000.0,0.0014,-14.78,42282,27614,20580,
3623,TWI,Industrials,Farm & Heavy Construction Machinery,NYSE,82.29,37,52,24,48,6.98,451151025.707428,64542352.0,0.0535,-40.34,587090,587486,585328,0.052
3624,PRG,Industrials,Rental & Leasing Services,NYSE,82.28,37,72,89,54,30.9,1234780623.0,39831633.0,0.09810001,-35.26,666510,598670,600982,0.223
3625,CLM,Financial Services,Asset Management,NYSE ARCA,82.28,37,33,56,55,6.41,1991467609.861846,312142253.0,12.28,-24.85,1670598,2184892,2228093,-0.338
3626,TG,Industrials,Metal Fabrication,NYSE,82.28,37,35,27,66,7.0,244824129.96670628,34825622.0,0.035099998,-33.52,161320,164396,173310,0.208
3627,MCFT,Consumer Cyclical,Recreational Vehicles,NASDAQ,82.28,37,70,67,67,19.71,489221366.3847332,24339371.0,0.0506,-30.7,228480,258913,227914,0.634
3628,ASGI,Financial Services,Asset Management,NYSE,82.25,37,57,63,77,19.35,804852056.5416908,42183022.0,1.65,-25.43,260087,300049,241529,
3629,NYT,Communication Services,Publishing,NYSE,82.24,37,35,66,84,64.0,10112480965.24961,161283586.0,0.0859,-26.52,4138750,3019990,2753776,0.113
3630,DTI,Energy,Oil & Gas Equipment & Services,NASDAQ,82.23,37,42,20,73,2.36,80796291.61408997,35282224.0,0.0075,-49.68,100610,175753,199974,-0.034
3631,AWP,Financial Services,Asset Management,NYSE,82.22,37,55,59,65,10.04,314110495.8763962,30855647.0,2.49,-21.01,179429,137563,133235,-0.107
3632,POR,Utilities,Utilities - Regulated Electric,NYSE,82.21,37,49,66,74,44.25,5239424727.272415,117607740.0,0.0731,-18.99,2161480,1405570,1295482,0.009
3633,VIP,Financial Services,Capital Markets,NASDAQ,82.21,37,83,82,33,1.52,28013450.688477516,18429902.0,0.0255,-54.76,123970,131560,177970,-0.737
3634,SCYX,Healthcare,Drug Manufacturers - Specialty & Generic,NASDAQ,82.17,37,35,13,84,5.03,50941996.94135761,9949609.0,0.0471,-44.85,1002430,381760,331082,-0.828
3635,XXI,Consumer Defensive,Education & Training Services,NYSE,82.17,37,15,7,9,6.68,2287798959.542195,346636211.0,3.65,-73.93,1808710,2331780,2003584,
3636,WM,Industrials,Waste Management,NYSE,82.17,37,38,54,51,206.66,81721768148.96606,399715184.0,0.0145000005,-16.71,2169670,2240603,2159910,0.04
3637,NUV,Financial Services,Asset Management,NYSE,82.16,37,40,52,55,8.14,1718444351.1804152,207541595.0,0.0011,-12.1,2082200,1075363,842766,0.062
3638,WH,Consumer Cyclical,Lodging,NYSE,82.16,37,29,33,58,71.22,5327616516.322311,74211122.0,0.1069,-21.17,1053030,1202116,1227852,-0.055
3639,PFN,Financial Services,Asset Management,NYSE,82.16,37,51,50,48,6.19,626512475.0785828,98819000.0,1.03,-19.08,688672,560474,470940,0.14
3640,MFM,Financial Services,Asset Management,NYSE,82.15,37,45,56,57,4.78,201407510.09085798,41187631.0,0.11,-15.7,765087,458355,393165,0.002
3641,BFS,Real Estate,REIT - Retail,NYSE,82.15,37,38,66,61,29.55,745467762.3884697,24717101.0,0.0007,-23.09,151740,134323,119964,0.084
3642,LSF,Consumer Defensive,Packaged Foods,NYSE ARCA,82.15,37,83,89,12,3.15,38727379.06697464,11192884.0,0.012200001,-46.52,23130,25606,34396,2.444
3643,LOPE,Consumer Defensive,Education & Training Services,NASDAQ,82.14,37,31,24,33,154.93,4060671939.2328033,26065037.0,0.0856,-30.54,328010,339743,324312,0.067
3644,RYAM,Basic Materials,Chemicals,NYSE,82.11,37,68,48,93,6.94,481626753.21873474,67644208.0,0.0752,-41.43,1005390,824980,898586,0.106
3645,LAR,Basic Materials,Other Industrial Metals & Mining,NYSE,82.1,37,70,90,96,5.6,900908962.4404907,164100000.0,0.0405,-53.53,1237220,1698776,1876794,
3646,PRDO,Consumer Defensive,Education & Training Services,NASDAQ,82.1,37,49,59,69,31.54,1996833815.5014992,62577055.0,0.076799996,-18.08,786760,666956,686462,0.018
3647,RNP,Financial Services,Asset Management,NYSE,82.09,37,39,43,50,18.11,889441496.8290386,48000079.0,0.001,-18.72,149389,131246,116093,-0.009
3648,ATEC,Healthcare,Medical Devices,NASDAQ,82.08,37,21,16,30,10.72,1549144251.0371132,154451076.0,0.1078,-53.97,1905090,2150570,2205516,0.151
3649,HOVR,Industrials,Aerospace & Defense,NASDAQ,82.08,37,24,33,82,1.63,112768217.35920918,67123941.0,0.0466,-61.0,372200,503523,716138,
3650,FWRD,Industrials,Integrated Freight & Logistics,NASDAQ,82.07,37,53,9,27,15.07,537453509.2654495,33780862.0,0.096499994,-51.67,519370,537970,566960,0.088
3651,BBN,Financial Services,Asset Management,NYSE,82.06,37,39,48,52,14.22,891048056.5943947,61792514.0,0.0034999999,-18.51,407712,249920,201576,
3652,SSP,Communication Services,Broadcasting,NASDAQ,82.05,37,49,37,95,2.72,253913036.22376037,92668991.0,0.1062,-49.54,549860,610063,629556,-0.092
3653,BBAR,Financial Services,Banks - Regional,NYSE,82.04,37,36,91,57,13.27,2528450282.7130346,204236693.0,0.013200001,-40.94,648600,650486,669190,0.051
3654,SBGI,Communication Services,Broadcasting,NASDAQ,82.02,37,43,44,64,12.64,898913507.8697205,72318060.0,0.2913,-29.31,497770,452416,483952,0.071
3655,SOMN,Utilities,Utilities - Regulated Electric,NYSE,82.0,37,31,37,50,45.15,,,0.75,-16.37,1004753,574707,362616,0.001
3656,IQI,Financial Services,Asset Management,NYSE,81.98,37,54,60,55,8.73,472781122.98907566,52883797.0,0.0124,-16.22,414270,253386,213378,0.009
3657,ADUR,Industrials,Pollution & Treatment Controls,NASDAQ,81.98,37,58,85,70,12.13,435245237.2555847,35443424.0,8.32,-33.32,231370,300000,348866,-1.0
3658,AKR,Real Estate,REIT - Retail,NYSE,81.94,37,37,59,61,18.41,2558508495.605793,137332722.0,0.21190001,-20.06,1202630,1340853,1403190,0.134
3659,ADBE,Technology,Software - Application,NASDAQ,81.93,37,31,18,16,238.79,94481775970.45898,397500000.0,0.0521,-34.34,4302710,5121240,5080236,0.129
3660,TDS,Communication Services,Telecom Services,NYSE,81.91,37,31,21,67,35.11,4073955169.7387695,115116000.0,0.00059999997,-28.52,1728350,1511050,1366232,0.036
3661,HCAT,Healthcare,Health Information Services,NASDAQ,81.9,37,18,86,5,1.76,131698666.75,75256381.0,0.033099998,-51.31,349490,429316,653696,-0.127
3662,RIVN,Consumer Cyclical,Auto Manufacturers,NASDAQ,81.87,37,34,69,62,14.6,20704407285.1575,1447860630.0,0.1359,-35.65,27496570,23165893,23239730,0.272
3663,TKO,Communication Services,Entertainment,NYSE,81.83,37,30,35,60,177.04,12836846720.710419,73111098.0,0.1257,-21.99,1109070,1150586,1131946,0.182
3664,CYTK,Healthcare,Biotechnology,NASDAQ,81.83,37,70,90,82,62.7,9119936008.667099,139023418.0,0.192,-29.0,2341370,2087200,2019438,-0.571
3665,MRCY,Industrials,Aerospace & Defense,NASDAQ,81.83,37,32,89,77,82.94,5165492710.986832,60863586.0,0.095699996,-35.43,572390,696450,707888,0.061
3666,JD,Consumer Cyclical,Internet Retail,NASDAQ,81.83,37,37,33,44,26.36,34815890927.31476,1350500000.0,0.0178,-27.06,6127740,5962353,7473828,-0.029
3667,NCA,Financial Services,Asset Management,NYSE,81.81,37,45,55,60,8.27,278887133.06700706,33121987.0,0.0008,-15.61,185343,113734,92106,0.01
3668,JBS,Consumer Defensive,Packaged Foods,NYSE,81.81,37,38,25,82,11.89,38386874559.93854,3289363694.0,0.168,-36.25,6045290,5295466,5853038,0.138
3669,NBH,Financial Services,Asset Management,NYSE ARCA,81.8,37,47,54,52,8.99,271005228.55160713,29618059.0,0.0021,-16.14,158110,111416,99570,0.018
3670,PCN,Financial Services,Asset Management,NYSE,81.79,37,46,39,41,10.61,822761161.3378525,75691000.0,0.73,-21.35,685638,515442,449117,0.271
3671,ATO,Utilities,Utilities - Regulated Gas,NYSE,81.79,37,37,48,69,158.05,26559930565.582718,168988553.0,0.028900001,-17.9,1003780,974130,1013112,0.048
3672,FTW,Energy,Oil & Gas E&P,NYSE,81.77,36,29,70,37,9.71,293482727.7510071,29825480.0,6.58,-43.55,68230,81333,91896,0.263
3673,ARE,Real Estate,REIT - Office,NYSE,81.77,36,40,29,17,45.88,8152153087.672413,172095277.0,0.0546,-45.58,1900190,1920600,2027972,-0.119
3674,TGE,Financial Services,Asset Management,NYSE,81.77,36,17,13,7,1.09,53791788.39324117,48461070.0,0.006,-66.04,20629040,6883936,4145182,-0.247
3675,ADSK,Technology,Software - Application,NASDAQ,81.77,36,21,21,23,221.56,44308000000.0,209000000.0,0.044499997,-32.08,2020930,2308580,2164450,0.161
3676,GROY,Basic Materials,Gold,NYSE ARCA,81.76,36,32,17,80,2.94,685503333.5735042,230809201.0,0.042,-46.1,1286590,1741303,2053892,0.761
3677,GECC,Financial Services,Asset Management,NASDAQ,81.76,36,32,26,17,4.98,69726544.73507404,13889750.0,0.0381,-43.41,48110,58950,59870,-0.237
3678,CCJ,Energy,Uranium,NYSE,81.75,36,51,41,89,87.47,37098699284.13412,435532979.0,3.25,-35.32,2962890,2942820,2956460,-0.072
3679,ARL,Real Estate,Real Estate Services,NYSE,81.75,36,46,85,39,15.77,259078784.50763702,16152043.0,0.0215,-35.47,4840,4650,6838,0.09
3680,KGC,Basic Materials,Gold,NYSE,81.74,36,72,34,90,23.58,28540952749.81907,1186240789.0,2.05,-39.71,8996170,7988603,8210292,0.295
3681,EVV,Financial Services,Asset Management,NYSE ARCA,81.74,36,36,38,43,8.34,979595203.2624817,116203460.0,0.37,-18.48,948812,657034,560878,-0.034
3682,AVA,Utilities,Utilities - Diversified,NYSE,81.74,36,34,60,62,35.13,2957312542.317009,83752830.0,0.069,-19.24,702680,720120,701722,0.005
3683,HBAN,Financial Services,Banks - Regional,NASDAQ,81.71,36,52,58,57,15.29,30972959128.43458,2020414826.0,0.025999999,-21.43,29693940,27633590,25943842,0.476
3684,MYN,Financial Services,Asset Management,NYSE,81.7,36,37,55,53,8.75,342903204.2923355,38313208.0,0.0021,-14.72,447883,318397,271014,0.065
3685,MNR,Energy,Oil & Gas E&P,NYSE,81.7,36,44,60,61,10.55,1717895880.8914356,166948094.0,0.0208,-29.76,679940,1031623,745756,0.636
3686,NBTX,Healthcare,Biotechnology,NASDAQ,81.7,36,97,98,99,25.1,1311174807.5,50919410.0,0.0047,-56.07,166550,157836,155352,-0.792
3687,PSHG,Industrials,Marine Shipping,NASDAQ,81.68,36,20,26,48,1.7,21010347.731373787,12432158.0,0.0344,-34.11,46510,62653,52448,0.91
3688,WEC,Utilities,Utilities - Regulated Electric,NYSE,81.67,36,35,53,61,101.3,33103037625.67392,325849383.0,0.048299998,-15.52,3190690,2615833,2596954,0.026
3689,ATMU,Consumer Cyclical,Auto Parts,NYSE,81.67,36,35,39,87,46.18,3728915646.1524467,81595527.0,0.0424,-30.56,710800,711643,717424,0.164
3690,ADMA,Healthcare,Biotechnology,NASDAQ,81.66,36,19,14,11,10.11,2177131149.4103622,223984680.0,0.13319999,-50.58,3148650,2771310,2618372,0.02
3691,EDUC,Communication Services,Publishing,NASDAQ,81.66,36,54,62,42,1.3,11082452.79349804,8524964.0,0.0031,-24.86,10060,56936,85612,-0.331
3692,LNSR,Healthcare,Medical Devices,NASDAQ,81.65,36,54,15,7,6.67,82929588.75,12285865.0,0.0381,-48.45,35640,72830,123348,0.184
3693,ENB,Energy,Oil & Gas Midstream,NYSE,81.65,36,37,67,71,46.04,102459944805.5864,2228843639.0,0.0078,-21.23,4600860,5460956,5463108,0.971
3694,IPHA,Healthcare,Biotechnology,NASDAQ,81.65,36,69,61,28,1.58,174252534.92845488,111700347.0,0.0007,-41.7,50330,46320,196370,0.165
3695,REFR,Technology,Electronic Components,NASDAQ,81.64,36,5,5,19,0.73,25453484.44505024,34867786.0,0.012,-72.96,300870,3449336,2107684,-0.335
3696,LSE,Energy,Oil & Gas Equipment & Services,NASDAQ,81.59,36,70,25,29,4.49,76612500.0,17025000.0,0.0029,-35.67,7260,4916,6570,-0.256
3697,PTA,Financial Services,Asset Management,NYSE,81.58,36,35,46,47,17.04,958441770.1540604,55273458.0,0.0008,-17.68,311380,253970,206502,
3698,TELO,Healthcare,Biotechnology,NASDAQ,81.57,36,26,32,29,1.21,81154444.47261,68774956.0,0.0176,-42.13,64280,71080,65836,
3699,DBD,Technology,Software - Application,NYSE,81.53,36,33,77,88,65.63,2164773932.299515,33946588.0,0.18100001,-28.73,253420,247796,276850,0.017
3700,NSSC,Industrials,Security & Protection Services,NASDAQ,81.53,36,34,29,83,36.22,1293744300.7960358,35768437.0,0.0759,-30.04,311000,488643,397564,0.1
3701,RHLD,Industrials,Specialty Business Services,NYSE,81.51,36,72,90,98,115.63,906369285.0862122,7819595.0,0.081499994,-51.04,111290,139396,153376,2.957
3702,PHK,Financial Services,Asset Management,NYSE,81.5,36,44,52,49,4.06,776834367.8517342,187189000.0,1.07,-18.8,1954983,1339544,1088838,0.199
3703,BHK,Financial Services,Asset Management,NYSE,81.49,36,44,39,40,8.05,590071915.590271,72224224.0,0.011,-20.45,464834,383964,341594,0.173
3704,WDI,Financial Services,Asset Management,NYSE,81.49,36,36,51,53,11.7,615158594.4029007,51912116.0,0.17,-22.0,392863,332711,286252,
3705,LEVI,Consumer Cyclical,Apparel Manufacturing,NYSE,81.49,36,36,63,67,20.27,7646980989.919445,384850562.0,0.0809,-21.13,2744980,2436293,2317248,0.08
3706,SO,Utilities,Utilities - Regulated Electric,NYSE,81.43,36,35,51,57,83.79,96308388917.77167,1150362966.0,0.0252,-16.91,6516110,6413603,6074818,0.001
3707,MXCT,Healthcare,Medical Devices,NASDAQ,81.43,36,65,65,8,1.08,110430645.83338094,103206206.0,0.0115,-42.09,315320,392656,607216,-0.145
3708,AXP,Financial Services,Credit Services,NYSE,81.42,36,44,57,52,304.02,204470310411.38718,675309833.0,0.020599999,-21.54,3620350,2976886,2830776,0.128
3709,BWG,Financial Services,Asset Management,NYSE,81.38,36,39,43,53,6.86,115695747.79804802,16791836.0,0.0015,-21.78,128706,87482,76925,
3710,GEL,Energy,Oil & Gas Midstream,NYSE,81.37,36,39,27,64,14.02,1717111191.2105312,122214318.0,0.039100002,-24.79,333690,298006,279762,0.41
3711,KMRK,Consumer Cyclical,Leisure,NASDAQ,81.35,36,12,8,55,1.17,24264999.496936798,21100000.0,0.0019,-82.25,364900,133543,110360,-0.15
3712,PNI,Financial Services,Asset Management,NYSE,81.35,36,38,52,53,6.13,147848151.36671066,23885000.0,0.18,-14.86,83053,94411,75778,0.982
3713,FCPT,Real Estate,REIT - Retail,NYSE,81.35,36,54,51,48,21.23,2365250465.5625076,109756406.0,0.0494,-20.96,1416630,1124740,952742,0.077
3714,NTST,Real Estate,REIT - Retail,NYSE,81.34,36,58,72,70,17.44,1778770571.4358292,101527998.0,0.16219999,-22.39,2076350,1476736,1658202,0.269
3715,FAX,Financial Services,Asset Management,NYSE ARCA,81.34,36,52,48,55,12.67,532545885.4519272,41282628.0,1.86,-22.6,288835,188361,165331,-0.157
3716,MYI,Financial Services,Asset Management,NYSE,81.34,36,38,52,56,9.54,649385072.6962929,66467251.0,0.0055,-16.75,1079242,609477,484930,0.063
3717,BGSF,Industrials,Staffing & Employment Services,NYSE,81.34,36,60,65,88,4.78,52544444.61480141,10679765.0,0.0034,-29.19,7550,8710,8878,-0.051
3718,OMAB,Industrials,Airports & Air Services,NASDAQ,81.33,36,38,40,66,94.98,4546662373.669556,48271178.0,0.0099,-29.64,213800,133973,106486,0.026
3719,FT,Financial Services,Asset Management,NYSE,81.33,36,38,51,60,7.03,177933807.60258865,25131894.0,0.19,-15.81,73076,65762,59059,
3720,NPCE,Healthcare,Medical Devices,NASDAQ,81.32,36,58,83,80,13.22,435918273.2531643,34324274.0,0.0321,-32.55,156700,136170,172610,0.171
3721,WCN,Industrials,Waste Management,NYSE,81.32,36,39,45,31,154.3,38696382954.628174,251569244.0,0.0156,-14.15,1678200,1231686,1241986,0.064
3722,RCI,Communication Services,Telecom Services,NYSE,81.3,36,42,38,52,30.38,16655145279.524082,540225278.0,14.08,-26.15,1591500,1237990,1236042,0.077
3723,KVHI,Communication Services,Telecom Services,NASDAQ,81.29,36,62,83,89,6.96,127168147.77213669,18140962.0,0.07,-46.46,95120,112530,141552,0.267
3724,BCRX,Healthcare,Drug Manufacturers - Specialty & Generic,NASDAQ,81.28,36,75,77,83,8.1,2087721827.3457813,255535105.0,0.1375,-27.81,5661660,4887680,4303650,0.336
3725,LAW,Technology,Software - Application,NYSE,81.28,36,28,26,18,4.18,271364606.55578375,64919765.0,0.049200002,-54.12,175790,191923,216092,0.132
3726,NMI,Financial Services,Asset Management,NYSE,81.28,36,52,61,61,9.19,112207034.93925095,12078260.0,0.003,-18.53,68469,41453,34513,0.129
3727,KEQU,Consumer Cyclical,"Furnishings, Fixtures & Appliances",NASDAQ,81.24,36,27,29,27,33.82,98905053.07820511,2895347.0,0.0188,-27.38,3380,3956,3596,-0.067
3728,GLXY,Financial Services,Capital Markets,NASDAQ,81.23,36,41,46,30,22.65,4480382455.756668,194292392.0,0.18100001,-50.68,4614060,5073236,5885348,-0.038
3729,MTH,Consumer Cyclical,Residential Construction,NYSE,81.22,36,32,64,34,62.28,4161365738.6022263,65174093.0,0.1031,-27.06,835660,808543,796968,-0.138
3730,PMM,Financial Services,Asset Management,NYSE,81.2,36,45,61,55,5.47,242008697.13491106,42833397.0,0.001,-17.12,286255,154921,137243,
3731,RYTM,Healthcare,Biotechnology,NASDAQ,81.2,36,61,74,37,92.45,6391538898.1319275,68852082.0,0.1506,-24.35,761820,625060,664092,0.469
3732,NEE,Utilities,Utilities - Regulated Electric,NYSE,81.18,35,50,55,73,76.28,160265709617.0102,2085978209.0,0.0,-22.75,14460520,12027633,11709086,0.124
3733,HAPN,Financial Services,Banks - Regional,NASDAQ,81.18,35,54,83,63,15.46,1774966809.5273361,115407464.0,0.0636,-28.66,1855040,1430243,1466060,0.065
3734,NEXT,Energy,Oil & Gas Equipment & Services,NASDAQ,81.17,35,36,68,67,6.57,1724881610.9170842,266185433.0,0.14729999,-28.9,2736740,2478833,2650658,
3735,FPF,Financial Services,Asset Management,NYSE,81.17,35,40,48,54,15.69,965046515.3295565,60847827.0,0.0013,-18.96,256430,188370,153180,
3736,STRR,Industrials,Staffing & Employment Services,NASDAQ,81.14,35,53,68,36,9.8,36008574.12443733,3689403.0,0.0029,-18.06,3760,3723,3764,0.546
3737,KAI,Industrials,Specialty Industrial Machinery,NYSE,81.13,35,35,31,59,267.14,3174644764.5403137,11809117.0,0.1333,-24.55,147330,166390,148978,0.226
3738,PPTA,Basic Materials,Other Precious Metals & Mining,NASDAQ,81.13,35,55,21,91,20.33,2549452360.155424,125095803.0,0.1273,-45.6,981720,984156,1106590,
3739,PTY,Financial Services,Asset Management,NYSE,81.12,35,37,37,35,10.8,2449598137.1358013,221883890.0,0.54,-26.48,2271975,1693235,1543361,0.191
3740,SVRA,Healthcare,Biotechnology,NASDAQ,81.11,35,59,90,92,4.78,985699877.9939709,204927212.0,0.2466,-31.76,3023820,1917356,1812404,
3741,VTVT,Healthcare,Biotechnology,NASDAQ,81.1,35,76,75,91,30.33,120871577.75335693,3953928.0,0.0668,-31.07,37200,45063,64186,
3742,XBIT,Healthcare,Biotechnology,NASDAQ,81.1,35,25,28,29,2.18,66768132.63452196,30487731.0,0.013300001,-36.63,26940,45316,37710,
3743,TSN,Consumer Defensive,Farm Products,NYSE,81.09,35,28,41,68,51.71,18254980242.957397,351801512.0,0.0344,-25.58,3051770,3518886,3478236,-0.001
3744,O,Real Estate,REIT - Retail,NYSE,81.08,35,53,59,66,53.77,51218783136.9599,946218033.0,0.049099997,-20.86,9828270,7701230,6826082,0.096
3745,PFLT,Financial Services,Asset Management,NYSE,81.06,35,28,24,36,6.78,678650423.7794495,99217896.0,0.0401,-30.46,751650,739643,850380,0.041
3746,NTES,Communication Services,Electronic Gaming & Multimedia,NASDAQ,81.06,35,34,45,28,119.38,75053129114.05998,640330430.0,0.0085,-23.69,654000,657306,732720,0.079
3747,VANI,Healthcare,Biotechnology,NASDAQ,81.05,35,76,67,25,1.22,110950129.60049248,90203356.0,0.0146,-36.46,108860,206133,191544,
3748,XIFR,Utilities,Utilities - Renewable,NYSE,81.05,35,70,72,54,10.19,979777032.3753357,94300000.0,0.0515,-23.09,1027200,835910,896730,0.061
3749,GRFS,Healthcare,Drug Manufacturers - General,NASDAQ,81.04,35,31,21,40,7.41,4975043467.2268715,680580507.0,8.45,-25.15,906990,566323,555890,-0.009
3750,WULF,Financial Services,Capital Markets,NASDAQ,81.03,35,58,96,99,14.79,7729024692.525133,498968677.0,0.2855,-50.44,26509960,27712970,30395648,-0.06
3751,CWEN,Utilities,Utilities - Renewable,NYSE,81.03,35,30,37,80,29.52,6022764189.002457,205274852.0,0.0792,-29.28,1078020,1204273,1203698,0.227
3752,SPOT,Communication Services,Internet Content & Information,NYSE,81.03,35,35,24,27,483.05,97218717713.93738,205584205.0,0.0286,-31.0,1438290,1442360,1725960,0.139
3753,DX,Real Estate,REIT - Mortgage,NYSE,81.0,35,58,59,63,10.83,2734799538.941799,248166917.0,0.067,-27.46,8193080,6429116,5910144,
3754,GNLN,Consumer Defensive,Tobacco,NASDAQ,81.0,35,7,5,1,3.5,1847487.0996131897,694544.0,0.020499999,-90.78,34680,24776,44868,-0.896
3755,HWKN,Basic Materials,Specialty Chemicals,NASDAQ,80.99,35,22,24,44,132.06,2743199201.4169617,20875117.0,0.078200005,-29.06,162650,181823,169840,0.076
3756,MESO,Healthcare,Biotechnology,NASDAQ,80.95,35,71,41,52,14.22,1828356672.332859,129854878.0,0.0349,-33.86,238910,208496,205188,3.907
3757,TAC,Utilities,Utilities - Independent Power Producers,NYSE,80.94,35,31,59,67,12.47,3906305120.6588745,316300000.0,0.0433,-30.26,1345370,1923530,1881908,0.125
3758,AAON,Industrials,Building Products & Equipment,NASDAQ,80.94,35,19,81,61,84.35,6865914242.738609,82453639.0,0.0709,-43.94,1244440,1156463,1208336,1.012
3759,COCH,Healthcare,Medical Devices,NASDAQ,80.92,35,28,27,17,0.65,52337933.34868193,77194595.0,0.0114,-65.61,62340,59343,87746,-0.346
3760,GBAB,Financial Services,Asset Management,NYSE,80.89,35,34,40,50,12.47,348736104.90660095,27699452.0,0.15,-21.08,216846,146462,129277,
3761,NLY,Real Estate,REIT - Mortgage,NYSE,80.86,35,66,67,70,18.27,13943717177.0,753714442.0,0.0,-25.49,15467710,10644743,9293136,4.794
3762,GAU,Basic Materials,Gold,NYSE ARCA,80.86,35,33,22,82,1.99,520567612.85473347,261591764.0,0.0125,-45.03,2490580,2589923,2807520,1.167
3763,OXSQ,Financial Services,Asset Management,NASDAQ,80.86,35,31,28,52,1.27,137865948.91845584,107707775.0,0.0425,-38.05,982740,1292756,1523456,-0.013
3764,CPSH,Technology,Electronic Components,NASDAQ,80.85,35,22,83,92,3.63,73990838.66617584,19268448.0,0.0777,-74.77,165310,202570,238080,0.029
3765,TMDX,Healthcare,Medical Devices,NASDAQ,80.84,35,31,10,47,82.99,2766903131.782913,34675145.0,0.35819998,-46.8,721430,727773,823074,0.207
3766,CVNA,Consumer Cyclical,Auto & Truck Dealerships,NYSE,80.84,35,53,30,63,63.72,45909070114.10158,719916415.0,0.1163,-34.56,8577270,7355826,8929338,0.524
3767,PFL,Financial Services,Asset Management,NYSE,80.83,35,38,41,50,6.85,348588180.952549,49941000.0,1.23,-21.26,417935,284731,228605,-0.092
3768,OFS,Financial Services,Asset Management,NASDAQ,80.83,35,37,19,16,3.56,46625315.17554808,13398079.0,0.051799998,-54.06,58250,76536,66864,-0.347
3769,TKC,Communication Services,Telecom Services,NYSE,80.8,35,25,34,63,5.18,4387708157.670122,870577022.0,0.0058,-27.86,2579800,2466020,2449516,0.025
3770,ARBB,Technology,Information Technology Services,NASDAQ,80.79,35,19,28,14,4.48,8120177.431652069,1765256.0,0.0081,-58.01,2600,2776,6330,0.82
3771,AIIR,Consumer Defensive,Tobacco,NASDAQ,80.79,35,23,11,37,7.69,1148328916.3332539,155389572.0,0.0007,-49.74,67930,26930,20634,
3772,ALOY,Basic Materials,Other Industrial Metals & Mining,NASDAQ,80.77,35,34,76,94,8.11,563681711.7756338,69418931.0,4.48,-69.85,1687410,1929740,2537574,0.827
3773,SKYX,Industrials,Electrical Equipment & Parts,NASDAQ,80.76,35,41,44,27,1.15,159808565.81636167,135430994.0,0.0313,-65.05,517940,841756,850604,0.096
3774,BOOM,Industrials,Conglomerates,NASDAQ,80.76,35,60,42,17,5.84,119137508.1178751,20540949.0,0.0101,-36.52,127090,100083,151292,0.009
3775,MHF,Financial Services,Asset Management,NYSE,80.75,35,38,53,49,6.13,139121149.58662987,22223825.0,0.88,-17.94,160002,95424,83094,-0.001
3776,BAH,Industrials,Consulting Services,NYSE,80.75,35,24,14,24,68.61,8101192748.009697,120284973.0,0.0683,-37.11,1892460,1688410,1815402,-0.042
3777,BIPC,Utilities,Utilities - Regulated Gas,NYSE,80.74,35,26,33,53,36.36,4508521817.756905,123015597.0,8.55,-29.7,1104420,1190990,1135274,0.085
3778,WAFU,Consumer Defensive,Education & Training Services,NASDAQ,80.73,35,20,34,48,1.47,6395310.760311842,4410559.0,0.2025,-51.96,801930,1377186,1931012,-0.027
3779,ARLO,Industrials,Building Products & Equipment,NYSE,80.72,35,37,28,53,12.59,1375297996.3841476,107613304.0,0.1388,-36.86,1225040,1259426,1326858,0.205
3780,AFYA,Consumer Defensive,Education & Training Services,NASDAQ,80.72,35,50,36,53,13.31,1081203823.1462326,88478216.0,0.28959998,-17.64,569680,375633,270510,0.057
3781,GIII,Consumer Cyclical,Apparel Manufacturing,NASDAQ,80.72,35,28,79,63,26.99,1173530059.9433975,42876508.0,0.2852,-28.1,630770,812640,647342,-0.096
3782,TNL,Consumer Cyclical,Travel Services,NYSE,80.71,35,36,64,84,61.72,3855868675.989151,61282085.0,0.1495,-23.8,712170,683773,704422,0.044
3783,MUA,Financial Services,Asset Management,NYSE,80.71,35,31,54,52,9.39,485307078.7217865,50924144.0,0.00090000004,-16.61,589686,451602,399339,-0.021
3784,MNDO,Technology,Software - Application,NASDAQ,80.71,35,30,29,23,0.98,20387017.467499256,20185166.0,0.001,-24.03,22930,37313,42002,-0.03
3785,ODD,Consumer Defensive,Household & Personal Products,NASDAQ,80.7,35,22,12,4,19.59,871754053.004879,46124554.0,0.3073,-67.61,821840,1517493,1223910,-0.251
3786,ZJK,Industrials,Tools & Accessories,NASDAQ,80.69,35,25,18,15,1.95,118996162.18356192,64322249.0,0.0033000002,-51.85,6380,42123,70942,0.366
3787,BC,Consumer Cyclical,Recreational Vehicles,NYSE,80.64,35,48,61,78,64.83,4239695733.8146057,64797428.0,0.0001,-28.17,804030,777220,755722,0.077
3788,ENPH,Technology,Solar,NASDAQ,80.62,35,22,81,23,33.45,4422881529.869385,132144648.0,0.2174,-54.64,5065810,4607213,4613144,-0.196
3789,VMO,Financial Services,Asset Management,NYSE,80.61,34,52,58,57,8.33,573920236.2759476,67440684.0,0.0049,-17.52,590367,365122,288719,-0.004
3790,ADC,Real Estate,REIT - Retail,NYSE,80.61,34,38,60,61,65.58,8194108601.182022,124379310.0,0.0,-20.1,1815820,1534043,1578408,0.168
3791,BURL,Consumer Cyclical,Apparel Retail,NYSE,80.6,34,27,63,74,271.81,17330506769.538757,62942206.0,0.0921,-28.16,1544630,1815186,1396516,0.11
3792,ISD,Financial Services,Asset Management,NYSE,80.6,34,30,37,42,11.5,390125226.54012966,33344037.0,0.46,-22.24,197312,180487,163948,
3793,VKQ,Financial Services,Asset Management,NYSE,80.59,34,52,60,57,8.4,475885441.5088234,55335514.0,0.0109,-16.91,468530,283120,236114,0.027
3794,RDY,Healthcare,Drug Manufacturers - Specialty & Generic,NYSE,80.58,34,24,35,35,12.32,10204110656.25,832988625.0,0.0422,-21.38,3427480,2939310,2837412,-0.056
3795,ABEO,Healthcare,Biotechnology,NASDAQ,80.57,34,62,84,41,5.11,287635617.50768423,57184017.0,0.29549998,-33.2,1113290,1299036,1433396,27.45
3796,USAU,Basic Materials,Gold,NASDAQ,80.57,34,61,34,62,14.28,239169758.0236292,16528663.0,0.1095,-39.87,147460,156806,192174,
3797,DMB,Financial Services,Asset Management,NYSE,80.56,34,40,53,55,9.4,174488606.13441467,18405972.0,0.57,-16.67,136306,84312,74887,-0.0
3798,PAYP,Technology,Software - Infrastructure,NASDAQ,80.55,34,43,21,74,15.26,10102975625.861921,677143135.0,0.0156,-38.69,652810,745496,806952,0.27
3799,EXC,Utilities,Utilities - Regulated Electric,NASDAQ,80.55,34,36,51,62,40.82,41962243604.297165,1030253967.0,0.037100002,-19.41,9824430,8246276,7805354,0.099
3800,CASY,Consumer Cyclical,Specialty Retail,NASDAQ,80.54,34,75,84,83,617.33,22832513126.85913,36960167.0,0.045500003,-33.47,673330,670760,520502,0.243
3801,DIT,Consumer Defensive,Food Distribution,NYSE ARCA,80.53,34,28,27,70,67.73,65942813.89703369,976063.0,0.0028,-29.15,526,312,301,0.133
3802,WMS,Industrials,Building Products & Equipment,NYSE,80.52,34,33,57,72,129.43,9596837623.209274,75405342.0,0.0385,-27.82,692450,733926,723646,0.206
3803,JFU,Technology,Information Technology Services,NASDAQ,80.49,34,18,23,76,2.6,31317069.450513363,11773334.0,0.0044,-72.57,1190,4563,164698,-0.176
3804,BMM,Basic Materials,Other Industrial Metals & Mining,NASDAQ,80.49,34,65,77,93,4.89,516974576.92907286,104863001.0,3.88,-43.34,324680,389230,339664,
3805,PERI,Communication Services,Advertising Agencies,NASDAQ,80.47,34,60,34,50,8.51,351074556.5,41302889.0,0.0347,-24.49,274960,529213,452836,-0.046
3806,GGAL,Financial Services,Banks - Regional,NASDAQ,80.47,34,38,80,56,38.25,6081684037.623825,169453445.0,0.17979999,-38.82,1052730,829726,830698,-0.079
3807,CRWS,Consumer Cyclical,"Furnishings, Fixtures & Appliances",NASDAQ,80.47,34,46,68,44,2.46,26685511.965236187,10760287.0,0.004,-21.66,73480,89966,98316,0.083
3808,CRML,Basic Materials,Other Industrial Metals & Mining,NASDAQ,80.46,34,22,66,90,7.51,1032627964.4084868,146888753.0,0.35740003,-76.64,9215600,9787930,8485810,5.577
3809,PAX,Financial Services,Asset Management,NASDAQ,80.45,34,27,21,31,11.1,1647831184.0266867,161393847.0,0.095699996,-37.64,1111210,1141120,1187310,0.349
3810,MSGY,Industrials,Engineering & Construction,NASDAQ,80.41,34,3,6,1,4.89,9315751.834571362,2119625.0,0.15529999,-90.74,10914590,3685696,3129853,0.21
3811,ALH,Consumer Cyclical,"Furnishings, Fixtures & Appliances",NYSE,80.4,34,32,62,56,21.31,4234207593.135956,198789096.0,0.09,-24.51,1275610,1267916,1378588,0.066
3812,ZTO,Industrials,Integrated Freight & Logistics,NYSE,80.4,34,39,64,79,19.7,14614499718.0,749461524.0,0.0247,-24.81,3269260,2739586,2485002,0.23
3813,AIFF,Technology,Software - Application,NASDAQ,80.39,34,10,12,31,1.3,21338829.98445177,15690316.0,0.020299999,-58.73,15188010,5552403,3389468,0.719
3814,SEB,Industrials,Conglomerates,NYSE ARCA,80.39,34,30,64,92,3978.74,3854435290.6604004,957795.0,0.08,-33.57,8340,13373,14810,0.178
3815,NZF,Financial Services,Asset Management,NYSE,80.38,34,37,55,57,10.75,2152401374.051569,196386986.0,0.0034999999,-17.43,1804761,1162807,915524,-0.018
3816,AXR,Real Estate,Real Estate - Development,NYSE,80.38,34,36,55,79,21.18,114697252.33504486,5324849.0,0.010199999,-26.99,10190,8730,11376,-0.661
3817,NPKI,Industrials,Building Products & Equipment,NYSE,80.37,34,40,74,91,11.81,1001087647.0209446,84909894.0,0.0339,-28.42,894950,834843,840440,0.196
3818,PCM,Financial Services,Asset Management,NYSE,80.37,34,33,44,38,5.0,62685652.36759186,12413000.0,0.48,-26.04,71813,85487,72296,-0.015
3819,LOAR,Industrials,Aerospace & Defense,NYSE,80.36,34,40,48,27,62.35,5782452544.485809,93688471.0,0.14829999,-25.27,673530,695156,664774,0.394
3820,PMO,Financial Services,Asset Management,NYSE,80.31,34,40,55,53,9.07,258416603.3003378,28058263.0,0.0005,-16.56,205605,109868,92171,0.022
3821,MHD,Financial Services,Asset Management,NYSE,80.29,34,39,55,55,10.1,538622889.3019104,52141616.0,0.0047999998,-16.39,1225119,733956,558883,0.112
3822,MDA,Industrials,Aerospace & Defense,NYSE,80.28,34,25,63,59,29.5,4846089423.373215,162130797.0,3.65,-40.25,1281340,1293356,1234946,0.336
3823,BCSF,Financial Services,Asset Management,NYSE,80.28,34,31,47,40,10.9,716797014.7226858,64868507.0,0.030199999,-25.85,534720,523756,463786,-0.121
3824,ISRG,Healthcare,Medical Instruments & Supplies,NASDAQ,80.27,34,18,23,31,406.48,140427081367.6112,358278038.0,0.0231,-32.69,1873080,2203343,2530862,0.185
3825,BCE,Communication Services,Telecom Services,NYSE,80.26,34,39,32,53,19.74,18398733942.533558,932525817.0,7.87,-25.57,4702840,3948570,3876798,0.015
3826,UFPI,Basic Materials,Lumber & Wood Production,NASDAQ,80.25,34,32,26,35,78.04,4255709114.8197556,55161491.0,0.0551,-33.86,428990,428943,443282,0.026
3827,FCNCP,Financial Services,Banks - Regional,NASDAQ,80.25,34,35,38,56,18.03,,,0.33,-21.06,22580,16313,15080,0.085
3828,ACIU,Healthcare,Biotechnology,NASDAQ,80.25,34,72,19,76,2.71,270938380.21790886,99426932.0,0.0748,-32.25,257580,188800,199992,10.572
3829,PRQR,Healthcare,Biotechnology,NASDAQ,80.24,34,65,22,70,1.67,230729615.97418404,141119032.0,0.0224,-46.13,759940,740670,788294,1.204
3830,TYL,Technology,Software - Application,NYSE,80.24,34,33,17,13,328.32,13219803469.958862,40952274.0,0.095699996,-37.39,594710,894083,884274,0.082
3831,AGX,Industrials,Engineering & Construction,NYSE,80.23,34,59,95,97,387.74,5385074066.471008,14029842.0,0.0952,-51.88,322830,411696,363310,0.615
3832,PCQ,Financial Services,Asset Management,NYSE,80.22,34,41,52,51,7.63,147292564.34440613,18981000.0,1.2,-16.97,386880,223410,191930,1.937
3833,VSECU,Industrials,Aerospace & Defense,NASDAQ,80.21,34,61,55,67,44.99,,,0.41,-33.94,21018,26452,37171,0.65
3834,LMNR,Consumer Defensive,Farm Products,NASDAQ,80.2,34,66,35,30,11.98,217402759.77991295,18132007.0,0.0673,-22.36,153820,141376,111072,-0.077
3835,TJX,Consumer Cyclical,Apparel Retail,NYSE,80.19,34,24,50,67,134.41,145944550357.02936,1099974061.0,0.0168,-20.94,8367960,8856873,7788342,0.054
3836,EVER,Communication Services,Internet Content & Information,NASDAQ,80.19,34,76,80,15,19.41,687175144.5,35239751.0,0.2719,-32.44,1343150,852826,784190,0.246
3837,PEP,Consumer Defensive,Beverages - Non-Alcoholic,NASDAQ,80.16,34,33,36,62,125.65,171826197403.5563,1364891558.0,0.0211,-26.73,8145050,8637266,7946544,0.064
3838,DAKT,Technology,Electronic Components,NASDAQ,80.16,34,49,51,63,17.8,863743949.9698639,48092650.0,0.044699997,-37.04,432280,687233,572096,0.071
3839,DHI,Consumer Cyclical,Residential Construction,NYSE,80.15,34,29,53,48,133.23,37759671045.0,279701267.0,0.0466,-24.32,3033080,2669160,2473252,0.0
3840,TDF,Financial Services,Asset Management,NYSE,80.14,34,38,42,57,9.6,238218922.0,25075676.0,0.0005,-21.31,46863,42577,47566,-0.013
3841,AOS,Industrials,Specialty Industrial Machinery,NYSE,80.14,34,32,27,39,56.97,7712811517.75,135908573.0,0.1114,-30.41,1500360,1447466,1503290,-0.007
3842,TPR,Consumer Cyclical,Luxury Goods,NYSE,80.13,34,34,65,88,116.95,23552145553.0056,199391678.0,0.0938,-29.04,2819910,3285693,3227700,0.089
3843,VLT,Financial Services,Asset Management,NYSE,80.13,34,34,49,47,9.02,59056972.02292633,6511243.0,0.0004,-20.88,34281,29093,30024,-0.084
3844,ACP,Financial Services,Asset Management,NYSE,80.12,34,41,50,51,4.37,559599228.6663265,125470678.0,0.0,-24.78,1060893,927561,745100,-0.069
3845,PHIN,Consumer Cyclical,Auto Parts,NYSE,80.11,34,54,81,83,60.18,2190224855.9157715,36638088.0,0.161,-30.78,443320,400273,401736,0.056
3846,HLNE,Financial Services,Asset Management,NASDAQ,80.06,34,50,15,18,87.33,4803356154.203941,55185617.0,0.1019,-43.9,721490,620130,670442,0.565
3847,FC,Consumer Defensive,Education & Training Services,NYSE,80.05,34,56,55,72,17.35,195722818.22834587,11293873.0,0.0856,-35.29,49760,58536,66382,0.01
3848,MQY,Financial Services,Asset Management,NYSE,80.03,33,37,54,54,9.85,721209511.939765,71833617.0,0.0015,-17.5,1389852,936097,713838,0.071
3849,NERV,Healthcare,Biotechnology,NASDAQ,80.03,33,63,88,97,3.32,156611992.15393138,47747559.0,0.0531,-73.35,89870,149656,188570,
3850,AOMR,Real Estate,REIT - Mortgage,NYSE,80.02,33,52,60,62,7.25,182375220.3168826,24914647.0,0.048499998,-23.68,176190,161350,149792,0.194
3851,EONR,Energy,Oil & Gas E&P,NYSE ARCA,80.0,33,61,36,90,0.48,27186706.668135166,55824861.0,0.0521,-69.62,595810,714740,629442,-0.237
3852,CRUS,Technology,Semiconductors,NASDAQ,79.99,33,20,67,87,121.35,6072744774.602005,50117561.0,0.082600005,-32.74,596860,862556,848078,0.129
3853,RMIX,Basic Materials,Building Materials,NASDAQ,79.99,33,82,95,70,11.69,897996911.1028347,73485834.0,5.41,-54.16,508460,448840,376630,1.462
3854,ELME,Real Estate,REIT - Residential,NYSE,79.97,33,16,11,24,1.75,156389873.2325852,88857883.0,0.0274,-90.1,1633210,1005153,874608,0.017
3855,CNL,Basic Materials,Gold,NASDAQ,79.97,33,74,27,89,12.11,1124969046.5235605,92742707.0,14.61,-44.88,172920,166890,127702,
3856,AFB,Financial Services,Asset Management,NYSE,79.96,33,41,58,56,9.43,275663940.62612915,28744936.0,0.9,-18.0,206964,118471,94784,0.07
3857,NTLA,Healthcare,Biotechnology,NASDAQ,79.95,33,51,52,79,12.75,1717953288.2524548,140126693.0,0.41970003,-54.87,4727170,4072286,3860252,-0.462
3858,GBR,Real Estate,Real Estate Services,NYSE ARCA,79.92,33,33,22,27,0.72,3951589.082116127,5131934.0,0.0049,-45.04,153420,101343,69718,0.025
3859,CASH,Financial Services,Banks - Regional,NASDAQ,79.91,33,53,59,81,73.42,1536397834.501419,20773362.0,0.1594,-27.49,214500,236793,210586,-0.135
3860,ALLY,Financial Services,Credit Services,NYSE,79.9,33,58,64,63,37.63,11532210315.21281,304199693.0,0.0493,-20.43,3980740,3631750,3264052,0.11
3861,APC,Energy,Oil & Gas Refining & Marketing,NASDAQ,79.89,33,55,57,58,15.77,737338456.5,47570223.0,0.067600004,-27.39,220480,166560,166506,0.274
3862,NOA,Energy,Oil & Gas Equipment & Services,NYSE,79.89,33,31,31,40,12.25,327811237.1334686,26913894.0,2.71,-29.03,93320,111500,109858,0.251
3863,NEA,Financial Services,Asset Management,NYSE,79.89,33,40,55,56,9.81,3048466571.5509987,302127505.0,0.0091,-17.56,3193073,2076807,1599042,-0.014
3864,SJT,Energy,Oil & Gas E&P,NYSE,79.88,33,10,7,22,3.69,175249076.27550387,46608797.0,0.028499998,-43.66,515520,330153,279814,-0.938
3865,GHI,Financial Services,Mortgage Finance,NYSE,79.87,33,51,20,12,5.24,130300685.24361134,23562510.0,0.0086,-49.81,46090,41353,57764,
3866,IPGP,Technology,Semiconductor Equipment & Materials,NASDAQ,79.85,33,18,69,93,83.6,3575028132.7551117,42534539.0,0.2193,-46.35,435980,492340,503062,0.111
3867,PSIX,Industrials,Specialty Industrial Machinery,NASDAQ,79.85,33,18,6,91,44.87,1034485397.3049164,23065450.0,0.1412,-57.87,340380,363020,439402,-0.205
3868,STAA,Healthcare,Medical Instruments & Supplies,NASDAQ,79.84,33,28,73,74,22.57,1126735286.0488586,50143984.0,0.1927,-37.08,867030,986446,1013662,1.11
3869,ATTT,Consumer Defensive,Household & Personal Products,NASDAQ,79.83,33,16,16,22,2.61,15803058.67,5874743.0,0.0075,-69.22,951080,319766,195068,1.96
3870,BKD,Healthcare,Medical Care Facilities,NYSE,79.81,33,60,87,91,10.53,2593555274.7286034,238817252.0,0.1912,-38.39,4555980,4475130,4865788,-0.089
3871,MMU,Financial Services,Asset Management,NYSE,79.81,33,39,50,56,8.84,490662969.07045937,54336986.0,0.0007,-17.46,396750,240450,191812,-0.003
3872,LEO,Financial Services,Asset Management,NYSE,79.78,33,38,53,57,5.47,348205883.36483,62290854.0,0.0016,-16.49,287096,180198,216989,0.01
3873,DTE,Utilities,Utilities - Regulated Electric,NYSE,79.76,33,36,60,64,125.04,25896559552.01561,208088069.0,0.028499998,-19.72,2163340,1746026,1588716,-0.015
3874,AYTU,Healthcare,Drug Manufacturers - Specialty & Generic,NASDAQ,79.73,33,32,29,82,2.04,22494084.834568977,10866708.0,0.033299997,-33.55,79100,42170,39712,0.064
3875,KNSL,Financial Services,Insurance - Property & Casualty,NYSE,79.71,33,59,23,23,332.42,7510502318.805695,22778425.0,0.1084,-31.46,244750,207656,227994,0.168
3876,MAA,Real Estate,REIT - Residential,NYSE,79.68,33,33,49,31,116.47,13373850593.911995,116021957.0,0.039,-19.35,1340220,1127596,1085744,0.01
3877,RDNW,Consumer Cyclical,Auto & Truck Dealerships,NASDAQ,79.67,33,43,84,93,4.95,207599011.29595184,38587176.0,0.123100005,-42.11,73600,71343,73284,-0.01
3878,AJG,Financial Services,Insurance Brokers,NYSE,79.66,33,66,39,20,227.24,57961263666.45813,256341000.0,0.0252,-27.42,1677370,1478490,1422188,0.309
3879,AVTX,Healthcare,Biotechnology,NASDAQ,79.64,33,87,95,92,14.6,803913522.8350697,53629989.0,0.24139999,-39.84,1115880,1068413,944978,
3880,NI,Utilities,Utilities - Regulated Gas,NYSE,79.64,33,32,59,68,39.55,18909054889.35013,479560100.0,0.0394,-19.63,6059130,5454006,5737968,0.046
3881,UBER,Technology,Software - Application,NYSE,79.63,33,34,28,26,69.48,139118771087.98975,2042560121.0,0.0232,-31.41,16730620,17439883,18556040,0.122
3882,AEVA,Technology,Software - Infrastructure,NASDAQ,79.63,33,27,81,33,14.3,1028857004.0343819,69705758.0,0.15720001,-54.31,1362190,1468956,1667268,0.113
3883,RVLV,Consumer Cyclical,Internet Retail,NYSE,79.63,33,33,37,53,21.05,1475022465.0,71085420.0,0.1224,-33.55,698200,815400,879648,0.124
3884,FUL,Basic Materials,Specialty Chemicals,NYSE,79.62,33,27,28,53,50.44,2702221814.8683586,53829119.0,0.0744,-26.5,1361140,870553,799600,0.052
3885,TLS,Technology,Software - Infrastructure,NASDAQ,79.62,33,37,67,52,4.43,313147150.18647337,74736789.0,0.0572,-47.01,659820,709106,612322,0.327
3886,FURY,Basic Materials,Gold,NYSE ARCA,79.61,33,51,27,70,0.51,97537818.2108903,190132195.0,0.0026,-50.0,226510,269053,267318,
3887,SUPV,Financial Services,Banks - Regional,NYSE,79.61,33,32,69,37,7.36,644738463.9683776,93985197.0,0.044699997,-45.68,721980,575316,598798,0.023
3888,ALC,Healthcare,Medical Instruments & Supplies,NYSE,79.61,33,32,24,38,64.33,30821583188.62915,483400000.0,12.98,-26.6,1727870,1572926,1809678,0.087
3889,RCS,Financial Services,Asset Management,NYSE,79.61,33,26,30,27,5.04,237203470.8366394,47346000.0,1.4,-36.52,163011,163890,150746,-0.089
3890,VST,Utilities,Utilities - Independent Power Producers,NYSE,79.6,33,29,33,43,144.89,46995641437.88826,335635195.0,0.0335,-33.26,6333980,5039170,4967122,-0.055
3891,EXE,Energy,Oil & Gas E&P,NASDAQ,79.59,33,38,24,32,86.43,19798203258.137154,231503789.0,0.0414,-31.74,3491040,3129550,3110916,-0.106
3892,SNY,Healthcare,Drug Manufacturers - General,NASDAQ,79.59,33,41,34,38,39.51,96933661869.51657,2428198054.0,0.0044,-25.0,3654280,2646963,2849906,0.146
3893,SPGI,Financial Services,Financial Data & Stock Exchanges,NYSE,79.58,33,49,36,25,390.92,113872392761.23047,294800000.0,0.0223,-25.18,2165250,1938216,2032724,0.104
3894,GOLF,Consumer Cyclical,Leisure,NYSE,79.58,33,41,80,78,83.39,4885582019.719025,58405044.0,0.1291,-30.31,331360,352306,384510,0.138
3895,AERO,Industrials,Airlines,NYSE,79.57,33,28,30,20,15.52,2245453514.60196,145903409.0,0.0078,-32.67,335490,363766,325394,0.126
3896,MPA,Financial Services,Asset Management,NYSE,79.57,33,37,53,55,9.67,126129393.23606491,12949630.0,0.0007,-18.53,56523,39344,33216,0.036
3897,NCDL,Financial Services,Asset Management,NYSE,79.57,33,34,37,53,10.94,544245478.9076042,49387065.0,0.0139,-27.41,256075,214851,199619,
3898,TTAN,Technology,Software - Application,NASDAQ,79.55,33,52,42,10,72.16,6472031258.993988,96467903.0,0.1727,-35.2,2276560,3406213,2559062,0.209
3899,EXOD,Technology,Software - Infrastructure,NYSE ARCA,79.54,33,16,5,3,6.85,221389878.8356743,30203258.0,0.0529,-78.73,69640,107616,93596,0.016
3900,NAN,Financial Services,Asset Management,NYSE,79.53,33,35,56,54,9.76,332002287.40517044,33569492.0,0.0054,-17.29,192263,145964,123594,-0.019
3901,VRTS,Financial Services,Asset Management,NYSE,79.5,33,59,42,25,134.47,886182132.7313232,6622690.0,0.1238,-31.04,142240,132500,135324,-0.044
3902,LADR,Real Estate,REIT - Mortgage,NYSE,79.47,33,34,38,47,8.52,1093578897.3414183,126865303.0,0.0542,-25.78,1675000,1284326,1278176,0.022
3903,CIFR,Technology,Information Technology Services,NASDAQ,79.46,33,74,94,98,15.48,6520132658.452166,415030722.0,0.2134,-48.64,29651130,32883190,34745156,-0.43
3904,PHG,Healthcare,Medical Devices,NYSE,79.46,33,35,49,61,23.91,23380065204.8118,977427472.0,3.64,-28.5,933190,786246,1004292,0.005
3905,TVGN,Healthcare,Biotechnology,NASDAQ,79.46,33,8,5,2,6.6,45450549.32419777,6511540.0,0.0215,-83.08,4160,6843,8788,
3906,MOGU,Consumer Cyclical,Internet Retail,NYSE,79.43,33,23,20,53,1.95,15220925.097062945,8183293.0,0.001,-43.8,630,1750,2718,-0.285
3907,OPNW,Technology,Information Technology Services,NASDAQ,79.39,32,17,17,49,5.93,72399745.27862549,13407360.0,,-69.59,556019,595392,359064,
3908,BFRI,Healthcare,Drug Manufacturers - Specialty & Generic,NASDAQ,79.38,32,97,71,80,0.89,15075144.1725353,14852359.0,0.0324,-46.39,361520,678023,633426,0.329
3909,BLIV,Technology,Software - Application,NASDAQ,79.38,32,20,19,13,2.3,24989044.08192587,10864802.0,0.0004,-46.82,8360,6563,4388,-0.625
3910,PICS,Technology,Software - Infrastructure,NASDAQ,79.36,32,25,18,16,11.62,1177950785.6434898,129587543.0,0.0431,-41.75,591460,574920,513630,0.67
3911,MOS,Basic Materials,Agricultural Inputs,NYSE,79.34,32,56,18,26,21.29,6698061164.205948,317895646.0,0.129,-40.86,7848340,8116840,8191546,-0.06
3912,NDMO,Financial Services,Asset Management,NYSE,79.34,32,34,48,50,8.78,540728874.5998125,60484217.0,0.0001,-18.85,549467,335729,267467,
3913,AQN,Utilities,Utilities - Diversified,NYSE,79.33,32,35,32,60,5.07,3926499591.0764337,769901895.0,4.52,-28.69,4363260,4330646,4111288,0.031
3914,EQPT,Industrials,Rental & Leasing Services,NASDAQ,79.31,32,17,15,12,18.9,4687455315.5,253375963.0,0.107200004,-46.76,3889030,3109963,2940538,0.263
3915,MGEE,Utilities,Utilities - Regulated Electric,NASDAQ,79.3,32,39,42,36,70.27,2671321164.4574356,37746521.0,0.0636,-20.09,253890,194030,182740,0.011
3916,HPI,Financial Services,Asset Management,NYSE,79.29,32,43,54,51,13.81,379108912.27960587,26792150.0,3.89,-21.58,155839,105406,78991,0.012
3917,GLPI,Real Estate,REIT - Specialty,NASDAQ,79.28,32,30,36,55,37.91,10961867309.021751,290920043.0,0.0401,-24.1,3214190,4041420,3493154,0.09
3918,NRO,Financial Services,Asset Management,NYSE ARCA,79.27,32,43,55,51,2.52,162839906.5801413,63361833.0,0.33,-22.46,251165,207445,206811,0.285
3919,HSY,Consumer Defensive,Confectioners,NYSE,79.25,32,31,32,62,161.01,32186281485.371155,200925657.0,0.0736,-32.77,1428530,1411593,1423858,0.066
3920,CARS,Communication Services,Internet Content & Information,NYSE,79.24,32,71,41,27,9.7,536933107.1252232,53532714.0,0.1676,-29.15,781360,621240,640386,0.007
3921,JPC,Financial Services,Asset Management,NYSE,79.22,32,33,50,55,6.63,2592815030.1049805,375226496.0,0.0056,-20.12,2593525,2023585,1610965,
3922,ROCK,Industrials,Building Products & Equipment,NASDAQ,79.19,32,59,23,17,40.32,1190926093.1104965,29661919.0,0.1067,-46.3,361100,321226,331086,0.646
3923,AZ,Technology,Software - Application,NASDAQ,79.19,32,31,13,37,6.23,272523833.24921465,44026467.0,0.1079,-28.6,362490,403483,474834,4.09
3924,ARR,Real Estate,REIT - Mortgage,NYSE,79.19,32,58,60,71,13.53,1923705916.7392807,141553046.0,0.0,-29.93,4536670,4141143,3830128,
3925,PML,Financial Services,Asset Management,NYSE,79.18,32,39,50,50,6.47,435535712.682724,66494000.0,0.6,-19.23,1260847,723625,572883,0.971
3926,VSEC,Industrials,Aerospace & Defense,NASDAQ,79.17,32,68,73,87,168.13,4694708481.901001,28064972.0,0.0825,-32.16,405650,379213,386900,0.65
3927,GBX,Industrials,Railroads,NYSE,79.11,32,27,32,67,40.53,1255532514.532257,30939686.0,0.1317,-31.53,420340,393796,380484,-0.316
3928,SGHC,Consumer Cyclical,Gambling,NYSE,79.08,32,72,84,62,11.47,5715863865.0,508076788.0,0.176,-27.68,3197950,2745023,2548636,0.181
3929,SPHL,Consumer Cyclical,Residential Construction,NASDAQ,79.08,32,13,56,21,2.45,5315655.134280682,2261981.0,0.016900001,-90.24,1341300,454746,283262,0.384
3930,TLN,Utilities,Utilities - Independent Power Producers,NASDAQ,79.08,32,24,69,65,331.87,15172420480.34668,47300000.0,0.0633,-26.23,974900,830843,866944,1.112
3931,MAMA,Consumer Defensive,Packaged Foods,NASDAQ,79.06,32,71,91,90,12.82,609616788.5582657,47147469.0,0.083000004,-38.95,634710,779076,661928,0.55
3932,AGNC,Real Estate,REIT - Mortgage,NASDAQ,79.06,32,64,70,68,8.65,10420381873.90747,1185481447.0,0.0919,-29.04,40862850,34761553,27918246,
3933,GXO,Industrials,Integrated Freight & Logistics,NYSE,79.05,32,30,31,68,45.99,5339714155.735302,114684579.0,0.0655,-31.2,1248980,1311086,1455520,0.043
3934,NAC,Financial Services,Asset Management,NYSE,79.04,32,41,59,57,9.99,1599222048.9793167,156326698.0,0.0032,-18.45,1990181,1179020,879092,-0.005
3935,LGCY,Consumer Defensive,Education & Training Services,NYSE ARCA,79.03,32,28,49,88,9.78,122750819.06242752,12813238.0,0.0087,-33.47,113300,60286,54460,0.12
3936,ELDN,Healthcare,Biotechnology,NASDAQ,79.02,32,69,88,78,2.5,202340269.25496674,81261152.0,0.1017,-45.65,950210,941520,946428,
3937,CBRE,Real Estate,Real Estate Services,NYSE,79.02,32,49,33,46,129.4,37523167645.06821,289575298.0,0.0148,-25.75,2181050,1890326,1812844,0.155
3938,CWST,Industrials,Waste Management,NASDAQ,79.0,32,51,48,23,83.42,5267486393.784592,63640046.0,0.1084,-22.73,644730,538176,536066,0.169
3939,NHS,Financial Services,Asset Management,NYSE ARCA,78.97,32,30,34,36,5.39,227695516.3150077,41855793.0,0.0015,-30.45,332744,239991,210014,0.029
3940,SINT,Healthcare,Medical Devices,NASDAQ,78.96,32,9,7,32,2.18,14728620.394231796,6664534.0,0.0155,-53.02,138290,62056,136444,1.993
3941,YUM,Consumer Cyclical,Restaurants,NYSE,78.95,32,46,57,61,136.97,37147294357.67517,272901085.0,0.041199997,-19.5,2239430,2218943,2381430,0.122
3942,BBWI,Consumer Cyclical,Specialty Retail,NYSE,78.95,32,33,31,18,17.46,3238423619.0897846,201645313.0,0.0805,-36.28,6881960,7139006,6447638,-0.023
3943,MDLN,Healthcare,Medical Instruments & Supplies,NASDAQ,78.94,32,33,35,66,35.8,31242477408.472687,877351218.0,0.09810001,-29.63,10120470,8607976,8170642,0.116
3944,JEF,Financial Services,Capital Markets,NYSE,78.93,32,54,46,28,45.84,10598488179.305878,230552271.0,0.0423,-31.17,2578960,2240893,2152130,0.085
3945,OMCL,Healthcare,Health Information Services,NASDAQ,78.92,32,25,81,49,34.64,1528091273.004692,45478909.0,0.0875,-37.02,491290,567323,680200,0.075
3946,NMZ,Financial Services,Asset Management,NYSE,78.92,32,38,52,53,8.76,1927540999.2218685,215367714.0,0.0007,-18.66,1736838,1245039,1004699,-0.013
3947,ALGN,Healthcare,Medical Instruments & Supplies,NASDAQ,78.9,32,35,57,65,140.65,10211268716.713562,71039852.0,0.062800005,-29.83,949710,901576,926194,0.043
3948,DSM,Financial Services,Asset Management,NYSE,78.9,32,36,52,56,5.15,256040610.89500284,49428691.0,0.0016,-18.25,311848,173282,163735,0.031
3949,OTEX,Technology,Software - Application,NASDAQ,78.88,32,29,26,18,22.5,5391957472.576981,242662360.0,0.0661,-43.61,1087690,1257813,1512206,0.029
3950,YMM,Technology,Software - Application,NYSE,78.87,32,27,24,20,8.41,8544955644.775394,1045894194.0,0.0222,-40.23,7385790,6453563,6737546,0.044
3951,TRN,Industrials,Railroads,NYSE,78.87,32,31,73,80,26.39,2081763602.3187065,79669486.0,0.0916,-31.11,840720,653363,719204,-0.042
3952,EDN,Utilities,Utilities - Regulated Electric,NYSE,78.86,32,31,51,54,20.83,948629294.2473564,47574186.0,0.080699995,-43.24,118700,84586,87580,0.104
3953,BEAM,Healthcare,Biotechnology,NASDAQ,78.86,32,62,78,79,25.67,2530547792.5,103287665.0,0.3875,-32.91,1704100,1828586,1782002,-0.942
3954,TOUR,Consumer Cyclical,Travel Services,NASDAQ,78.83,32,22,17,34,4.93,53971144.07148695,10863757.0,13.2,-48.11,3470,6006,6178,0.03
3955,SER,Healthcare,Biotechnology,NYSE ARCA,78.81,32,73,16,9,2.04,49784928.04895115,25400473.0,0.0054,-65.01,126700,80226,71624,
3956,NMAD,Industrials,Electrical Equipment & Parts,NASDAQ,78.79,32,29,94,63,4.02,66336398.317379,16101068.0,0.060900003,-52.03,191910,208596,262972,
3957,TIMB,Communication Services,Telecom Services,NYSE,78.75,32,21,38,87,19.3,8470195987.896328,475053058.0,0.020299999,-31.61,600030,498583,550172,0.055
3958,STRT,Consumer Cyclical,Auto Parts,NASDAQ,78.74,32,40,54,81,65.92,262213867.56129456,3985013.0,0.088199995,-29.12,67720,86250,86394,-0.001
3959,GPOR,Energy,Oil & Gas E&P,NYSE,78.74,32,36,20,57,157.84,2730388802.4662476,17683866.0,0.085200004,-30.09,286470,269583,293622,-0.162
3960,NAD,Financial Services,Asset Management,NYSE,78.74,32,41,55,56,9.96,2402821098.3453627,233737467.0,0.0023999999,-19.09,2742934,1648728,1221014,-0.006
3961,VGM,Financial Services,Asset Management,NYSE,78.73,32,53,60,58,8.68,482664494.512146,54231968.0,0.0053,-18.57,548232,281127,219788,0.038
3962,RSI,Consumer Cyclical,Gambling,NYSE,78.71,32,75,94,84,20.99,2313683229.9347706,115626347.0,0.082600005,-39.21,4590610,3256640,3073934,0.463
3963,RECT,Consumer Cyclical,Specialty Retail,NASDAQ,78.7,31,21,13,20,1.26,19817919.55703497,15482750.0,0.0026,-71.69,2590,3553,24336,0.235
3964,KBR,Industrials,Engineering & Construction,NYSE,78.7,31,29,24,22,34.52,4316560142.800541,126067755.0,0.0875,-28.28,1713190,1366750,1474178,0.016
3965,MINE,Basic Materials,Gold,NYSE ARCA,78.7,31,27,10,19,2.7,177917020.80282593,67138496.0,0.61,-44.67,223310,211296,176714,
3966,PDI,Financial Services,Asset Management,NYSE,78.68,31,30,38,44,14.2,6863277302.985237,476616492.0,0.17,-28.86,4949424,4143708,4020518,
3967,HRL,Consumer Defensive,Packaged Foods,NYSE,78.68,31,28,59,24,20.08,11144603700.0,550350800.0,0.0714,-24.51,5085640,5699083,4863606,-0.024
3968,CAG,Consumer Defensive,Packaged Foods,NYSE,78.65,31,45,25,22,13.19,6378217703.213763,477411517.0,0.1092,-35.09,16963550,12794663,12332250,-0.014
3969,PROF,Healthcare,Medical Devices,NASDAQ,78.63,31,77,59,39,6.03,213395608.69561386,36540343.0,0.048699997,-32.63,121500,121793,128960,0.123
3970,FEDU,Consumer Defensive,Education & Training Services,NYSE,78.62,31,26,24,46,9.88,21144446.162670135,2261438.0,0.0078,-32.93,440,330,1314,-0.062
3971,VVV,Consumer Cyclical,Auto & Truck Dealerships,NYSE,78.6,31,28,65,37,30.34,3900053286.0897694,127536079.0,0.1148,-26.14,3369520,2678706,2508836,0.241
3972,VFC,Consumer Cyclical,Apparel Manufacturing,NYSE,78.58,31,20,53,81,14.27,5633618358.106213,393134570.0,0.1007,-35.92,9851720,7623803,7980796,-0.052
3973,CMS,Utilities,Utilities - Regulated Electric,NYSE,78.58,31,33,50,63,64.03,19987407174.96881,313577136.0,0.0,-20.32,4924720,3635330,3753142,-0.005
3974,KTB,Consumer Cyclical,Apparel Manufacturing,NYSE,78.57,31,39,77,69,64.2,3536635700.1631165,54653620.0,0.1525,-27.83,602670,727623,733144,0.186
3975,MC,Financial Services,Capital Markets,NYSE,78.55,31,59,36,51,56.05,4172235871.1523056,74080893.0,0.081999995,-28.34,860560,810916,878896,0.12
3976,AA,Basic Materials,Aluminum,NYSE,78.55,31,36,40,95,43.49,11071001419.096928,263909445.0,0.045500003,-48.46,3881830,3835693,4409524,0.314
3977,ACRE,Real Estate,REIT - Mortgage,NYSE,78.52,31,36,37,77,3.7,212492658.557127,55481113.0,0.038900003,-37.18,752390,475150,482408,-0.588
3978,NLOP,Real Estate,REIT - Office,NYSE,78.52,31,38,47,73,9.57,144585375.39067268,14814075.0,0.062,-68.37,186240,149953,135300,-0.769
3979,WLDN,Industrials,Engineering & Construction,NASDAQ,78.52,31,26,23,53,73.58,1120167986.0853958,15232091.0,0.1375,-46.29,200600,193786,228522,0.332
3980,RYAN,Financial Services,Insurance Brokers,NYSE,78.49,31,56,28,12,37.98,4598666810.8090515,122077702.0,0.113900006,-35.83,2140770,1956830,2026864,0.074
3981,TAP,Consumer Defensive,Beverages - Brewers,NYSE,78.49,31,32,25,28,36.52,6872692084.182449,186453933.0,0.2765,-33.38,3438540,4712836,3996260,-0.033
3982,HOUR,Consumer Cyclical,Internet Retail,NASDAQ,78.46,31,28,58,59,1.82,65471665.703537464,35199820.0,0.0072000003,-42.77,32960,17153,16990,0.252
3983,ELTK,Technology,Electronic Components,NASDAQ,78.43,31,24,38,29,7.78,53564989.77991438,6720827.0,0.0016,-32.87,1540,10573,10078,-0.079
3984,BA,Industrials,Aerospace & Defense,NYSE,78.38,31,35,39,54,192.72,152984019141.5857,790370020.0,0.0001,-24.23,10572290,7464253,6898598,0.08
3985,MIDD,Industrials,Specialty Industrial Machinery,NASDAQ,78.36,31,32,69,41,105.11,4728901021.129234,45222349.0,0.0557,-29.24,540290,573436,596380,0.099
3986,RJET,Industrials,Airlines,NASDAQ,78.35,31,33,41,58,17.06,825895951.423645,46819500.0,0.0585,-36.1,68410,78256,89716,0.408
3987,SHAK,Consumer Cyclical,Restaurants,NYSE,78.33,31,36,9,51,62.4,2464088907.5226173,40408149.0,0.1104,-41.93,1614520,1330383,1559212,0.172
3988,MKL,Financial Services,Insurance - Property & Casualty,NYSE,78.32,31,33,37,41,1726.58,21523587903.91626,12389958.0,0.0227,-21.79,81670,71636,70234,0.127
3989,EP,Energy,Oil & Gas E&P,NYSE ARCA,78.32,31,34,17,17,2.68,108582105.64574075,41602341.0,0.0001,-41.48,32900,37500,33636,0.27
3990,NYAX,Technology,Software - Infrastructure,NASDAQ,78.3,31,30,79,80,49.77,1831528811.0,37378139.0,0.0028,-35.25,33360,30560,27708,0.282
3991,PAC,Industrials,Airports & Air Services,NYSE,78.29,31,26,36,52,210.0,11953915274.829712,59501820.0,0.0088,-30.1,196920,153110,142804,0.037
3992,DTST,Technology,Information Technology Services,NASDAQ,78.28,31,17,26,41,3.39,7761290.003939152,2337738.0,0.0017,-34.17,32720,18260,18902,0.093
3993,VTN,Financial Services,Asset Management,NYSE,78.23,31,37,56,58,9.42,141220523.39823532,14664644.0,0.0029,-22.15,79553,52587,41876,-0.172
3994,LRN,Consumer Defensive,Education & Training Services,NYSE,78.22,31,30,31,34,78.88,3278656146.6838837,41559845.0,0.2766,-49.13,616500,676600,891420,-0.027
3995,ANIP,Healthcare,Drug Manufacturers - Specialty & Generic,NASDAQ,78.22,31,24,54,50,72.58,1658000014.369995,22970352.0,0.1321,-25.18,364880,412460,397176,0.259
3996,AMTX,Basic Materials,Specialty Chemicals,NASDAQ,78.22,31,31,14,70,1.76,124131703.74478865,72169594.0,0.1372,-53.68,755090,778376,831688,0.2
3997,FUTU,Financial Services,Capital Markets,NASDAQ,78.19,31,36,10,70,109.7,14323670582.256226,140194488.0,0.0759,-45.84,1276020,1118106,1220062,0.356
3998,CTW,Communication Services,Electronic Gaming & Multimedia,NASDAQ,78.17,31,71,52,28,2.03,120183919.36616278,59203902.0,0.95,-35.35,18990,22823,24806,-0.007
3999,LFS,Communication Services,Entertainment,NASDAQ,78.13,31,23,26,17,2.18,55983727.40435815,26160619.0,0.0121,-82.55,348090,164573,1070520,0.1
4000,SPXC,Industrials,Building Products & Equipment,NYSE,78.12,31,29,63,79,176.8,8669361323.980103,50085860.0,0.035099998,-29.58,739900,570216,533588,0.229
4001,NKX,Financial Services,Asset Management,NYSE,78.09,31,38,57,49,10.41,593179546.2176418,56332342.0,0.0019,-21.14,415480,258156,218182,0.017
4002,SOHU,Communication Services,Electronic Gaming & Multimedia,NASDAQ,78.05,31,31,24,63,12.55,374314224.26548004,30065400.0,5.5796003,-27.46,46100,86886,73036,0.073
4003,LASR,Technology,Semiconductors,NASDAQ,78.04,31,24,96,99,39.5,2341068299.8939056,57690197.0,0.0506,-54.57,715010,1069943,1207188,0.338
4004,EIC,Financial Services,Asset Management,NYSE,78.03,31,31,36,25,9.08,215823060.86391926,23433557.0,0.0029,-31.16,150528,111342,103025,-0.204
4005,VC,Consumer Cyclical,Auto Parts,NASDAQ,78.02,31,31,53,39,89.27,2369753142.7152176,26695429.0,0.17819999,-29.68,544790,501360,463522,-0.009
4006,CXDO,Communication Services,Telecom Services,NASDAQ,78.02,31,22,84,53,6.02,196862439.33706284,33253790.0,0.0551,-46.39,219640,279020,321176,0.489
4007,NMT,Financial Services,Asset Management,NYSE,78.02,31,54,63,66,10.15,105604799.85558414,10252893.0,0.0014,-25.91,65104,41728,29904,0.054
4008,HEPS,Consumer Cyclical,Internet Retail,NASDAQ,78.01,31,37,61,53,2.42,871629508.4405899,357225200.0,0.0714,-27.33,480540,476190,352590,0.362
4009,OFLX,Industrials,Specialty Industrial Machinery,NASDAQ,78.01,31,26,33,58,25.64,265783497.48986435,10094322.0,0.028900001,-32.38,30340,31786,36120,-0.058
4010,ERH,Financial Services,Asset Management,NYSE ARCA,77.99,31,40,53,63,10.17,90706297.51304245,8832161.0,0.45,-22.19,29052,28347,26676,-0.06
4011,NPB,Financial Services,Banks - Regional,NYSE,77.98,31,35,59,73,15.36,530831287.8919258,34581842.0,0.021,-22.07,256490,254670,229720,0.098
4012,EVN,Financial Services,Asset Management,NYSE,77.96,31,46,56,48,9.07,370484278.619442,39922876.0,2.9,-19.45,236824,122508,109092,0.059
4013,XBP,Technology,Software - Infrastructure,NASDAQ,77.96,31,21,10,3,3.06,44805587.81996918,14156584.0,0.0042,-64.21,12940,25750,20748,0.047
4014,ENSC,Healthcare,Biotechnology,NASDAQ,77.94,31,37,3,4,0.42,7685433.838748753,19456794.0,0.062,-84.73,272590,549043,17688642,-0.151
4015,TOVX,Healthcare,Biotechnology,NYSE ARCA,77.94,31,38,23,17,0.23,10555313.831479132,45892668.0,0.0346,-73.26,448470,488430,508872,
4016,BTDR,Technology,Software - Application,NASDAQ,77.91,31,39,55,37,10.93,2995040464.3120384,271782245.0,0.2999,-60.68,9876570,10421393,12920394,0.471
4017,BMN,Financial Services,Asset Management,NYSE,77.91,31,37,44,55,21.77,136785279.25,6147653.0,0.8,-22.14,33479,19823,14275,
4018,FLG,Financial Services,Banks - Regional,NYSE,77.91,31,48,71,74,11.57,4856586102.027325,415092836.0,0.0001,-25.06,6103630,4818743,4593306,0.153
4019,SAMG,Financial Services,Asset Management,NASDAQ,77.9,31,19,17,31,10.52,82441581.9816227,7821782.0,0.038,-34.9,102750,95600,83468,0.004
4020,PUK,Financial Services,Insurance - Life,NYSE,77.88,31,50,38,73,24.51,30247745863.012825,1231084503.0,0.00059999997,-27.98,1221010,1036840,1102790,-0.018
4021,MNTN,Technology,Software - Application,NYSE,77.83,31,67,28,10,10.08,739803307.7516279,74803163.0,0.084,-45.82,895230,838110,985474,0.206
4022,TSSI,Technology,Information Technology Services,NASDAQ,77.83,31,14,23,81,10.05,288963270.34116745,28219070.0,0.1967,-53.84,1051100,894903,925554,-0.201
4023,LUNR,Industrials,Aerospace & Defense,NASDAQ,77.81,30,34,38,95,14.29,2374384618.3374157,161412958.0,0.275,-69.43,7806710,7074066,8736962,3.098
4024,VALN,Healthcare,Biotechnology,NASDAQ,77.81,30,33,14,19,5.82,544286627.2166328,94823458.0,0.002,-52.22,27630,30726,91778,-0.277
4025,ALGT,Industrials,Airlines,NASDAQ,77.76,30,42,89,86,75.14,2121683182.2356415,27337755.0,0.1035,-39.22,463330,500980,517836,0.369
4026,SMSI,Technology,Software - Application,NASDAQ,77.73,30,20,15,37,2.65,14813182.533092499,5589880.0,0.0231,-43.01,12960,16956,23392,-0.018
4027,GENI,Communication Services,Internet Content & Information,NYSE,77.72,30,36,36,5,5.99,1611114276.035421,267626957.0,0.15609999,-51.65,8901290,6806970,7016330,0.647
4028,OFRM,Consumer Defensive,Packaged Foods,NYSE,77.7,30,33,46,19,16.31,681088362.8273067,41990653.0,0.2576,-39.59,476630,404543,421840,0.423
4029,NVG,Financial Services,Asset Management,NYSE,77.69,30,39,56,59,10.43,2311447555.6629343,215821433.0,0.0034,-23.25,1916560,1138203,886158,-0.023
4030,LOAN,Real Estate,REIT - Mortgage,NASDAQ,77.67,30,31,31,39,3.87,43188423.693113565,11425509.0,0.0013,-33.28,39120,30700,29602,-0.11
4031,OTF,Financial Services,Asset Management,NYSE,77.66,30,34,23,26,9.44,4389415991.663229,458185389.0,0.0125,-37.07,2116090,2268293,2521178,0.058
4032,ADT,Industrials,Security & Protection Services,NYSE,77.65,30,54,27,27,6.21,4565995300.0,730559248.0,0.0563,-30.11,7913220,7619596,7770312,0.02
4033,MDRR,Real Estate,Real Estate Services,NASDAQ,77.63,30,39,34,30,10.08,16952684.75151062,1628500.0,0.0061000003,-30.58,1400,3573,4612,-0.266
4034,NG,Basic Materials,Gold,NYSE ARCA,77.62,30,36,16,92,6.61,2874013105.3907604,438780614.0,0.0935,-54.1,4687960,5705196,5328800,
4035,CMG,Consumer Cyclical,Restaurants,NYSE,77.61,30,63,27,22,30.85,41027238453.826904,1267838000.0,0.036,-27.95,17593950,14081543,16329456,0.093
4036,GDTC,Healthcare,Biotechnology,NASDAQ,77.6,30,11,17,12,1.01,10980115.559185266,11934908.0,0.001,-72.55,20800,17370,32266,3.856
4037,CORZ,Technology,Software - Infrastructure,NASDAQ,77.59,30,34,87,85,16.6,5286050499.6133,321340441.0,0.22209999,-45.5,11397920,11382713,12713018,1.088
4038,NVR,Consumer Cyclical,Residential Construction,NYSE,77.58,30,27,28,31,5970.21,15972771371.240234,2664860.0,0.0747,-27.19,38350,39696,37038,-0.109
4039,VKI,Financial Services,Asset Management,NYSE ARCA,77.57,30,47,63,56,7.57,340831356.2002697,44436943.0,0.003,-21.15,397803,193391,143362,0.002
4040,DEI,Real Estate,REIT - Office,NYSE,77.54,30,33,55,22,9.64,1644705270.8275528,167485267.0,0.277,-37.89,2727390,2046186,1899936,0.016
4041,CTEV,Healthcare,Health Information Services,NYSE,77.52,30,86,75,9,24.68,401993810.72310066,16947463.0,0.0922,-66.5,190940,149616,138432,0.066
4042,SBAC,Real Estate,REIT - Specialty,NASDAQ,77.52,30,35,31,60,161.82,16813905136.659393,106088110.0,0.0496,-27.91,889370,909013,993832,0.023
4043,YALA,Technology,Software - Application,NYSE,77.49,30,23,18,43,5.43,807730236.903173,151828987.0,0.0233,-30.65,294070,303733,313388,-0.023
4044,PEG,Utilities,Utilities - Regulated Electric,NYSE,77.48,30,30,41,50,68.68,33927451289.994278,498420030.0,0.025,-21.63,3957250,3432460,3200668,-0.089
4045,BMR,Technology,Software - Application,NASDAQ,77.48,30,10,14,14,1.44,19567617.15189576,15529855.0,0.0276,-55.0,44630,48273,52812,-0.172
4046,RM,Financial Services,Credit Services,NYSE,77.46,30,31,75,61,32.77,293380242.1612778,9225794.0,0.0509,-26.03,80910,73080,91876,0.06
4047,RYAAY,Industrials,Airlines,NASDAQ,77.46,30,29,51,59,54.7,28511711180.65541,517923916.0,0.0049,-26.32,1441560,1391893,1304794,0.011
4048,HPF,Financial Services,Asset Management,NYSE,77.44,30,39,53,52,13.25,295533807.5908642,21650829.0,0.99,-22.65,104482,78927,58222,0.013
4049,MIRM,Healthcare,Biotechnology,NASDAQ,77.39,30,76,92,89,81.43,5384827614.605736,64932203.0,0.1245,-37.36,852000,697153,706332,0.379
4050,BX,Financial Services,Asset Management,NYSE,77.37,30,60,29,26,111.65,83882356489.5,750625114.0,0.026300002,-34.32,5457600,4056216,4318388,0.286
4051,SHEN,Communication Services,Telecom Services,NASDAQ,77.36,30,27,30,72,11.2,601260405.7920456,55364680.0,0.078099996,-35.45,883030,943806,768084,0.055
4052,MFA,Real Estate,REIT - Mortgage,NYSE,77.35,30,42,58,73,7.35,773322735.340497,101087938.0,0.049200002,-29.53,2221390,1793216,1660544,0.202
4053,RFIL,Industrials,Electrical Equipment & Parts,NASDAQ,77.35,30,61,97,95,8.42,91121188.26190758,10847761.0,0.0829,-62.24,258040,273473,256482,0.211
4054,KKR,Financial Services,Asset Management,NYSE,77.34,30,50,25,23,89.96,81047519236.09995,897635601.0,0.0197,-37.89,4529070,3828543,4397308,0.078
4055,MNDY,Technology,Software - Application,NASDAQ,77.34,30,24,21,4,82.66,3331200706.210373,42274119.0,0.1714,-60.73,1150070,1198210,1375590,0.219
4056,HBNB,Real Estate,Real Estate Services,NASDAQ,77.34,30,45,62,46,4.55,1113994210.9257622,234032386.0,0.0002,-56.38,23600,9886,7582,8.926
4057,SLRC,Financial Services,Asset Management,NASDAQ,77.32,30,29,28,62,11.44,630106033.1054707,54554634.0,0.0231,-30.07,393450,359786,394212,-0.094
4058,SOGP,Communication Services,Internet Content & Information,NASDAQ,77.31,30,21,38,98,10.9,45122520.01154137,4174146.0,0.042600002,-57.85,6870,17006,15598,0.245
4059,MWA,Industrials,Specialty Industrial Machinery,NYSE,77.3,30,29,32,73,21.76,3381682183.317112,156125679.0,0.0552,-29.81,1492360,1395736,1263114,0.041
4060,PSEC,Financial Services,Asset Management,NASDAQ,77.27,30,36,28,42,1.93,1067633698.0,533816849.0,0.052600004,-38.34,6084500,4691333,4477294,-0.067
4061,CDIO,Healthcare,Biotechnology,NASDAQ,77.26,30,12,15,12,2.06,5800559.352894783,2959469.0,0.0018000001,-73.96,26870,32090,40752,-0.283
4062,BMEA,Healthcare,Biotechnology,NASDAQ,77.26,30,93,18,71,1.3,91820287.42099762,72299440.0,0.2224,-56.52,2432290,2485873,1703500,
4063,CAE,Industrials,Aerospace & Defense,NASDAQ,77.22,30,28,27,37,23.71,7727596508.475409,321849081.0,6.88,-30.75,804130,929386,816400,0.068
4064,APLD,Technology,Information Technology Services,NASDAQ,77.2,30,40,91,97,24.7,7592939044.226389,299170185.0,0.2092,-51.31,16794860,16109760,17440756,4.066
4065,PJT,Financial Services,Capital Markets,NYSE,77.17,30,68,34,38,137.95,3545584670.8341064,25564818.0,0.093100004,-29.48,426580,420890,428388,0.195
4066,EARN,Financial Services,Asset Management,NYSE,77.14,30,37,35,35,3.66,151402271.88224792,37568800.0,0.019299999,-36.01,364720,363716,386334,-0.193
4067,JRI,Financial Services,Asset Management,NYSE,77.13,30,40,51,52,10.65,394561205.4914532,36198277.0,0.0013,-25.0,266788,199259,174805,
4068,AAUC,Basic Materials,Gold,NYSE,77.13,30,53,59,94,19.78,2800892702.4570026,139347893.0,0.0308,-38.57,401990,444480,700326,0.454
4069,KREF,Real Estate,REIT - Mortgage,NYSE,77.12,30,53,50,25,6.08,360840150.7417145,58577948.0,0.1494,-33.22,1186850,806360,828692,
4070,VCV,Financial Services,Asset Management,NYSE,77.11,30,40,54,52,8.84,440559787.05506706,49114802.0,0.0049,-22.32,414970,222526,170532,-0.033
4071,GLOB,Technology,Information Technology Services,NYSE,77.11,30,19,7,13,35.75,1515602349.7132263,43179556.0,0.26389998,-50.42,879640,981853,1440046,0.0
4072,PENN,Consumer Cyclical,Resorts & Casinos,NASDAQ,77.11,30,38,80,50,15.1,1980163610.440815,134066591.0,0.16620001,-32.47,3596600,3077773,2867582,0.052
4073,BBSI,Industrials,Staffing & Employment Services,NASDAQ,77.1,30,36,58,18,31.23,739415347.3469925,24235180.0,0.051,-31.41,300680,216550,248234,0.038
4074,CX,Basic Materials,Building Materials,NYSE,77.03,30,41,77,85,9.54,13751336491.780125,1442952453.0,1.69,-30.21,7764830,6209336,6802140,0.122
4075,CENX,Basic Materials,Aluminum,NASDAQ,77.01,30,74,76,97,36.94,3526141062.1637535,98993295.0,0.1412,-47.55,1773040,1684890,1915440,0.197
4076,ELA,Consumer Cyclical,Luxury Goods,NYSE ARCA,77.0,30,53,97,96,12.05,315715864.19828796,25963476.0,0.067,-59.4,87490,118440,131348,0.035
4077,RGP,Industrials,Consulting Services,NASDAQ,76.98,30,31,65,23,3.74,133985708.75328016,34443626.0,0.0249,-30.35,340190,324086,328160,-0.238
4078,LGPS,Industrials,Conglomerates,NYSE ARCA,76.98,30,64,34,10,0.69,17708152.5,23610870.0,0.0121,-56.88,564590,2989663,1812514,0.174
4079,ORCL,Technology,Software - Infrastructure,NYSE,76.96,30,19,18,23,142.48,431382622754.1073,3031501149.0,0.0273,-55.83,31721690,30873980,30159528,0.296
4080,TNC,Industrials,Specialty Industrial Machinery,NYSE,76.95,30,31,60,49,68.07,1144349264.1873093,17049303.0,0.11359999,-25.95,160610,182270,211528,0.017
4081,PII,Consumer Cyclical,Recreational Vehicles,NYSE,76.92,30,50,71,64,52.66,3056288221.943268,56903524.0,0.1266,-32.47,855250,845630,855408,0.088
4082,SUPN,Healthcare,Drug Manufacturers - Specialty & Generic,NASDAQ,76.9,29,30,57,73,42.76,2467539242.530094,58224143.0,0.10520001,-28.35,682680,626693,795768,0.324
4083,INGN,Healthcare,Medical Devices,NASDAQ,76.89,29,20,31,32,5.94,158433866.3220353,26538337.0,0.0525,-34.94,469530,350150,308492,0.03
4084,CNTN,Healthcare,Biotechnology,NASDAQ,76.89,29,16,29,92,2.33,179283062.25,79681361.0,0.0861,-66.18,764050,797326,763808,
4085,COOT,Consumer Defensive,Packaged Foods,NASDAQ,76.87,29,22,12,24,0.45,13771420.76104045,30068604.0,0.0502,-90.0,150820,3684263,2253014,0.098
4086,EPRT,Real Estate,REIT - Retail,NYSE,76.87,29,34,49,60,25.64,5601470721.098396,216273004.0,0.0912,-26.17,2212970,2150973,1911198,0.181
4087,CTGO,Basic Materials,Gold,NYSE ARCA,76.86,29,34,15,78,16.78,557790736.085289,33440691.0,0.089499995,-51.19,363790,386766,386252,
4088,LPX,Industrials,Building Products & Equipment,NYSE,76.85,29,24,27,25,65.29,4552013884.305344,69923410.0,0.1183,-34.93,1172040,1105483,1160466,-0.121
4089,KROS,Healthcare,Biotechnology,NASDAQ,76.84,29,27,24,18,11.52,225236848.8728752,19827188.0,0.0779,-48.91,181000,181086,193698,
4090,SAH,Consumer Cyclical,Auto & Truck Dealerships,NYSE,76.82,29,64,84,47,62.63,1986358067.5484314,31614802.0,0.22719999,-44.9,362740,314303,317856,0.076
4091,OWL,Financial Services,Asset Management,NYSE,76.82,29,55,21,10,8.97,6209889999.501915,683908596.0,0.1754,-48.24,20308640,19274250,20183936,0.071
4092,CSHR,Financial Services,Capital Markets,NASDAQ,76.79,29,32,10,23,4.84,652312009.4149199,131780209.0,0.0113,-53.6,322580,346783,302630,-0.489
4093,BABA,Consumer Cyclical,Internet Retail,NYSE,76.78,29,23,23,33,110.8,263327797997.15247,2487744939.0,0.0168,-41.56,8365980,9477406,10382954,0.086
4094,ADNT,Consumer Cyclical,Auto Parts,NYSE,76.77,29,29,31,66,17.24,1334547851.7457962,77096932.0,0.10609999,-36.9,1033740,975110,993788,0.05
4095,TXT,Industrials,Aerospace & Defense,NYSE,76.75,29,26,47,64,75.75,13287709574.823692,171986917.0,0.0495,-25.42,1856330,1816710,1813662,0.03
4096,NXT,Technology,Solar,NASDAQ,76.71,29,22,80,92,82.97,12790798999.041748,151729520.0,0.0796,-49.14,1870060,2038786,2361722,0.082
4097,VMET,Basic Materials,Other Precious Metals & Mining,NASDAQ,76.66,29,32,29,72,8.53,926139129.4790974,108829507.0,0.0114,-43.13,213700,380660,323972,3.919
4098,SAR,Financial Services,Asset Management,NYSE,76.64,29,21,24,56,16.61,265013488.31874084,16080916.0,0.0481,-32.56,133250,142426,136126,-0.048
4099,HUBS,Technology,Software - Application,NYSE,76.62,29,25,15,7,220.61,10697796039.658173,49866201.0,0.085,-56.14,1476560,1594820,1848654,0.198
4100,IRON,Healthcare,Biotechnology,NASDAQ,76.62,29,70,67,70,63.33,2476722448.455963,38392844.0,0.2189,-36.35,572430,556030,469444,
4101,OM,Healthcare,Medical Devices,NASDAQ,76.62,29,16,15,9,4.1,74436770.1570549,18797164.0,0.064,-74.63,267380,174763,160618,0.007
4102,SNN,Healthcare,Medical Devices,NYSE,76.61,29,25,31,66,26.92,11057199832.490257,418516268.0,0.0116,-28.23,1299600,1719703,1650928,0.046
4103,RRR,Consumer Cyclical,Resorts & Casinos,NASDAQ,76.61,29,38,65,61,51.06,2974849750.5532265,59130385.0,0.1607,-25.99,1401110,1134180,979210,-0.03
4104,PINS,Communication Services,Internet Content & Information,NYSE,76.6,29,21,33,13,20.06,10907189029.638765,566313027.0,0.1592,-43.37,12566260,13933843,12927442,0.182
4105,FRPH,Real Estate,Real Estate Services,NASDAQ,76.6,29,32,42,28,20.03,389341557.46242714,19198301.0,0.0423,-22.18,83510,102180,103346,0.023
4106,TDG,Industrials,Aerospace & Defense,NYSE,76.58,29,29,39,35,1092.66,60272417599.40491,55276525.0,0.025799999,-25.32,353470,381283,408254,0.225
4107,NHI,Real Estate,REIT - Healthcare Facilities,NYSE,76.58,29,33,37,69,65.02,3227537782.4292603,49110434.0,0.0419,-28.85,406180,372440,373702,0.338
4108,GLDG,Basic Materials,Gold,NYSE ARCA,76.56,29,32,17,70,0.91,201911217.40787888,214799168.0,0.028800001,-59.91,515780,613303,686558,
4109,QTRX,Healthcare,Medical Devices,NASDAQ,76.54,29,10,23,9,3.81,172146761.56123996,47293065.0,0.1185,-56.56,625180,807280,827750,0.344
4110,RNAC,Healthcare,Biotechnology,NASDAQ,76.53,29,82,73,15,7.14,222679394.7595253,30255352.0,0.13,-35.09,167920,126486,129536,
4111,CHCT,Real Estate,REIT - Healthcare Facilities,NYSE,76.52,29,34,72,70,13.36,390265324.760828,28653842.0,0.038599998,-30.29,419400,398260,389666,0.074
4112,DRS,Industrials,Aerospace & Defense,NASDAQ,76.51,29,23,40,68,36.6,9821607548.377934,266891515.0,0.0128,-27.65,751800,940213,886220,0.101
4113,AGIO,Healthcare,Biotechnology,NASDAQ,76.49,29,67,74,55,31.25,1898519802.0510788,59701882.0,0.1279,-32.07,1094940,939846,1051990,2.593
4114,ONEW,Consumer Cyclical,Specialty Retail,NASDAQ,76.49,29,66,29,20,9.67,163656373.4940567,16665619.0,0.1013,-44.27,93780,102370,108756,-0.04
4115,ALK,Industrials,Airlines,NYSE,76.48,29,27,60,28,39.19,4411671197.365723,111603120.0,0.1159,-35.36,3367640,2680803,2586900,0.097
4116,LMAT,Healthcare,Medical Instruments & Supplies,NASDAQ,76.48,29,22,58,85,80.99,1805756511.78257,22869257.0,0.093100004,-31.37,273120,279896,347670,0.096
4117,AIRG,Technology,Communication Equipment,NASDAQ,76.45,29,56,79,89,4.2,60392080.48906994,13100234.0,0.0126,-45.16,81900,60320,65276,0.006
4118,HGLB,Financial Services,Asset Management,NYSE,76.44,29,31,32,47,6.61,158527785.45052767,23590445.0,0.001,-37.88,132644,87414,82624,
4119,PLUT,Financial Services,Capital Markets,NASDAQ,76.42,29,20,31,40,2.72,40677501.463890076,15350000.0,0.0001,-32.0,9370,3333,2174,-0.204
4120,QNCX,Healthcare,Biotechnology,NASDAQ,76.36,29,32,2,0,28.1,29698240.37595749,1017063.0,0.0496,-96.91,23740,21466,27020,
4121,IP,Consumer Cyclical,Packaging & Containers,NYSE,76.34,29,45,31,23,32.05,16930349179.52321,529569895.0,0.1595,-36.22,5419720,5162700,4880082,-0.022
4122,SRE,Utilities,Utilities - Diversified,NYSE,76.34,29,34,57,72,78.16,51252707480.249054,653900348.0,0.019,-22.64,3584280,3862463,3918386,-0.001
4123,DOO,Consumer Cyclical,Recreational Vehicles,NASDAQ,76.34,29,52,27,85,55.0,3985128295.5965805,71150302.0,3.92,-32.84,285190,313680,272562,0.185
4124,AQB,Consumer Defensive,Farm Products,NASDAQ,76.31,29,69,38,59,0.89,4761163.761359453,5147204.0,0.026199998,-59.45,140730,74466,630764,
4125,PLRZ,Healthcare,Biotechnology,NASDAQ,76.3,29,55,95,45,9.26,23338883.606204987,2428604.0,0.023699999,-49.12,16320,59586,66362,
4126,GANX,Healthcare,Biotechnology,NASDAQ,76.3,29,23,31,37,1.69,74630590.15487194,43643619.0,0.0677,-61.06,562210,420516,450372,
4127,VMC,Basic Materials,Building Materials,NYSE,76.25,29,31,44,54,245.57,31495407984.985657,129578739.0,0.0494,-25.83,1438440,1191906,1129302,0.025
4128,NIPG,Communication Services,Entertainment,NASDAQ,76.24,29,15,1,7,11.21,82638443.02642822,7478592.0,0.32,-79.24,6740,24846,39054,0.423
4129,KAZR,Industrials,Engineering & Construction,NASDAQ,76.22,29,22,62,38,2.4,45752338.84445429,17942094.0,0.1546,-51.02,271480,275760,225894,0.121
4130,NPV,Financial Services,Asset Management,NYSE,76.22,29,29,51,57,9.31,182715807.78503418,19562720.0,0.0011,-21.17,126532,113557,106814,0.067
4131,FSV,Real Estate,Real Estate Services,NASDAQ,76.22,29,31,28,29,128.28,5639077613.331299,43669770.0,3.7,-32.38,196920,220796,217592,0.024
4132,NMCO,Financial Services,Asset Management,NYSE,76.21,29,39,56,57,8.61,499150565.65611744,57307757.0,0.033099998,-21.73,863493,633514,451662,0.083
4133,ADSE,Industrials,Electrical Equipment & Parts,NASDAQ,76.21,29,53,50,36,10.06,796219603.212471,75185986.0,0.0027,-25.48,23040,20586,19938,-0.497
4134,SE,Consumer Cyclical,Internet Retail,NYSE,76.21,29,56,33,12,96.85,58302403144.50354,612484522.0,0.0334,-49.94,3733680,3610790,4167170,0.481
4135,EEFT,Technology,Software - Infrastructure,NASDAQ,76.2,29,43,37,26,64.25,2375128282.5,37403595.0,0.1458,-28.43,623040,603370,664988,0.032
4136,DMRC,Technology,Software - Application,NASDAQ,76.2,29,10,30,19,6.1,143408151.370543,22548451.0,0.26479998,-65.08,214670,170030,148178,-0.078
4137,MAZE,Healthcare,Biotechnology,NASDAQ,76.18,29,44,76,88,26.43,1468164527.1922607,55549168.0,0.115100004,-50.74,1120050,725416,580108,
4138,CHRW,Industrials,Integrated Freight & Logistics,NASDAQ,76.18,29,27,86,84,140.61,18429780554.400696,116851258.0,0.0497,-33.15,2133240,1614180,1858818,0.193
4139,DPZ,Consumer Cyclical,Restaurants,NASDAQ,76.15,29,28,17,27,297.27,9845785809.16809,33081735.0,0.1122,-32.8,700200,816020,802270,0.043
4140,MWH,Utilities,Utilities - Renewable,NASDAQ,76.13,28,19,31,60,25.09,5110264730.5,202386722.0,0.1864,-48.16,1313790,1380433,1680440,0.775
4141,LFWD,Healthcare,Medical Devices,NASDAQ,76.13,28,45,59,16,6.67,16567293.329917908,2832016.0,0.0372,-34.61,5710,5096,5556,0.157
4142,XZO,Financial Services,Insurance - Diversified,NYSE,76.11,28,57,32,20,15.39,1297237184.8349495,90085918.0,0.1342,-37.44,477830,365926,287734,0.069
4143,LE,Consumer Cyclical,Apparel Retail,NASDAQ,76.09,28,19,29,31,10.63,304009343.53297997,29544154.0,0.1349,-46.96,159570,189050,181794,0.027
4144,PMN,Healthcare,Biotechnology,NASDAQ,76.05,28,73,80,70,9.37,84296310.7790966,8967693.0,0.0269,-65.8,43300,42243,76678,
4145,RERE,Consumer Cyclical,Internet Retail,NYSE,76.0,28,28,28,78,3.76,806226782.7553167,221490868.0,0.0221,-41.89,449220,715556,900226,0.324
4146,REAL,Consumer Cyclical,Luxury Goods,NASDAQ,75.99,28,35,70,80,9.32,1082872877.086153,121671115.0,0.1571,-46.41,2886730,2458106,2942980,0.166
4147,PEGA,Technology,Software - Application,NASDAQ,75.97,28,23,12,25,34.53,5578259834.022408,164404945.0,0.137,-49.3,1686670,2181936,2181904,0.094
4148,TMUS,Communication Services,Telecom Services,NASDAQ,75.95,28,27,30,29,164.64,175531982096.61322,1072671613.0,0.0379,-28.73,4858510,4733523,4725476,0.079
4149,ANNX,Healthcare,Biotechnology,NASDAQ,75.95,28,77,86,96,4.2,794336582.3078051,189579134.0,0.1835,-41.5,3452990,3182540,2920440,
4150,VKTX,Healthcare,Biotechnology,NASDAQ,75.93,28,65,73,74,29.28,3763118278.0649815,125688651.0,0.20459999,-32.14,14230770,6166590,4460370,
4151,RDAC,Financial Services,Shell Companies,NASDAQ,75.89,28,17,16,13,5.52,32730665.0,5951030.0,0.0174,-76.99,16620,890990,895366,
4152,LDOS,Technology,Information Technology Services,NYSE,75.88,28,24,11,30,119.45,14775452419.57972,125492209.0,0.0478,-41.95,1151980,1226816,1374274,0.072
4153,TSHA,Healthcare,Biotechnology,NASDAQ,75.88,28,76,91,92,4.49,1508609350.63869,325833545.0,0.1603,-38.49,4742420,3544183,3243142,
4154,AZN,Healthcare,Drug Manufacturers - General,NYSE,75.87,28,27,35,79,156.53,243337101453.82257,1550905742.0,0.0013,-26.41,2591640,2951610,3544180,0.064
4155,ALLO,Healthcare,Biotechnology,NASDAQ,75.86,28,75,69,90,1.5,518236321.5,345490881.0,0.1909,-66.37,5378580,5478923,5685792,
4156,MLTX,Healthcare,Biotechnology,NASDAQ,75.86,28,16,80,36,11.38,971067262.8637505,85106685.0,0.1449,-51.14,1860440,1576980,1481888,
4157,BCIC,Financial Services,Asset Management,NASDAQ,75.85,28,22,19,17,6.87,85323360.62660408,12383652.0,0.0050999997,-49.11,35090,53040,54450,0.201
4158,MBUU,Consumer Cyclical,Recreational Vehicles,NASDAQ,75.84,28,38,30,26,22.78,452786596.6838951,19677818.0,0.0735,-34.86,219340,268536,228994,0.427
4159,TTWO,Communication Services,Electronic Gaming & Multimedia,NASDAQ,75.83,28,33,59,26,203.46,37906544410.52336,186980443.0,0.044499997,-23.49,2281580,2686230,2524692,0.02
4160,KNDI,Consumer Cyclical,Recreational Vehicles,NASDAQ,75.83,28,13,15,20,0.71,82340598.58177334,100415365.0,0.0148,-47.41,10175220,3443173,2097766,0.574
4161,BRCC,Consumer Defensive,Packaged Foods,NYSE,75.83,28,15,66,12,9.45,128916782.11700821,14244948.0,0.0588,-49.06,78420,130500,127738,0.128
4162,DLPN,Communication Services,Advertising Agencies,NASDAQ,75.8,28,27,16,59,1.1,13424845.557099104,13033831.0,0.003,-41.49,6050,7910,10770,0.025
4163,PIPR,Financial Services,Capital Markets,NYSE,75.79,28,38,26,69,65.63,4619010262.893723,70670291.0,0.040999997,-30.96,1109080,775046,674816,0.249
4164,PPC,Consumer Defensive,Packaged Foods,NASDAQ,75.77,28,23,16,25,27.99,6547984410.0,238108524.0,0.026800001,-37.58,1675700,1436446,1568406,-0.028
4165,PRTA,Healthcare,Biotechnology,NASDAQ,75.74,28,56,45,75,8.27,429177085.0148487,51336974.0,0.2005,-29.92,528380,453530,458584,-0.771
4166,BKNG,Consumer Cyclical,Travel Services,NASDAQ,75.72,28,56,29,27,158.33,119484530320.24384,751380500.0,0.026199998,-29.63,9234920,7869763,7121436,0.081
4167,SYK,Healthcare,Medical Devices,NYSE,75.7,28,26,30,35,285.22,105647521250.4071,383573046.0,0.0209,-27.34,2571370,2864206,2692842,0.094
4168,SGML,Basic Materials,Other Industrial Metals & Mining,NASDAQ,75.69,28,76,79,95,9.56,1023245982.3465614,112568313.0,0.0563,-60.95,2642420,2266750,2071696,2.239
4169,NXST,Communication Services,Broadcasting,NASDAQ,75.68,28,28,31,57,156.66,4788226085.008316,30808301.0,0.11359999,-38.4,330220,374243,360420,0.622
4170,NN,Technology,Software - Infrastructure,NASDAQ,75.66,28,23,57,68,13.32,1907388344.7641258,136436939.0,0.13260001,-45.45,2202780,2388633,2665890,-0.043
4171,CMCSA,Communication Services,Telecom Services,NASDAQ,75.66,28,46,22,37,21.57,76544089796.65207,3548636573.0,0.0254,-34.36,32335410,28408883,27651146,-0.012
4172,CNM,Industrials,Industrial Distribution,NYSE,75.66,28,21,24,42,41.82,7626738443.561554,184443500.0,0.0553,-29.9,2144070,2642370,2300826,0.025
4173,NMS,Financial Services,Asset Management,NYSE,75.64,28,28,57,58,9.76,64032511.92294502,6409661.0,0.0037,-21.92,35235,42935,38401,
4174,BW,Industrials,Specialty Industrial Machinery,NYSE,75.62,28,70,99,99,5.64,849100847.7871685,148965066.0,0.20459999,-74.4,5494630,4808250,5059962,1.303
4175,PPSI,Industrials,Electrical Equipment & Parts,NASDAQ,75.62,28,15,72,16,3.25,36738569.824894905,11099266.0,0.0128,-48.33,90180,99736,103910,-0.4
4176,HII,Industrials,Aerospace & Defense,NYSE,75.62,28,29,25,83,266.48,10581711083.629211,39404598.0,0.0345,-42.07,563520,477020,511856,0.109
4177,NINE,Energy,Oil & Gas Equipment & Services,NYSE ARCA,75.58,28,69,82,56,7.92,105461923.60177517,13949990.0,0.028900001,-40.14,50010,54290,73688,-0.037
4178,RYN,Real Estate,REIT - Specialty,NYSE,75.55,28,34,37,34,18.01,5431494686.763655,300747223.0,0.0465,-33.35,3917080,3699946,3424648,2.721
4179,TOON,Communication Services,Entertainment,NYSE ARCA,75.53,28,31,26,30,0.55,34896502.25245297,62204105.0,0.0201,-57.36,481080,311706,288936,-0.434
4180,PSKY,Communication Services,Entertainment,NASDAQ,75.52,28,28,17,28,9.78,10658484900.5,1121945779.0,0.1573,-49.12,30070140,22077006,18327682,0.009
4181,HLMN,Industrials,Tools & Accessories,NASDAQ,75.49,28,29,26,40,6.96,1369596785.5386972,194544999.0,0.0304,-35.85,1480140,1723383,1639114,0.098
4182,HPS,Financial Services,Asset Management,NYSE,75.49,28,35,53,52,11.76,390851648.8785534,32168861.0,0.5,-25.0,161784,127111,97142,0.011
4183,EVCM,Technology,Software - Application,NASDAQ,75.45,28,18,30,58,9.07,1579387225.1083126,176665246.0,0.12810001,-37.06,153400,169863,158368,0.027
4184,APWC,Industrials,Electrical Equipment & Parts,NASDAQ,75.41,28,23,36,22,1.36,54426842.76272833,41232455.0,0.0015,-40.35,2040,6446,8790,0.077
4185,DNN,Energy,Uranium,NYSE ARCA,75.4,28,70,69,92,2.63,2326512033.247534,905257624.0,3.36,-40.63,25946650,25261623,25354028,-0.436
4186,SNDX,Healthcare,Biotechnology,NASDAQ,75.39,28,63,85,93,17.83,1571628747.664135,89297086.0,0.2354,-30.32,1740450,1674716,1558560,0.918
4187,WW,Healthcare,Medical Care Facilities,NASDAQ,75.34,28,22,24,4,14.87,147381720.11146545,9998760.0,0.1713,-61.26,398550,281006,258570,-0.142
4188,TTAM,Basic Materials,Building Materials,NYSE,75.28,28,38,64,62,13.5,2465071548.0701456,184373341.0,0.13069999,-31.02,225290,255813,273448,0.096
4189,CXM,Technology,Software - Application,NYSE,75.26,28,31,21,16,5.23,1207290923.7168312,232171340.0,0.108100004,-36.8,2959420,3971833,3458020,0.008
4190,ULS,Industrials,Specialty Business Services,NYSE,75.26,28,28,62,78,68.25,13323260004.968971,201898173.0,0.0793,-36.54,1113780,865826,929646,0.052
4191,ERIE,Financial Services,Insurance Brokers,NASDAQ,75.26,28,35,26,21,221.46,11560766724.628784,52289868.0,0.0953,-33.0,160190,258060,264238,0.028
4192,BN,Financial Services,Asset Management,NYSE,75.25,28,28,40,59,36.83,82418411483.36241,2232351451.0,5.18,-25.7,5915780,4858363,4729098,0.085
4193,INO,Healthcare,Biotechnology,NASDAQ,75.25,28,30,24,15,1.15,119941117.4287355,103397518.0,0.21370001,-57.72,2650240,3011346,4463216,
4194,SYM,Industrials,Specialty Industrial Machinery,NASDAQ,75.24,28,25,17,78,42.87,5620919771.143158,129873381.0,0.3168,-51.22,1352920,1578570,1690566,0.217
4195,MFIC,Financial Services,Asset Management,NASDAQ,75.23,28,28,27,58,8.51,710052043.9332008,82372628.0,0.0334,-31.92,688470,546876,589294,-0.16
4196,KRKR,Communication Services,Advertising Agencies,NASDAQ,75.22,28,18,10,21,3.0,5921430.0,1973810.0,0.0015,-58.76,1820,3553,7140,0.337
4197,FPH,Real Estate,Real Estate - Development,NYSE,75.2,28,33,31,30,4.46,325999609.54081535,71806082.0,0.0105,-31.07,192380,153403,166036,0.86
4198,CYH,Healthcare,Medical Care Facilities,NYSE,75.17,27,31,61,41,2.76,383545455.07431006,141009357.0,0.103999995,-37.7,1129290,1164593,1250846,-0.098
4199,WBTN,Communication Services,Internet Content & Information,NASDAQ,75.17,27,20,33,38,10.46,1424966235.0,135711070.0,0.16139999,-44.98,298220,435233,415900,-0.028
4200,SLGN,Consumer Cyclical,Packaging & Containers,NYSE,75.15,27,53,49,31,34.99,3685131924.5194244,105682020.0,0.0987,-29.38,1511430,1242230,1280862,0.068
4201,LMRI,Healthcare,Medical Devices,NASDAQ,75.15,27,49,29,10,10.77,991493723.0002441,96074976.0,0.082399994,-44.63,520570,383466,446772,0.051
4202,SEVN,Real Estate,REIT - Mortgage,NASDAQ,75.14,27,27,36,30,6.84,152932090.5,22656606.0,0.047199998,-37.31,197730,181286,168090,-0.506
4203,ASIX,Basic Materials,Chemicals,NYSE,75.14,27,28,34,72,16.48,437959218.3797569,27001186.0,0.02,-38.35,282410,270330,282508,0.027
4204,ZKH,Consumer Cyclical,Internet Retail,NYSE,75.13,27,35,26,43,2.47,432290174.14461327,157770136.0,0.0002,-36.67,167780,256073,301586,0.128
4205,SGA,Communication Services,Broadcasting,NASDAQ,75.12,27,27,18,54,8.36,53852160.05776596,6357988.0,0.0032,-36.62,11120,13670,13760,-0.065
4206,MTRX,Industrials,Engineering & Construction,NASDAQ,75.11,27,20,39,37,10.42,290840940.32524204,28291921.0,0.0477,-34.75,545870,473540,357314,0.13
4207,CHDN,Consumer Cyclical,Gambling,NASDAQ,75.1,27,30,28,31,77.57,5300703692.858261,69700243.0,0.0672,-34.46,1194480,1100503,1121812,0.049
4208,AZO,Consumer Cyclical,Auto Parts,NYSE,75.08,27,22,25,34,2807.73,45155501663.81836,16173000.0,0.0345,-33.53,439370,367840,296608,0.056
4209,OTIS,Industrials,Specialty Industrial Machinery,NYSE,75.07,27,27,23,29,65.88,24381872324.66063,380669339.0,0.0482,-30.33,4778900,4531536,4031682,0.073
4210,VICI,Real Estate,REIT - Diversified,NYSE,75.05,27,27,29,37,22.53,24939406359.272243,1101077562.0,0.028299998,-30.85,10175990,10176286,10208920,0.057
4211,EGG,Industrials,Consulting Services,NYSE ARCA,75.02,27,7,71,75,5.08,149528720.81336975,27845200.0,0.0121,-61.13,728670,249343,692246,-0.591
4212,LZB,Consumer Cyclical,"Furnishings, Fixtures & Appliances",NYSE,75.0,27,28,64,33,29.52,1199179985.1304874,40052771.0,0.0587,-34.25,753850,806860,713014,-0.034
4213,CGTX,Healthcare,Biotechnology,NASDAQ,74.96,27,14,57,78,0.94,87961716.18360579,95093746.0,0.087799996,-54.15,422920,398986,465146,
4214,DYN,Healthcare,Biotechnology,NASDAQ,74.94,27,90,92,93,15.44,2838545715.580945,186746431.0,0.1601,-43.45,2973310,3200476,2710824,
4215,BRN,Energy,Oil & Gas E&P,NYSE ARCA,74.94,27,24,30,27,0.94,14107649.074573517,14395560.0,0.0053,-32.86,17540,37356,43090,0.059
4216,EIX,Utilities,Utilities - Regulated Electric,NYSE,74.87,27,28,79,82,54.24,20737625093.438187,384813979.0,0.0529,-33.55,5022930,6537773,5358860,-0.041
4217,UPBD,Technology,Software - Application,NASDAQ,74.86,27,40,59,35,15.72,927543524.6542168,58299405.0,0.1596,-34.45,1148050,928930,989580,0.005
4218,MITQ,Technology,Communication Equipment,NYSE ARCA,74.86,27,29,26,23,0.55,5752384.984166205,9952223.0,0.0091,-50.89,244310,178193,114698,-0.227
4219,NRDS,Communication Services,Internet Content & Information,NASDAQ,74.84,27,37,23,43,8.83,551656998.9354267,63923174.0,0.1858,-45.63,881350,708290,735684,0.056
4220,SGRY,Healthcare,Medical Care Facilities,NASDAQ,74.84,27,28,48,16,13.33,1743831183.2469177,130918260.0,0.2011,-43.13,2467600,2378886,2358770,0.027
4221,TRSG,Industrials,Metal Fabrication,NASDAQ,74.84,27,50,60,28,1.13,18642973.806061506,16353486.0,0.0064,-35.43,128530,43863,27608,0.109
4222,MP,Basic Materials,Other Industrial Metals & Mining,NYSE,74.81,27,27,31,70,46.84,8365431805.769165,178101588.0,0.205,-53.28,5167460,5180316,6078210,1.197
4223,TYRA,Healthcare,Biotechnology,NASDAQ,74.81,27,84,93,98,20.93,1404683854.7526474,68755939.0,0.2382,-48.51,974170,1139743,940744,
4224,TRU,Financial Services,Financial Data & Stock Exchanges,NYSE,74.79,27,53,36,29,63.82,12155103736.877441,191600000.0,0.0608,-28.39,3079110,2580966,2426588,0.149
4225,HCKT,Technology,Information Technology Services,NASDAQ,74.78,27,19,11,12,10.82,268183464.2968912,24877873.0,0.056599997,-47.68,194920,203946,266952,-0.12
4226,GRRR,Technology,Software - Infrastructure,NASDAQ,74.77,27,26,80,19,12.25,362300499.0288105,27509529.0,0.1929,-47.85,483340,769596,833362,1.38
4227,NOAH,Financial Services,Asset Management,NYSE,74.77,27,27,32,35,7.7,534750491.15137196,68645763.0,0.0046,-38.15,99590,97713,106520,-0.015
4228,PTON,Consumer Cyclical,Leisure,NASDAQ,74.75,27,33,45,17,5.01,2159249294.403261,438871801.0,0.14649999,-43.07,9853540,8720810,8919004,0.001
4229,SQFTP,Real Estate,REIT - Diversified,NASDAQ,74.72,27,29,8,11,6.43,,,0.43,-59.79,5770,5200,5082,-0.129
4230,BNT,Financial Services,Insurance - Diversified,NYSE,74.71,27,28,39,60,36.82,10129888205.24617,274374017.0,9.41,-26.15,13350,17430,16186,0.389
4231,ORA,Utilities,Utilities - Renewable,NYSE,74.71,27,29,49,71,91.29,5710605978.794754,61496941.0,0.1142,-37.64,706600,895886,886668,0.106
4232,NABL,Technology,Information Technology Services,NYSE,74.69,27,22,16,13,4.46,799070370.1230869,188905524.0,0.0695,-48.94,2053500,2956863,2748912,0.059
4233,RKTO,Technology,Software - Infrastructure,NASDAQ,74.66,27,8,61,11,0.71,17378511.88229066,24897581.0,0.0865,-71.02,300850,346696,450130,
4234,FBIN,Industrials,Building Products & Equipment,NYSE,74.65,27,32,62,20,38.66,4599954323.344578,119293417.0,0.0738,-40.38,2304910,2179920,2410290,-0.041
4235,SPIR,Industrials,Specialty Business Services,NYSE,74.65,27,54,42,95,10.89,434568147.6309147,39115046.0,0.102,-58.0,612250,634303,610202,-0.059
4236,AGBK,Financial Services,Banks - Regional,NYSE,74.65,27,19,21,16,6.74,872703637.897253,159835830.0,0.0403,-44.8,222380,188673,258122,-0.152
4237,HDL,Consumer Cyclical,Restaurants,NASDAQ,74.64,27,20,16,22,11.9,665441970.6888199,58836600.0,0.0001,-35.7,420,703,702,0.1
4238,BIVI,Healthcare,Biotechnology,NASDAQ,74.64,27,79,82,15,1.44,12676756.931219101,8682710.0,0.1232,-62.01,223060,510243,5820186,
4239,BTBT,Financial Services,Capital Markets,NASDAQ,74.61,27,21,22,11,1.54,568750714.9361873,348926820.0,0.1577,-66.15,20107150,27619283,27975764,0.256
4240,CELC,Healthcare,Biotechnology,NASDAQ,74.59,27,66,98,99,73.62,3527990492.1358337,48931908.0,0.3483,-51.25,1179800,947706,949792,
4241,CWK,Real Estate,Real Estate Services,NYSE,74.58,27,33,37,64,11.85,2797787417.267235,234713708.0,0.078600004,-31.9,2838470,2069676,1960178,0.112
4242,PTCT,Healthcare,Biotechnology,NASDAQ,74.57,27,44,83,77,63.65,5296422418.509354,83460802.0,0.1582,-29.95,1236040,1104000,1153152,1.015
4243,NCEL,Healthcare,Biotechnology,NASDAQ,74.54,27,25,66,7,2.86,16461964.249145508,5776128.0,1.87,-85.56,4830,7016,8740,
4244,PBH,Healthcare,Drug Manufacturers - Specialty & Generic,NYSE,74.51,27,30,18,23,45.6,2144170786.2034378,47374522.0,0.1221,-35.84,589100,569046,563256,0.065
4245,MDWD,Healthcare,Biotechnology,NASDAQ,74.51,27,21,18,46,13.51,174546964.46985626,12910278.0,0.1604,-32.55,63760,103773,86782,-0.458
4246,KEP,Utilities,Utilities - Regulated Electric,NYSE,74.49,27,23,24,69,11.17,14225923848.364056,1283928154.0,0.0042,-52.29,687310,904093,958336,-0.001
4247,PRZO,Industrials,Aerospace & Defense,NASDAQ,74.49,27,26,6,11,0.62,17789110.16717255,29162475.0,0.0482,-67.37,220310,3390716,2564728,1.953
4248,ONON,Consumer Cyclical,Footwear & Accessories,NYSE,74.49,27,12,32,20,31.88,10310523715.042791,334214703.0,0.0916,-37.59,14505210,10523010,9814444,0.135
4249,MGRX,Healthcare,Health Information Services,NASDAQ,74.48,27,18,9,4,0.42,9424963.552836,21567422.0,0.026300002,-84.73,745160,570280,16240686,-0.591
4250,ACAD,Healthcare,Biotechnology,NASDAQ,74.46,27,75,70,54,20.11,3437495215.5586777,172305518.0,0.0887,-35.05,3051930,2048580,1949648,0.164
4251,EFSCP,Financial Services,Banks - Regional,NASDAQ,74.44,27,31,53,50,16.02,,,0.0034999999,-33.47,3670,4003,3006,0.012
4252,SRTS,Healthcare,Medical Devices,NASDAQ,74.43,27,35,15,49,2.92,49056936.13398886,16462059.0,0.0153,-46.81,27810,35180,31968,-0.687
4253,FCN,Industrials,Consulting Services,NYSE,74.43,27,29,30,56,138.02,3766218661.4723206,27611575.0,0.1766,-27.09,556240,443033,449904,0.053
4254,HD,Consumer Cyclical,Home Improvement Retail,NYSE,74.42,27,32,36,33,281.15,282196516803.5142,997689626.0,0.0117999995,-29.29,5718410,4591073,4344346,0.057
4255,SERA,Healthcare,Medical Devices,NASDAQ,74.42,27,22,18,14,2.0,82449380.55402517,39449466.0,0.0068,-49.37,11670,21883,27370,0.765
4256,SRL,Financial Services,Capital Markets,NYSE,74.41,27,26,17,47,5.08,76131755.0,15226351.0,0.0007,-51.11,7970,6126,14422,0.026
4257,AGO,Financial Services,Insurance - Specialty,NYSE,74.4,26,31,38,41,69.13,3011256425.4455566,43979208.0,0.0774,-25.18,546990,514726,450020,-0.005
4258,SEDG,Technology,Solar,NASDAQ,74.39,26,20,92,92,34.38,2035887010.708084,61525748.0,0.2199,-57.69,2656700,3087663,3406258,0.196
4259,FABC,Technology,Semiconductors,NASDAQ,74.38,26,15,22,9,2.31,16388453.818875074,7003613.0,0.21620001,-70.57,100590,130343,182282,
4260,ASPS,Real Estate,Real Estate Services,NASDAQ,74.38,26,17,24,32,6.29,72746710.91306114,11420206.0,0.0502,-56.2,15640,10786,15034,0.17
4261,CPB,Consumer Defensive,Packaged Foods,NASDAQ,74.35,26,23,30,16,19.3,5851364926.948515,298234693.0,0.2495,-39.76,7156080,8100113,7091856,-0.079
4262,HLI,Financial Services,Capital Markets,NYSE,74.35,26,25,19,30,126.9,8831557196.949005,69886500.0,0.0478,-37.85,774800,802783,888110,-0.155
4263,PHR,Healthcare,Health Information Services,NYSE,74.33,26,21,22,5,10.37,625054387.1374512,62070944.0,0.0617,-57.23,641450,705583,759446,0.104
4264,ALB,Basic Materials,Specialty Chemicals,NYSE,74.32,26,45,58,96,104.37,12342148479.482574,118005057.0,0.0004,-52.77,2291580,2388800,2368974,0.311
4265,ROAD,Industrials,Engineering & Construction,NASDAQ,74.31,26,30,21,59,90.5,5169296053.322525,56755555.0,0.0805,-40.07,699800,592453,663138,0.282
4266,GFUZ,Industrials,Specialty Industrial Machinery,NASDAQ,74.29,26,19,28,45,7.53,611880637.0413208,80723040.0,4.84,-49.29,98220,138423,180020,
4267,CCI,Real Estate,REIT - Specialty,NYSE,74.28,26,22,28,34,67.58,28267260405.869568,425455439.0,0.0275,-32.76,3427760,3275676,3456610,-0.049
4268,SAM,Consumer Defensive,Beverages - Brewers,NYSE,74.25,26,23,19,61,167.69,1723856567.5,10291681.0,0.2441,-36.59,188220,232510,226714,-0.033
4269,WKHS,Consumer Cyclical,Auto Manufacturers,NASDAQ,74.24,26,11,9,3,2.95,32457897.762669325,10928585.0,0.2258,-79.17,58440,91233,97858,3.749
4270,BKV,Energy,Oil & Gas E&P,NYSE,74.22,26,38,39,74,21.79,2360573959.7022247,109437830.0,0.2343,-33.59,1499240,2049540,1644874,0.188
4271,CC,Basic Materials,Specialty Chemicals,NYSE,74.19,26,28,58,93,13.89,2061678396.1264544,150377709.0,0.14649999,-51.55,1898500,1811543,2293774,-0.015
4272,TV,Communication Services,Telecom Services,NYSE,74.18,26,32,52,78,2.29,1206967379.8942566,527060000.0,1.35,-34.38,925360,1471113,1193142,-0.03
4273,FVN,Financial Services,Shell Companies,NASDAQ,74.17,26,33,52,49,8.87,60469770.864486694,7554000.0,0.0053,-59.46,19290,79940,97050,
4274,STZ,Consumer Defensive,Beverages - Brewers,NYSE,74.16,26,27,25,54,113.31,19275762314.63698,170778434.0,0.056900002,-32.79,1781270,2180746,2031272,-0.033
4275,BLIN,Technology,Software - Infrastructure,NASDAQ,74.14,26,22,76,18,0.88,10205902.020040452,12599879.0,0.0041,-45.68,41340,35170,46378,0.02
4276,VIPS,Consumer Cyclical,Internet Retail,NYSE,74.1,26,22,25,33,12.71,5862914963.722229,475500000.0,0.0216,-38.36,2649350,3360876,2734842,-0.043
4277,MRP,Real Estate,REIT - Residential,NYSE,74.08,26,63,38,65,22.51,4086439584.8176117,166047927.0,0.0589,-32.79,3763150,2134660,1713864,0.321
4278,OLED,Technology,Electronic Components,NASDAQ,74.08,26,18,13,19,79.8,3694354655.201683,45966835.0,0.1033,-47.97,553780,756853,769848,-0.114
4279,KVYO,Technology,Software - Application,NYSE,74.07,26,28,18,12,16.7,4701685873.646619,299279813.0,0.15630001,-49.93,6016940,6261273,6517784,0.264
4280,CW,Industrials,Aerospace & Defense,NYSE,74.05,26,28,79,88,540.79,20152910565.191895,36934444.0,0.0239,-33.08,456610,438366,390860,0.054
4281,ALLR,Healthcare,Biotechnology,NASDAQ,74.02,26,35,30,62,1.0,16547152.353054047,15910724.0,0.0069999998,-45.65,116880,108106,96398,
4282,BRO,Financial Services,Insurance Brokers,NYSE,74.02,26,50,24,17,60.93,20046506436.81251,334610357.0,0.0544,-36.89,2388260,2107320,2188110,0.324
4283,BON,Basic Materials,Specialty Chemicals,NASDAQ,74.0,26,18,19,18,1.17,9312443.283144236,8168810.0,0.0014,-50.0,9310,8010,7972,0.019
4284,ORN,Industrials,Engineering & Construction,NYSE,74.0,26,22,85,85,9.26,376606204.7238636,40495290.0,0.081499994,-46.78,593190,453880,559734,0.081
4285,LUMN,Communication Services,Telecom Services,NYSE,73.99,26,31,45,85,5.62,5930811073.0,1031445404.0,0.0799,-52.97,12237040,13150486,13465170,-0.093
4286,VHC,Technology,Software - Infrastructure,NASDAQ,73.98,26,13,11,30,11.32,43974172.39921951,4196009.0,0.0377,-60.97,47000,105763,71000,
4287,BRLS,Consumer Defensive,Packaged Foods,NASDAQ,73.92,26,16,7,6,1.22,25970602.288760185,21463307.0,0.0124,-71.36,4740,103116,1029144,0.076
4288,CLX,Consumer Defensive,Household & Personal Products,NYSE,73.91,26,26,27,29,82.01,9724062554.912567,120931005.0,0.081,-36.38,2876240,3230123,3031858,-0.02
4289,UVV,Consumer Defensive,Tobacco,NYSE,73.9,26,25,36,39,42.13,1050748664.3966255,24899257.0,0.0992,-29.05,347510,331746,334890,-0.118
4290,PRKS,Consumer Cyclical,Leisure,NYSE,73.88,26,38,65,29,34.39,1471778848.6287918,45341309.0,0.32840002,-38.25,677800,709930,702522,-0.014
4291,SLNH,Financial Services,Capital Markets,NASDAQ,73.88,26,83,72,40,1.03,261711928.07928622,244590575.0,0.1094,-79.96,6280570,7658510,8679188,1.446
4292,CGC,Healthcare,Drug Manufacturers - Specialty & Generic,NASDAQ,73.87,26,23,20,33,0.88,370157965.625,423037675.0,0.066199996,-63.03,2355550,2342093,2985356,0.125
4293,MNRO,Consumer Cyclical,Auto Parts,NASDAQ,73.86,26,21,44,43,13.64,443324380.34103394,31264060.0,0.4378,-42.95,852170,999816,1111836,-0.046
4294,JACK,Consumer Cyclical,Restaurants,NASDAQ,73.82,26,64,32,9,12.36,237466515.56199646,19073616.0,0.32729998,-48.2,486430,535293,700184,-0.018
4295,PRVA,Healthcare,Health Information Services,NASDAQ,73.82,26,28,75,44,20.45,2593004304.646534,127734207.0,0.056900002,-29.04,1272360,1230140,1233814,0.214
4296,DPRO,Industrials,Aerospace & Defense,NASDAQ,73.81,26,40,19,69,4.9,206869459.48728943,39142756.0,0.1075,-65.97,1484820,1733256,1345032,0.26
4297,HUYA,Communication Services,Entertainment,NYSE,73.79,26,18,23,71,2.27,525242003.0106561,228366093.0,0.0167,-53.96,779160,1156013,1078422,0.11
4298,ECC,Financial Services,Asset Management,NYSE,73.76,26,27,22,16,3.41,460217193.15395737,133010748.0,0.01,-50.22,877220,826013,829666,-0.218
4299,CHKP,Technology,Software - Infrastructure,NASDAQ,73.76,26,24,18,15,129.58,13308818265.072815,102100634.0,0.081,-38.49,996010,1075846,1130058,0.013
4300,SLVM,Basic Materials,Paper & Paper Products,NYSE,73.75,26,24,27,26,33.37,1291412674.4392052,39760243.0,0.106300004,-41.25,449740,319540,302808,0.015
4301,BRIA,Consumer Cyclical,Apparel Retail,NYSE ARCA,73.75,26,27,18,27,1.4,34999999.40395355,25000000.0,0.0018000001,-39.13,3800,4283,5234,-0.34
4302,GORO,Basic Materials,Gold,NYSE ARCA,73.72,26,56,82,80,3.25,551027839.0880334,169026945.0,0.98,-50.46,1168250,1563260,1448014,2.935
4303,MYSE,Technology,Software - Application,NASDAQ,73.71,26,94,79,13,1.71,8833931.247785091,5196430.0,0.0395,-70.36,92790,125756,105772,-0.526
4304,EXP,Basic Materials,Building Materials,NYSE,73.69,26,28,36,29,169.82,5256523710.722733,30675325.0,0.0785,-30.84,469180,430166,448044,0.026
4305,MAX,Communication Services,Internet Content & Information,NYSE,73.68,26,68,83,33,9.64,509626333.757411,52975711.0,0.1009,-34.42,1013870,776163,782160,0.259
4306,SAFE,Real Estate,REIT - Diversified,NYSE,73.66,26,48,61,58,11.9,854044366.5156937,70816280.0,0.0919,-31.81,714920,513080,416768,0.2
4307,SITC,Real Estate,REIT - Retail,NYSE,73.62,26,11,15,25,3.24,179465663.38355064,52475339.0,0.1296,-63.8,1835840,1300808,1148526,-0.693
4308,TRAK,Technology,Software - Application,NYSE,73.6,26,14,25,9,8.08,147247743.13728333,18201204.0,0.1155,-48.86,78630,95226,78626,-0.032
4309,PNNT,Financial Services,Asset Management,NYSE,73.59,26,24,14,21,3.23,212212305.5,65296094.0,0.0422,-51.57,476460,538250,541952,-0.162
4310,CARG,Communication Services,Internet Content & Information,NASDAQ,73.59,26,56,36,58,29.35,2673985850.3346024,89073478.0,0.17040001,-28.8,1639410,1172876,1075604,0.131
4311,CPRT,Industrials,Specialty Business Services,NASDAQ,73.58,26,29,15,19,27.65,25214714267.379356,926330452.0,0.045700002,-39.75,9084200,9670226,10710632,0.024
4312,NFGC,Basic Materials,Gold,NYSE ARCA,73.57,26,28,15,62,1.57,622659231.2127596,384357549.0,6.12,-56.27,730160,1075056,1234340,
4313,ELVR,Basic Materials,Other Industrial Metals & Mining,NASDAQ,73.56,26,86,92,95,37.79,715721347.1431732,19302085.0,2.75,-63.24,45180,49360,47904,0.775
4314,HUN,Basic Materials,Chemicals,NYSE,73.53,26,19,36,79,8.84,1495979547.648857,175378616.0,0.08140001,-45.06,2575150,2579470,2833788,0.141
4315,CTM,Technology,Information Technology Services,NYSE ARCA,73.5,25,14,17,13,0.62,59712209.72804761,94781286.0,0.0629,-54.41,371220,536793,850226,-0.011
4316,KWY,Financial Services,Asset Management,NYSE,73.48,25,26,19,38,9.32,272819338.8290405,28931000.0,0.0856,-43.55,55491,42527,52336,0.332
4317,ONDS,Technology,Communication Equipment,NASDAQ,73.46,25,25,80,99,7.42,4215871407.481489,582302699.0,0.4096,-51.44,60703600,60170790,66165492,12.354
4318,BCAX,Healthcare,Biotechnology,NASDAQ,73.46,25,85,95,91,17.29,1158359102.4391212,65703866.0,0.2356,-44.21,799600,617866,641242,
4319,SRPT,Healthcare,Biotechnology,NASDAQ,73.43,25,81,27,33,17.49,1848472867.5,105627021.0,0.2886,-30.92,2399200,2970503,2978458,-0.343
4320,GLOO,Technology,Software - Application,NASDAQ,73.42,25,7,6,25,4.16,377107878.44510365,91531041.0,1.81,-58.32,1159490,1044486,680168,1.88
4321,LKQ,Consumer Cyclical,Auto Parts,NASDAQ,73.42,25,29,20,29,22.4,5768447367.774727,253002086.0,0.0766,-39.67,2763270,3105020,3419668,-0.03
4322,TTGT,Technology,Information Technology Services,NASDAQ,73.4,25,30,19,15,3.65,258227591.371274,72332660.0,0.1449,-45.52,412170,313756,359196,-0.032
4323,TSCO,Consumer Cyclical,Specialty Retail,NASDAQ,73.39,25,23,10,26,31.42,16199137938.834415,521040137.0,0.0864,-46.02,10970500,9485033,10349428,0.023
4324,NAK,Basic Materials,Other Industrial Metals & Mining,NYSE ARCA,73.38,25,40,26,56,1.3,747621834.5836446,562121662.0,0.0523,-56.38,4098650,3890210,3994942,
4325,JMIA,Consumer Cyclical,Internet Retail,NYSE,73.37,25,26,31,84,6.79,924690829.9148426,133625841.0,0.04,-53.87,1248810,1525016,1657054,0.139
4326,BDTX,Healthcare,Biotechnology,NASDAQ,73.36,25,32,13,59,1.94,108587581.00811756,57453747.0,0.1288,-60.73,554560,559843,600310,
4327,ACIC,Financial Services,Insurance - Property & Casualty,NASDAQ,73.35,25,25,39,58,9.28,441024590.00362206,47269517.0,0.0784,-28.94,291470,262713,275028,-0.045
4328,TMS,Financial Services,Financial Conglomerates,NASDAQ,73.33,25,9,16,48,7.4,563828145.0521507,73993196.0,1.21,-43.94,99211,182570,138636,0.203
4329,AEYE,Technology,Software - Application,NASDAQ,73.33,25,32,22,11,6.73,86982145.03899002,12569674.0,0.0361,-58.94,64740,149140,145990,0.087
4330,VLRS,Industrials,Airlines,NYSE,73.33,25,33,74,76,6.45,746034364.9897194,114951370.0,0.0108,-40.28,310370,346686,407212,0.239
4331,NICM,Basic Materials,Other Industrial Metals & Mining,NASDAQ,73.29,25,37,27,41,5.4,104242920.25178719,19127142.0,2.37,-49.06,3220,3000,3102,13.998
4332,FLY,Industrials,Aerospace & Defense,NASDAQ,73.28,25,17,12,45,22.59,3903876270.3121567,167404645.0,0.1096,-63.66,3575970,2989346,3099196,6.569
4333,GIS,Consumer Defensive,Packaged Foods,NYSE,73.26,25,37,28,18,31.68,17115334581.985382,534687144.0,0.1091,-38.2,12516460,10324900,9474624,-0.028
4334,TROO,Financial Services,Credit Services,NASDAQ,73.23,25,83,86,95,1.64,210115489.01503038,122160166.0,0.040700004,-68.94,154520,285470,286118,0.27
4335,FIG,Technology,Software - Application,NYSE,73.21,25,21,13,4,22.01,11385091084.443405,533009867.0,0.1776,-69.21,10704570,13719863,17108708,0.482
4336,VERX,Technology,Software - Application,NASDAQ,73.21,25,23,17,6,12.28,1948237976.928749,162217980.0,0.0695,-53.73,1460530,1406120,1925676,0.105
4337,SNDL,Consumer Defensive,Beverages - Wineries & Distilleries,NASDAQ,73.19,25,23,21,27,1.25,305189847.66719127,246120843.0,0.0077,-56.75,1219830,1235150,1568658,-0.037
4338,HAYW,Industrials,Electrical Equipment & Parts,NYSE,73.14,25,29,55,45,12.43,2630282735.882801,212119582.0,0.0462,-29.89,4170070,3242226,2997100,0.063
4339,GGR,Consumer Cyclical,Auto Manufacturers,NASDAQ,73.13,25,10,25,44,3.17,64235453.75718284,20073579.0,0.0058,-49.44,9670,66090,46674,0.073
4340,PLRX,Healthcare,Biotechnology,NASDAQ,73.09,25,25,22,35,1.03,64087455.64818871,61920249.0,0.061,-47.18,330750,362973,387556,
4341,VSNT,Communication Services,Entertainment,NASDAQ,73.05,25,30,28,50,31.02,4305922287.64484,139170078.0,0.044499997,-47.42,1782020,1688483,1737226,-0.037
4342,HNRG,Utilities,Utilities - Independent Power Producers,NASDAQ,73.04,25,30,37,26,13.95,635963875.1397419,47143357.0,0.1001,-43.52,632480,673150,755452,-0.013
4343,GNLX,Healthcare,Biotechnology,NASDAQ,73.04,25,16,41,27,2.6,115828055.01104116,45245335.0,0.0932,-69.54,187100,279250,302196,
4344,FBLG,Healthcare,Biotechnology,NASDAQ,73.03,25,23,3,1,1.18,8626309.30634427,6956701.0,0.099700004,-89.65,142060,232000,236226,
4345,BCTX,Healthcare,Biotechnology,NASDAQ,73.03,25,19,9,5,4.18,35147139.14812946,8699787.0,0.0911,-71.53,142410,463480,324802,
4346,UAVS,Technology,Computer Hardware,NYSE ARCA,73.03,25,28,11,14,0.88,60389476.410189986,62905706.0,0.051799998,-69.86,547690,1065420,1624058,-0.36
4347,STOK,Healthcare,Biotechnology,NASDAQ,73.03,25,53,80,97,25.32,1653162374.1925774,64526242.0,0.17950001,-37.05,1171710,911150,924720,-0.325
4348,DJT,Communication Services,Internet Content & Information,NASDAQ,73.02,25,25,13,12,8.63,2476456682.1995277,277941271.0,0.0892,-51.98,3213270,3333170,3917374,0.89
4349,YTRA,Consumer Cyclical,Travel Services,NASDAQ,73.01,25,25,16,28,0.89,56439338.85728657,63990178.0,0.0007,-55.5,13860,32443,34368,-0.104
4350,SMG,Basic Materials,Agricultural Inputs,NYSE,72.99,25,50,59,57,49.1,2853957858.1311264,58220274.0,0.1058,-34.83,1393640,1011123,1040066,0.011
4351,TRUP,Financial Services,Insurance - Property & Casualty,NASDAQ,72.98,25,37,19,15,24.57,1028570726.4320221,43620472.0,0.111499995,-47.7,470450,459603,513114,0.111
4352,FER,Industrials,Engineering & Construction,NASDAQ,72.96,25,28,47,79,51.84,38625206354.69673,720082155.0,0.0087,-30.69,2005810,1586303,1584906,0.052
4353,GDS,Technology,Information Technology Services,NASDAQ,72.96,25,25,23,80,29.29,5524410729.259605,200377613.0,0.1086,-39.74,1531260,1294160,1575730,0.065
4354,CTRI,Utilities,Utilities - Regulated Gas,NYSE,72.95,25,17,38,89,20.72,2111137422.8242607,100963053.0,0.055999998,-51.8,1944070,1700180,1916450,0.329
4355,EVH,Healthcare,Health Information Services,NYSE,72.93,25,33,91,5,3.61,391185303.41287136,113059335.0,0.1258,-57.33,2087670,2336866,3009364,0.469
4356,FND,Consumer Cyclical,Home Improvement Retail,NYSE,72.93,25,24,29,17,46.55,4844228686.58987,106489965.0,0.122200005,-39.9,2500800,2502830,2522054,0.03
4357,MKC,Consumer Defensive,Packaged Foods,NYSE,72.92,25,29,26,21,45.54,12019109784.258224,269064479.0,0.0,-37.11,4126740,3424946,3195838,0.174
4358,RDACU,Financial Services,Shell Companies,NASDAQ,72.92,25,63,59,7,6.1,,,1.9,-69.24,170,56,152,
4359,VEL,Financial Services,Mortgage Finance,NYSE,72.88,25,48,31,59,14.63,576034463.6543922,39481457.0,0.2947,-31.62,234620,176206,147512,0.227
4360,BHF,Financial Services,Insurance - Life,NASDAQ,72.87,25,30,70,67,49.82,2876728407.5867043,57511563.0,0.1557,-25.42,1069520,993226,1014050,0.867
4361,GERN,Healthcare,Biotechnology,NASDAQ,72.86,25,77,44,83,1.21,770968121.4355195,642473409.0,0.1287,-39.8,10009270,10776586,11052520,0.172
4362,ASMB,Healthcare,Biotechnology,NASDAQ,72.85,25,89,58,89,22.74,458927852.4806824,20360596.0,0.137,-42.73,319660,357076,305128,0.389
4363,LWAY,Consumer Defensive,Packaged Foods,NASDAQ,72.83,25,50,82,52,21.0,324128830.4890137,15281888.0,0.084300004,-35.8,135650,135163,147768,0.241
4364,BKSY,Industrials,Specialty Business Services,NYSE,72.82,25,24,26,94,21.37,897072627.442318,40924846.0,0.1754,-59.59,885010,916406,962648,0.501
4365,GROV,Consumer Defensive,Household & Personal Products,NYSE,72.8,25,20,18,49,1.04,44409086.211084366,42701046.0,0.090100005,-33.76,68180,96343,69810,-0.169
4366,EBS,Healthcare,Drug Manufacturers - Specialty & Generic,NYSE,72.79,25,14,29,62,7.24,324560212.9681549,51273336.0,0.19389999,-48.51,969940,1150810,1252636,0.663
4367,OSIS,Technology,Electronic Components,NASDAQ,72.78,25,23,21,78,197.87,3137060443.57959,15941968.0,0.16530001,-36.52,175780,262223,244986,-0.041
4368,MLM,Basic Materials,Building Materials,NYSE,72.76,25,24,32,56,485.5,34250516576.897766,71019382.0,0.045700002,-31.71,932200,821990,743944,0.21
4369,UA,Consumer Cyclical,Apparel Manufacturing,NYSE,72.76,25,35,67,67,4.57,1971614098.733448,429545541.0,11.31,-42.2,3233275,2607921,2700886,-0.032
4370,AN,Consumer Cyclical,Auto & Truck Dealerships,NYSE,72.75,25,56,32,39,161.67,5371058764.725861,33060806.0,0.119799994,-31.44,582860,583413,528000,-0.006
4371,LAZ,Financial Services,Capital Markets,NYSE,72.75,25,32,25,60,35.28,3515042102.3004456,97450572.0,0.1164,-39.95,1515910,1661340,1626624,0.001
4372,NWCL,Industrials,Specialty Industrial Machinery,NASDAQ,72.75,25,39,54,46,8.53,2209909548.3748474,276584432.0,,-26.47,355320,688733,458298,
4373,AKTS,Healthcare,Biotechnology,NASDAQ,72.73,24,85,87,23,18.52,1030073146.9405861,55619499.0,0.20120001,-45.83,341620,444676,364246,1.114
4374,MAIA,Healthcare,Biotechnology,NYSE ARCA,72.73,24,36,32,27,1.18,73472919.27290249,61741946.0,0.0376,-63.01,716920,620566,507284,
4375,UAA,Consumer Cyclical,Apparel Manufacturing,NYSE,72.69,24,34,66,65,4.7,2023159514.495862,429545541.0,0.374,-42.33,11354500,9119346,9149564,-0.032
4376,SIDU,Industrials,Aerospace & Defense,NASDAQ,72.69,24,81,23,98,1.75,183217834.2678404,101225326.0,0.16549999,-74.23,3946860,3579036,4529548,-0.538
4377,MCD,Consumer Cyclical,Restaurants,NYSE,72.67,24,23,30,43,233.04,164094994191.67987,707641531.0,0.019199999,-31.81,6967740,5596660,5181124,0.037
4378,DRVN,Consumer Cyclical,Auto & Truck Dealerships,NASDAQ,72.66,24,36,60,25,11.65,1926964301.2278442,164979816.0,0.16860001,-32.66,951730,1124546,996900,0.068
4379,NEN,Real Estate,Real Estate Services,NYSE ARCA,72.65,24,27,29,26,49.01,169957754.35938263,3467818.0,0.04,-33.32,600,1086,858,0.143
4380,BIRK,Consumer Cyclical,Footwear & Accessories,NYSE,72.57,24,18,59,25,33.77,5503656681.67511,165126204.0,0.1438,-33.43,2059930,2280870,2557508,0.133
4381,PDCC,Financial Services,Asset Management,NYSE,72.56,24,19,18,20,8.4,58113122.26126099,6935568.0,0.0045,-49.85,2220,2216,3494,
4382,NUCL,Energy,Uranium,NASDAQ,72.55,24,21,19,39,6.25,175408197.06229115,29579798.0,0.064899996,-56.05,184980,271736,333226,
4383,VRSK,Industrials,Consulting Services,NASDAQ,72.53,24,27,28,15,163.28,21329967882.087402,130156012.0,0.041199997,-34.49,1235830,1222680,1377588,0.044
4384,DH,Healthcare,Health Information Services,NASDAQ,72.5,24,19,7,4,0.99,99592820.23209089,106744713.0,0.0405,-71.55,772970,999240,688418,-0.091
4385,STI,Industrials,Electrical Equipment & Parts,NASDAQ,72.5,24,31,85,33,5.43,45202813.522895336,8512771.0,0.0162,-88.2,779260,307066,234066,30.229
4386,PDYN,Technology,Software - Infrastructure,NASDAQ,72.5,24,20,16,24,5.12,262974254.53577042,49338510.0,0.1471,-52.27,871290,803466,854884,4.698
4387,VEEA,Technology,Information Technology Services,NASDAQ,72.43,24,1,3,26,5.72,10358657.402671814,3110708.0,0.64769995,-69.38,15625850,14055918,8465783,1.416
4388,JBLU,Industrials,Airlines,NASDAQ,72.4,24,35,75,78,4.06,1565845587.1332936,377312181.0,0.2949,-38.67,16117200,18491606,24543564,0.145
4389,NOC,Industrials,Aerospace & Defense,NYSE,72.38,24,26,27,70,476.11,67906126428.0,142063026.0,0.015800001,-38.49,1057760,873666,805786,0.051
4390,PAPL,Financial Services,Mortgage Finance,NYSE ARCA,72.35,24,15,23,3,0.88,23578027.5119645,25271197.0,0.0116,-85.87,183980,96413,89520,-0.167
4391,PTN,Healthcare,Biotechnology,NASDAQ,72.32,24,24,29,97,9.48,16616160.734125137,1780939.0,0.2134,-69.42,28870,113446,76354,
4392,BHM,Real Estate,REIT - Residential,NYSE ARCA,72.32,24,24,20,50,8.02,32905305.22025299,4108028.0,0.001,-39.7,2310,2236,3020,0.134
4393,ELVA,Industrials,Electrical Equipment & Parts,NASDAQ,72.31,24,29,84,95,6.36,328234598.06568146,49507480.0,9.73,-50.23,337400,370113,491860,0.034
4394,WEN,Consumer Cyclical,Restaurants,NASDAQ,72.29,24,57,34,19,6.1,1166899949.7795582,190669930.0,0.35900003,-39.72,5306110,6552936,7932008,0.017
4395,THO,Consumer Cyclical,Recreational Vehicles,NYSE,72.29,24,24,20,25,67.24,3589778965.0645294,51614361.0,0.1461,-45.26,942330,788590,697378,-0.084
4396,KBH,Consumer Cyclical,Residential Construction,NYSE,72.29,24,28,49,31,45.04,2781600000.0,60800000.0,0.2338,-33.34,1920650,1521920,1282602,-0.2
4397,MIAX,Financial Services,Capital Markets,NYSE,72.29,24,58,58,69,34.32,3275611776.4242325,99230898.0,0.0867,-39.94,1514020,1580043,1475418,0.183
4398,AMPG,Technology,Communication Equipment,NASDAQ,72.27,24,21,98,22,2.97,91633853.91739583,30043887.0,0.1607,-70.62,711150,937436,1627112,-0.268
4399,EVR,Financial Services,Capital Markets,NYSE,72.27,24,30,46,79,265.35,10063631065.366821,38457778.0,0.030199999,-31.74,545900,500456,534860,0.188
4400,BBUC,Industrials,Conglomerates,NYSE,72.26,24,22,32,62,25.95,5259315636.769909,205442014.0,0.0454,-32.16,325240,348866,338386,-0.03
4401,ASTE,Industrials,Farm & Heavy Construction Machinery,NASDAQ,72.25,24,25,65,87,41.6,965690460.0,22992630.0,0.033,-36.67,194040,223053,251302,0.236
4402,AMSC,Industrials,Specialty Industrial Machinery,NASDAQ,72.23,24,17,30,77,29.98,1453748722.5175266,48442143.0,0.0841,-57.47,678980,682766,714928,0.3
4403,SGI,Consumer Cyclical,"Furnishings, Fixtures & Appliances",NYSE,72.18,24,27,30,54,62.29,14267922823.383698,230239189.0,0.0934,-36.8,2851710,3597066,3425490,-0.03
4404,OKYO,Healthcare,Biotechnology,NASDAQ,72.14,24,24,25,20,1.47,77144906.19145131,52479527.0,0.001,-54.06,66100,74760,73890,
4405,MPAA,Consumer Cyclical,Auto Parts,NASDAQ,72.13,24,29,65,35,10.62,199366664.6542883,18933207.0,0.0908,-41.39,129680,123626,124846,-0.108
4406,WXM,Industrials,Industrial Distribution,NASDAQ,72.13,24,18,4,9,3.57,30522127.042584658,8117587.0,0.0084,-90.27,12310,47580,922342,-0.734
4407,LBTYA,Communication Services,Telecom Services,NASDAQ,72.13,24,26,33,72,8.99,3042501114.742916,341087566.0,0.0848,-33.51,3772030,2722640,2655896,-0.077
4408,ATHR,Technology,Software - Application,NASDAQ,72.1,24,16,74,5,3.16,42221304.13355613,12238059.0,0.056799997,-53.94,9730,13806,12328,-0.04
4409,IVR,Real Estate,REIT - Mortgage,NYSE,72.07,24,42,59,73,5.7,622390004.15802,109000000.0,0.0955,-40.0,3731900,3344276,2982054,
4410,LBTYK,Communication Services,Telecom Services,NASDAQ,72.06,24,26,30,65,8.8,2984516202.5,341087566.0,0.0885,-32.93,1656170,1697993,1629110,-0.077
4411,JYNT,Healthcare,Medical Care Facilities,NASDAQ,72.05,24,32,36,31,7.18,102962164.0873518,14143154.0,0.1029,-32.71,82310,89826,81492,0.144
4412,VYX,Technology,Information Technology Services,NYSE,72.04,24,62,29,13,6.84,925068290.2652569,138069898.0,0.38639998,-46.81,2791950,3041383,2702498,-0.208
4413,LOBO,Consumer Cyclical,Auto Manufacturers,NASDAQ,72.01,24,24,77,36,0.52,6845478.711853564,14441938.0,0.0031,-64.86,644770,6078193,3666304,0.206
4414,MEC,Industrials,Metal Fabrication,NYSE,72.0,24,31,96,81,16.39,419225455.258646,25500331.0,0.095699996,-57.71,616780,540143,603384,0.232
4415,AIRI,Industrials,Aerospace & Defense,NYSE ARCA,71.96,24,22,26,38,2.47,13193789.898778439,4850658.0,0.028099999,-37.47,11260,19583,18748,-0.052
4416,ABTC,Financial Services,Capital Markets,NASDAQ,71.96,24,5,2,9,8.71,619695774.2971096,72819713.0,0.1596,-92.14,1090730,1691406,1625176,1.213
4417,OPXS,Industrials,Aerospace & Defense,NASDAQ,71.94,24,18,37,54,10.32,72730671.52250957,6959873.0,0.0061000003,-41.89,29570,35956,30864,-0.124
4418,MMLP,Energy,Oil & Gas Midstream,NASDAQ,71.94,24,23,17,27,2.1,85291818.09185457,39124686.0,0.0061000003,-35.78,13060,11310,11514,0.182
4419,DNUT,Consumer Defensive,Grocery Stores,NASDAQ,71.91,24,29,37,28,2.89,501415018.2008743,173500000.0,0.1996,-43.44,1943650,2097863,2571140,-0.128
4420,EVAX,Healthcare,Biotechnology,NASDAQ,71.86,24,24,19,84,3.15,28868746.03017783,9021483.0,0.0070999996,-74.07,37140,59860,250818,
4421,AS,Consumer Cyclical,Leisure,NYSE,71.84,24,22,34,64,27.47,15808104436.469498,581822024.0,0.0945,-35.76,5741000,7353790,6875468,0.321
4422,NC,Energy,Thermal Coal,NYSE,71.84,24,25,53,74,36.7,273567693.75,7546695.0,0.0182,-38.24,27060,22676,19488,0.06
4423,STN,Industrials,Engineering & Construction,NYSE,71.83,24,22,15,30,66.86,7581359624.333328,112399703.0,7.72,-41.62,358440,345480,377850,0.115
4424,XYL,Industrials,Specialty Industrial Machinery,NYSE,71.83,24,23,29,39,102.42,23766622807.24356,233486812.0,0.060399998,-33.61,2394740,2521613,2232138,0.015
4425,CDNL,Industrials,Engineering & Construction,NASDAQ,71.82,24,63,97,96,28.71,658710016.5676498,21435406.0,0.1377,-70.22,645550,576826,682982,1.139
4426,BYD,Consumer Cyclical,Resorts & Casinos,NYSE,71.79,24,30,41,61,68.71,4886076591.5,72655414.0,0.0964,-24.83,1238430,1045790,971824,0.0
4427,ALMU,Technology,Semiconductors,NASDAQ,71.77,24,13,76,51,13.08,253411787.54958248,19314923.0,0.253,-58.85,410960,574873,548436,-0.558
4428,ORC,Real Estate,REIT - Mortgage,NYSE,71.74,24,54,52,66,5.05,1008751406.0067201,197407315.0,0.082200006,-39.88,7232000,5605976,5198308,
4429,TLK,Communication Services,Telecom Services,NYSE,71.7,24,31,20,51,12.89,12371908258.428223,985809408.0,0.0057,-45.2,947450,759440,730482,0.064
4430,OZ,Real Estate,Real Estate - Development,NYSE ARCA,71.68,24,28,19,28,41.22,165794945.58540344,4053666.0,0.0308,-40.26,25310,14673,12124,1.681
4431,APRE,Healthcare,Biotechnology,NASDAQ,71.68,24,24,13,21,0.68,8750839.429941177,12591136.0,0.0484,-59.76,375830,526296,334722,
4432,GLIBK,Communication Services,Telecom Services,NASDAQ,71.65,23,33,11,53,23.55,927392051.4264717,39904994.0,0.0837,-42.81,294500,307400,362726,0.0
4433,DOYU,Communication Services,Internet Content & Information,NASDAQ,71.64,23,16,18,16,4.37,134295916.79383945,30178859.0,0.0050999997,-42.41,26250,32710,28150,-0.069
4434,WAVE,Utilities,Utilities - Renewable,NASDAQ,71.63,23,19,86,44,5.82,36439638.71209717,6239664.0,0.0007,-46.46,13600,17483,16564,
4435,BTQ,Technology,Software - Infrastructure,NASDAQ,71.62,23,12,35,7,3.15,466245757.3113651,147080677.0,5.05,-80.31,2058410,2297890,2005688,
4436,WY,Real Estate,REIT - Specialty,NYSE,71.62,23,36,35,42,18.49,13317656493.129332,721042609.0,0.045300003,-33.37,8059250,6551993,6156138,-0.009
4437,XBIO,Healthcare,Biotechnology,NASDAQ,71.58,23,95,20,69,2.2,5248725.462346315,2343181.0,0.01,-84.21,50110,132553,106482,0.12
4438,FG,Financial Services,Insurance - Life,NYSE,71.56,23,26,64,29,22.01,2870099791.2695637,130935209.0,0.12109999,-37.7,604080,642490,647284,0.042
4439,AARD,Healthcare,Biotechnology,NASDAQ,71.56,23,37,60,5,5.22,109201943.41111374,21884158.0,0.029000001,-70.9,70880,115690,120808,
4440,GLIBA,Communication Services,Telecom Services,NASDAQ,71.55,23,35,11,52,23.61,924199654.9509811,39904994.0,0.106400006,-43.61,41390,38026,39850,0.0
4441,RSSS,Technology,Software - Application,NASDAQ,71.55,23,24,22,24,2.09,72589741.56985903,33762669.0,0.0023,-44.85,29600,43346,38218,-0.029
4442,CRNC,Technology,Software - Application,NASDAQ,71.54,23,23,64,20,8.0,365912786.0315895,45230257.0,0.1359,-40.7,543100,618593,662064,0.118
4443,KULR,Technology,Electronic Components,NYSE ARCA,71.53,23,13,43,7,2.55,122642857.71363544,46280322.0,0.1512,-57.5,614120,641586,826680,-0.43
4444,GOF,Financial Services,Asset Management,NYSE,71.51,23,24,31,30,8.6,1853256820.2671814,212043120.0,0.57,-42.93,2774400,2975096,2840716,
4445,RLX,Consumer Defensive,Tobacco,NYSE,71.49,23,20,26,42,1.72,2090055351.0653114,1222254564.0,0.0216,-33.85,2019550,4207556,3595628,0.155
4446,MMS,Industrials,Specialty Business Services,NYSE,71.46,23,19,17,25,54.41,2756636301.841606,52357763.0,0.112799995,-45.59,759070,659873,655524,-0.051
4447,HUIZ,Financial Services,Insurance Brokers,NASDAQ,71.43,23,18,12,17,1.31,13441081.51370573,10106076.0,0.1243,-68.55,23300,119150,2365388,-0.093
4448,CINT,Technology,Software - Infrastructure,NYSE,71.43,23,18,13,46,3.18,410843677.3123808,127988683.0,0.0011999999,-45.17,60070,84890,81570,0.219
4449,WGO,Consumer Cyclical,Recreational Vehicles,NYSE,71.41,23,34,26,35,25.0,743471864.3325462,28268893.0,0.1099,-50.16,600410,579710,530864,-0.099
4450,OPAL,Industrials,Engineering & Construction,NASDAQ,71.4,23,26,23,65,1.78,52706275.908877134,30290963.0,0.1301,-37.98,499010,311296,259262,0.037
4451,CSBR,Healthcare,Biotechnology,NASDAQ,71.37,23,24,27,22,4.97,68757731.6564269,13918569.0,0.01,-40.19,9710,11926,11922,0.088
4452,XPER,Technology,Software - Application,NYSE,71.36,23,25,76,33,5.43,264830985.08776188,48771822.0,0.103,-37.94,372940,406666,445480,0.081
4453,QUBT,Technology,Computer Hardware,NASDAQ,71.33,23,15,20,15,7.94,1851517392.0555801,226346861.0,0.3231,-66.74,7620860,6807633,7626978,90.0
4454,UEC,Energy,Uranium,NYSE ARCA,71.3,23,27,33,89,9.35,4608937479.025273,495584665.0,0.1457,-54.03,10417120,9456010,8792962,
4455,WSC,Industrials,Rental & Leasing Services,NASDAQ,71.3,23,23,76,23,17.07,3134603435.1622696,181190958.0,0.1148,-42.66,3208800,2765756,2953282,0.039
4456,LEN,Consumer Cyclical,Residential Construction,NYSE,71.29,23,18,22,21,74.44,19225840694.897095,240895142.0,0.0022,-44.35,6644170,4908246,3859068,-0.087
4457,BMI,Technology,Scientific & Technical Instruments,NYSE,71.29,23,25,22,27,124.89,3703649343.8830795,28986847.0,0.1926,-38.78,409400,364463,371124,-0.066
4458,GEMI,Financial Services,Capital Markets,NASDAQ,71.27,23,9,7,3,4.77,605475793.231678,129652202.0,0.2078,-82.17,2315710,2917446,2611224,0.366
4459,SCM,Financial Services,Asset Management,NYSE,71.25,23,27,19,22,7.35,211036328.8243065,28479937.0,0.0256,-45.76,99800,141396,170330,-0.132
4460,BRSL,Consumer Cyclical,Gambling,NYSE,71.25,23,26,20,29,9.93,1800012266.4606762,182742355.0,0.0539,-46.06,2899850,2174343,2195390,-0.074
4461,AMS,Healthcare,Medical Care Facilities,NYSE ARCA,71.25,23,21,21,9,1.35,9376499.778032303,6650000.0,0.0011,-47.67,8540,7866,13056,0.192
4462,LOW,Consumer Cyclical,Home Improvement Retail,NYSE,71.24,23,25,27,52,179.5,101375834723.9421,560707041.0,0.0186,-38.75,3422620,3239776,3120476,0.083
4463,HSAI,Consumer Cyclical,Auto Parts,NASDAQ,71.2,23,25,13,65,15.91,19334777785.30799,1257137688.0,0.0725,-45.79,906960,1252073,1463494,0.219
4464,AVX,Technology,Software - Infrastructure,NASDAQ,71.19,23,6,4,1,6.32,45863773.189061165,7397383.0,0.0049,-87.75,573920,319216,200916,5.232
4465,AMPX,Industrials,Electrical Equipment & Parts,NYSE,71.18,23,17,55,98,9.45,1412599587.2050667,146080618.0,0.1576,-60.99,6350020,5005950,5526702,1.259
4466,CUVL,Healthcare,Biotechnology,NASDAQ,71.18,23,27,51,27,5.74,304080235.52019405,50427898.0,1.03,-35.65,7360,21260,14760,-0.038
4467,FENG,Communication Services,Internet Content & Information,NYSE,71.14,23,19,15,29,1.43,16815086.113640785,12010776.0,0.0008,-50.52,1460,1930,2464,0.158
4468,CREX,Technology,Software - Application,NASDAQ,71.11,23,22,75,90,2.48,33816265.0,13526506.0,0.0032,-43.89,22790,28130,30764,0.65
4469,NVO,Healthcare,Drug Manufacturers - General,NYSE,71.1,23,60,48,14,37.54,164789448880.1519,4415580124.0,0.0083,-41.49,15701130,13155700,13587014,0.021
4470,NA,Technology,Semiconductors,NASDAQ,71.1,23,20,6,19,2.14,48414611.249358416,22006641.0,0.0806,-64.15,30000,515836,317242,-0.665
4471,LONA,Healthcare,Biotechnology,NASDAQ,71.09,23,87,92,97,5.58,45412417.277335644,9421663.0,0.0032,-60.73,890740,326706,216314,
4472,LRE,Real Estate,Real Estate - Development,NASDAQ,71.08,23,40,25,29,1.1,15006091.425248265,13641901.0,0.036199998,-41.8,42600,20503,16030,0.038
4473,SOFI,Financial Services,Credit Services,NASDAQ,71.05,23,26,30,30,15.92,20368064600.713974,1291570324.0,0.14829999,-51.36,50881460,43519070,51038504,0.426
4474,FWRG,Consumer Cyclical,Restaurants,NASDAQ,71.03,23,28,28,16,10.51,652300419.1168594,61712435.0,0.1185,-44.16,1359620,1213966,1230834,0.152
4475,LCII,Consumer Cyclical,Recreational Vehicles,NYSE,71.0,23,39,31,81,82.58,2013235835.3157349,24311507.0,0.1225,-48.28,350010,326346,301468,-0.125
4476,SNTG,Financial Services,Credit Services,NASDAQ,71.0,23,18,32,35,1.72,4965425.196492672,2805325.0,0.0086,-49.25,26100,12596,24674,-0.359
4477,AMRN,Healthcare,Drug Manufacturers - General,NASDAQ,70.97,23,28,30,50,12.09,260867007.9577217,21122834.0,0.0254,-42.15,65670,77243,66534,-0.42
4478,STWD,Real Estate,REIT - Mortgage,NYSE,70.96,23,32,34,49,12.98,4830704868.104124,370168950.0,0.0548,-33.2,6342210,4916163,4831398,0.134
4479,CAVA,Consumer Cyclical,Restaurants,NYSE,70.95,23,25,32,71,54.1,6355425215.356789,116806198.0,0.13350001,-45.24,3404080,3348506,3501936,0.313
4480,RYET,Consumer Defensive,Education & Training Services,NASDAQ,70.94,23,18,16,14,0.88,32060803.973294735,37280004.0,0.0021,-56.65,81070,462810,284866,1.762
4481,ABG,Consumer Cyclical,Auto & Truck Dealerships,NYSE,70.94,23,45,30,26,171.83,3157383249.6158447,17951917.0,0.1247,-33.59,254620,236220,255780,0.003
4482,CG,Financial Services,Asset Management,NASDAQ,70.92,23,32,22,35,39.32,14189171907.61586,356332798.0,0.0727,-41.58,3208400,3279640,3778032,-0.329
4483,EBON,Technology,Computer Hardware,NASDAQ,70.89,23,20,15,8,2.02,13095084.599586487,6280616.0,0.0022,-64.17,4470,4620,6256,0.095
4484,FIGR,Financial Services,Capital Markets,NASDAQ,70.89,23,69,21,26,27.94,6401500842.228058,224377872.0,0.0791,-64.18,4802730,4629196,4598738,1.208
4485,BLRX,Healthcare,Biotechnology,NASDAQ,70.88,23,22,44,18,2.32,11798371.350288391,4978216.0,0.0301,-49.12,14070,23636,17414,-0.033
4486,ABVX,Healthcare,Biotechnology,NASDAQ,70.88,23,66,99,99,91.73,8105779002.301598,87271525.0,0.0795,-38.37,1523640,1241326,1097386,-0.068
4487,RDDT,Communication Services,Internet Content & Information,NYSE,70.87,23,22,71,30,150.42,28447748086.02951,192396510.0,0.1369,-42.91,4160160,4528420,6379058,0.611
4488,TUYA,Technology,Software - Infrastructure,NYSE,70.87,23,23,19,56,1.68,1036146942.5921311,613104679.0,0.0083,-37.78,334330,727490,621542,0.16
4489,CLB,Energy,Oil & Gas Equipment & Services,NYSE,70.82,22,25,16,71,10.51,455174660.14071274,45884542.0,0.2289,-48.38,761610,569163,598180,-0.043
4490,ZURA,Healthcare,Biotechnology,NASDAQ,70.82,22,96,90,98,3.93,393857765.86457014,95829137.0,0.1302,-47.18,2450690,2077456,1550896,
4491,YDKG,Communication Services,Advertising Agencies,NASDAQ,70.82,22,16,9,5,0.93,5142145.809547842,5529189.0,0.01,-99.75,56400,27556,27136,0.689
4492,MITT,Real Estate,REIT - Mortgage,NYSE,70.8,22,30,56,65,5.63,183188023.27923775,31803475.0,0.0001,-39.27,477440,371416,341628,0.537
4493,GENK,Consumer Cyclical,Restaurants,NASDAQ,70.75,22,25,28,8,1.61,8637340.956744194,5364808.0,0.056799997,-50.0,17700,37376,239496,0.013
4494,MWG,Industrials,Rental & Leasing Services,NYSE ARCA,70.75,22,14,6,18,1.36,7353094.050290108,5142024.0,0.0088,-77.52,3300,2906,18104,0.08
4495,SFD,Consumer Defensive,Packaged Foods,NASDAQ,70.75,22,29,44,82,18.73,7426453988.996567,393767431.0,0.121400006,-37.16,1764650,1962456,1788842,-0.023
4496,WU,Financial Services,Credit Services,NYSE,70.74,22,28,34,60,6.1,1871273886.0,311878981.0,0.18020001,-41.06,8770990,8675803,10437854,-0.013
4497,GTM,Technology,Software - Application,NASDAQ,70.73,22,24,4,11,3.75,1080018281.764967,291110046.0,0.1552,-69.54,5073630,5213433,6194124,0.012
4498,TBLA,Communication Services,Internet Content & Information,NASDAQ,70.72,22,39,91,38,3.27,872601940.6928053,270155398.0,0.038399998,-42.73,2029890,1990553,2465002,0.024
4499,COO,Healthcare,Medical Instruments & Supplies,NASDAQ,70.68,22,36,34,33,56.77,10821737752.524605,190155294.0,0.060300004,-36.8,4472070,4398400,3370036,0.006
4500,JBTM,Industrials,Specialty Industrial Machinery,NYSE,70.68,22,24,38,44,109.76,5633822247.042259,51876817.0,0.0911,-35.51,535390,538440,605964,0.049
4501,AIB,Technology,Software - Infrastructure,NYSE ARCA,70.64,22,8,33,11,1.62,124606323.15310502,75979466.0,0.01,-74.2,5201560,2429713,1966588,-0.386
4502,GSHD,Financial Services,Insurance Brokers,NASDAQ,70.6,22,84,32,8,46.19,1083265615.5977821,23802805.0,0.124,-42.15,662350,446450,456226,0.207
4503,CSPI,Technology,Information Technology Services,NASDAQ,70.59,22,23,23,18,7.54,76310484.3804574,10080645.0,0.0113,-49.73,9150,11030,11202,-0.068
4504,WLK,Basic Materials,Specialty Chemicals,NYSE,70.55,22,26,21,86,64.61,8115080798.0,127796548.0,0.16309999,-47.99,1039540,791820,952590,0.108
4505,NMRK,Real Estate,Real Estate Services,NASDAQ,70.54,22,34,40,63,12.58,2292542062.416765,181228627.0,0.042,-36.58,2093860,1927166,1748912,0.17
4506,CALM,Consumer Defensive,Farm Products,NASDAQ,70.51,22,24,60,30,64.99,3114196483.180313,46710613.0,0.1279,-32.0,1719490,1188463,1063806,-0.415
4507,HFFG,Consumer Defensive,Food Distribution,NASDAQ,70.5,22,19,14,22,1.6,90632589.81486511,55602816.0,0.0036000002,-42.55,62120,79906,200874,0.028
4508,CURX,Healthcare,Biotechnology,NASDAQ,70.49,22,9,4,16,4.96,7402097.190969944,1568241.0,0.0047,-70.72,22390,24073,21521,
4509,TSQ,Communication Services,Advertising Agencies,NYSE,70.48,22,32,67,61,4.44,82953960.92740917,18231639.0,0.0155,-44.29,85170,70150,80574,-0.001
4510,FTAI,Industrials,Aerospace & Defense,NASDAQ,70.44,22,33,77,93,164.7,17155165284.355133,102707091.0,0.0936,-49.09,1173230,1307753,1465438,0.409
4511,RLMD,Healthcare,Biotechnology,NASDAQ,70.43,22,74,99,99,3.48,384011435.42717075,106669846.0,0.144,-56.5,1112630,1181573,1201050,
4512,PTLE,Consumer Cyclical,Specialty Retail,NASDAQ,70.37,22,30,30,11,7.06,47359659.64039421,6281122.0,0.0011999999,-80.39,32350,39966,28462,-0.413
4513,ASR,Industrials,Airports & Air Services,NYSE,70.37,22,22,26,66,238.47,7039817404.270721,30032069.0,0.039300002,-37.49,90890,63680,62402,0.099
4514,PUSA,Industrials,Aerospace & Defense,NASDAQ,70.24,22,17,96,98,2.89,425336011.55281067,134600000.0,,-64.97,1344670,851580,792882,
4515,FEBO,Technology,Consumer Electronics,NASDAQ,70.21,22,22,20,61,0.72,7024687.394499779,11062500.0,0.013099999,-50.68,97090,129280,80610,-0.359
4516,AACG,Consumer Defensive,Education & Training Services,NASDAQ,70.19,22,17,37,36,0.77,33270352.445868015,43208251.0,0.0005,-48.67,3490,6543,276862,-0.117
4517,MATH,Financial Services,Capital Markets,NASDAQ,70.13,22,14,8,8,1.09,52767165.140036345,47537986.0,0.0022,-73.41,56770,151853,107452,0.011
4518,LAES,Technology,Semiconductors,NASDAQ,70.13,22,13,33,15,2.41,533085410.9387398,224930564.0,0.0507,-72.33,3918010,4937593,8121900,1.311
4519,CYD,Consumer Cyclical,Auto Manufacturers,NYSE,70.12,22,26,81,88,31.87,1198710448.4742088,37518323.0,0.0226,-48.16,160570,129140,127338,0.062
4520,HLLY,Consumer Cyclical,Auto Parts,NYSE,70.1,22,32,22,62,2.29,283687884.21439004,121234143.0,0.043899998,-48.88,1194750,1187966,1100906,0.032
4521,ANNA,Energy,Oil & Gas E&P,NASDAQ,70.09,22,25,20,64,2.69,109309803.12347412,40940000.0,0.0696,-74.72,130820,234023,224404,1.535
4522,WSO,Industrials,Industrial Distribution,NYSE,70.07,22,22,35,46,292.15,12271290199.536682,41252194.0,0.0,-36.35,496360,509406,531498,0.021
4523,AAP,Consumer Cyclical,Auto Parts,NYSE,70.06,22,19,66,78,39.65,2336272018.432617,60400000.0,0.27629998,-39.19,1898690,1784043,1991564,-0.005
4524,AON,Financial Services,Insurance Brokers,NYSE,70.05,22,32,55,31,272.05,57157200780.7218,212125434.0,0.0176,-28.85,1980820,1937680,1637370,0.022
4525,LEGN,Healthcare,Biotechnology,NASDAQ,70.02,22,17,66,14,18.77,3611649770.0568466,194488413.0,0.17799999,-49.95,2108620,2064136,2427380,0.519
4526,PDC,Technology,Software - Application,NASDAQ,70.02,22,16,49,90,3.29,28074917.7895298,8114138.0,0.0004,-62.74,42570,45403,41520,-0.386
4527,FNF,Financial Services,Insurance - Specialty,NYSE,70.02,22,28,40,32,39.0,10529249937.867245,268192827.0,0.0279,-33.23,3169810,2668416,2218890,0.105
4528,BLNK,Industrials,Engineering & Construction,NASDAQ,70.0,22,14,15,14,0.55,81310618.15553236,144938716.0,0.098400004,-79.25,820470,1090620,1205722,-0.245
4529,FSLR,Technology,Solar,NASDAQ,70.0,22,23,63,55,176.16,18765299748.274353,107469788.0,0.128,-45.11,2626360,2237813,2410856,-0.037
4530,COUR,Consumer Defensive,Education & Training Services,NYSE,69.99,22,24,22,22,5.18,1437520327.1781425,286358632.0,0.1001,-53.38,8892040,6161690,6356774,0.596
4531,CCAP,Financial Services,Asset Management,NASDAQ,69.93,22,23,27,37,9.02,332350503.9067383,36845952.0,0.028800001,-40.56,260850,289746,258484,-0.155
4532,PHIO,Healthcare,Biotechnology,NASDAQ,69.93,22,22,13,23,0.99,11442992.401186109,11617251.0,0.012999999,-76.37,118190,143910,145656,
4533,PROK,Healthcare,Biotechnology,NASDAQ,69.92,22,34,14,60,1.58,352943512.2308109,205199713.0,0.138,-54.6,1349560,1492170,1350608,-0.321
4534,YHGJ,Consumer Cyclical,Packaging & Containers,NASDAQ,69.88,22,15,17,8,2.7,7279790.6604652405,2609244.0,0.0068,-73.76,6500,3316,3754,-0.285
4535,CRMD,Healthcare,Biotechnology,NASDAQ,69.87,22,31,37,29,7.26,564069100.7790532,78451891.0,0.21069999,-44.24,883750,896626,1128174,1.565
4536,SPMC,Financial Services,Asset Management,NYSE,69.86,22,25,25,16,8.25,174107274.34380054,20628825.0,4.54,-54.67,24030,23153,26654,-0.353
4537,WRAP,Technology,Scientific & Technical Instruments,NASDAQ,69.84,22,51,84,19,1.45,90811430.30743933,61776482.0,0.2007,-55.11,409930,601926,658864,1.028
4538,RBA,Industrials,Specialty Business Services,NYSE,69.84,22,19,49,36,82.3,15164175491.333008,185200000.0,0.114700004,-31.03,1450980,1713443,1899596,0.111
4539,MBLY,Consumer Cyclical,Auto Parts,NASDAQ,69.81,22,21,32,11,7.58,6308392042.024166,850187598.0,0.22649999,-52.06,6763960,5055616,5132870,0.004
4540,STKS,Consumer Cyclical,Restaurants,NASDAQ,69.81,22,19,29,13,1.54,49434875.6267395,31689024.0,0.054,-47.08,14260,19853,21164,-0.033
4541,DECK,Consumer Cyclical,Footwear & Accessories,NYSE,69.81,22,19,40,56,80.21,10774708899.874641,136181857.0,0.078,-34.41,3112130,3288166,2884006,0.057
4542,GPGI,Industrials,Metal Fabrication,NYSE,69.79,22,24,23,50,12.98,3739581947.2157097,289890082.0,0.1698,-51.53,1673810,1742113,1562210,
4543,KC,Technology,Software - Application,NASDAQ,69.76,22,25,22,77,9.27,2694326985.0,299369665.0,0.0366,-49.95,1161480,1287743,1452240,0.308
4544,RPT,Real Estate,REIT - Mortgage,NYSE,69.74,22,27,42,35,10.95,86275463.36499786,7772564.0,0.037100002,-38.96,17910,18840,38710,0.096
4545,SFM,Consumer Defensive,Grocery Stores,NASDAQ,69.72,22,26,27,16,64.92,6011674497.577667,93247625.0,0.1618,-43.22,2334020,1985236,1940744,0.047
4546,PW,Real Estate,REIT - Specialty,NYSE ARCA,69.72,22,18,45,24,7.15,2441348.0350112915,367120.0,0.0216,-44.66,10670,20140,16894,1.545
4547,WIT,Technology,Information Technology Services,NYSE,69.6,22,16,16,21,1.69,17016712535.373512,9893437356.0,0.0458,-45.31,9599580,9599243,8327642,0.106
4548,LHX,Industrials,Aerospace & Defense,NYSE,69.59,21,23,31,78,236.88,44058379282.16382,186214616.0,0.0275,-37.54,1555280,1638420,1678164,0.084
4549,KYTX,Healthcare,Biotechnology,NASDAQ,69.55,21,80,81,96,6.32,384666208.7047291,61843444.0,0.1665,-53.77,1199730,874816,832232,
4550,IRTC,Healthcare,Medical Devices,NASDAQ,69.51,21,29,22,28,109.09,3638126731.6455917,32963003.0,0.0936,-48.54,522730,507763,598368,0.201
4551,YB,Technology,Software - Application,NASDAQ,69.5,21,20,17,29,12.7,596277781.6039782,46080201.0,0.0005,-47.95,41320,36346,31266,0.301
4552,XPL,Basic Materials,Other Industrial Metals & Mining,NYSE ARCA,69.48,21,17,47,81,0.58,53970143.232763946,94684463.0,0.001,-40.82,108620,196680,153640,
4553,WYFI,Technology,Information Technology Services,NASDAQ,69.47,21,41,97,24,17.46,696546767.5955048,38848118.0,0.4149,-62.75,1206390,1677716,2073940,0.557
4554,RGTI,Technology,Computer Hardware,NASDAQ,69.45,21,16,30,36,15.15,5089973391.75,333768747.0,0.1876,-73.95,15684620,16053826,17684604,1.853
4555,AMRC,Industrials,Engineering & Construction,NYSE,69.43,21,20,35,76,21.49,1144638155.0754776,53066211.0,0.1999,-52.17,535450,649176,720192,0.091
4556,GELS,Healthcare,Drug Manufacturers - Specialty & Generic,NASDAQ,69.42,21,81,8,15,0.54,5580462.035230994,10711059.0,0.0307,-73.13,3504740,6014943,3625242,0.489
4557,BEPC,Utilities,Utilities - Renewable,NYSE,69.39,21,23,31,76,28.32,5294536191.900585,185642921.0,7.9,-37.32,1842360,1737303,1815480,0.13
4558,PTHS,Healthcare,Biotechnology,NYSE ARCA,69.34,21,31,55,65,20.5,78866462.86044502,3828469.0,0.0454,-45.33,27410,43186,60052,
4559,TE,Industrials,Electrical Equipment & Parts,NYSE,69.31,21,35,97,96,3.7,1154348000.466776,294476525.0,0.29639998,-70.38,19913600,19576173,26733882,0.884
4560,MIR,Industrials,Specialty Industrial Machinery,NYSE,69.23,21,21,20,33,14.92,3551860236.003227,243278092.0,0.2354,-50.72,3629530,3694290,3927622,0.197
4561,PDD,Consumer Cyclical,Internet Retail,NASDAQ,69.2,21,21,18,33,77.9,107295621396.08485,1423396462.0,0.0328,-44.12,5279960,6740543,6410338,0.081
4562,SHOE,Consumer Cyclical,Apparel Retail,NASDAQ,69.19,21,17,21,32,12.82,341972390.6260395,27183815.0,0.4884,-42.33,1011660,1327420,994298,-0.072
4563,YI,Healthcare,Medical Distribution,NASDAQ,69.19,21,13,23,75,3.15,28326224.33168316,8796964.0,0.0021,-71.8,12510,17320,11794,-0.283
4564,TRTX,Real Estate,REIT - Mortgage,NYSE,69.16,21,34,59,57,6.02,471361705.0102315,76769009.0,0.0695,-35.75,1364090,989103,974434,-0.116
4565,RDCM,Communication Services,Telecom Services,NASDAQ,69.16,21,19,65,36,10.41,172237898.6914816,16738377.0,0.045500003,-37.81,45590,92100,141542,-0.334
4566,UIS,Technology,Information Technology Services,NYSE,69.15,21,19,89,12,2.32,166248375.3138578,72915955.0,0.088199995,-53.41,632650,601363,651342,-0.02
4567,HDB,Financial Services,Banks - Regional,NYSE,69.11,21,20,24,21,22.11,114816259592.80429,5139492337.0,0.0069999998,-40.96,10636580,11310133,9882548,0.166
4568,CIM,Real Estate,REIT - Mortgage,NYSE,69.11,21,30,56,67,9.18,775171453.8401146,83711818.0,0.0414,-35.26,1719630,1284223,1082696,0.081
4569,BV,Industrials,Specialty Business Services,NYSE,69.07,21,25,62,30,10.2,951927975.2731323,92600000.0,0.2909,-32.0,999450,916880,1091856,0.013
4570,SWAG,Communication Services,Advertising Agencies,NASDAQ,69.07,21,26,78,60,1.42,27400197.833282948,18639590.0,0.0002,-59.43,27590,23586,31186,0.024
4571,DSY,Consumer Defensive,Household & Personal Products,NASDAQ,69.06,21,77,21,2,3.53,16916667.608095646,4751873.0,0.038599998,-83.66,6710,17756,731792,-0.173
4572,POST,Consumer Defensive,Packaged Foods,NYSE,69.04,21,23,23,35,72.68,3288606729.5091553,45322586.0,0.1531,-38.03,807890,924500,987358,-0.018
4573,FUFU,Financial Services,Capital Markets,NASDAQ,69.03,21,8,7,14,1.5,233375283.62564254,166696634.0,0.0049,-63.05,55710,99926,144700,-0.629
4574,DOUG,Real Estate,Real Estate Services,NYSE,69.0,21,22,28,20,1.56,140880228.8160045,90890473.0,0.0272,-48.51,606580,511080,453156,0.045
4575,ARVN,Healthcare,Biotechnology,NASDAQ,68.98,21,55,21,72,7.46,478102067.3348465,64521198.0,0.0889,-48.59,746690,782863,839316,10.147
4576,ALT,Healthcare,Biotechnology,NASDAQ,68.97,21,37,21,22,2.67,532005891.8292811,194517701.0,0.26639998,-58.54,3756710,3742233,4517164,
4577,CSV,Consumer Cyclical,Personal Services,NYSE,68.97,21,22,22,63,32.28,510933433.23864746,15882296.0,0.044499997,-38.04,209010,160853,181562,0.008
4578,CDZI,Industrials,Pollution & Treatment Controls,NASDAQ,68.95,21,32,34,69,3.57,324313190.7896519,84677075.0,0.1675,-48.71,1235150,1064163,995094,-0.763
4579,MYGN,Healthcare,Diagnostics & Research,NASDAQ,68.94,21,9,58,20,4.58,434249384.6512556,95649645.0,0.1001,-46.68,1873870,1991606,2318500,-0.105
4580,SKIL,Consumer Defensive,Education & Training Services,NYSE,68.92,21,34,35,7,5.64,51963535.58715439,9100444.0,0.1671,-69.43,48200,86046,70606,-0.029
4581,CDRE,Industrials,Aerospace & Defense,NYSE,68.88,21,23,22,31,25.0,1070518350.0,42820734.0,0.0735,-48.73,476100,448993,434614,0.318
4582,HTT,Financial Services,Credit Services,NYSE,68.87,21,17,26,24,2.29,358704885.3546066,155283504.0,0.0038,-54.65,73030,81123,80862,-0.939
4583,UNCY,Healthcare,Biotechnology,NASDAQ,68.86,21,22,29,81,4.19,117549178.6957345,27855257.0,0.15439999,-52.06,954500,849123,831416,
4584,CLPT,Healthcare,Medical Devices,NASDAQ,68.84,21,63,88,18,11.52,332496062.66356087,30504227.0,0.1468,-61.73,948830,698640,668136,0.181
4585,GDEV,Communication Services,Electronic Gaming & Multimedia,NASDAQ,68.84,21,19,16,51,11.66,194968772.38728714,18119774.0,0.00029999999,-72.37,1260,1816,5338,-0.22
4586,BL,Technology,Software - Application,NASDAQ,68.77,21,24,15,11,28.13,1593213641.8307877,58125270.0,0.1489,-52.78,896420,917706,1028696,0.092
4587,XFOR,Healthcare,Biotechnology,NASDAQ,68.75,21,58,89,85,2.9,280585275.1257038,99146743.0,0.0832,-39.96,1248480,1015543,905198,3.463
4588,AMTD,Financial Services,Asset Management,NYSE,68.71,21,16,32,37,0.77,70613048.3704949,94910009.0,0.0001,-53.33,14490,8350,11120,-0.826
4589,CCLD,Healthcare,Health Information Services,NASDAQ,68.68,21,19,22,80,2.04,85837594.36949396,42493859.0,0.0167,-47.01,168130,291366,341868,0.164
4590,MATW,Industrials,Conglomerates,NASDAQ,68.68,21,23,52,66,19.33,602102135.7465134,31213173.0,0.2635,-37.5,1087710,1092896,940492,-0.296
4591,KMPR,Financial Services,Insurance - Property & Casualty,NYSE,68.61,21,27,17,16,25.81,1511301539.9317474,58874232.0,0.099700004,-49.39,916060,907586,889434,-0.091
4592,MGM,Consumer Cyclical,Resorts & Casinos,NYSE,68.55,21,52,82,61,30.17,7798345525.680599,255851235.0,0.1599,-41.52,7300740,4005370,3374878,0.01
4593,MLCI,Financial Services,Asset Management,NASDAQ,68.52,21,20,14,19,3.33,38041812.26704407,11188768.0,0.0076,-61.64,14460,18233,28500,-0.576
4594,JZXN,Consumer Cyclical,Auto & Truck Dealerships,NASDAQ,68.51,21,8,75,2,1.14,58209417.424368024,51512759.0,0.0005,-93.8,222050,1750956,1467538,6.304
4595,CIGI,Real Estate,Real Estate Services,NASDAQ,68.5,21,21,17,25,89.04,4588100986.997406,51103821.0,4.55,-48.08,279080,261736,244764,0.167
4596,EGAN,Technology,Software - Application,NASDAQ,68.44,21,14,18,33,5.97,153626508.2949133,26171467.0,0.1,-62.57,351030,314560,230978,-0.047
4597,RAIL,Industrials,Railroads,NASDAQ,68.44,21,19,19,58,6.76,226259835.12722015,32791280.0,0.0318,-54.63,184570,246246,227496,-0.046
4598,HDSN,Basic Materials,Specialty Chemicals,NASDAQ,68.42,21,20,29,25,5.22,220123101.61277533,42088547.0,0.0682,-45.91,406980,460540,556072,0.075
4599,BUDA,Consumer Defensive,Beverages - Non-Alcoholic,NYSE ARCA,68.37,21,30,76,76,7.2,96888995.33938026,12566666.0,0.00059999997,-40.0,6750,6453,10684,0.264
4600,STC,Financial Services,Insurance - Property & Casualty,NYSE,68.34,21,38,58,49,50.83,1573419335.1634102,30522199.0,0.047399998,-35.34,397610,292693,256726,0.243
4601,CABA,Healthcare,Biotechnology,NASDAQ,68.28,21,85,78,94,2.08,339090890.0,169545445.0,0.2167,-50.83,5998020,5728446,5031662,
4602,TLSA,Healthcare,Biotechnology,NASDAQ,68.27,21,14,24,43,1.07,142530227.32681882,127259131.0,0.0477,-54.08,711480,622020,816178,
4603,TDOC,Healthcare,Health Information Services,NYSE,68.26,21,28,86,16,5.79,1002895792.4546523,181684021.0,0.1528,-41.44,3607960,3439910,4400216,-0.04
4604,BARK,Consumer Cyclical,Specialty Retail,NYSE,68.26,21,24,24,8,8.1,73351669.80620289,9033457.0,0.098500006,-61.06,47580,51926,53320,-0.234
4605,DY,Industrials,Engineering & Construction,NYSE,68.24,21,21,82,89,274.41,8256561978.75,30160957.0,0.0538,-51.56,593640,769013,632140,0.456
4606,USAR,Basic Materials,Other Industrial Metals & Mining,NASDAQ,68.23,20,33,68,63,13.65,5101587312.340385,375392734.0,0.1043,-68.96,12215660,12934070,12888202,
4607,QURE,Healthcare,Biotechnology,NASDAQ,68.23,20,98,97,41,22.8,1627335962.013153,69366412.0,0.1449,-68.11,5501320,2661166,2149532,0.11
4608,PACK,Consumer Cyclical,Packaging & Containers,NYSE,68.23,20,23,91,24,3.96,350751415.0956764,85758289.0,0.060599998,-49.3,521940,484223,517574,0.14
4609,SPWH,Consumer Cyclical,Specialty Retail,NASDAQ,68.23,20,18,12,28,1.16,44229855.26335895,39141465.0,0.011,-65.37,239160,517703,440728,0.006
4610,SARO,Industrials,Aerospace & Defense,NYSE,68.22,20,32,38,34,21.04,6965853770.07851,330919431.0,0.116000004,-38.98,4159570,3826560,3651934,0.046
4611,NXB,Consumer Cyclical,Auto & Truck Dealerships,NYSE ARCA,68.21,20,20,12,53,1.91,48022928.61076534,25142895.0,0.0067000003,-51.03,25290,56316,50722,0.884
4612,CHGG,Consumer Defensive,Education & Training Services,NYSE,68.2,20,23,24,68,0.72,82160337.73884058,111027482.0,0.0581,-54.14,567620,1052036,1154810,-0.507
4613,WOOF,Consumer Cyclical,Specialty Retail,NASDAQ,68.2,20,32,23,29,2.18,627258408.2190471,286419357.0,0.2117,-43.81,2331150,2742580,2234990,0.0
4614,SANA,Healthcare,Biotechnology,NASDAQ,68.17,20,76,49,47,2.88,865152272.3341806,299360637.0,0.2333,-56.03,3859110,3601493,3232782,
4615,PALI,Healthcare,Biotechnology,NASDAQ,68.14,20,94,84,93,1.46,250949613.49184132,174270558.0,0.1737,-48.95,3880830,3156913,2528154,
4616,REZI,Industrials,Industrial Distribution,NYSE,68.13,20,24,38,86,18.56,2786399444.225178,151847378.0,0.098500006,-41.11,1548330,2099020,2358601,0.02
4617,ALTI,Financial Services,Asset Management,NASDAQ,68.12,20,21,30,49,2.95,334852735.02650857,115069665.0,0.0317,-45.82,85510,173003,191488,0.108
4618,ACHR,Industrials,Aerospace & Defense,NYSE,68.09,20,21,11,12,4.72,3765430949.1903305,770026800.0,0.141,-67.72,21976870,23615786,30493496,
4619,DSS,Consumer Cyclical,Packaging & Containers,NYSE ARCA,68.08,20,81,10,27,0.62,6407126.598927498,10042518.0,0.0704,-66.67,34040,4090623,2469324,-0.318
4620,NFLX,Communication Services,Entertainment,NASDAQ,68.06,20,20,13,52,67.5,279233784506.69165,4163939676.0,0.0228,-45.94,34992240,32686713,33064310,0.134
4621,CPHI,Healthcare,Drug Manufacturers - Specialty & Generic,NYSE ARCA,68.05,20,30,8,5,0.65,28394522.448296905,43022002.0,0.006,-96.61,371190,222543,616376,-0.075
4622,WWR,Basic Materials,Other Industrial Metals & Mining,NYSE ARCA,68.04,20,21,11,17,0.48,65568063.60391021,128564833.0,0.0376,-87.2,608080,855036,4149276,
4623,SIGA,Healthcare,Drug Manufacturers - Specialty & Generic,NASDAQ,68.01,20,11,12,21,3.48,242852048.30254745,71849716.0,0.0802,-61.12,718010,690926,761912,-0.495
4624,ATCH,Financial Services,Capital Markets,NYSE ARCA,67.99,20,20,15,24,0.18,28545682.894568205,151838744.0,0.0482,-70.64,19060190,7711730,5162034,1.368
4625,TATT,Industrials,Aerospace & Defense,NASDAQ,67.99,20,30,51,69,33.1,457404423.17977524,12998137.0,0.19319999,-48.68,119350,119846,148974,0.228
4626,NAMM,Basic Materials,Gold,NASDAQ,67.97,20,11,17,51,1.25,70374031.02734995,55852406.0,0.3,-83.15,4131840,1663773,1187220,0.397
4627,MRKR,Healthcare,Biotechnology,NASDAQ,67.97,20,28,33,72,1.06,17506782.55496335,16673127.0,0.0168,-56.91,86970,76936,70944,
4628,NEUP,Healthcare,Biotechnology,NASDAQ,67.95,20,15,10,23,3.45,18777329.134819508,5411334.0,0.0046,-83.88,9960,21703,39168,
4629,SUNS,Real Estate,REIT - Mortgage,NASDAQ,67.93,20,24,35,31,5.94,83798273.622056,13515851.0,0.027,-43.16,107850,77486,81576,0.012
4630,CRE,Industrials,Specialty Business Services,NASDAQ,67.93,20,15,22,4,2.67,5437759.596034288,2013985.0,0.008,-72.19,73790,2275740,1393082,0.574
4631,SYPR,Consumer Cyclical,Auto Parts,NASDAQ,67.91,20,15,19,92,1.82,41447578.30201411,23026433.0,0.0037,-61.6,11460,24320,27398,-0.035
4632,MMYT,Consumer Cyclical,Travel Services,NASDAQ,67.84,20,44,36,8,45.0,4196897397.97451,94058662.0,0.1375,-53.42,1112160,812020,746160,0.062
4633,JL,Consumer Cyclical,Apparel Manufacturing,NASDAQ,67.82,20,22,37,82,4.54,17247399.228497505,3761701.0,0.0057,-44.77,4210,14020,14532,-0.026
4634,BCYC,Healthcare,Biotechnology,NASDAQ,67.81,20,20,14,17,4.01,236575911.9900484,69992871.0,0.0853,-56.22,588420,441016,396210,-0.785
4635,MCHX,Communication Services,Advertising Agencies,NASDAQ,67.79,20,60,38,29,1.28,57195876.40864372,44337890.0,0.0031,-37.25,22820,48093,36510,-0.056
4636,VERA,Healthcare,Biotechnology,NASDAQ,67.76,20,62,71,86,29.83,2192166656.197996,72063335.0,0.2691,-46.78,1699880,2380310,2273064,
4637,OWLS,Technology,Software - Infrastructure,NASDAQ,67.73,20,15,10,5,5.44,482300427.4296522,88333411.0,2.22,-93.96,11830,25640,25026,0.008
4638,RILY,Financial Services,Financial Conglomerates,NASDAQ,67.71,20,67,68,90,4.88,195370814.66724634,40199755.0,0.17469999,-56.58,712980,593780,601146,0.104
4639,VTSI,Technology,Software - Application,NASDAQ,67.64,20,16,11,30,2.84,31581750.528190613,11319624.0,0.0047999998,-54.85,20290,21413,29852,-0.174
4640,TMC,Basic Materials,Other Industrial Metals & Mining,NASDAQ,67.6,20,17,15,34,3.77,1671903459.9520168,441135482.0,0.103,-66.78,4122790,5256773,5613238,
4641,ESBA,Real Estate,REIT - Office,NYSE ARCA,67.53,20,16,28,21,4.3,1078744005.028689,280193255.0,0.18,-45.78,10921,7147,6382,0.032
4642,EFX,Industrials,Consulting Services,NYSE,67.52,20,27,19,24,142.6,16447885440.0,117484896.0,0.0765,-41.65,2329500,1657606,1506948,0.106
4643,DLHC,Industrials,Specialty Business Services,NASDAQ,67.49,20,13,25,78,4.08,58696794.51432705,14493035.0,0.0108,-49.63,16820,13373,15062,-0.469
4644,VGAS,Utilities,Utilities - Renewable,NASDAQ,67.48,20,15,7,14,1.09,48559089.46700406,44549622.0,0.017,-67.59,18330,15610,207484,
4645,VRM,Financial Services,Credit Services,NASDAQ,67.48,20,17,4,13,9.02,47266233.28227615,5234356.0,0.0292,-67.5,5740,46670,32834,-0.042
4646,ATHE,Healthcare,Biotechnology,NASDAQ,67.47,20,71,88,36,3.22,62818870.468242645,18208368.0,0.0014,-45.33,22270,19920,16236,-0.79
4647,SYNX,Technology,Communication Equipment,NYSE ARCA,67.44,20,15,23,15,0.87,6700784.33672905,6634440.0,0.0013,-55.38,23240,44953,40550,1.741
4648,OWLT,Healthcare,Medical Devices,NYSE,67.4,20,18,23,19,5.06,147861683.94792223,29221677.0,0.0273,-70.13,152910,213200,208458,0.299
4649,MTZ,Industrials,Engineering & Construction,NYSE,67.39,20,27,90,96,219.4,17340246833.468994,80304948.0,0.0854,-50.3,1348640,1516346,1582080,0.234
4650,CCIF,Financial Services,Asset Management,NYSE,67.38,20,19,16,15,2.39,52349175.51885843,21367010.0,0.0007,-58.29,155116,128308,125671,
4651,JSPR,Healthcare,Biotechnology,NASDAQ,67.36,20,22,5,5,0.59,18800126.885667264,33274561.0,0.1778,-78.07,414640,358533,525468,
4652,CATX,Healthcare,Medical Devices,NYSE ARCA,67.34,20,37,19,88,2.57,315058588.7913649,114151663.0,0.2386,-58.28,2424010,1970996,1641320,-0.721
4653,APYX,Healthcare,Medical Devices,NASDAQ,67.32,20,26,87,94,2.6,107416256.64137006,42124023.0,0.0055,-48.82,212060,157900,143480,0.221
4654,AXON,Industrials,Aerospace & Defense,NASDAQ,67.3,20,32,68,10,411.81,33579485986.08383,81237415.0,0.053200003,-46.1,947470,980516,974206,0.353
4655,RAVE,Consumer Cyclical,Restaurants,NASDAQ,67.26,20,44,76,26,2.29,32828718.956807613,14211567.0,0.0104,-36.39,171220,78453,57052,0.088
4656,CRH,Basic Materials,Building Materials,NYSE,67.25,20,25,31,60,82.65,54513414455.56976,665284511.0,0.020299999,-37.17,6332900,5183363,4994380,0.056
4657,WETH,Technology,Electronic Components,NASDAQ,67.25,20,26,40,60,0.99,13381534.0,13381534.0,0.0019,-73.1,98860,62350,88226,0.127
4658,AREC,Industrials,Waste Management,NASDAQ,67.24,20,50,24,91,1.74,191478572.7993698,106971272.0,0.1309,-75.53,1426920,1576053,1924840,
4659,XTLB,Healthcare,Biotechnology,NASDAQ,67.24,20,25,25,8,2.18,5308120.290925741,2457463.0,0.0039,-78.79,7280,5413,7542,
4660,LZ,Industrials,Specialty Business Services,NASDAQ,67.21,20,24,35,14,5.87,959082930.8669147,171264812.0,0.1001,-52.66,2991950,2656936,2927980,0.066
4661,LUCY,Healthcare,Medical Instruments & Supplies,NASDAQ,67.2,20,19,16,10,0.89,7679403.000312567,8609196.0,0.0184,-56.59,138180,7324106,4469178,0.745
4662,ARKO,Consumer Cyclical,Specialty Retail,NASDAQ,67.18,20,21,93,80,4.21,467814465.12909126,112185721.0,0.100600004,-51.91,596040,861816,995576,0.222
4663,BOOT,Consumer Cyclical,Apparel Retail,NYSE,67.18,20,25,35,49,122.88,3691116703.5401917,30284844.0,0.1266,-41.56,659130,670883,705992,0.177
4664,PLG,Basic Materials,Other Precious Metals & Mining,NYSE ARCA,67.16,19,24,12,32,1.29,161135239.90039253,127885112.0,0.0596,-68.07,971490,1141406,1121582,
4665,ISPR,Consumer Defensive,Tobacco,NASDAQ,67.16,19,13,17,16,1.3,79701169.70460522,57754471.0,0.0311,-66.41,21360,24293,23388,0.325
4666,HGV,Consumer Cyclical,Resorts & Casinos,NYSE,67.15,19,28,64,61,34.05,2709463742.1390533,77724145.0,0.1545,-38.54,1241640,1093846,1140278,0.062
4667,BOLT,Healthcare,Biotechnology,NASDAQ,67.15,19,20,13,22,3.5,6645890.341855288,1926345.0,0.0095999995,-51.39,11350,28913,28070,-0.997
4668,WLFC,Industrials,Rental & Leasing Services,NASDAQ,67.14,19,54,86,86,42.84,965651510.6539764,21144111.0,0.221,-47.46,201950,181636,213118,0.004
4669,CRK,Energy,Oil & Gas E&P,NYSE,67.14,19,30,12,20,13.06,3752470525.034855,293620548.0,0.32709998,-53.52,2564450,2821503,2558400,-0.252
4670,PLBY,Consumer Cyclical,Apparel Manufacturing,NASDAQ,67.12,19,15,14,59,1.03,124599990.9496994,119807688.0,0.045500003,-62.55,605610,515006,668372,0.109
4671,PRME,Healthcare,Biotechnology,NASDAQ,67.09,19,58,30,74,3.21,540503034.339489,181376856.0,0.22649999,-53.75,3766260,3077126,2934368,0.035
4672,VS,Technology,Software - Application,NASDAQ,67.08,19,25,44,12,1.07,6740721.146993637,6212646.0,0.0013,-56.68,13610,13833,12346,-0.247
4673,MYND,Consumer Defensive,Education & Training Services,NYSE ARCA,67.02,19,22,27,11,0.34,16972058.474408984,47144605.0,0.0047999998,-64.17,1248030,425460,274726,-0.178
4674,LXEH,Consumer Defensive,Education & Training Services,NASDAQ,67.0,19,15,6,6,1.55,3009167.290533185,1916667.0,0.0058999998,-94.37,2958230,992213,634668,-0.008
4675,CALX,Technology,Software - Infrastructure,NYSE,66.98,19,18,19,44,34.34,2191776543.5578804,62963989.0,0.1242,-51.78,1104310,1054046,985754,0.213
4676,MZTI,Consumer Defensive,Packaged Foods,NASDAQ,66.94,19,17,16,25,99.49,2716273196.685791,27291000.0,0.33150002,-43.55,382160,461603,394160,-0.022
4677,AISP,Technology,Software - Infrastructure,NASDAQ,66.93,19,11,15,11,2.02,73011867.49870491,34439562.0,0.12189999,-71.94,4853740,1768200,1215060,0.921
4678,OFIX,Healthcare,Medical Devices,NASDAQ,66.9,19,18,27,33,9.5,370259412.93530273,40732608.0,0.0695,-44.08,481630,385506,383860,0.038
4679,PMEC,Industrials,Specialty Business Services,NASDAQ,66.84,19,9,11,11,0.59,19247410.99238366,38417987.0,0.0088,-75.82,34740,238243,218732,0.068
4680,IVVD,Healthcare,Biotechnology,NASDAQ,66.84,19,10,8,88,0.84,242291697.08290768,294758746.0,0.1145,-72.64,9353340,6134236,5174096,0.212
4681,SLDP,Consumer Cyclical,Auto Parts,NASDAQ,66.81,19,14,12,58,2.3,531662206.5511551,228181212.0,0.1234,-74.04,2863170,2754283,3108282,
4682,PCG,Utilities,Utilities - Regulated Electric,NYSE,66.78,19,25,55,67,12.35,36989159365.670334,3002366906.0,0.0,-35.54,41748220,51255440,41314292,0.001
4683,LPL,Technology,Consumer Electronics,NYSE,66.78,19,14,24,72,3.1,3119999885.559082,1000000000.0,0.0073,-46.83,2625130,2290023,2638448,0.004
4684,TBBK,Financial Services,Banks - Regional,NASDAQ,66.77,19,66,50,34,48.33,1990804203.3021584,40786809.0,0.1105,-40.81,510090,571713,506412,0.004
4685,RYM,Consumer Defensive,Tobacco,NASDAQ,66.77,19,60,23,49,19.0,42710909.63127136,2179128.0,0.0171,-64.59,9740,12770,12824,10.274
4686,INVE,Industrials,Building Products & Equipment,NASDAQ,66.73,19,17,21,57,2.35,56954017.23869848,24235753.0,0.0099,-55.66,142440,134863,193120,0.127
4687,TTI,Energy,Oil & Gas Equipment & Services,NYSE,66.72,19,26,89,94,6.03,888436674.0,148072779.0,0.0789,-51.91,1868560,1936656,1964886,0.068
4688,SES,Consumer Cyclical,Auto Parts,NYSE,66.66,19,5,10,25,0.84,328589345.4591274,371287400.0,0.1603,-77.48,27092240,20512516,19396620,0.438
4689,AMTM,Industrials,Specialty Business Services,NYSE,66.66,19,18,19,59,18.24,4431961857.319,244319846.0,0.0795,-52.14,1763770,1798806,2086108,-0.02
4690,ROOT,Financial Services,Insurance - Property & Casualty,NASDAQ,66.66,19,29,46,8,47.42,732124426.3960876,15826296.0,0.1421,-47.89,216570,193150,241586,0.016
4691,BFAM,Consumer Cyclical,Personal Services,NYSE,66.61,19,28,19,22,64.21,3125304867.4562225,48635306.0,0.062,-41.55,853040,878043,827994,0.065
4692,BRSP,Real Estate,REIT - Mortgage,NYSE,66.61,19,25,51,75,3.77,482057118.56022835,126524180.0,0.0369,-38.85,2105130,1623746,1544362,-0.035
4693,ANGI,Communication Services,Internet Content & Information,NASDAQ,66.6,19,8,10,10,6.06,245365326.285491,40556251.0,0.1196,-63.25,839170,821280,844810,-0.109
4694,CNVS,Communication Services,Entertainment,NASDAQ,66.58,19,21,35,30,1.94,45403348.37654436,23771387.0,0.0178,-45.35,114040,117440,118388,1.752
4695,MOMO,Communication Services,Internet Content & Information,NASDAQ,66.54,19,23,31,32,4.64,677960398.3440342,143635684.0,0.0293,-38.01,1101330,980466,782988,-0.051
4696,ASLE,Industrials,Airports & Air Services,NASDAQ,66.54,19,22,26,40,4.95,240542883.69936848,47726763.0,0.0746,-42.31,494200,479503,467058,-0.339
4697,KYNB,Healthcare,Biotechnology,NASDAQ,66.54,19,62,31,27,6.09,25549972.208307266,4049124.0,0.0254,-49.79,28090,26890,20590,
4698,ACI,Consumer Defensive,Grocery Stores,NYSE,66.51,19,16,23,30,11.51,5702576775.25,485325683.0,0.1707,-42.45,6911130,7450636,7695190,0.002
4699,PULM,Healthcare,Biotechnology,NASDAQ,66.5,19,11,23,4,1.48,5734087.641569972,3652285.0,0.0153,-73.08,27190,35606,26164,
4700,ARAY,Healthcare,Medical Devices,NASDAQ,66.48,19,7,3,4,0.3,33443006.10238275,119439307.0,0.047399998,-85.71,40645190,13844356,8883596,-0.209
4701,FBRT,Real Estate,REIT - Mortgage,NYSE,66.43,19,33,27,30,6.17,520694756.7360344,83045416.0,0.10560001,-44.21,1948360,2356450,2012084,0.142
4702,SLSN,Consumer Defensive,Household & Personal Products,NASDAQ,66.36,19,9,4,9,0.81,57930576.39469296,70647045.0,0.018099999,-80.67,15680,16746,19738,-0.247
4703,GRAB,Technology,Software - Application,NASDAQ,66.35,19,22,26,21,3.17,12601209847.858429,4091302000.0,0.0619,-51.97,87213190,66127090,57823930,0.219
4704,ASTS,Technology,Communication Equipment,NASDAQ,66.34,19,24,38,92,58.44,17522685105.97109,299789305.0,0.2184,-56.34,10564280,10105566,10716340,26.266
4705,CPS,Consumer Cyclical,Auto Parts,NYSE,66.3,19,23,31,80,22.03,387901809.284317,17769208.0,0.0379,-54.09,269860,244780,228744,0.022
4706,PNBK,Financial Services,Banks - Regional,NASDAQ,66.29,19,29,22,31,0.93,117188147.70128489,126008760.0,0.0128,-53.5,100690,183010,199910,1.44
4707,TCOM,Consumer Cyclical,Travel Services,NASDAQ,66.27,19,15,14,21,38.79,23985472002.06539,629705222.0,0.019,-50.89,3580680,3787220,3409322,0.055
4708,COHN,Financial Services,Capital Markets,NYSE ARCA,66.25,19,30,60,96,9.9,31579325.737771988,3228970.0,0.0075,-69.63,12020,19726,20166,0.168
4709,PL,Industrials,Aerospace & Defense,NYSE,66.23,19,74,93,99,17.36,6367339807.5,363847989.0,0.0968,-66.46,10625150,11136353,8879990,0.581
4710,EQ,Healthcare,Biotechnology,NASDAQ,66.22,19,82,99,98,1.45,89405393.50352693,63408082.0,0.1005,-59.04,991260,626470,583422,
4711,TRON,Consumer Cyclical,Leisure,NASDAQ,66.21,19,17,7,97,1.35,668878694.4057903,474382064.0,0.0334,-70.97,539710,981833,990844,0.168
4712,LIF,Technology,Software - Application,NASDAQ,66.2,19,17,43,15,42.57,3511803779.5708237,81480369.0,0.1187,-62.17,572010,572046,773504,0.378
4713,LAB,Healthcare,Medical Devices,NASDAQ,66.18,19,13,20,14,0.76,290508321.66392326,392578808.0,0.0109,-55.81,850710,1333663,1512224,-0.076
4714,ENOV,Healthcare,Medical Devices,NYSE,66.18,19,14,29,29,18.69,1024786934.7789993,57669494.0,0.19600001,-45.48,1524110,1825760,1577170,0.032
4715,WB,Communication Services,Internet Content & Information,NASDAQ,66.12,19,17,22,30,6.48,1555107362.0166702,245672572.0,0.1826,-49.26,841400,1124240,1078096,0.02
4716,GPK,Consumer Cyclical,Packaging & Containers,NYSE,66.11,19,21,18,9,8.61,2599508331.8803606,296071573.0,0.09020001,-55.57,6961680,6418926,5806416,-0.007
4717,ACET,Healthcare,Biotechnology,NASDAQ,66.11,19,71,42,16,6.47,60849685.0,9361490.0,0.0292,-62.9,484010,248816,183258,
4718,GIL,Consumer Cyclical,Apparel Manufacturing,NYSE,66.09,19,30,29,58,40.68,7592865768.0,185191848.0,0.074,-44.8,2604290,1601763,1519664,0.723
4719,ELBM,Basic Materials,Other Industrial Metals & Mining,NASDAQ,66.09,19,20,12,8,0.51,53293270.237009406,106800138.0,0.0094,-94.14,326700,340970,374636,
4720,AIRO,Industrials,Aerospace & Defense,NASDAQ,66.08,19,14,8,6,6.49,207953497.8450508,31555917.0,0.1283,-71.12,326570,389910,467546,0.759
4721,HIND,Healthcare,Biotechnology,NASDAQ,66.02,19,14,12,6,1.93,13405388.245731354,7018528.0,0.0047999998,-70.58,10570,16140,13470,-0.46
4722,INTU,Technology,Software - Application,NASDAQ,66.01,19,18,8,10,284.68,75114691291.62598,267236000.0,0.030199999,-58.69,3771320,4006403,3896616,0.137
4723,SFHG,Industrials,Specialty Business Services,NASDAQ,65.94,18,19,20,13,2.08,8525999.612808228,4060000.0,0.0044,-57.98,9500,15323,230150,-0.06
4724,NCLH,Consumer Cyclical,Travel Services,NYSE,65.94,18,17,27,37,14.87,6952104146.089636,459187846.0,0.2343,-40.83,24226780,18569893,17631832,0.049
4725,OKUR,Healthcare,Biotechnology,NASDAQ,65.94,18,57,83,90,2.63,103670548.72278261,40496309.0,0.0378,-51.12,544030,295163,229216,
4726,INSM,Healthcare,Biotechnology,NASDAQ,65.91,18,42,21,80,103.83,24266553213.162712,218381503.0,0.0557,-51.2,2769140,2263603,2596092,2.961
4727,PXED,Consumer Defensive,Education & Training Services,NYSE,65.84,18,27,54,23,24.51,905149633.3615723,36047376.0,0.1538,-47.94,80350,80256,95124,0.0
4728,BRID,Consumer Defensive,Packaged Foods,NASDAQ,65.84,18,19,23,35,5.34,50739492.26501465,9076832.0,0.0043,-38.05,1060,3190,3416,-0.095
4729,PMT,Real Estate,REIT - Mortgage,NYSE,65.83,18,29,29,50,7.87,680178440.2325306,87202362.0,0.1412,-43.01,2151150,1726746,1577158,0.061
4730,MYPS,Communication Services,Electronic Gaming & Multimedia,NASDAQ,65.81,18,21,75,9,4.75,59460075.85886669,12012137.0,0.0041,-52.07,56872,37130,33685,-0.073
4731,CPRI,Consumer Cyclical,Luxury Goods,NYSE,65.8,18,11,24,37,14.49,1657655722.469637,114796106.0,0.1304,-48.74,4201670,5177373,4866142,-0.035
4732,OGI,Healthcare,Drug Manufacturers - Specialty & Generic,NASDAQ,65.78,18,24,11,35,0.94,137377516.78200984,144152692.0,8.98,-58.04,597730,542680,1016304,0.494
4733,RKT,Financial Services,Mortgage Finance,NYSE,65.77,18,28,29,34,11.68,33130215785.60707,2831642421.0,0.0645,-52.05,40573740,32896946,30823726,0.919
4734,SVC,Real Estate,REIT - Hotel & Motel,NASDAQ,65.71,18,20,42,11,6.38,826270548.2611847,129509488.0,0.0403,-51.85,1261380,1449956,1533306,-0.164
4735,BNTC,Healthcare,Biotechnology,NASDAQ,65.67,18,56,58,49,9.23,313246863.51195526,34882726.0,0.1096,-44.93,226900,161860,167050,
4736,KD,Technology,Information Technology Services,NYSE,65.66,18,21,10,6,11.61,2517979211.6801805,217818263.0,0.1442,-62.54,4637150,3937113,4218070,-0.033
4737,SXTP,Healthcare,Biotechnology,NASDAQ,65.63,18,5,10,11,1.44,4888613.269689083,3516988.0,0.0618,-83.29,151330,96086,105742,-0.325
4738,OSG,Financial Services,Insurance - Specialty,NYSE,65.51,18,17,62,13,4.58,207236831.3035555,45051486.0,0.041500002,-55.88,481660,528866,505882,0.51
4739,SITE,Industrials,Industrial Distribution,NYSE,65.51,18,21,21,56,87.66,3909776621.819458,43655390.0,0.0952,-47.99,903370,957066,957770,0.047
4740,ESRT,Real Estate,REIT - Diversified,NYSE,65.5,18,17,26,21,4.23,721963159.5389729,173132649.0,0.08189999,-47.39,4423570,4353640,3399424,0.032
4741,AMRZ,Basic Materials,Building Materials,NYSE,65.5,18,21,34,66,37.2,20378448577.443466,546925644.0,0.0179,-43.59,3661670,4090616,3986104,0.086
4742,IQ,Communication Services,Entertainment,NASDAQ,65.5,18,10,14,18,1.03,957304521.4745718,965024735.0,0.1588,-58.96,5536610,9388936,8233120,-0.051
4743,ESAB,Industrials,Metal Fabrication,NYSE,65.48,18,16,19,28,71.46,4343304188.111961,62135967.0,0.0941,-48.0,1047890,914830,840802,0.129
4744,DTSS,Technology,Software - Infrastructure,NASDAQ,65.44,18,10,15,29,0.68,8765161.227515459,10447153.0,0.019199999,-70.31,431270,6418760,4035510,-0.648
4745,ZJYL,Healthcare,Medical Instruments & Supplies,NASDAQ,65.43,18,10,6,3,1.98,142907054.53505516,73663428.0,0.0011,-83.5,48600,100023,920308,-0.097
4746,BGMS,Industrials,Building Products & Equipment,NASDAQ,65.43,18,11,9,4,0.87,5828058.688420057,6622794.0,0.0171,-87.01,9100,122983,85104,
4747,QBTS,Technology,Computer Hardware,NASDAQ,65.38,18,17,57,40,15.64,5986712097.339279,379626628.0,0.2034,-66.55,16478990,16278480,17049940,-0.006
4748,CELH,Consumer Defensive,Beverages - Non-Alcoholic,NASDAQ,65.29,18,21,14,17,27.52,6768687507.25,253035047.0,0.1233,-58.77,6432300,7377730,9605770,0.106
4749,AMBO,Consumer Defensive,Education & Training Services,NYSE ARCA,65.28,18,18,20,21,1.83,5237249.4974377155,2860322.0,0.0027,-72.89,6900,4273,13844,-0.135
4750,XNET,Technology,Software - Infrastructure,NASDAQ,65.25,18,21,28,59,4.79,300217521.9315052,63740450.0,0.0347,-56.57,212700,212806,230308,-0.014
4751,TGLS,Basic Materials,Building Materials,NYSE,65.25,18,22,22,19,34.91,1541226834.304535,44364616.0,0.1011,-48.26,299640,291763,281866,0.156
4752,OGCP,Real Estate,REIT - Office,NYSE ARCA,65.25,18,15,26,20,4.1,1092753721.221311,280193255.0,0.84,-49.69,651,430,886,0.032
4753,JBI,Industrials,Building Products & Equipment,NYSE,65.24,18,23,17,19,4.34,574394681.1046124,136435790.0,0.0588,-57.95,2094960,2213873,1958814,0.024
4754,RH,Consumer Cyclical,Specialty Retail,NYSE,65.22,18,28,40,15,117.45,2280688315.806175,18933159.0,0.5339,-50.94,754590,826746,767846,0.026
4755,LPCN,Healthcare,Biotechnology,NASDAQ,65.21,18,24,20,11,2.07,16900718.256883383,8244253.0,0.0123000005,-83.27,44060,35466,37952,-0.695
4756,WYNN,Consumer Cyclical,Resorts & Casinos,NASDAQ,65.18,18,21,28,50,77.17,7813658566.253761,102973891.0,0.1024,-42.72,2566140,2167243,1921034,0.069
4757,ZVIA,Consumer Defensive,Beverages - Non-Alcoholic,NYSE,65.15,18,18,54,9,1.21,87285187.1117897,72136516.0,0.0214,-56.47,371050,416316,414936,0.011
4758,DRUG,Healthcare,Biotechnology,NASDAQ,65.15,18,54,88,96,49.79,500009238.54377365,9864061.0,0.1224,-59.77,114250,96106,128860,
4759,PRT,Energy,Oil & Gas E&P,NYSE,65.13,18,18,13,28,1.88,22871576.10198927,12165732.0,0.0076,-53.12,26720,26030,27522,-0.546
4760,URG,Energy,Uranium,NYSE ARCA,65.11,18,29,28,76,1.06,417756887.02837944,397863720.0,0.146,-54.89,6729180,6396680,6290610,0.377
4761,OCCI,Financial Services,Asset Management,NASDAQ,65.08,18,17,16,13,2.19,65500454.79023409,29372401.0,0.0049,-60.82,161924,177398,193356,-0.102
4762,CSIQ,Technology,Solar,NASDAQ,65.01,18,19,55,41,11.19,759764592.8193903,67896749.0,0.3419,-67.65,1861310,1982220,1887164,-0.287
4763,BEEM,Technology,Solar,NASDAQ,65.01,18,24,12,19,1.11,25575645.842075944,22633315.0,0.0671,-72.52,319930,597486,1169266,0.21
4764,MLYS,Healthcare,Biotechnology,NASDAQ,65.0,18,45,67,76,23.3,2089054618.3559895,88406885.0,0.1243,-51.1,1354730,1332533,1104334,
4765,CATO,Consumer Cyclical,Apparel Retail,NYSE,65.0,18,16,58,30,2.39,47901261.103425026,19958858.0,0.0228,-48.16,45080,103333,130238,-0.062
4766,SQNS,Technology,Semiconductors,NYSE,64.95,18,11,15,3,2.74,42002160.88470745,15000772.0,0.0136,-73.11,38690,36783,43734,-0.084
4767,FTLF,Consumer Defensive,Packaged Foods,NASDAQ,64.94,18,15,27,13,9.06,86585686.34768677,9391072.0,0.0164,-56.82,7580,11326,11658,0.646
4768,AORT,Healthcare,Medical Devices,NYSE,64.93,18,24,11,62,22.61,1087751264.4713688,48756221.0,0.0809,-53.14,525870,633360,678608,0.113
4769,MBC,Consumer Cyclical,"Furnishings, Fixtures & Appliances",NYSE,64.86,18,24,25,17,6.98,1428503235.918727,203490490.0,0.096499994,-49.98,3260140,2904710,2494242,0.115
4770,WBX,Industrials,Electrical Equipment & Parts,NYSE,64.84,18,55,88,97,2.76,66701041.0,24254924.0,0.0064,-64.75,20170,15916,17846,-0.375
4771,GEVO,Basic Materials,Specialty Chemicals,NASDAQ,64.83,18,26,17,71,1.29,323880592.09297943,247237104.0,0.1014,-56.57,2654830,2727613,2814800,0.071
4772,ALKT,Technology,Software - Application,NASDAQ,64.81,18,56,23,15,14.15,1485424138.915615,106941980.0,0.090100005,-42.92,2673640,1891606,1687932,0.159
4773,DTCX,Financial Services,Financial Data & Stock Exchanges,NASDAQ,64.76,18,12,10,19,1.84,73462837.30277753,40143626.0,0.0198,-67.47,119050,246160,205616,-0.008
4774,CRVO,Healthcare,Biotechnology,NASDAQ,64.75,18,8,12,8,3.31,45659669.63162613,15119096.0,0.1004,-66.9,263610,198996,273194,
4775,QNRX,Healthcare,Biotechnology,NASDAQ,64.75,18,59,9,16,4.55,8977628.038617134,2008418.0,0.0631,-89.11,45130,1127970,685844,
4776,HOLO,Technology,Software - Application,NASDAQ,64.71,18,14,7,6,1.54,35743280.288944244,22912360.0,0.0476,-72.74,170350,266216,293486,0.339
4777,UPWK,Communication Services,Internet Content & Information,NASDAQ,64.7,18,14,12,15,8.36,1005472112.0734262,124903365.0,0.2191,-63.4,2564010,2641226,3280816,-0.017
4778,PRCT,Healthcare,Medical Devices,NASDAQ,64.65,18,15,13,14,17.82,976727354.3548737,56918844.0,0.1337,-53.24,1473660,1263643,1430058,0.193
4779,JBDI,Consumer Cyclical,Specialty Retail,NASDAQ,64.55,18,33,21,16,1.0,9324253.301475525,9514544.0,0.0201,-78.07,12980,18683,29562,0.109
4780,NYC,Real Estate,Real Estate Services,NYSE,64.53,18,15,25,18,6.26,20595245.0440979,3163632.0,0.0034,-55.19,10190,18500,30378,-0.401
4781,XRAY,Healthcare,Medical Instruments & Supplies,NASDAQ,64.47,17,36,35,35,8.56,1728398120.1294937,199353876.0,0.1376,-42.01,5066840,4545826,4590372,-0.041
4782,LVS,Consumer Cyclical,Resorts & Casinos,NYSE,64.46,17,20,25,71,36.61,23466213599.825928,647701184.0,0.1442,-48.03,5490260,5741486,5426760,-0.007
4783,BANL,Energy,Oil & Gas Midstream,NASDAQ,64.45,17,91,19,18,4.57,9775763.721630096,2111396.0,0.0321,-72.13,11090,35483,134816,0.492
4784,ZTS,Healthcare,Drug Manufacturers - Specialty & Generic,NYSE,64.45,17,15,9,29,71.41,28797553832.226685,413223602.0,0.0476,-51.85,4132660,4538416,5441224,-0.002
4785,TROX,Basic Materials,Chemicals,NYSE,64.44,17,25,58,95,3.91,627621124.6311271,159700029.0,0.16620001,-63.08,1954150,2249333,2546684,0.187
4786,LRMR,Healthcare,Biotechnology,NASDAQ,64.44,17,50,50,91,2.86,307493497.48281956,103882937.0,0.2066,-55.45,1689070,1225113,1221396,
4787,EYE,Consumer Cyclical,Specialty Retail,NASDAQ,64.43,17,19,17,71,16.52,1296736703.0374508,79069313.0,0.2814,-44.97,2166780,2281483,2229230,0.025
4788,MPT,Real Estate,REIT - Healthcare Facilities,NYSE,64.41,17,20,34,53,3.31,1952843988.609314,597200000.0,0.32560003,-48.84,10330130,10487620,9362670,0.019
4789,POOL,Industrials,Industrial Distribution,NASDAQ,64.41,17,23,24,21,159.35,5866123314.198105,36340747.0,0.108100004,-48.76,793950,777973,747850,0.022
4790,FKWL,Technology,Communication Equipment,NASDAQ,64.31,17,14,9,23,2.31,28164430.43622017,11784280.0,0.0063,-57.85,9880,10620,13988,0.212
4791,LMND,Financial Services,Insurance - Property & Casualty,NYSE,64.29,17,32,82,83,46.67,3598168761.2576485,77396615.0,0.1533,-53.28,1195000,1021890,1238290,0.794
4792,BNKK,Consumer Defensive,Beverages - Non-Alcoholic,NASDAQ,64.26,17,8,3,7,1.53,14001645.0,8000940.0,0.0274,-90.93,1088580,438060,307622,24.883
4793,PLUG,Industrials,Electrical Equipment & Parts,NASDAQ,64.26,17,33,29,90,1.89,2654670994.8882685,1397195278.0,0.2316,-58.73,46548200,49730496,55545644,0.025
4794,GNSS,Technology,Scientific & Technical Instruments,NASDAQ,64.25,17,16,29,29,1.43,66035915.221612215,45542009.0,0.0187,-42.11,68370,81270,81984,-0.26
4795,FOUR,Technology,Software - Infrastructure,NYSE,64.23,17,29,23,12,37.55,2855987395.819702,78960120.0,0.1909,-53.63,2270550,2152070,2021446,0.341
4796,SEED,Basic Materials,Agricultural Inputs,NASDAQ,64.22,17,29,25,60,0.84,8975119.715666771,12128540.0,0.0023,-66.27,88200,39093,197352,-0.319
4797,USNA,Consumer Defensive,Packaged Foods,NYSE,64.21,17,15,40,23,14.85,273822228.2414093,18476534.0,0.069,-45.5,152350,196673,211632,-0.053
4798,MB,Consumer Cyclical,Restaurants,NASDAQ,64.19,17,10,8,30,3.94,67076051.47242546,17155000.0,0.0121,-80.05,8300,17710,676294,-0.12
4799,IXHL,Healthcare,Drug Manufacturers - Specialty & Generic,NASDAQ,64.18,17,10,12,3,3.21,40268253.14853954,12544627.0,0.057800002,-78.51,67260,89236,89190,
4800,PAR,Technology,Software - Application,NYSE,64.17,17,42,20,3,14.62,589418589.0,41362708.0,0.2539,-63.94,971520,912886,940760,0.187
4801,XENE,Healthcare,Biotechnology,NASDAQ,64.14,17,78,91,91,37.57,3681873268.9700317,96840432.0,0.066599995,-48.29,2609590,2008743,1462914,
4802,RNTX,Healthcare,Biotechnology,NASDAQ,64.1,17,18,14,76,0.82,69099892.54972935,86267032.0,0.0078,-62.39,383240,396333,429966,
4803,BMBL,Communication Services,Internet Content & Information,NASDAQ,64.05,17,22,16,27,2.55,335199512.52580833,131968314.0,0.15560001,-57.32,2013640,2160520,2493274,-0.152
4804,IVDA,Industrials,Security & Protection Services,NASDAQ,63.92,17,13,10,1,0.29,3630517.725533098,12519027.0,0.09060001,-83.71,192680,367376,6137010,-0.475
4805,NIU,Consumer Cyclical,Auto Manufacturers,NASDAQ,63.91,17,11,11,27,1.94,147459845.0659876,78436088.0,0.0446,-65.78,265900,210996,206914,0.147
4806,ACM,Industrials,Engineering & Construction,NYSE,63.91,17,16,14,23,59.76,7678028695.862484,128696425.0,0.0622,-55.9,1663090,1978303,2069070,-0.142
4807,MTVA,Healthcare,Biotechnology,NASDAQ,63.88,17,11,11,1,1.54,10145675.288683891,6588101.0,0.0381,-89.63,54850,81806,79776,
4808,TIL,Healthcare,Biotechnology,NASDAQ,63.87,17,14,15,18,6.95,48965872.5170846,6781977.0,0.0402,-68.38,12430,13986,11464,
4809,MFI,Technology,Software - Application,NASDAQ,63.82,17,16,5,75,9.22,475171326.348567,50176485.0,0.00059999997,-78.84,4040,13290,16592,-0.204
4810,OLN,Basic Materials,Chemicals,NYSE,63.8,17,16,22,79,16.27,1812321547.5191307,113982490.0,0.1314,-46.59,4862840,3501696,3395224,-0.009
4811,BWXT,Industrials,Aerospace & Defense,NYSE,63.79,17,23,37,88,135.35,12356140278.721619,91621980.0,0.0442,-44.03,1306200,1225883,1109222,0.18
4812,SFIX,Consumer Cyclical,Apparel Retail,NASDAQ,63.77,17,16,33,21,2.68,348705609.05441546,133603687.0,0.15560001,-53.35,6009130,3069650,2454164,0.042
4813,HUBG,Industrials,Integrated Freight & Logistics,NASDAQ,63.77,17,27,73,55,28.74,1820540020.6938553,61153510.0,0.0846,-46.04,1323600,1283106,1308042,-0.053
4814,MAMO,Consumer Cyclical,Recreational Vehicles,NASDAQ,63.76,17,16,9,4,0.95,40350079.795473814,41640950.0,0.0069,-83.01,73470,47370,49112,-0.211
4815,WRD,Technology,Software - Application,NASDAQ,63.72,17,20,11,25,5.07,1654284658.1709952,329210871.0,0.0438,-59.13,3135560,2546343,2537006,0.822
4816,DEFT,Financial Services,Capital Markets,NASDAQ,63.7,17,23,5,7,0.52,205689398.14656377,388093225.0,0.044099998,-77.49,2522990,2806840,2615022,-0.407
4817,PRIM,Industrials,Engineering & Construction,NYSE,63.69,17,9,13,92,80.57,4290480359.143753,54254935.0,0.13859999,-60.79,1272430,1262210,1261264,-0.107
4818,AENT,Communication Services,Entertainment,NASDAQ,63.67,17,22,28,81,4.69,228798579.6367836,50957370.0,0.1076,-46.7,39730,323313,199080,0.177
4819,GPI,Consumer Cyclical,Auto & Truck Dealerships,NYSE,63.64,17,22,18,23,241.44,2978648650.339508,11922225.0,0.156,-47.66,303210,256133,244034,-0.056
4820,RCKT,Healthcare,Biotechnology,NASDAQ,63.62,17,73,65,38,2.61,281022962.0386472,109774597.0,0.1658,-52.11,2218190,1789266,1660646,
4821,OCUL,Healthcare,Biotechnology,NASDAQ,63.61,17,56,40,29,7.25,1528526449.6576805,219615868.0,0.1609,-55.9,4844950,3059683,3002700,0.001
4822,CMMB,Healthcare,Biotechnology,NASDAQ,63.59,17,81,19,13,1.41,10478553.415648937,7327660.0,0.0115,-60.61,218420,156313,120128,
4823,LII,Industrials,Building Products & Equipment,NYSE,63.56,17,16,51,35,361.15,12313968080.61676,34560675.0,0.0792,-38.5,474360,491020,556328,0.03
4824,OXM,Consumer Cyclical,Apparel Manufacturing,NYSE,63.54,17,17,29,62,25.38,373408375.39100647,14978274.0,0.3754,-48.81,623680,565546,452184,-0.022
4825,AUST,Basic Materials,Gold,NYSE ARCA,63.54,17,20,13,28,0.98,13556071.120586634,13693001.0,0.0106,-75.0,29970,45563,90090,
4826,GHG,Consumer Cyclical,Lodging,NYSE,63.47,17,17,15,14,1.0,94843485.25944203,100897325.0,0.0027,-56.63,18890,11896,10470,-0.187
4827,RWT,Real Estate,REIT - Mortgage,NYSE,63.45,17,24,33,68,3.44,443411881.3661995,125612432.0,0.0,-50.65,4838140,6359020,4573910,
4828,NSLR,Financial Services,Asset Management,NASDAQ,63.45,17,34,68,93,7.5,196960773.1948099,26473222.0,0.019199999,-49.93,355560,417460,351250,0.791
4829,KRRO,Healthcare,Biotechnology,NASDAQ,63.42,17,61,55,63,9.97,141955232.49564934,14725646.0,0.118,-82.16,143760,163813,140950,
4830,ARQ,Industrials,Pollution & Treatment Controls,NASDAQ,63.4,17,12,14,8,2.02,84716859.51873064,43668483.0,0.013099999,-72.59,235650,217683,228564,0.045
4831,FBIO,Healthcare,Biotechnology,NASDAQ,63.39,17,25,80,42,2.09,67702514.83582044,33350993.0,0.1981,-53.86,289820,312850,479222,0.14
4832,RR,Industrials,Specialty Industrial Machinery,NASDAQ,63.33,17,11,12,21,1.72,378171252.4329332,225101943.0,0.24350001,-76.85,4232940,5455823,5312496,0.167
4833,LQDA,Healthcare,Drug Manufacturers - Specialty & Generic,NASDAQ,63.31,17,95,99,94,27.64,2546900701.082596,88928099.0,0.1716,-70.47,6731380,3040896,2474846,18.427
4834,IVA,Healthcare,Biotechnology,NASDAQ,63.29,17,52,30,79,3.48,840945504.0433459,236220651.0,0.0218,-56.41,3408130,1985176,1466334,-0.767
4835,SMID,Basic Materials,Building Materials,NASDAQ,63.26,17,18,29,31,21.95,117709209.97296524,5304606.0,0.0622,-47.92,15040,14383,14538,-0.108
4836,HUCK,Technology,Software - Application,NASDAQ,63.22,17,17,16,3,3.19,150515717.44285893,47036161.0,0.2007,-79.51,1163770,1305303,1157500,-0.037
4837,GRCE,Healthcare,Biotechnology,NASDAQ,63.19,17,15,15,87,2.06,43544373.69570017,21035930.0,0.09689999,-60.23,118370,135606,183022,
4838,CFND,Financial Services,Asset Management,NYSE,63.19,17,16,12,9,2.99,20033461.08679676,6568348.0,0.04,-65.39,32870,93160,82290,
4839,CHWY,Consumer Cyclical,Internet Retail,NYSE,63.17,17,27,13,18,18.22,7303018144.994616,401927249.0,0.1026,-54.11,10242560,9766526,8463010,0.073
4840,RIBB,Financial Services,Shell Companies,NASDAQ,63.03,16,52,51,48,7.4,39907030.35124779,5013446.0,0.0002,-59.94,13430,40790,24640,
4841,UUUU,Energy,Uranium,NYSE ARCA,62.96,16,32,42,96,10.82,2841020306.3562775,264773572.0,0.2123,-61.22,6930640,6764603,6990692,4.961
4842,DWTX,Healthcare,Biotechnology,NASDAQ,62.92,16,31,6,8,1.52,49629128.67671299,33992553.0,0.0061000003,-78.89,60880,73740,64964,
4843,TULP,Consumer Defensive,Farm Products,NASDAQ,62.88,16,23,23,35,2.71,13043605.730358362,4830965.0,0.0011,-50.99,4890,1993,2214,-0.059
4844,BKKT,Technology,Software - Infrastructure,NYSE,62.86,16,26,11,9,7.57,349288299.5,45069458.0,0.2604,-83.95,1246170,1300703,1346400,-0.701
4845,VNTG,Industrials,Marine Shipping,NYSE ARCA,62.74,16,11,9,10,0.64,19561648.17088604,30660890.0,0.0005,-91.64,419740,260623,166814,0.13
4846,GLUE,Healthcare,Biotechnology,NASDAQ,62.7,16,75,97,96,10.27,895790710.5,85313401.0,0.22940001,-60.15,1339610,1253793,1363744,-0.613
4847,RZLV,Technology,Software - Infrastructure,NASDAQ,62.66,16,18,24,53,2.23,821584806.3989024,398827587.0,0.1504,-68.55,9663400,18181896,14357442,19.704
4848,ARMP,Healthcare,Biotechnology,NYSE ARCA,62.66,16,45,29,99,3.66,130880565.37081003,37181979.0,0.0856,-77.6,122240,281663,212458,0.157
4849,ONIT,Financial Services,Mortgage Finance,NYSE,62.63,16,27,32,66,27.5,227744217.11219788,8354520.0,0.0502,-49.17,113910,78740,75824,0.147
4850,AIOS,Technology,Information Technology Services,NASDAQ,62.63,16,9,14,2,12.15,36676799.01123047,3240000.0,0.0092,-86.5,33020,59050,47858,
4851,BNAI,Technology,Software - Infrastructure,NASDAQ,62.63,16,95,97,99,5.84,45913540.534529686,7626834.0,0.098400004,-93.23,120990,133693,129804,31.017
4852,CHRS,Healthcare,Biotechnology,NASDAQ,62.62,16,39,62,87,1.12,179221115.4029739,154500966.0,0.1524,-57.19,1690460,1249443,1243122,0.395
4853,ETOR,Financial Services,Capital Markets,NASDAQ,62.61,16,20,55,28,25.69,2021578633.8674355,79527090.0,0.066599995,-41.89,1043920,1040176,1204414,-0.246
4854,USGO,Basic Materials,Other Industrial Metals & Mining,NASDAQ,62.59,16,25,16,75,6.58,90479969.65531158,13877296.0,0.097600006,-63.4,100930,92586,87734,
4855,RXST,Healthcare,Medical Devices,NASDAQ,62.51,16,29,11,21,4.76,194656430.9400444,41593256.0,0.1009,-63.99,792920,795066,838070,0.003
4856,AIMD,Technology,Scientific & Technical Instruments,NASDAQ,62.5,16,16,28,13,1.33,9990651.099974036,7384073.0,0.0153,-70.05,669420,243076,232108,-0.967
4857,NXRT,Real Estate,REIT - Residential,NYSE,62.49,16,21,36,27,18.61,477015010.65929604,25549813.0,0.13949999,-42.49,924260,785630,595606,0.024
4858,WINA,Consumer Cyclical,Specialty Retail,NASDAQ,62.46,16,18,29,59,293.86,1069352798.3799438,3592169.0,0.1453,-42.97,79490,86976,70652,0.076
4859,FINW,Financial Services,Banks - Regional,NASDAQ,62.45,16,23,20,39,11.02,155069536.65916443,13882680.0,0.0126,-44.51,40870,33850,31162,0.557
4860,PATK,Consumer Cyclical,Recreational Vehicles,NASDAQ,62.41,16,22,17,63,66.59,2157062727.8605957,32118264.0,0.2245,-55.16,535160,540776,521698,-0.006
4861,CRDF,Healthcare,Biotechnology,NASDAQ,62.4,16,9,10,10,1.14,87130679.25095665,77795249.0,0.16149999,-65.56,494190,787366,792114,-0.141
4862,QNTM,Healthcare,Biotechnology,NASDAQ,62.32,16,10,8,3,3.27,22117807.167904377,6429595.0,0.0324,-82.67,237220,176210,224498,
4863,SOUN,Technology,Software - Application,NASDAQ,62.3,16,14,15,12,5.88,2593615088.006138,444112161.0,0.4047,-73.48,14951100,20323576,26005526,0.45
4864,FCUV,Technology,Scientific & Technical Instruments,NASDAQ,62.26,16,99,0,1,4.32,3081536.985845566,702745.0,0.0421,-97.94,31260,223726,2545572,18.11
4865,ALGS,Healthcare,Biotechnology,NASDAQ,62.22,16,27,16,72,5.4,34594851.08178902,6244558.0,0.13149999,-60.55,44760,51063,90054,27.785
4866,BLDP,Industrials,Electrical Equipment & Parts,NASDAQ,62.17,16,20,69,84,2.06,719735930.5586905,351090706.0,0.0596,-68.65,2114550,2621880,3358356,0.154
4867,WDH,Financial Services,Insurance - Diversified,NYSE,62.17,16,11,14,58,1.03,370081001.31028867,359301953.0,0.0014,-49.26,358730,808133,566062,0.728
4868,BQ,Consumer Cyclical,Specialty Retail,NYSE ARCA,62.15,16,14,9,3,0.78,5918450.325952649,7379614.0,0.0069,-98.61,73420,63293,2522486,-0.031
4869,JBGS,Real Estate,REIT - Diversified,NYSE,62.14,16,14,26,28,10.83,618559110.3393297,58575671.0,0.2902,-50.73,1049110,1026193,985314,0.01
4870,AHG,Healthcare,Medical Distribution,NASDAQ,62.14,16,9,25,93,1.16,985209783.1245807,856704177.0,0.86,-53.6,609180,212163,134666,-0.129
4871,WVVI,Consumer Defensive,Beverages - Wineries & Distilleries,NASDAQ,62.12,16,15,33,17,2.0,9809672.272465467,4979529.0,0.0016,-50.0,10280,23190,17544,-0.016
4872,PTLO,Consumer Cyclical,Restaurants,NASDAQ,62.12,16,30,16,22,3.55,254540559.088408,72518678.0,0.1552,-46.94,1826520,1444270,1426656,0.056
4873,PAAI,Communication Services,Internet Content & Information,NYSE ARCA,62.11,16,6,3,8,1.06,55228355.89082301,47610653.0,0.038,-82.18,3037650,4468160,2736372,-0.507
4874,BIDU,Communication Services,Internet Content & Information,NASDAQ,62.09,16,23,51,52,86.99,28704516246.030968,340423581.0,0.0337,-47.37,2382020,2471323,2756642,-0.042
4875,CTXR,Healthcare,Biotechnology,NASDAQ,62.08,16,15,9,21,0.52,14604767.38399446,27452570.0,0.20629999,-76.26,157070,296543,570796,
4876,ENVB,Healthcare,Biotechnology,NASDAQ,62.06,16,8,4,3,1.51,6624308.405370712,4475884.0,0.0052,-88.6,65090,71756,101306,
4877,BSX,Healthcare,Medical Devices,NYSE,62.06,16,14,8,14,42.4,61737175596.251236,1449229526.0,0.0321,-59.87,17647460,20584653,20797218,0.075
4878,OGEN,Healthcare,Biotechnology,NYSE ARCA,62.06,16,12,14,8,0.49,2210858.973029375,4511957.0,0.17889999,-66.21,27430,30946,31192,
4879,MIND,Technology,Scientific & Technical Instruments,NASDAQ,62.03,16,9,11,59,4.53,40991640.130319595,9089055.0,0.0456,-68.76,77910,99703,97078,-0.585
4880,VRCA,Healthcare,Biotechnology,NASDAQ,61.95,16,24,58,33,4.31,75243089.02595615,17178787.0,0.023,-56.11,44070,76836,72940,-0.539
4881,FIS,Technology,Information Technology Services,NYSE,61.95,16,22,17,16,33.58,16729499239.265697,515705917.0,0.0422,-51.43,6783630,6295200,6427596,0.291
4882,HROW,Healthcare,Drug Manufacturers - Specialty & Generic,NASDAQ,61.94,16,55,65,54,30.58,1142629650.8394241,37487850.0,0.2223,-44.25,505970,542076,547056,0.109
4883,TME,Communication Services,Internet Content & Information,NYSE,61.92,16,11,12,10,7.87,12614381446.796373,1629765093.0,0.0515,-67.01,7276460,8359163,9297654,0.058
4884,KRUS,Consumer Cyclical,Restaurants,NASDAQ,61.88,16,19,24,35,40.37,504582674.2486572,12149836.0,0.2348,-50.06,276960,239936,207770,0.162
4885,SAFX,Utilities,Utilities - Renewable,NASDAQ,61.86,16,19,52,97,0.3,136632677.19976807,415296896.0,0.024300002,-77.27,4284240,3756986,3969850,-0.895
4886,CRTO,Communication Services,Advertising Agencies,NASDAQ,61.85,16,29,68,25,14.5,721734021.6406975,48997559.0,0.0348,-42.67,330740,261186,411854,-0.113
4887,LI,Consumer Cyclical,Auto Manufacturers,NASDAQ,61.78,16,14,9,30,10.85,10447063706.28931,977274473.0,0.056599997,-56.72,3073500,3087816,3058736,-0.151
4888,DAIC,Technology,Information Technology Services,NASDAQ,61.75,16,12,1,2,2.59,6522369.840821266,2337767.0,0.044,-96.83,711870,16001196,9867438,-0.902
4889,WTF,Financial Services,Capital Markets,NASDAQ,61.73,16,19,16,31,2.37,120593680.0,48237472.0,0.0275,-62.56,3000,2683,3896,0.029
4890,MLCO,Consumer Cyclical,Resorts & Casinos,NASDAQ,61.73,16,16,20,26,4.23,1593222645.7277398,380244063.0,0.0356,-55.61,1949300,1827720,1698966,-0.057
4891,NKE,Consumer Cyclical,Footwear & Accessories,NYSE,61.73,16,14,21,16,33.96,50246099486.06244,1483498703.0,0.08979999,-53.09,57583870,40339243,33826436,-0.043
4892,ARKR,Consumer Cyclical,Restaurants,NASDAQ,61.69,16,19,21,33,4.5,16227706.5,3606157.0,0.003,-52.63,4390,9356,6838,-0.065
4893,CAN,Technology,Computer Hardware,NASDAQ,61.68,16,14,6,10,0.33,256166528.63750994,731904380.0,0.0995,-85.14,8295870,17319933,17798698,-0.682
4894,VNDA,Healthcare,Biotechnology,NASDAQ,61.6,16,30,39,82,4.58,279942247.7294054,60462687.0,0.1475,-53.92,1323730,948926,982308,-0.039
4895,BSEM,Healthcare,Biotechnology,NASDAQ,61.57,16,21,13,21,2.76,50972209.826123714,18671139.0,1.2,-67.14,157390,157413,141290,-0.279
4896,NTRP,Consumer Cyclical,Travel Services,NASDAQ,61.57,16,6,11,23,1.92,29417897.669361353,15086101.0,0.010299999,-63.08,91540,100556,82980,9.457
4897,EVLV,Industrials,Security & Protection Services,NASDAQ,61.56,16,19,30,64,4.48,822012374.5769739,179871410.0,0.0626,-49.15,2114740,2100996,2107958,0.344
4898,XRTX,Healthcare,Biotechnology,NASDAQ,61.52,15,25,14,11,1.7,3113592.3857462406,1816565.0,0.043,-75.89,39650,467010,283720,
4899,CMCT,Real Estate,REIT - Office,NASDAQ,61.52,15,4,2,0,4.66,12225340.846592188,3217195.0,0.0126,-99.68,3447550,1167243,711828,-0.095
4900,TIGR,Financial Services,Capital Markets,NASDAQ,61.47,15,17,8,21,4.4,748156653.5177765,179845356.0,0.0579,-61.23,2115890,2277106,2245856,0.324
4901,CLRO,Technology,Communication Equipment,NASDAQ,61.46,15,79,95,5,3.94,10915680.755882263,2675412.0,0.0292,-76.12,3167940,1071526,2412856,
4902,RTO,Industrials,Specialty Business Services,NYSE,61.4,15,22,46,81,20.02,10039797525.097736,503247977.0,0.0067000003,-42.26,2876120,1951023,1900214,0.067
4903,MBI,Financial Services,Insurance - Specialty,NYSE,61.32,15,15,57,55,4.47,224472358.46530724,51016444.0,0.062800005,-43.2,348450,443243,488660,-0.25
4904,KNF,Basic Materials,Building Materials,NYSE,61.3,15,20,50,64,51.97,2856903032.5369263,56763420.0,0.103,-46.02,1289050,1077180,987636,0.126
4905,AWRE,Technology,Software - Application,NASDAQ,61.23,15,17,23,13,1.08,23993901.220053792,21812637.0,0.0082,-61.97,28240,31686,35714,-0.165
4906,PSFE,Technology,Software - Infrastructure,NYSE,61.23,15,20,26,22,5.63,281441387.10848236,52215472.0,0.1142,-58.34,364850,342056,373494,0.045
4907,NUS,Consumer Defensive,Household & Personal Products,NYSE,61.2,15,13,10,28,4.63,224399289.2390318,48676634.0,0.1,-60.33,461600,519880,555266,-0.171
4908,GOOS,Consumer Cyclical,Apparel Manufacturing,NYSE,61.2,15,14,18,37,7.62,748080250.0381737,97660609.0,0.1293,-47.84,701110,853586,838344,0.103
4909,GILT,Technology,Communication Equipment,NASDAQ,61.1,15,17,30,94,9.4,772607439.1408625,77029657.0,0.0374,-55.09,421490,495256,538844,0.169
4910,CNTY,Consumer Cyclical,Resorts & Casinos,NASDAQ,61.07,15,17,14,22,1.03,29263198.606632233,28137692.0,0.0076,-62.27,48820,44220,55592,0.008
4911,CANG,Financial Services,Capital Markets,NYSE,61.04,15,4,2,2,2.72,109528655.0197277,41021967.0,0.030199999,-88.94,696490,650340,522148,
4912,UPST,Financial Services,Credit Services,NASDAQ,61.03,15,17,21,11,24.35,2219710527.2892265,97313046.0,0.325,-55.9,4824800,4253890,4539560,0.423
4913,LEU,Energy,Uranium,NYSE,60.97,15,26,17,65,141.44,2848504438.545105,20453108.0,0.2766,-69.53,547830,716910,667104,0.14
4914,DKNG,Consumer Cyclical,Gambling,NASDAQ,60.88,15,20,28,13,19.6,9229080828.072876,496454048.0,0.078200005,-47.0,19107650,13334193,13205654,-0.046
4915,KRMD,Healthcare,Medical Instruments & Supplies,NASDAQ,60.86,15,15,38,69,3.01,136668831.68131828,46171902.0,0.025999999,-54.45,329850,248940,259294,0.182
4916,MLGO,Technology,Software - Infrastructure,NASDAQ,60.79,15,16,17,5,3.18,34684616.06477165,10941519.0,0.076,-72.28,52880,47446,41946,-0.273
4917,GURE,Basic Materials,Chemicals,NASDAQ,60.77,15,18,13,55,3.09,5476863.585409641,1813531.0,0.0014,-73.88,391220,134303,84638,0.545
4918,MIRA,Healthcare,Drug Manufacturers - General,NASDAQ,60.76,15,11,19,23,0.74,30676124.311507702,42022087.0,0.0154,-69.8,150660,1147813,727926,
4919,NEON,Technology,Electronic Components,NASDAQ,60.75,15,7,4,6,0.91,15440289.440095246,16782923.0,0.029000001,-76.9,64360,53673,73830,-0.204
4920,XTNT,Healthcare,Medical Devices,NYSE ARCA,60.7,15,13,15,24,0.33,47697906.90170884,140287960.0,0.0047999998,-65.26,193910,3386140,2135262,-0.35
4921,ABTS,Financial Services,Capital Markets,NASDAQ,60.64,15,15,8,2,1.22,3799474.1218179464,3214445.0,0.020399999,-88.6,12130,81753,177858,0.688
4922,WBUY,Consumer Cyclical,Internet Retail,NASDAQ,60.62,15,17,5,9,0.75,4297185.423615456,5481104.0,0.024,-84.88,4023410,2764496,1752666,
4923,AGMB,Healthcare,Biotechnology,NASDAQ,60.62,15,81,50,17,8.69,421562686.6652727,49247975.0,0.021300001,-51.23,192820,188453,151398,
4924,MGX,Healthcare,Biotechnology,NASDAQ,60.62,15,17,14,20,1.04,38532646.379458904,37777105.0,0.0467,-73.67,129130,144770,140122,
4925,IONR,Basic Materials,Other Industrial Metals & Mining,NASDAQ,60.59,15,17,39,28,2.98,234979635.53378248,80197826.0,0.0025,-63.66,96810,89973,83272,
4926,NKTR,Healthcare,Biotechnology,NASDAQ,60.57,15,87,90,99,42.22,1487951741.0376892,34142994.0,0.1852,-61.27,2621810,1421496,1107818,-0.093
4927,CLBT,Technology,Software - Infrastructure,NASDAQ,60.48,15,16,66,15,11.2,2782345457.4967957,251341060.0,0.0669,-43.94,2825200,2688643,3400606,0.158
4928,NAMS,Healthcare,Biotechnology,NASDAQ,60.47,15,20,67,85,22.8,2712172401.990658,116903979.0,0.1533,-45.98,1785470,1678653,1443564,-0.807
4929,CAR,Industrials,Rental & Leasing Services,NASDAQ,60.44,15,36,22,99,107.98,3928930403.0022583,35325754.0,0.48419997,-87.26,426170,415846,426326,-0.013
4930,ZUMZ,Consumer Cyclical,Apparel Retail,NASDAQ,60.43,15,21,26,83,13.73,203743846.18518353,15330613.0,0.1363,-56.69,342010,348996,305426,-0.025
4931,ABAT,Industrials,Waste Management,NASDAQ,60.4,15,20,25,76,2.17,312245298.17836475,142577758.0,0.16,-81.11,4357170,3867586,3613488,1.966
4932,HE,Utilities,Utilities - Regulated Electric,NYSE,60.38,15,22,53,82,8.81,1539894915.19738,173021908.0,0.15010001,-49.31,2969160,2821156,2502146,0.259
4933,YELP,Communication Services,Internet Content & Information,NYSE,60.36,15,21,27,23,18.5,990853731.8799572,54263621.0,0.316,-46.36,1547730,1333500,1240026,0.014
4934,INLX,Technology,Software - Application,NYSE ARCA,60.33,15,12,14,14,5.0,22699720.557352066,4494994.0,0.0007,-57.45,1300,5520,3492,-0.016
4935,FLWS,Consumer Cyclical,Specialty Retail,NASDAQ,60.32,15,28,32,16,2.54,164313842.08729935,64185096.0,0.3659,-64.23,397750,393806,316732,-0.129
4936,TU,Communication Services,Telecom Services,NYSE,60.3,15,16,20,27,7.88,12662999939.918518,1575000000.0,10.76,-49.58,7205210,6467130,7735128,-0.022
4937,ARBE,Technology,Scientific & Technical Instruments,NASDAQ,60.28,15,10,14,8,0.59,78609519.40343392,128237394.0,0.0721,-79.51,1445170,4989763,3445332,1.566
4938,BFRG,Healthcare,Health Information Services,NASDAQ,60.26,15,10,12,36,0.59,11458739.778677762,18541651.0,0.0063,-71.08,27134740,9114116,5524628,5.476
4939,CCM,Healthcare,Medical Care Facilities,NYSE,60.25,15,59,62,23,3.12,13763262.241247177,4341723.0,0.0097,-55.17,8490,27960,58504,0.574
4940,CTMX,Healthcare,Biotechnology,NASDAQ,60.22,15,70,50,98,2.58,557822154.571703,217899284.0,0.20120001,-68.57,3644960,3939686,3322846,-0.924
4941,AVAV,Industrials,Aerospace & Defense,NASDAQ,60.15,15,12,10,17,139.3,7156571627.861938,50820702.0,0.1176,-66.66,1282000,1961633,1648408,0.057
4942,PSN,Technology,Information Technology Services,NYSE,60.13,15,14,22,21,42.11,4356592119.043259,106805394.0,0.1429,-52.95,1279260,1199203,1536368,-0.005
4943,QXO,Industrials,Industrial Distribution,NYSE,60.11,15,14,13,70,11.88,12512138385.888428,1037490709.0,0.1185,-56.97,21190870,17434933,17842946,0.703
4944,HTOO,Utilities,Utilities - Renewable,NASDAQ,60.07,15,16,13,9,2.1,16159957.566806316,7516259.0,0.0025,-61.25,35570,90640,58510,3.663
4945,ATS,Industrials,Specialty Industrial Machinery,NYSE,60.0,15,13,35,66,18.53,1791797106.8994637,98126894.0,7.23,-48.27,209720,278900,273862,-0.058
4946,MOB,Industrials,Aerospace & Defense,NASDAQ,60.0,15,19,51,77,4.02,54172819.62086201,12867653.0,0.0292,-63.52,109910,126613,131972,0.19
4947,PLBL,Consumer Cyclical,Department Stores,NASDAQ,59.98,15,15,29,24,5.67,2070089240.441432,366387470.0,0.0414,-51.74,192260,224576,222680,-0.346
4948,TOMZ,Industrials,Pollution & Treatment Controls,NASDAQ,59.91,15,12,59,16,1.58,11236756.221173167,8142577.0,0.0042,-52.55,84030,112623,78266,1.179
4949,SPRC,Healthcare,Biotechnology,NASDAQ,59.9,15,7,14,1,4.36,2742192.4381070137,580973.0,0.0189,-90.03,26800,25880,219828,
4950,LUD,Basic Materials,Steel,NYSE ARCA,59.89,15,14,14,21,3.94,86675798.48527908,22690000.0,0.0062,-83.72,5360,4936,7978,-0.177
4951,BILI,Communication Services,Internet Content & Information,NASDAQ,59.86,15,13,14,44,14.75,5948271929.587209,411930201.0,0.0864,-59.48,2581530,3501246,3000534,0.082
4952,ALXO,Healthcare,Biotechnology,NASDAQ,59.86,15,85,96,95,1.21,168697940.29613662,138276997.0,0.050300002,-54.51,1490130,1101236,1095992,
4953,CIA,Financial Services,Insurance - Life,NYSE,59.84,15,16,73,75,3.56,179276600.38811874,50643108.0,0.092,-45.57,107960,119490,136676,-0.072
4954,DRIO,Healthcare,Health Information Services,NASDAQ,59.84,15,19,14,10,5.8,63304647.633820534,9799481.0,0.0082,-64.95,23460,27573,25644,-0.036
4955,KTTA,Healthcare,Biotechnology,NASDAQ,59.81,15,18,12,31,0.46,15905277.61446476,33414448.0,0.0082,-77.67,98790,186193,203808,
4956,ATER,Consumer Cyclical,"Furnishings, Fixtures & Appliances",NASDAQ,59.78,14,15,82,15,0.64,11768325.535962582,17966910.0,0.0465,-65.78,176540,3635110,2336874,-0.92
4957,CSGP,Real Estate,Real Estate Services,NASDAQ,59.74,14,11,8,8,27.66,11094309619.384651,405197588.0,0.0369,-67.55,5448380,6748516,6938486,0.184
4958,AIOT,Technology,Software - Application,NASDAQ,59.73,14,15,60,13,2.82,377174821.89953136,134225918.0,0.113900006,-52.04,1885930,1547293,1923904,0.064
4959,TRDA,Healthcare,Biotechnology,NASDAQ,59.73,14,35,18,94,5.48,209479283.67594814,38936669.0,0.1094,-66.69,347510,323826,336854,-0.539
4960,EMPD,Consumer Cyclical,Recreational Vehicles,NASDAQ,59.72,14,16,13,24,3.09,88141150.65266895,28160111.0,0.2048,-61.9,149170,285916,356746,-0.579
4961,KTCC,Technology,Computer Hardware,NASDAQ,59.72,14,16,87,34,2.18,25008904.514467478,11065887.0,0.0026,-50.68,14570,42890,31364,-0.077
4962,ASTI,Technology,Solar,NASDAQ,59.72,14,30,84,92,2.46,22675955.048299313,9816431.0,0.0921,-75.08,364670,294240,317382,4.613
4963,RBBN,Technology,Software - Application,NASDAQ,59.71,14,13,18,19,1.7,316517329.62921524,178823352.0,0.0537,-58.44,1472550,1067376,942478,-0.128
4964,FUN,Consumer Cyclical,Leisure,NYSE,59.68,14,19,33,37,12.13,1186869258.2305756,102316312.0,0.2522,-55.68,2898750,2309760,2325138,-0.07
4965,ITP,Basic Materials,Paper & Paper Products,NYSE ARCA,59.66,14,19,22,28,0.14,2375158.8101121783,16965420.0,0.0231,-64.1,114730,263040,421068,0.021
4966,NGEN,Healthcare,Biotechnology,NASDAQ,59.62,14,27,6,77,1.81,191390283.6637528,107522633.0,9.14,-71.27,494450,602610,515196,
4967,MGPI,Consumer Defensive,Beverages - Wineries & Distilleries,NASDAQ,59.59,14,21,17,20,12.77,273886031.2231178,21414076.0,0.0689,-52.3,300470,271960,238510,-0.145
4968,BHR,Real Estate,REIT - Hotel & Motel,NYSE,59.51,14,15,19,49,1.55,114007665.58758044,68679318.0,0.0324,-51.41,560530,484180,427048,-0.045
4969,FISK,Real Estate,REIT - Office,NYSE ARCA,59.47,14,14,27,17,3.84,1075942075.15082,280193255.0,1.39,-52.94,1200,1216,816,0.032
4970,PODD,Healthcare,Medical Devices,NASDAQ,59.4,14,13,12,17,135.62,9133254635.631775,69354199.0,0.08270001,-61.78,1717470,1795263,1771644,0.235
4971,NPWR,Industrials,Specialty Industrial Machinery,NYSE,59.39,14,35,14,9,1.29,122988145.3242737,88480681.0,0.0571,-75.19,488550,746356,758754,
4972,LRHC,Real Estate,Real Estate Services,NASDAQ,59.36,14,2,0,0,1.58,888636.807404995,569639.0,0.0218,-99.79,408990,448296,954150,-0.256
4973,BBW,Consumer Cyclical,Specialty Retail,NYSE,59.35,14,14,16,17,26.0,314882196.0207653,12319335.0,0.2741,-63.98,516650,844676,646936,-0.072
4974,FLD,Financial Services,Capital Markets,NASDAQ,59.35,14,6,2,5,0.56,29684242.5399462,54869209.0,0.0217,-86.79,89960,416390,357978,-0.255
4975,RBLX,Communication Services,Electronic Gaming & Multimedia,NYSE,59.34,14,13,16,15,44.58,31518265753.884174,714375941.0,0.0376,-68.59,14037490,11375343,13419620,0.359
4976,INTZ,Technology,Software - Infrastructure,NASDAQ,59.33,14,17,20,11,0.69,17645006.86114955,24506953.0,0.0178,-69.6,68460,199953,204152,-0.224
4977,EPSM,Consumer Defensive,Beverages - Wineries & Distilleries,NASDAQ,59.33,14,13,6,3,1.21,16778792.5,13423034.0,0.0072000003,-97.15,1520720,522866,319746,-0.616
4978,TPB,Consumer Defensive,Tobacco,NYSE,59.32,14,20,52,37,57.61,1115522007.8431091,20048922.0,0.1566,-60.78,574160,395943,375026,0.226
4979,FOXX,Technology,Consumer Electronics,NASDAQ,59.31,14,8,11,79,2.51,18394757.52528429,7074907.0,0.0041,-68.23,6110,10326,10632,-0.499
4980,MENS,Healthcare,Biotechnology,NASDAQ,59.27,14,13,7,5,2.05,165740321.3153944,76027668.0,0.0058999998,-96.75,48710,44570,43770,
4981,MEGL,Financial Services,Capital Markets,NASDAQ,59.25,14,39,34,26,0.82,64505814.30842996,70421194.0,0.00059999997,-56.84,14320,11200,11502,0.267
4982,TRIP,Consumer Cyclical,Travel Services,NASDAQ,59.18,14,14,51,20,8.79,997366427.2448006,117199342.0,0.35919997,-50.67,4306120,3982653,3931430,-0.072
4983,APTV,Consumer Cyclical,Auto Parts,NYSE,59.17,14,11,25,24,43.89,9040355421.833992,207633331.0,0.048699997,-50.65,3123380,4582693,4515980,0.023
4984,BATL,Energy,Oil & Gas E&P,NYSE ARCA,59.17,14,22,38,98,1.05,59000618.0111444,57282155.0,0.113199994,-96.46,3071240,4282780,4983414,0.124
4985,SST,Industrials,Specialty Business Services,NYSE,59.13,14,55,13,7,2.3,21249770.178328514,8708922.0,0.1117,-72.59,154970,981260,686564,-0.613
4986,CPNG,Consumer Cyclical,Internet Retail,NYSE,59.12,14,18,19,24,14.2,24769710773.572594,1797511702.0,0.0616,-56.63,16483940,16055090,17113352,0.039
4987,OMEX,Basic Materials,Other Industrial Metals & Mining,NASDAQ,59.09,14,10,8,57,0.64,38971080.81272954,58691389.0,0.0908,-85.55,251870,265293,312036,-0.423
4988,ALMS,Healthcare,Biotechnology,NASDAQ,59.07,14,58,99,99,6.84,886631374.8060937,129435239.0,0.081099994,-78.18,2347800,3972760,2751346,-0.377
4989,CLNE,Energy,Oil & Gas Refining & Marketing,NASDAQ,59.06,14,16,34,60,1.56,343894210.78603506,220445015.0,0.047199998,-49.84,973850,1650953,1770348,0.037
4990,BROS,Consumer Cyclical,Restaurants,NYSE,59.06,14,19,73,28,38.23,5334170406.082855,137940798.0,0.3978,-48.35,4093760,4175236,4291386,0.325
4991,OCGN,Healthcare,Biotechnology,NASDAQ,59.03,14,59,34,86,1.04,345892602.5519824,339110401.0,0.31440002,-61.83,6591860,7350406,6124780,0.084
4992,MDBH,Financial Services,Capital Markets,NASDAQ,59.01,14,29,31,33,2.22,25052717.795505524,10438632.0,0.0001,-53.75,3510,2610,2538,
4993,LUCK,Consumer Cyclical,Leisure,NYSE,58.88,14,15,21,28,5.26,721175220.5994987,136328020.0,0.2034,-50.75,50070,92470,78742,0.009
4994,TEAD,Communication Services,Internet Content & Information,NASDAQ,58.84,14,8,33,12,0.57,54818427.05435562,98065162.0,0.0736,-68.68,4434390,1630123,1037158,-0.171
4995,GT,Consumer Cyclical,Auto Parts,NASDAQ,58.76,14,26,23,20,4.68,1393429931.009861,287898737.0,0.2174,-55.93,9587810,9482086,9255032,-0.048
4996,AHMA,Consumer Cyclical,Travel Services,NASDAQ,58.73,14,9,61,2,1.32,39237001.5591383,29725000.0,0.0173,-96.66,36430,971976,601398,0.046
4997,PFSI,Financial Services,Mortgage Finance,NYSE,58.7,14,18,19,22,62.95,3220997464.0,51951572.0,0.1018,-60.74,625680,572746,623834,0.018
4998,EIKN,Healthcare,Biotechnology,NASDAQ,58.7,14,28,28,17,7.54,397029665.76753616,54165030.0,0.1337,-56.67,513100,583476,535270,
4999,HAIN,Consumer Defensive,Packaged Foods,NASDAQ,58.69,14,26,7,11,0.51,47321178.14426947,91002269.0,0.0677,-68.9,788570,2176330,1652542,-0.276
5000,DKS,Consumer Cyclical,Specialty Retail,NYSE,58.63,14,11,46,52,137.13,13407493920.887512,98526556.0,0.1367,-43.89,2956370,4994120,3642656,0.532
5001,YSG,Consumer Defensive,Household & Personal Products,NYSE,58.61,14,11,19,12,2.58,247633459.2000692,93800549.0,0.0044,-71.52,96320,88180,87232,0.051
5002,AMSF,Financial Services,Insurance - Specialty,NASDAQ,58.6,14,16,34,25,23.28,437265611.048378,18536058.0,0.0734,-46.42,523000,533543,492208,0.134
5003,SKYQ,Energy,Oil & Gas Integrated,NASDAQ,58.59,14,63,8,97,2.54,21730139.736967087,8833390.0,0.0864,-86.94,3458420,2968906,2750174,
5004,TOYO,Technology,Solar,NASDAQ,58.58,14,8,31,98,4.38,186681797.87120438,42718948.0,0.1013,-74.87,342700,511613,690710,0.35
5005,BGSI,Consumer Cyclical,Auto & Truck Dealerships,NYSE,58.57,14,13,14,21,78.17,2182711928.0130615,27830064.0,5.69,-57.31,44930,56606,59408,0.299
5006,ITOC,Healthcare,Medical Devices,NASDAQ,58.55,14,9,14,4,0.25,29145449.762791395,117050000.0,0.00059999997,-78.26,135300,776510,979022,0.495
5007,BIOX,Basic Materials,Agricultural Inputs,NASDAQ,58.52,14,11,4,4,0.35,21825035.20887661,63815891.0,0.0087,-84.02,203720,420826,325756,-0.234
5008,AGIG,Utilities,Utilities - Renewable,NYSE ARCA,58.49,14,11,6,2,0.96,44150321.0,44150321.0,0.026400002,-85.67,124070,165023,143714,3.044
5009,BXMT,Real Estate,REIT - Mortgage,NYSE,58.46,14,18,31,65,11.01,1837125077.6057224,168543591.0,0.0883,-46.73,3103860,2523996,2623034,-0.731
5010,NNE,Industrials,Specialty Industrial Machinery,NASDAQ,58.46,14,10,12,17,15.51,838765034.3747349,53698146.0,0.3489,-74.52,1688340,1819930,1883500,
5011,TNYA,Healthcare,Biotechnology,NASDAQ,58.31,14,15,58,37,0.56,126465729.12026644,224230012.0,0.1243,-76.17,3243490,2427590,2268118,
5012,ATXG,Industrials,Integrated Freight & Logistics,NASDAQ,58.26,14,12,6,14,3.4,3863754.6862978935,1177974.0,0.0001,-79.39,11700,5476,18600,3.16
5013,GRI,Healthcare,Biotechnology,NASDAQ,58.26,14,18,3,1,1.91,4284785.483393669,2186115.0,0.053600002,-97.02,65660,415943,410874,
5014,SRFM,Industrials,Airlines,NYSE,58.24,13,5,5,4,0.89,129128965.94008327,132848730.0,0.1301,-85.58,10442550,6564643,4790474,0.076
5015,ZG,Communication Services,Internet Content & Information,NASDAQ,58.23,13,16,10,12,28.13,6318986293.182987,224874954.0,0.2022,-63.14,1046250,899390,1128520,0.179
5016,NRG,Utilities,Utilities - Independent Power Producers,NYSE,58.22,13,21,28,77,96.8,20018345001.752632,210210483.0,0.037100002,-49.04,2839660,2838390,2993812,0.11
5017,MSB,Basic Materials,Steel,NYSE,58.19,13,23,22,55,18.97,247968183.99511337,13120010.0,0.011,-55.24,58990,40536,39014,-0.558
5018,ADTN,Technology,Communication Equipment,NASDAQ,58.18,13,10,78,93,7.15,573629102.171731,81481407.0,0.175,-64.21,1627830,1667413,2024584,0.061
5019,AIV,Real Estate,REIT - Residential,NYSE,58.16,13,24,33,34,1.88,280307205.52202153,145236898.0,0.013099999,-76.53,2826320,1990543,1508490,-0.039
5020,ONCY,Healthcare,Biotechnology,NASDAQ,58.13,13,25,25,60,0.6,80331617.54198253,127510505.0,0.0691,-57.75,1201250,1011006,896600,
5021,LINC,Consumer Defensive,Education & Training Services,NASDAQ,58.12,13,22,96,94,22.2,695017600.0496864,31721479.0,0.1041,-60.6,791550,819880,936986,0.224
5022,JRVR,Financial Services,Insurance - Specialty,NASDAQ,58.08,13,22,18,67,3.43,161409143.0610652,46249038.0,0.045900002,-52.36,359310,297220,279594,-0.077
5023,LIDR,Technology,Software - Infrastructure,NASDAQ,57.98,13,12,18,79,1.1,52272829.502550244,46672169.0,0.060500003,-72.5,442470,5268213,3552482,8.182
5024,OPFI,Financial Services,Credit Services,NYSE,57.95,13,21,36,26,6.04,508693216.7125983,85208247.0,0.041100003,-48.33,646680,852263,953728,-0.139
5025,FVRR,Communication Services,Internet Content & Information,NYSE,57.94,13,13,15,8,8.59,307019215.74858856,35950728.0,0.096,-64.78,623590,546816,725364,-0.1
5026,RGNX,Healthcare,Biotechnology,NASDAQ,57.86,13,59,85,34,7.76,490478005.22808456,66013192.0,0.1271,-52.07,1540290,1534073,1353842,4.057
5027,BEAT,Healthcare,Health Information Services,NASDAQ,57.84,13,6,5,15,0.65,24511889.519346893,56349171.0,0.0428,-83.75,40806210,13834053,8482238,
5028,NB,Basic Materials,Other Industrial Metals & Mining,NASDAQ,57.82,13,20,32,62,3.46,506098220.2727914,145849630.0,0.074200004,-72.5,2212210,2460670,3048440,
5029,AEC,Energy,Uranium,NASDAQ,57.8,13,21,14,40,3.44,68627918.58154678,19949976.0,0.0032,-72.46,27510,38703,41580,
5030,CLIR,Industrials,Pollution & Treatment Controls,NASDAQ,57.79,13,16,10,21,3.3,23894166.98507905,6807455.0,0.0029,-70.54,20260,21106,17842,3.211
5031,LOCL,Consumer Defensive,Farm Products,NYSE,57.78,13,15,12,7,1.08,25602760.68895054,23381516.0,0.064899996,-72.97,32080,41150,33234,0.144
5032,XPON,Industrials,Electrical Equipment & Parts,NASDAQ,57.76,13,13,4,20,4.46,4003402.018193245,953191.0,0.18030001,-79.0,64360,4828526,3187992,-0.321
5033,LULU,Consumer Cyclical,Apparel Retail,NASDAQ,57.69,13,13,11,20,93.14,10457668860.141945,110710025.0,0.13069999,-58.78,4969700,7005093,5246828,-0.043
5034,NVNI,Technology,Software - Application,NASDAQ,57.65,13,9,9,6,0.9,10766248.831394255,12220487.0,0.0214,-81.78,32170,46733,41432,-0.007
5035,NEXM,Basic Materials,Other Industrial Metals & Mining,NASDAQ,57.62,13,13,10,6,1.88,66305585.54995108,35648164.0,3.86,-71.75,35780,41093,33568,
5036,OPTU,Communication Services,Telecom Services,NYSE,57.6,13,16,10,13,0.99,349391312.23385334,381431560.0,0.3635,-63.87,1696370,2048653,2296376,-0.058
5037,FULC,Healthcare,Biotechnology,NASDAQ,57.57,13,15,4,79,3.71,281536882.69576406,76297257.0,0.0953,-76.43,1510700,1381296,1572628,
5038,SRAD,Technology,Software - Application,NASDAQ,57.53,13,12,18,17,12.08,3480391612.8579597,295951662.0,0.1244,-56.62,2559020,2152723,2489554,0.189
5039,TZOO,Communication Services,Internet Content & Information,NASDAQ,57.52,13,16,87,20,5.38,53154176.15918827,10202337.0,0.0493,-56.58,57140,53280,76456,-0.029
5040,SMR,Industrials,Specialty Industrial Machinery,NYSE,57.29,13,12,9,6,7.68,3180518795.5,410389522.0,0.20639999,-86.62,30088940,36735140,34412228,-0.991
5041,BGS,Consumer Defensive,Packaged Foods,NYSE,57.27,13,19,30,83,2.54,218339237.33441305,81167001.0,0.1724,-60.19,2327010,2183486,2302616,-0.097
5042,CLGN,Healthcare,Biotechnology,NASDAQ,57.2,13,8,7,1,3.41,6542240.732129097,1890821.0,0.0347,-87.28,44260,744240,449184,-0.397
5043,SDHC,Real Estate,Real Estate - Development,NYSE,57.19,13,14,31,18,10.07,84596238.07970428,8392484.0,0.23879999,-57.13,41280,56186,48978,0.219
5044,IPST,Financial Services,Capital Markets,NASDAQ,57.13,13,7,0,1,3.14,2222460.1849479675,721578.0,0.0145000005,-99.07,557970,271646,3124186,0.607
5045,TCX,Technology,Software - Infrastructure,NASDAQ,57.12,13,12,10,22,9.18,105000035.51907349,11182112.0,0.1337,-63.53,52130,67826,89010,0.021
5046,SAIQ,Industrials,Aerospace & Defense,NASDAQ,57.11,13,43,50,50,6.67,55080030.35984337,29772989.0,,-48.49,6938110,2346813,1412312,
5047,AHT,Real Estate,REIT - Hotel & Motel,NYSE,57.11,13,27,19,10,2.25,14751175.734897137,6469814.0,0.0004,-62.69,25100,19543,29076,-0.095
5048,RGC,Healthcare,Drug Manufacturers - Specialty & Generic,NASDAQ,57.11,13,4,2,99,7.24,3372414444.264647,494488909.0,0.0145000005,-89.51,138880,162566,174420,
5049,CENN,Consumer Cyclical,Auto Manufacturers,NASDAQ,57.1,13,10,4,2,3.79,9279738.591085434,2456452.0,0.0221,-90.43,7330,17026,12492,-0.029
5050,DBVT,Healthcare,Biotechnology,NASDAQ,57.09,13,33,49,93,10.44,663051655.3373995,62848497.0,0.0215,-60.13,405870,326233,339780,-0.533
5051,MLEC,Healthcare,Biotechnology,NASDAQ,57.09,13,19,26,24,4.86,3449060.5,726118.0,0.0156,-79.07,22070,22510,17252,
5052,LCFY,Communication Services,Internet Content & Information,NASDAQ,57.04,13,10,14,72,2.34,5264095.92922473,2244817.0,0.0015,-67.81,8900,6306,8382,0.47
5053,IZEA,Communication Services,Advertising Agencies,NASDAQ,57.02,13,17,33,82,2.43,42669901.53047323,17416286.0,0.0078,-58.53,47740,39993,55796,-0.364
5054,VTGN,Healthcare,Biotechnology,NASDAQ,56.98,13,3,3,7,0.26,12425535.1329014,44376911.0,0.0612,-94.94,62268460,21041613,15554270,5.049
5055,CDXS,Healthcare,Biotechnology,NASDAQ,56.92,13,16,56,62,1.39,148927841.96649253,109505765.0,0.0372,-53.36,740770,845453,1034450,-0.027
5056,XPOF,Consumer Cyclical,Leisure,NYSE,56.87,13,18,22,30,4.64,198429291.9473648,42219000.0,0.4748,-49.84,914500,757373,931010,-0.134
5057,SMPL,Consumer Defensive,Packaged Foods,NASDAQ,56.83,13,15,19,6,9.94,869377058.0624714,88441207.0,0.1376,-61.26,2106430,2266180,2164816,-0.063
5058,ZENA,Technology,Software - Infrastructure,NASDAQ,56.7,13,18,5,8,1.28,118215980.50449574,88884193.0,0.1454,-81.99,1485450,1765953,3724978,3.163
5059,PHAR,Healthcare,Biotechnology,NASDAQ,56.67,13,17,34,85,9.8,690086709.0,70778124.0,0.00029999999,-54.08,32930,29986,27574,-0.032
5060,KTOS,Industrials,Aerospace & Defense,NASDAQ,56.65,13,13,12,64,42.02,8085157496.601997,187721327.0,0.0616,-68.64,4671830,3808756,3876818,0.305
5061,ERII,Industrials,Pollution & Treatment Controls,NASDAQ,56.64,13,15,13,21,6.83,345573802.7763963,51044875.0,0.0762,-62.72,767520,984610,1005568,-0.572
5062,GMTL,Basic Materials,Other Precious Metals & Mining,NYSE ARCA,56.63,13,18,23,84,8.55,343123643.81010246,39759402.0,2.0,-61.5,208970,180663,189538,
5063,NKLR,Utilities,Utilities - Regulated Electric,NASDAQ,56.62,13,26,16,12,3.44,387858186.0261812,110500908.0,0.0533,-84.3,376440,485736,474634,
5064,GRAN,Financial Services,Capital Markets,NASDAQ,56.62,13,10,11,3,1.06,23485984.540430903,24985090.0,0.0208,-82.06,18910,147143,89334,-0.118
5065,SNOA,Healthcare,Drug Manufacturers - Specialty & Generic,NASDAQ,56.58,13,14,4,15,1.22,5937647.045665979,4788425.0,0.0421,-73.48,38790,51896,124904,0.596
5066,BUR,Financial Services,Asset Management,NYSE,56.57,13,12,10,5,3.55,801523964.5922685,219595601.0,0.0708,-70.37,2369280,1908390,1789430,-0.372
5067,KLAR,Financial Services,Credit Services,NYSE,56.56,13,13,30,5,13.09,4743292512.442852,379160066.0,0.133,-70.75,6124460,6136216,6329562,0.266
5068,BLDR,Industrials,Building Products & Equipment,NYSE,56.54,13,13,15,17,55.63,6052300706.25,107596457.0,0.098900005,-57.7,2222340,3236153,2819578,-0.088
5069,EVGN,Healthcare,Biotechnology,NASDAQ,56.43,13,13,6,18,0.4,6794605.12302047,15801407.0,0.0036000002,-73.33,7254180,2550393,1792654,-0.607
5070,Z,Communication Services,Internet Content & Information,NASDAQ,56.41,13,14,10,11,27.41,6163822454.826805,224874954.0,0.078099996,-65.48,4823730,3902476,3907542,0.179
5071,DRMA,Healthcare,Biotechnology,NASDAQ,56.37,13,14,12,4,1.11,5475503.829513073,4955207.0,0.0294,-81.09,25120,47720,893872,
5072,BBAI,Technology,Information Technology Services,NYSE,56.36,13,10,13,14,2.61,1270660452.1781583,479494493.0,0.3149,-72.2,14904210,15580940,18767978,0.132
5073,DQ,Technology,Semiconductor Equipment & Materials,NYSE,56.28,12,9,8,46,11.04,744327507.0,67666137.0,0.1082,-69.83,539390,774593,917230,-0.167
5074,GWAV,Industrials,Waste Management,NASDAQ,56.22,12,74,9,7,2.37,1912299.5103838444,829631.0,0.028199999,-90.12,31850,49873,145210,0.455
5075,AGNT,Real Estate,Real Estate Services,NASDAQ,56.22,12,10,9,13,3.87,609980485.9876084,167117937.0,0.148,-68.35,1828200,1698000,1627088,0.107
5076,ODYS,Technology,Scientific & Technical Instruments,NASDAQ,56.22,12,30,29,76,2.78,47227402.08830118,16806905.0,0.0014,-75.4,23650,28353,27116,0.16
5077,HUDI,Basic Materials,Steel,NASDAQ,56.21,12,14,13,32,0.7,9808639.70413959,14319182.0,0.0438,-58.08,22000,33060,1362362,-0.165
5078,CRBU,Healthcare,Biotechnology,NASDAQ,56.18,12,21,38,86,1.19,130793168.92723155,107207513.0,0.1257,-66.34,919470,1110573,1099980,-0.438
5079,MTR,Energy,Oil & Gas E&P,NYSE,56.15,12,9,12,47,2.44,4603067.353317738,1863590.0,0.0026,-58.15,4010,10720,9322,-0.284
5080,PONY,Technology,Information Technology Services,NASDAQ,56.09,12,11,7,30,6.11,2641567925.904312,435184160.0,0.0674,-75.17,4863770,4084196,3957130,0.688
5081,FLO,Consumer Defensive,Packaged Foods,NYSE,56.08,12,13,23,15,5.6,1181159854.6620684,212057418.0,0.23629999,-57.35,7574300,7922580,7157334,
5082,WD,Financial Services,Mortgage Finance,NYSE,55.99,12,16,26,16,33.06,1166045599.5515442,34325745.0,0.0629,-63.27,545360,494543,476042,-0.1
5083,FMC,Basic Materials,Agricultural Inputs,NYSE,55.94,12,29,7,20,9.0,1312808216.9302988,155546005.0,0.2825,-71.88,5020450,3975883,3863002,-0.175
5084,BOXL,Technology,Consumer Electronics,NASDAQ,55.93,12,18,4,4,4.61,4003138.3666992188,844544.0,0.1251,-94.46,26630,49463,1618550,-0.16
5085,MEDS,Healthcare,Medical Distribution,NASDAQ,55.89,12,1,2,2,3.35,11767289.653465033,3197633.0,0.20040001,-95.41,7590650,12236333,7415320,-0.772
5086,DOMH,Financial Services,Capital Markets,NASDAQ,55.89,12,10,21,17,2.1,54305767.271205425,24243646.0,0.0671,-72.15,290030,234460,222418,-0.569
5087,DUO,Real Estate,Real Estate Services,NASDAQ,55.84,12,6,4,12,0.62,27509529.82497263,42452978.0,0.0105,-84.88,209290,2373560,1437676,-0.431
5088,NIO,Consumer Cyclical,Auto Manufacturers,NYSE,55.65,12,14,26,85,3.42,8444097577.389166,2505667022.0,0.0728,-56.49,30812820,37075400,32585140,0.691
5089,LCTX,Healthcare,Biotechnology,NYSE ARCA,55.65,12,18,27,89,0.93,235203943.32893515,252907464.0,0.1933,-55.5,1812010,1340336,1186716,-0.613
5090,ACXP,Healthcare,Biotechnology,NASDAQ,55.62,12,11,4,12,1.31,5458127.178027153,4297738.0,0.0298,-84.29,99550,92996,134868,
5091,VNET,Technology,Information Technology Services,NASDAQ,55.51,12,14,31,51,5.45,1460468161.170373,284691643.0,0.2492,-62.36,4699200,4522306,4728410,0.142
5092,PEW,Industrials,Aerospace & Defense,NYSE,55.49,12,15,17,9,1.98,56960933.79195857,29513438.0,0.103599995,-62.14,191970,203310,226172,0.094
5093,STLA,Consumer Cyclical,Auto Manufacturers,NYSE,55.34,12,13,9,26,4.49,16576225387.280003,3767323870.0,0.0513,-63.26,31911940,25043306,24434518,0.131
5094,ALNY,Healthcare,Biotechnology,NASDAQ,55.32,12,17,23,46,219.89,29400539570.30121,133809118.0,0.0716,-55.63,1257100,1524010,1869744,0.669
5095,BTOC,Industrials,Integrated Freight & Logistics,NASDAQ,55.27,12,13,10,5,0.23,10315578.846324205,45443079.0,0.0073,-75.66,82280,44883,117484,-0.153
5096,UONEK,Communication Services,Broadcasting,NASDAQ,55.16,12,11,13,18,3.44,16475421.171917915,4614964.0,1.09,-68.44,9160,6716,11730,-0.064
5097,LMB,Industrials,Building Products & Equipment,NASDAQ,55.15,12,9,22,35,49.94,585517138.1039047,11924993.0,0.086899996,-56.56,256550,387443,408366,0.219
5098,SHPH,Healthcare,Drug Manufacturers - Specialty & Generic,NASDAQ,55.11,12,5,2,4,4.01,19868782.683517456,4764696.0,0.0215,-92.83,31480,45976,148758,
5099,ATLX,Basic Materials,Other Industrial Metals & Mining,NASDAQ,55.08,12,17,14,33,2.57,72540532.63348699,30099805.0,0.0946,-68.85,331280,238736,224404,
5100,NVNO,Healthcare,Medical Devices,NASDAQ,55.03,12,26,13,8,8.01,5628090.865055084,694826.0,0.0136,-77.23,20120,24733,21256,
5101,SUPX,Technology,Software - Infrastructure,NASDAQ,55.03,12,11,16,10,6.45,287539826.27359915,43239071.0,0.018099999,-91.57,569660,778316,550552,2.838
5102,OCG,Consumer Cyclical,Internet Retail,NASDAQ,55.01,12,8,4,0,1.65,3353279.7969703674,1938312.0,0.0553,-99.99,81340,67186,90054,8.961
5103,IQST,Communication Services,Telecom Services,NASDAQ,54.98,12,8,3,4,1.01,6938024.187283039,6735946.0,0.0624,-84.6,271630,306246,650360,0.511
5104,PSQL,Technology,Computer Hardware,NASDAQ,54.97,12,18,50,48,6.19,1284376871.0418081,212293691.0,0.05,-74.93,647610,898213,704920,
5105,RENX,Real Estate,Real Estate - Development,NASDAQ,54.88,12,11,6,5,1.89,5279186.967618108,2646209.0,0.0842,-94.27,186580,130906,111840,2.034
5106,TMDE,Energy,Oil & Gas Midstream,NYSE ARCA,54.87,12,17,19,79,0.65,15387944.932579994,23565000.0,0.0072000003,-86.37,62150,125416,125526,-0.107
5107,NATR,Consumer Defensive,Packaged Foods,NASDAQ,54.87,12,13,56,91,12.4,219064220.6439209,17595520.0,0.0646,-55.93,109240,151320,178722,0.019
5108,EOCN,Healthcare,Biotechnology,NASDAQ,54.85,12,15,8,12,3.45,3856324.6279377937,1068234.0,0.0107,-73.86,6490,28153,37372,
5109,PNR,Industrials,Specialty Industrial Machinery,NYSE,54.8,12,13,18,31,52.78,8463587805.175781,159600000.0,0.0452,-53.3,2355580,3449383,3243588,-0.17
5110,VYGR,Healthcare,Biotechnology,NASDAQ,54.73,12,28,25,55,2.46,150963975.53817272,61617948.0,0.0694,-55.68,787380,545146,522378,-0.391
5111,BGM,Healthcare,Drug Manufacturers - Specialty & Generic,NASDAQ,54.72,12,5,5,0,9.35,124727398.77767563,13354111.0,0.0002,-97.0,10247,5923,7005,0.698
5112,FLX,Industrials,Integrated Freight & Logistics,NASDAQ,54.64,12,15,16,25,1.52,103113170.65902591,73129910.0,0.76,-65.84,174050,199376,171016,-0.082
5113,AZTR,Healthcare,Biotechnology,NYSE ARCA,54.62,12,12,4,6,0.14,7999693.900652826,60603742.0,0.0128,-87.16,919900,1984576,1785352,
5114,IRIX,Healthcare,Medical Devices,NASDAQ,54.61,12,10,52,31,0.69,11241543.428731918,17564912.0,0.014400001,-58.18,40960,62190,75474,-0.074
5115,SLND,Industrials,Engineering & Construction,NYSE ARCA,54.6,12,6,3,3,0.66,36471623.098486364,54435257.0,0.0347,-87.64,26023260,8760523,5408130,-0.474
5116,STG,Consumer Defensive,Education & Training Services,NYSE,54.55,12,12,19,9,2.78,36400791.58194733,12772208.0,0.0081,-67.41,1360,8260,12394,-0.246
5117,LFMD,Healthcare,Health Information Services,NASDAQ,54.54,12,13,37,17,2.72,132220993.84020352,48255837.0,0.1834,-61.8,730400,774706,891922,-0.035
5118,ECX,Consumer Cyclical,Auto Parts,NASDAQ,54.52,12,13,16,16,0.83,337186157.9189014,392990869.0,0.0344,-69.26,1452580,1180266,970264,0.475
5119,MNY,Communication Services,Internet Content & Information,NASDAQ,54.5,12,9,16,70,0.67,29579515.35316229,44082735.0,0.0027,-58.13,23910,28750,21534,-0.126
5120,SPPL,Industrials,Specialty Industrial Machinery,NASDAQ,54.33,12,8,81,9,2.02,20110610.82829833,9786185.0,0.0013,-71.14,25330,66630,83362,0.026
5121,QDEL,Healthcare,Medical Devices,NASDAQ,54.32,12,14,27,11,12.14,738557380.1813393,68575427.0,0.2821,-65.88,1599920,1438540,1536880,0.028
5122,PLTK,Communication Services,Electronic Gaming & Multimedia,NASDAQ,54.29,12,12,59,27,2.18,831491670.942411,381418186.0,0.0874,-50.68,929670,1196780,1446768,0.05
5123,SERV,Industrials,Integrated Freight & Logistics,NASDAQ,54.23,12,8,8,26,4.88,400155124.9592266,86707507.0,0.3859,-73.82,2753660,3144130,3914626,4.044
5124,LODE,Basic Materials,Other Precious Metals & Mining,NYSE ARCA,54.21,12,29,81,36,2.28,173264144.9858215,75993047.0,0.103199996,-54.22,1416770,1257930,1228854,-0.196
5125,ARDX,Healthcare,Biotechnology,NASDAQ,54.19,12,11,31,70,3.39,862346468.3195829,258187572.0,0.1013,-59.64,4024130,4084040,4410132,0.238
5126,FOA,Financial Services,Credit Services,NYSE,54.13,12,20,75,33,13.51,124442406.0,9217956.0,0.1094,-54.65,71250,69286,61400,-0.648
5127,ONT,Industrials,Waste Management,NYSE,54.12,12,20,26,39,14.21,446342460.3796234,35117424.0,0.1355,-54.01,968920,679483,757110,-0.204
5128,SSII,Healthcare,Medical Devices,NASDAQ,54.11,12,15,16,20,2.77,534351213.7188244,200131535.0,0.0011,-72.3,78140,63696,61382,0.394
5129,ACON,Healthcare,Health Information Services,NASDAQ,54.09,12,8,9,8,2.34,6860043.309861183,2882371.0,0.026400002,-80.55,66260,53070,58026,0.305
5130,MDXH,Healthcare,Diagnostics & Research,NASDAQ,54.06,12,12,1,26,0.6,54483323.21106076,95417382.0,0.0183,-88.74,205750,228433,7194784,0.023
5131,PLNT,Consumer Cyclical,Leisure,NYSE,54.05,11,14,10,17,42.07,3203358462.6045647,75533093.0,0.1378,-63.18,3597390,2398173,2361258,0.045
5132,PCTTU,Industrials,Pollution & Treatment Controls,NASDAQ,53.98,11,19,72,9,5.99,,,,-66.35,50,23,14,1.735
5133,REAX,Real Estate,Real Estate Services,NASDAQ,53.94,11,16,11,13,16.44,357646330.41443634,21794414.0,1.26,-63.47,713380,987915,818056,0.296
5134,LANV,Consumer Cyclical,Luxury Goods,NYSE,53.91,11,9,15,19,0.96,138378048.28300595,139775805.0,0.0033000002,-58.44,16460,36086,47962,-0.129
5135,HUHU,Industrials,Specialty Industrial Machinery,NASDAQ,53.89,11,8,22,94,4.4,127500642.61079407,26785848.0,0.0016,-63.93,87880,74203,58692,0.086
5136,COLL,Healthcare,Drug Manufacturers - Specialty & Generic,NASDAQ,53.83,11,10,35,46,21.87,682602244.0503044,30999193.0,0.2082,-56.94,803120,899243,841612,0.063
5137,TKLF,Consumer Cyclical,Specialty Retail,NASDAQ,53.78,11,14,19,15,1.5,8374717.5,5583145.0,0.3808,-60.32,10290,15103,16740,0.63
5138,AAPG,Healthcare,Biotechnology,NASDAQ,53.77,11,17,12,32,14.6,1434921072.4549675,93388942.0,0.00029999999,-63.71,5940,6470,6216,0.293
5139,CHTR,Communication Services,Telecom Services,NASDAQ,53.73,11,23,7,25,107.77,12509070880.91906,114457597.0,0.3875,-62.13,3230520,2895396,2910768,-0.017
5140,NAGE,Consumer Defensive,Packaged Foods,NASDAQ,53.7,11,12,8,14,2.68,220761542.56158257,79126002.0,0.077800006,-66.29,673740,475276,562540,-0.043
5141,CELZ,Healthcare,Biotechnology,NASDAQ,53.56,11,7,3,49,0.92,7185595.84415251,7592557.0,0.0128,-85.28,357750,909613,8613494,
5142,LOT,Consumer Cyclical,Auto Manufacturers,NASDAQ,53.56,11,25,14,27,0.83,551800495.6676453,646893910.0,0.0042,-63.27,72960,396700,326200,0.068
5143,RCAT,Industrials,Aerospace & Defense,NASDAQ,53.55,11,18,21,73,6.34,977371931.3639765,152714362.0,0.2667,-66.24,7266710,7737356,8513354,5.272
5144,AMST,Technology,Software - Application,NASDAQ,53.54,11,10,7,19,0.94,6156859.924383938,6549851.0,0.0056,-75.9,210490,152190,116944,0.419
5145,BAK,Basic Materials,Chemicals,NYSE,53.46,11,8,20,80,1.61,617650500.2987924,398484206.0,0.0478,-70.16,1473060,2355206,2145586,0.216
5146,OKLO,Utilities,Utilities - Independent Power Producers,NYSE,53.46,11,9,16,48,35.97,6672452906.811714,186017650.0,0.2052,-81.44,7759930,9981486,9693764,
5147,SCOR,Technology,Software - Application,NASDAQ,53.39,11,13,51,56,4.3,64381538.76458359,15184326.0,0.0046,-53.96,25320,41960,34824,-0.113
5148,GDHG,Consumer Cyclical,Leisure,NASDAQ,53.38,11,7,7,5,1.16,69604350.44692755,59490900.0,0.0007,-85.11,74950,447796,271796,-0.482
5149,CRBP,Healthcare,Biotechnology,NASDAQ,53.29,11,80,40,73,5.85,118562128.30343533,19341293.0,0.1633,-71.55,736130,1164190,844632,
5150,UONE,Communication Services,Broadcasting,NASDAQ,53.29,11,8,9,6,3.9,18367556.808023453,4614964.0,0.096499994,-76.98,3620,5390,5224,-0.064
5151,BCHT,Industrials,Pollution & Treatment Controls,NYSE ARCA,53.28,11,6,19,10,1.46,39458949.0,26305966.0,0.0039,-69.58,149360,99280,89488,0.165
5152,ONMD,Healthcare,Health Information Services,NASDAQ,53.22,11,20,21,58,5.11,31395919.162299156,5824846.0,0.0287,-87.89,99128,51901,142936,0.884
5153,PASG,Healthcare,Biotechnology,NASDAQ,53.18,11,12,6,74,4.09,13257376.83175087,3217810.0,0.0376,-79.55,17650,25316,20592,
5154,CLNN,Consumer Defensive,Packaged Foods,NASDAQ,53.15,11,12,60,87,3.91,57993041.39555931,14213981.0,0.0937,-71.04,104870,130693,110854,2.333
5155,GPCR,Healthcare,Biotechnology,NASDAQ,53.14,11,88,89,94,27.59,1973143748.6305103,71309857.0,0.1268,-70.93,1708940,1326016,1033194,
5156,FUBO,Communication Services,Broadcasting,NYSE,53.13,11,15,6,4,8.62,261569034.21119308,30204277.0,0.20889999,-83.64,1122130,1210810,1409472,0.38
5157,POLA,Industrials,Electrical Equipment & Parts,NASDAQ,53.1,11,13,22,27,1.15,4998809.89616096,4309319.0,0.0802,-80.0,256930,163036,1324144,-0.624
5158,OLMA,Healthcare,Biotechnology,NASDAQ,53.08,11,27,62,96,8.25,719667850.9526882,87497607.0,0.22309999,-77.25,1269060,1113753,1087562,
5159,MNSO,Consumer Cyclical,Specialty Retail,NYSE,53.07,11,9,13,25,8.89,2583513351.107641,292583621.0,0.0347,-61.52,851420,1000310,867854,0.17
5160,RMCF,Consumer Defensive,Confectioners,NASDAQ,52.99,11,8,9,84,0.87,8306836.514988542,9439587.0,0.0178,-70.9,34680,45730,4277084,-0.041
5161,TGEN,Industrials,Electrical Equipment & Parts,NYSE ARCA,52.97,11,9,32,32,2.54,79997731.17893505,30187822.0,0.0461,-78.96,155260,156710,180710,-0.212
5162,DFH,Consumer Cyclical,Residential Construction,NYSE,52.93,11,18,26,13,9.88,973252518.5,90535118.0,0.48790002,-62.74,1107290,915033,829472,-0.076
5163,EU,Energy,Uranium,NASDAQ,52.91,11,12,9,22,1.07,198117660.37529945,194233004.0,0.20959999,-74.4,4813590,6869076,5592592,3.284
5164,EXOZ,Healthcare,Biotechnology,NASDAQ,52.88,11,13,11,48,5.52,53688124.59252691,9304701.0,0.0041,-70.0,5690,6140,6342,
5165,EVGO,Consumer Cyclical,Specialty Retail,NASDAQ,52.78,11,9,13,13,1.35,434031692.1002722,314515720.0,0.3006,-73.79,3449280,4036806,3930372,-0.157
5166,BRCB,Consumer Cyclical,Restaurants,NASDAQ,52.65,11,25,5,11,6.92,154565293.56715488,22207657.0,0.0925,-73.87,226750,347153,352976,0.25
5167,GYRO,Real Estate,Real Estate Services,NASDAQ,52.62,11,10,15,25,4.5,10028844.354154587,2199308.0,0.0002,-56.31,3200,3036,2430,-0.018
5168,ATOS,Healthcare,Biotechnology,NASDAQ,52.54,11,5,3,7,2.45,23351556.463469982,9979298.0,0.0764,-87.34,82610,58046,58916,
5169,WHR,Consumer Cyclical,"Furnishings, Fixtures & Appliances",NYSE,52.53,11,14,9,15,30.03,1976193112.3597755,65199378.0,0.00059999997,-68.33,2799030,2723263,2591034,-0.068
5170,CNCK,Financial Services,Capital Markets,NASDAQ,52.47,11,17,38,8,1.42,271958734.0008429,191520241.0,0.0075,-84.75,61610,49050,91714,0.361
5171,KLXE,Energy,Oil & Gas Equipment & Services,NASDAQ,52.46,11,11,68,67,1.37,29513299.518021464,21386449.0,0.1463,-69.56,1076320,856120,735262,0.052
5172,AAME,Financial Services,Insurance - Life,NASDAQ,52.32,11,10,12,68,1.26,25904479.17095375,20397228.0,0.0056,-61.11,9790,114823,76242,0.208
5173,RC,Real Estate,REIT - Mortgage,NYSE,52.32,11,20,17,10,1.1,186665820.17230797,165190992.0,0.1145,-70.9,1747920,1373623,1282282,
5174,GMHS,Communication Services,Electronic Gaming & Multimedia,NASDAQ,52.3,11,15,20,22,0.6,34648702.31254697,56801150.0,0.0045,-60.0,9750,273943,172950,-0.204
5175,LIVE,Consumer Cyclical,Home Improvement Retail,NASDAQ,52.28,11,19,13,32,7.54,23344585.307064056,3071656.0,0.0029,-66.78,3350,6270,8878,-0.032
5176,ROL,Consumer Cyclical,Personal Services,NYSE,52.18,11,12,19,34,29.69,14511345311.223038,481145404.0,0.0622,-55.11,9292430,6783436,6209608,0.079
5177,CMCM,Communication Services,Internet Content & Information,NYSE,52.18,11,10,7,40,2.62,83804294.38003707,31038627.0,0.002,-71.37,7680,10056,8282,-0.099
5178,INTS,Healthcare,Biotechnology,NASDAQ,52.17,11,14,14,7,3.45,11231183.946817875,3264879.0,0.01,-92.07,18840,24716,27176,
5179,ADCT,Healthcare,Drug Manufacturers - Specialty & Generic,NYSE,52.04,11,17,3,86,1.23,144264494.741233,127667695.0,0.0498,-75.3,1295900,1568393,1470818,0.022
5180,TLRY,Healthcare,Drug Manufacturers - Specialty & Generic,NASDAQ,52.04,11,12,8,29,3.72,533493513.50703645,147782141.0,0.1392,-83.97,4198520,3742296,4208716,0.255
5181,SNAL,Communication Services,Electronic Gaming & Multimedia,NASDAQ,52.03,11,11,90,94,2.3,19434110.553274155,8955811.0,0.0379,-78.7,16190,32346,95384,-0.113
5182,HUMA,Healthcare,Biotechnology,NASDAQ,52.01,11,6,14,7,0.5,145010614.91639823,277798105.0,0.115200005,-80.39,4148630,4693196,6262672,0.349
5183,HIT,Technology,Software - Application,NASDAQ,51.99,11,14,14,61,0.82,51210273.66801739,65402649.0,0.030299999,-79.6,760400,286990,203340,-0.135
5184,CWH,Consumer Cyclical,Auto & Truck Dealerships,NYSE,51.88,11,19,10,9,4.55,321054611.95163727,63827952.0,0.1838,-73.47,2419310,1936546,2009308,-0.021
5185,FBYD,Industrials,Conglomerates,NASDAQ,51.85,11,21,87,83,8.15,415098405.0334873,48464498.0,0.054,-71.92,120360,143826,123692,1.204
5186,PASW,Consumer Cyclical,Textile Manufacturing,NASDAQ,51.85,11,7,7,3,0.13,15639625.0,125117000.0,0.0041,-88.07,231420,12793800,7840494,-0.474
5187,BCG,Financial Services,Asset Management,NASDAQ,51.77,11,13,19,43,1.05,17230732.147301912,17060131.0,0.00090000004,-69.48,21070,24736,40442,0.123
5188,BRAI,Technology,Computer Hardware,NASDAQ,51.76,11,10,8,6,4.54,954188519.224926,206088228.0,0.0064,-86.24,37980,38883,63222,
5189,MRNO,Real Estate,Real Estate - Development,NASDAQ,51.71,10,4,2,1,0.24,21364647.50818062,79718832.0,0.096,-91.75,1546320,11863963,7204312,-0.149
5190,AFJKU,Financial Services,Shell Companies,NASDAQ,51.66,10,10,78,99,13.6,,,3.9,-83.0,2530,876,906,
5191,JYD,Industrials,Integrated Freight & Logistics,NASDAQ,51.62,10,9,1,7,0.88,6979375.070160627,8298900.0,0.0027,-87.95,21080,90123,112890,0.086
5192,FIP,Industrials,Conglomerates,NASDAQ,51.58,10,15,22,74,2.71,317317957.08258677,118181737.0,0.26790002,-59.49,1249240,1282690,1430548,0.527
5193,BRAG,Consumer Cyclical,Gambling,NASDAQ,51.57,10,14,24,11,1.16,37276086.28121853,31063404.0,6.75,-61.07,13070,22193,22346,-0.122
5194,FINV,Financial Services,Credit Services,NYSE,51.57,10,11,20,21,2.92,684672628.3156786,236094002.0,0.0477,-60.88,584230,1253920,940044,-0.049
5195,SNT,Industrials,Security & Protection Services,NASDAQ,51.55,10,8,6,17,1.55,35930744.72996807,23331653.0,0.0001,-70.97,18330,11786,11374,0.082
5196,AKBA,Healthcare,Drug Manufacturers - Specialty & Generic,NASDAQ,51.48,10,16,17,24,0.91,239696904.5676911,277106245.0,0.075100005,-71.56,5540720,7898463,6896736,-0.214
5197,SRG,Real Estate,Real Estate Services,NYSE,51.45,10,13,24,20,1.75,101947537.25708008,56324608.0,0.1094,-60.05,141540,170093,156642,-0.56
5198,LNZA,Industrials,Waste Management,NASDAQ,51.4,10,10,2,94,5.91,79058544.02068806,13089163.0,0.0669,-86.57,53080,63426,65014,-0.008
5199,KPLT,Technology,Software - Infrastructure,NASDAQ,51.35,10,61,26,27,4.5,383517726.9816327,84849055.0,0.0031,-72.0,361240,258100,188278,
5200,TURB,Technology,Solar,NASDAQ,51.23,10,13,17,67,1.05,13581455.219678521,12575421.0,0.0505,-83.85,1543970,3497340,2415648,1.69
5201,GFAI,Industrials,Security & Protection Services,NASDAQ,51.21,10,11,11,11,0.29,9669147.743606716,31393337.0,0.020399999,-76.42,120890,180410,181878,0.064
5202,THCH,Consumer Cyclical,Restaurants,NASDAQ,51.16,10,11,18,26,1.22,37162372.57066548,32036529.0,0.0029,-62.46,9750,8766,9560,-0.217
5203,LUCD,Healthcare,Medical Devices,NASDAQ,51.14,10,21,23,66,0.59,119724848.79322171,190948730.0,0.0864,-63.78,1893970,1334563,1210094,0.267
5204,AHCO,Healthcare,Medical Devices,NASDAQ,51.12,10,12,36,83,5.74,747091288.877111,133409161.0,0.096099995,-57.26,2135040,2656036,3321962,0.127
5205,MTEK,Technology,Electronic Components,NASDAQ,51.1,10,14,11,23,0.72,7824441.264754534,10559300.0,0.0347,-74.47,5041250,1716533,1050200,1.938
5206,EQS,Financial Services,Asset Management,NYSE,51.1,10,12,20,53,0.79,12290692.413401604,13966696.0,0.0001,-65.5,12970,14200,12486,-0.109
5207,CHR,Communication Services,Advertising Agencies,NASDAQ,51.04,10,7,9,1,1.55,3869997.394080043,2345453.0,0.041100003,-96.31,44230,31353,35306,-0.147
5208,WING,Consumer Cyclical,Restaurants,NASDAQ,51.04,10,8,13,18,106.84,2911955725.3124695,27242546.0,0.18280001,-64.72,1321090,1266466,1325830,0.064
5209,RNA,Healthcare,Biotechnology,NASDAQ,51.02,10,57,28,34,7.97,134108243.73011398,17105643.0,11.64,-52.47,331060,359956,273172,-0.219
5210,IOTR,Communication Services,Telecom Services,NASDAQ,51.0,10,21,57,10,1.88,9484554.531927586,4863874.0,0.0029,-74.83,2910,51843,38912,0.41
5211,PPBT,Healthcare,Biotechnology,NASDAQ,50.97,10,5,2,6,1.56,2456569.1544849873,1626867.0,0.0498,-88.94,27160,2659810,1626470,
5212,LAC,Basic Materials,Other Industrial Metals & Mining,NYSE,50.94,10,14,17,51,2.55,925759487.3387635,363042943.0,0.09729999,-75.76,7708760,8933190,9231606,
5213,GLAS,Healthcare,Drug Manufacturers - Specialty & Generic,NYSE,50.93,10,38,89,74,5.35,517391330.87960243,94242505.0,0.35,-61.59,1972270,1102243,798440,-0.012
5214,PCSA,Healthcare,Biotechnology,NASDAQ,50.92,10,11,8,12,1.49,4497351.499959707,2793386.0,0.0063,-89.54,24640,24983,268896,
5215,XPEV,Consumer Cyclical,Auto Manufacturers,NYSE,50.91,10,10,13,28,9.4,8861284752.5,957976730.0,0.06,-66.71,6460160,7611013,7179774,0.08
5216,MNTS,Industrials,Aerospace & Defense,NASDAQ,50.9,10,5,27,3,3.58,81484218.54783726,21963401.0,0.0847,-89.61,604120,602746,882746,-0.869
5217,QS,Consumer Cyclical,Auto Parts,NASDAQ,50.89,10,12,17,24,4.62,2811213102.916651,615145076.0,0.1936,-75.77,12133010,12529263,15670900,
5218,LTBR,Industrials,Electrical Equipment & Parts,NASDAQ,50.87,10,11,11,25,6.36,225163926.87536335,35236922.0,0.1464,-79.71,616990,749873,823538,
5219,LVO,Communication Services,Internet Content & Information,NASDAQ,50.83,10,12,61,28,2.65,36062006.63918972,13711789.0,0.0182,-63.14,125680,113196,94088,0.007
5220,STFS,Communication Services,Advertising Agencies,NASDAQ,50.82,10,13,99,8,3.84,55457283.848991394,15193776.0,0.0117,-81.71,435440,206473,754150,0.331
5221,STXS,Healthcare,Medical Instruments & Supplies,NYSE ARCA,50.7,10,11,16,26,1.18,118238564.7841866,100202178.0,0.065799996,-67.13,472500,502540,604184,-0.128
5222,JOBY,Industrials,Airports & Air Services,NYSE,50.69,10,9,14,20,5.78,5927950573.671953,996294246.0,0.1859,-71.07,20491430,23965633,27361846,2574.933
5223,NCMI,Communication Services,Advertising Agencies,NASDAQ,50.58,10,11,52,22,2.14,197876399.95205617,93780289.0,0.1285,-53.07,1800700,1210110,1285588,0.127
5224,NCTY,Financial Services,Capital Markets,NASDAQ,50.45,10,18,11,13,3.27,50401308.471720695,15273124.0,0.0507,-71.81,131640,231163,264870,-0.808
5225,TARA,Healthcare,Biotechnology,NASDAQ,50.43,10,26,34,73,2.63,151751442.58002687,56204237.0,0.076,-66.37,2294410,1235760,891772,
5226,FAC,Industrials,Electrical Equipment & Parts,NASDAQ,50.42,10,6,30,45,5.47,642139470.0,107023245.0,2.05,-78.41,399730,411576,364024,
5227,DGNX,Industrials,Consulting Services,NASDAQ,50.41,10,12,0,0,1.28,37286565.566580296,29130130.0,0.0499,-99.6,595910,402293,906240,0.033
5228,NMG,Basic Materials,Other Industrial Metals & Mining,NYSE,50.32,10,15,15,19,1.14,388739294.82017934,329440095.0,6.51,-81.19,456920,406773,394486,
5229,ARBK,Financial Services,Capital Markets,NASDAQ,50.29,10,8,10,2,2.29,32928518.25,14634897.0,0.0004,-98.88,23390,15626,15984,-0.552
5230,IONS,Healthcare,Biotechnology,NASDAQ,50.29,10,19,28,88,43.5,7235665532.026291,166184322.0,0.1665,-49.85,3788740,3835420,3284206,-0.407
5231,ACCS,Communication Services,Advertising Agencies,NYSE ARCA,50.26,10,15,18,22,4.7,18026601.98600006,3827304.0,0.006,-58.55,5230,22333,24716,-0.001
5232,HERE,Consumer Cyclical,Leisure,NASDAQ,50.26,10,14,4,11,1.73,92453848.09326053,54384615.0,0.0115,-79.53,21120,21720,21004,-0.793
5233,AVD,Basic Materials,Agricultural Inputs,NYSE,50.24,10,11,23,14,1.72,51331099.96133995,29500632.0,0.0069999998,-69.01,335880,268070,291546,-0.097
5234,DXLG,Consumer Cyclical,Apparel Retail,NASDAQ,50.24,10,23,23,10,0.4,23845026.896634698,55453550.0,0.0197,-74.68,122820,101203,73496,-0.034
5235,PETS,Healthcare,Pharmaceutical Retailers,NASDAQ,50.15,10,26,16,20,1.32,29483323.350119352,21678914.0,0.035099998,-67.8,126040,111536,106636,-0.199
5236,VSME,Communication Services,Advertising Agencies,NASDAQ,50.14,10,20,26,2,0.91,2571515.119777322,2765070.0,0.1543,-98.3,1265260,1389003,870794,0.009
5237,GIFT,Communication Services,Internet Content & Information,NASDAQ,50.04,10,25,23,53,0.57,19483847.222301006,35425176.0,0.0007,-55.81,506120,194610,149384,0.04
5238,NPT,Basic Materials,Chemicals,NASDAQ,49.99,10,7,5,86,2.26,54131401.26943588,22185000.0,0.00029999999,-89.9,17380,21326,25848,-0.358
5239,GBFH,Financial Services,Banks - Regional,NASDAQ,49.92,10,10,30,25,17.66,260280078.4400711,14516457.0,0.073699996,-58.18,72700,77770,97800,0.145
5240,QNC,Technology,Software - Infrastructure,NYSE ARCA,49.91,10,7,26,17,1.64,348877282.62392163,219419670.0,10.0,-63.06,1491080,1219570,928212,
5241,MMA,Consumer Cyclical,Leisure,NYSE ARCA,49.84,10,11,14,5,0.37,9851877.485624224,26483541.0,0.028099999,-78.61,282690,675593,7636120,
5242,CNF,Financial Services,Mortgage Finance,NYSE,49.81,10,8,10,7,1.91,32536355.99575138,16858216.0,0.0013,-70.57,4580,4036,5422,
5243,SNGX,Healthcare,Biotechnology,NASDAQ,49.79,10,7,2,20,0.36,5484944.45068717,14824174.0,0.0093,-81.73,213540,238043,234474,
5244,HXHX,Industrials,Integrated Freight & Logistics,NASDAQ,49.77,10,33,20,20,0.34,5711360.168457031,14720000.0,0.0042,-79.27,3194650,1315593,1862058,-0.065
5245,EVO,Healthcare,Drug Manufacturers - Specialty & Generic,NASDAQ,49.75,10,10,24,24,1.66,568622597.2731369,355389118.0,0.00029999999,-61.12,109620,134233,108564,-0.162
5246,AIRS,Healthcare,Medical Care Facilities,NASDAQ,49.72,10,16,83,28,1.91,127608518.55489302,72095209.0,0.0747,-84.08,957800,915530,927214,-0.025
5247,GLXG,Industrials,Staffing & Employment Services,NASDAQ,49.72,10,8,8,19,0.99,5901899.906853437,5961515.0,0.0117,-81.11,156640,96353,199920,0.022
5248,YMAT,Basic Materials,Specialty Chemicals,NASDAQ,49.69,9,7,29,3,1.36,5794599.045338273,4010103.0,0.0252,-89.54,3965190,2588096,1583748,
5249,EVEX,Industrials,Aerospace & Defense,NYSE,49.5,9,11,11,10,1.7,606366222.7434247,348486333.0,0.1249,-67.05,1134420,988126,975742,
5250,ABR,Real Estate,REIT - Mortgage,NYSE,49.49,9,17,10,28,3.47,664146622.4050632,186558043.0,0.0,-72.11,6202280,4821146,4632030,-0.248
5251,AQMS,Industrials,Waste Management,NASDAQ,49.46,9,12,8,9,2.1,8303026.958124161,3563531.0,0.052600004,-94.67,52290,38526,35912,
5252,UAMY,Basic Materials,Other Industrial Metals & Mining,NYSE,49.41,9,17,62,94,3.95,591260633.1932082,148185622.0,0.2326,-79.96,4549260,5763923,6248938,-0.247
5253,HTZ,Industrials,Rental & Leasing Services,NASDAQ,49.35,9,6,3,81,1.79,627354448.2806146,356451393.0,0.6707,-78.12,12528100,14038560,30645870,0.097
5254,DXST,Industrials,Waste Management,NASDAQ,49.34,9,5,3,0,2.12,5360609.9290008545,2215128.0,0.0466,-96.58,4631630,1916660,1561772,2.38
5255,TNXP,Healthcare,Biotechnology,NASDAQ,49.3,9,24,16,16,8.07,152815621.22296143,17151024.0,0.1657,-67.29,596220,499033,480566,5.779
5256,MSAI,Technology,Electronic Components,NASDAQ,49.15,9,8,7,3,4.6,10377573.671722412,2205648.0,0.62369996,-95.21,5490,10696,16802,0.195
5257,GNTA,Industrials,Conglomerates,NASDAQ,49.1,9,9,80,2,0.73,35921559.439915895,48216858.0,0.0026,-92.7,70560,61436,56672,
5258,ACR,Real Estate,REIT - Mortgage,NYSE,49.04,9,14,27,53,10.29,170830124.1214199,15672489.0,0.0179,-58.19,53700,47013,42364,-0.148
5259,FLUT,Consumer Cyclical,Gambling,NYSE,48.98,9,14,14,6,75.73,12982459796.940552,173539102.0,0.0983,-70.48,2979820,2878916,3191008,0.033
5260,ENGN,Healthcare,Biotechnology,NASDAQ,48.84,9,10,3,83,1.87,130011656.87470436,67016316.0,0.0221,-84.73,905720,754073,711714,
5261,VITL,Consumer Defensive,Farm Products,NASDAQ,48.74,9,9,10,4,9.25,388959607.33478355,42931522.0,0.3508,-79.52,1974920,1737486,1623390,-0.101
5262,CLVT,Technology,Information Technology Services,NYSE,48.63,9,13,17,15,1.45,946702736.6406226,639664003.0,0.1374,-62.92,3793410,4270590,4682166,-0.055
5263,LXEO,Healthcare,Biotechnology,NASDAQ,48.61,9,26,17,88,3.41,289771181.2714391,82088154.0,0.2932,-68.97,2621420,1389813,1201816,
5264,BODI,Communication Services,Internet Content & Information,NASDAQ,48.52,9,12,92,94,4.82,35840901.67578125,7284736.0,0.0538,-71.43,19090,30123,44256,-0.224
5265,UK,Real Estate,Real Estate Services,NASDAQ,48.48,9,5,3,7,1.91,7179913.825571775,3682007.0,0.00059999997,-83.35,18960,12190,29888,
5266,NYXH,Healthcare,Medical Devices,NASDAQ,48.47,9,12,4,9,1.41,138502696.576836,101840217.0,0.003,-79.49,240510,445050,314724,4.728
5267,IPX,Basic Materials,Other Industrial Metals & Mining,NASDAQ,48.36,9,8,13,57,16.61,614721526.6469421,36224016.0,0.0294,-72.97,271540,328316,293642,
5268,CANF,Healthcare,Biotechnology,NYSE ARCA,48.36,9,7,13,5,2.14,4670752.603030443,2142547.0,0.0279,-83.28,36760,737950,456944,0.0
5269,HRTX,Healthcare,Biotechnology,NASDAQ,48.31,9,6,3,11,0.37,66448306.31839207,189852307.0,0.291,-76.58,2522130,2249476,2569880,0.013
5270,CLIK,Consumer Cyclical,Personal Services,NASDAQ,48.23,9,6,3,4,1.09,9076814.490019321,8563033.0,0.0058,-90.76,47240,302910,191574,0.572
5271,DCGO,Healthcare,Medical Care Facilities,NASDAQ,48.2,9,8,18,6,0.37,36603497.00172722,98928369.0,0.0287,-77.58,717370,739760,777126,-0.087
5272,LU,Financial Services,Credit Services,NYSE,48.19,9,11,8,15,1.03,884022653.3092213,866688892.0,6.67,-74.88,2189810,1383486,1232438,-0.113
5273,EOSE,Industrials,Electrical Equipment & Parts,NASDAQ,48.17,9,7,11,20,3.27,1168978472.131897,364167744.0,0.3328,-83.53,29153430,26642263,27046192,3.514
5274,CRGO,Technology,Software - Application,NASDAQ,48.16,9,12,10,19,0.91,50615427.568983436,52073485.0,0.0013,-78.54,80340,65800,201510,0.034
5275,NAII,Consumer Defensive,Packaged Foods,NASDAQ,48.13,9,14,15,22,1.43,9271973.679492474,6264847.0,0.0026,-71.17,25430,22420,45532,0.019
5276,MBIO,Healthcare,Biotechnology,NASDAQ,48.09,9,9,12,9,0.46,3569005.2194095254,7577506.0,0.0087,-75.14,24310,25330,27534,
5277,CISO,Technology,Software - Infrastructure,NASDAQ,47.99,9,8,9,14,0.2,9469336.435374916,45525655.0,0.0031,-86.49,144070,170983,168442,-0.137
5278,ASPI,Basic Materials,Specialty Chemicals,NASDAQ,47.88,9,10,24,13,2.93,446130308.95864964,153309380.0,0.1858,-79.78,4752950,4281063,3966872,3.276
5279,FBGL,Industrials,Engineering & Construction,NASDAQ,47.82,9,13,20,27,3.55,5143499.92275238,1350000.0,0.0088,-74.64,789161,350163,222443,2.267
5280,PHAT,Healthcare,Biotechnology,NASDAQ,47.8,9,21,54,82,6.7,559834469.4522514,80900934.0,0.1321,-63.41,1286790,1203966,1435226,0.88
5281,ARRY,Technology,Solar,NASDAQ,47.8,9,9,21,48,3.9,627611610.5039787,153826378.0,0.2911,-68.11,6562930,6313120,6747104,-0.056
5282,RUN,Technology,Solar,NASDAQ,47.68,9,10,25,46,7.61,1839215011.8699331,238549287.0,0.3538,-66.09,7739040,7327980,8224500,0.528
5283,FNUC,Basic Materials,Other Industrial Metals & Mining,NASDAQ,47.65,9,9,8,9,1.25,45950777.852920055,35899046.0,0.0375,-83.18,304210,386510,359636,
5284,REVB,Healthcare,Biotechnology,NASDAQ,47.63,9,10,5,1,0.78,3043329.8183016777,3983416.0,0.0001,-88.46,51210,35890,34840,
5285,AFJK,Financial Services,Shell Companies,NASDAQ,47.63,9,15,9,98,12.35,38344279.43292618,3166332.0,0.0019,-90.53,2450,20690,23588,
5286,PZZA,Consumer Cyclical,Restaurants,NASDAQ,47.61,9,10,25,32,19.54,639286142.0608978,32902014.0,0.2865,-64.94,1413530,1403180,1582260,-0.088
5287,ATPC,Consumer Defensive,Packaged Foods,NASDAQ,47.59,9,8,8,4,2.12,2062290.29478693,1000626.0,0.023,-97.12,10100,17623,155358,-0.934
5288,FLNA,Healthcare,Biotechnology,NASDAQ,47.55,9,5,9,22,0.87,44926343.625525,48307896.0,0.1314,-82.53,11241050,3919136,2474668,
5289,PLAY,Communication Services,Entertainment,NASDAQ,47.54,9,10,11,16,6.76,235106847.0,34830644.0,0.3621,-69.41,2086790,2825946,2244224,-0.024
5290,TTEC,Technology,Information Technology Services,NASDAQ,47.51,9,7,13,20,1.38,68028396.96493864,49295940.0,0.2084,-65.41,401100,390376,473330,-0.113
5291,SLI,Basic Materials,Other Industrial Metals & Mining,NYSE ARCA,47.43,9,11,13,73,1.72,429404444.23351717,246784162.0,3.87,-73.13,2330010,1871100,1806454,
5292,FLYX,Industrials,Airlines,NYSE ARCA,47.42,9,5,8,14,1.23,65189685.0,52151748.0,0.0004,-86.15,186390,263900,328362,0.217
5293,NSPR,Healthcare,Medical Devices,NASDAQ,47.41,9,12,5,15,0.58,29040156.663345575,46838962.0,0.00059999997,-77.43,92770,61876,80068,-0.004
5294,BDMD,Healthcare,Medical Devices,NASDAQ,47.37,9,11,11,34,0.74,24116442.026565075,32112440.0,0.0029,-80.0,76930,54733,54442,0.246
5295,CLRB,Healthcare,Biotechnology,NASDAQ,47.32,9,17,20,11,1.67,16824751.96957302,9452108.0,0.020299999,-74.39,77030,52046,47682,
5296,NCNA,Healthcare,Biotechnology,NASDAQ,47.31,9,9,4,4,1.06,4536548.52892077,4161971.0,0.0257,-85.32,463850,214240,142198,
5297,TRAW,Healthcare,Biotechnology,NASDAQ,47.25,9,4,6,28,0.54,8759917.780077517,15368277.0,0.0469,-83.49,3060680,1074633,688452,
5298,LASE,Industrials,Specialty Industrial Machinery,NASDAQ,47.16,9,11,21,5,0.8,50538391.814368844,60670338.0,0.1319,-83.33,1034570,4242236,3294692,-0.305
5299,APP,Communication Services,Advertising Agencies,NASDAQ,47.12,9,9,66,40,281.97,90105698732.70242,335939521.0,0.0376,-61.79,5574070,5089286,5988774,0.528
5300,PCT,Industrials,Pollution & Treatment Controls,NASDAQ,47.01,9,11,22,14,4.09,881972089.076314,200904810.0,0.38549998,-73.6,7117540,4544293,4489826,1.735
5301,RDHL,Healthcare,Drug Manufacturers - Specialty & Generic,NASDAQ,46.96,9,12,9,8,0.49,4443842.0,8887684.0,0.039300002,-77.31,165010,3805873,2298424,
5302,UTI,Consumer Defensive,Education & Training Services,NYSE,46.94,9,12,90,76,19.17,1067745530.542242,55095231.0,0.1259,-62.66,1895070,1843460,1813512,0.072
5303,GRNQ,Industrials,Consulting Services,NASDAQ,46.89,9,78,12,96,8.69,15372424.450172424,1812786.0,0.0125,-72.67,68060,106856,69061,-0.293
5304,AIFC,Technology,Software - Infrastructure,NASDAQ,46.87,9,7,3,4,0.47,69918255.5,139836511.0,0.0797,-84.84,681090,668330,847520,-0.622
5305,SKIN,Consumer Defensive,Household & Personal Products,NASDAQ,46.84,9,13,15,16,0.6,81988680.06944048,130140763.0,0.1521,-65.91,245460,336630,433394,-0.078
5306,WSHP,Communication Services,Internet Content & Information,NASDAQ,46.78,8,6,7,1,4.87,58234148.55164766,11717133.0,0.191,-98.05,266330,589760,378702,-0.807
5307,AGMH,Technology,Computer Hardware,NASDAQ,46.74,8,10,15,5,0.73,2517462.457127869,3596375.0,0.0995,-90.99,6978560,2985700,1824926,-0.637
5308,VRAX,Healthcare,Biotechnology,NASDAQ,46.68,8,4,20,3,2.4,1753373.6380033493,796988.0,0.039300002,-88.97,312100,131823,481128,6.849
5309,ANVS,Healthcare,Biotechnology,NYSE,46.5,8,9,24,24,1.2,50361287.38139427,42679059.0,0.1548,-78.18,886880,1165100,931696,
5310,PAL,Industrials,Integrated Freight & Logistics,NASDAQ,46.45,8,13,32,29,3.59,99868404.27479887,28052923.0,0.1584,-67.27,893050,828836,798966,-0.053
5311,CWD,Financial Services,Asset Management,NASDAQ,46.4,8,5,5,10,0.55,5908867.616421461,10384653.0,0.0508,-88.07,10939720,3784200,2392732,-0.173
5312,MKZR,Real Estate,REIT - Diversified,NASDAQ,46.39,8,6,4,10,1.35,3715307.1949539185,2774688.0,0.0058,-77.5,18320,13140,70394,0.236
5313,NBP,Healthcare,Biotechnology,NASDAQ,46.37,8,15,13,83,1.36,156703726.48082018,115648505.0,0.0541,-79.97,1019880,499326,400316,
5314,AUUD,Technology,Software - Application,NASDAQ,46.35,8,4,1,4,1.33,7021690.72136879,5803050.0,0.098400004,-92.94,1335630,1481846,4109170,
5315,UPLD,Technology,Software - Application,NASDAQ,46.24,8,5,6,4,3.8,11030322.486403942,2957191.0,0.0378,-86.18,51660,38870,36998,-0.079
5316,GAIA,Communication Services,Entertainment,NASDAQ,46.19,8,7,10,15,1.4,35341851.90628111,25425793.0,0.0074,-78.09,76190,86256,114412,-0.053
5317,KRMN,Industrials,Aerospace & Defense,NYSE,46.17,8,11,13,88,33.02,4524700710.227844,132533708.0,0.113000005,-72.11,3666740,3691116,3201816,0.582
5318,BTMD,Healthcare,Medical Care Facilities,NASDAQ,46.16,8,11,53,13,1.12,32979226.666272998,28677589.0,0.063,-65.64,113860,192006,241214,-0.095
5319,SCLX,Healthcare,Drug Manufacturers - General,NASDAQ,45.98,8,24,94,12,3.82,28561031.81746912,7034737.0,0.0319,-77.28,38290,36700,46228,-0.228
5320,INSE,Consumer Cyclical,Gambling,NASDAQ,45.94,8,12,31,23,3.98,91331756.71764278,26358372.0,0.0637,-60.0,560740,308986,265390,-0.243
5321,PMCB,Healthcare,Biotechnology,NASDAQ,45.92,8,9,23,15,0.39,4295333.087088823,10735649.0,0.0069,-74.17,166960,296210,230968,
5322,SPRU,Technology,Solar,NYSE,45.86,8,11,19,86,1.56,30418454.70621419,19252186.0,0.0585,-76.89,124160,157630,122654,-0.087
5323,RARE,Healthcare,Biotechnology,NASDAQ,45.85,8,9,82,28,14.5,1500522673.3860693,98588873.0,0.17379999,-63.65,4953020,5799283,4343214,0.281
5324,CCOI,Communication Services,Telecom Services,NASDAQ,45.82,8,7,6,15,8.88,433285128.5137253,51215736.0,0.1858,-80.56,2112080,2150040,2009826,-0.042
5325,RPGL,Technology,Software - Application,NASDAQ,45.79,8,2,0,0,34.89,37533745.784015656,1009243.0,0.0026,-99.95,45909,31829,25276,3.414
5326,SPRO,Healthcare,Biotechnology,NASDAQ,45.71,8,7,20,94,1.16,69299447.46222353,58234827.0,0.0202,-62.34,1434580,711200,729730,
5327,DOGZ,Consumer Cyclical,Leisure,NASDAQ,45.62,8,8,4,0,0.88,15682385.367934465,17620658.0,0.0021,-94.39,8350,14706,843634,-0.052
5328,XNDU,Technology,Software - Infrastructure,NASDAQ,45.59,8,49,84,94,4.52,1308891248.0584145,304393300.0,0.221,-89.35,11556160,4962383,3425972,0.43
5329,BIOA,Healthcare,Drug Manufacturers - Specialty & Generic,NASDAQ,45.53,8,29,98,98,6.36,303378574.61789846,45896909.0,0.0753,-75.5,754920,674596,951896,0.016
5330,GNS,Consumer Defensive,Education & Training Services,NYSE ARCA,45.49,8,7,3,22,0.16,28792127.344096303,191947508.0,0.048299998,-84.91,29469010,12612390,8741010,1.281
5331,FRMI,Real Estate,REIT - Specialty,NASDAQ,45.49,8,9,18,3,4.06,2581083546.8153973,640467348.0,0.1301,-87.47,15825770,16548456,18198292,
5332,FLL,Consumer Cyclical,Resorts & Casinos,NASDAQ,45.4,8,17,33,27,1.37,50935826.67579651,36644480.0,0.0201,-59.35,202750,177603,156830,0.056
5333,YRD,Financial Services,Credit Services,NYSE,45.4,8,6,5,5,0.95,83726458.67883897,87488461.0,0.0073,-86.01,78390,58816,56436,-0.461
5334,TREE,Financial Services,Insurance Brokers,NASDAQ,45.37,8,10,36,31,24.51,345934774.470932,14039561.0,0.0646,-64.44,386120,404580,444050,0.253
5335,PLCE,Consumer Cyclical,Apparel Manufacturing,NASDAQ,45.27,8,10,11,9,1.91,44251763.5420692,22237067.0,0.4386,-80.02,119300,238443,214818,-0.189
5336,UXIN,Consumer Cyclical,Auto & Truck Dealerships,NASDAQ,45.24,8,5,8,23,1.26,280474827.5302619,219980261.0,0.0081,-69.86,1916070,671553,532056,0.749
5337,TANH,Consumer Defensive,Household & Personal Products,NASDAQ,45.23,8,9,13,2,14.02,9874824.484530449,667669.0,0.1292,-85.69,23080,108379,70978,-0.169
5338,ONEG,Industrials,Engineering & Construction,NASDAQ,45.22,8,15,2,79,0.92,16000000.0,16000000.0,0.0023,-93.85,44690,35500,39752,-0.117
5339,FICO,Technology,Software - Application,NYSE,45.16,8,12,41,12,689.61,14281436143.75,21597635.0,0.1082,-63.44,1486070,754973,616338,0.257
5340,MIST,Healthcare,Biotechnology,NASDAQ,45.15,8,16,10,85,0.78,100843364.09682631,124497980.0,0.14850001,-74.51,1202280,1355650,1541496,
5341,LHAI,Real Estate,Real Estate Services,NASDAQ,45.09,8,17,7,1,1.03,17191199.369430542,16530000.0,0.0559,-93.42,60680,3592276,2207814,0.128
5342,OI,Consumer Cyclical,Packaging & Containers,NYSE,44.99,8,13,18,23,5.57,860494568.5458646,153659747.0,0.15689999,-67.06,3732270,3401103,3451602,-0.022
5343,WVE,Healthcare,Biotechnology,NASDAQ,44.95,8,11,17,25,3.75,744842095.8624065,197048175.0,0.1104,-82.74,3696120,3395590,3342792,-0.739
5344,YCBD,Healthcare,Drug Manufacturers - Specialty & Generic,NYSE ARCA,44.92,8,12,27,12,0.43,5109500.522671491,11205045.0,0.048499998,-83.2,331760,684343,487186,0.206
5345,ELOG,Industrials,Integrated Freight & Logistics,NASDAQ,44.87,8,6,11,7,0.52,6377504.113197327,12832000.0,0.0223,-83.05,40450,694806,418796,-0.018
5346,GRML,Basic Materials,Other Precious Metals & Mining,NASDAQ,44.86,8,2,7,42,7.34,60013229.83156967,7615892.0,0.0908,-80.16,25379370,16402593,9899401,
5347,OCS,Healthcare,Biotechnology,NASDAQ,44.77,8,19,10,84,8.56,537663849.0972176,61588073.0,0.029000001,-75.17,328110,232936,247630,0.188
5348,LGO,Basic Materials,Other Industrial Metals & Mining,NASDAQ,44.68,8,12,9,28,0.48,53852689.16340977,114580190.0,6.26,-82.22,1789100,834060,777070,0.685
5349,CGTL,Consumer Cyclical,Specialty Retail,NASDAQ,44.67,8,8,2,34,3.75,6464398.783603907,1719255.0,1.2768,-96.09,15830,45223,416274,0.503
5350,BLNE,Financial Services,Mortgage Finance,NASDAQ,44.4,8,11,9,78,0.78,28416990.92323041,32928148.0,0.0525,-79.79,274480,352863,362510,0.601
5351,FLNC,Utilities,Utilities - Renewable,NASDAQ,44.39,8,12,75,88,7.65,1089474923.7944012,143163588.0,0.36540002,-77.17,7119320,7701340,7883766,0.079
5352,TPST,Healthcare,Biotechnology,NASDAQ,44.38,8,7,3,8,0.79,13697600.859819293,16889767.0,0.0436,-93.54,838050,5230196,3253980,
5353,MBOT,Healthcare,Medical Devices,NASDAQ,44.37,8,10,15,50,1.07,77911166.9181329,67164801.0,0.105500005,-69.08,758360,577926,653370,
5354,STUB,Communication Services,Internet Content & Information,NYSE,44.25,8,9,61,5,5.53,2031115741.1228142,375437301.0,0.0975,-74.27,6958640,6620543,6629418,0.332
5355,GRSD,Consumer Cyclical,Gambling,NASDAQ,44.09,8,7,4,8,1.55,53752170.30051613,35597464.0,0.0465,-81.74,206400,179033,263650,-0.046
5356,NEGG,Consumer Cyclical,Internet Retail,NASDAQ,44.07,8,7,4,98,11.94,240984625.46956444,20973423.0,0.229,-87.6,40570,50286,62856,-0.081
5357,COE,Consumer Defensive,Education & Training Services,NYSE ARCA,44.04,8,7,11,36,10.94,63557392.24167824,6007315.0,0.0095999995,-80.51,39320,56350,40800,0.588
5358,METC,Basic Materials,Coking Coal,NASDAQ,44.04,8,17,14,18,8.0,516471297.83608437,63683270.0,0.65480006,-86.16,1981260,2156030,2246118,-0.053
5359,JAGU,Energy,Uranium,NYSE ARCA,44.03,8,12,9,10,1.17,24030595.78549719,20193777.0,0.0077,-78.73,299790,170750,136618,
5360,INTJ,Industrials,Consulting Services,NASDAQ,43.95,8,5,3,18,2.86,4397249.838709831,1537500.0,0.0108,-77.16,10510,8566,9456,0.035
5361,AMOD,Technology,Software - Application,NASDAQ,43.84,8,1,1,5,3.78,17334194.867367268,4966818.0,0.0086,-92.73,24062070,8257756,4961656,
5362,BGLC,Basic Materials,Specialty Chemicals,NASDAQ,43.78,8,7,8,11,1.28,3725471.284049034,2933442.0,0.0050999997,-78.26,10470,6510,11884,-0.966
5363,NIKI,Healthcare,Biotechnology,NASDAQ,43.77,8,8,15,25,4.73,3746124.922335148,814375.0,0.0224,-81.74,22260,186443,122696,
5364,SOC,Energy,Oil & Gas Drilling,NYSE,43.72,7,6,2,29,3.47,673462195.8901892,191869572.0,0.3107,-83.27,8743600,7948530,8639904,
5365,LCID,Consumer Cyclical,Auto Manufacturers,NASDAQ,43.62,7,8,5,9,4.17,1627509871.9777527,394070176.0,0.5436,-83.47,8802960,11480976,11394842,0.562
5366,LYEL,Healthcare,Biotechnology,NASDAQ,43.6,7,29,25,92,9.07,226917611.26878166,24505141.0,0.056599997,-79.84,142610,124786,146472,-0.5
5367,PRSO,Technology,Semiconductors,NASDAQ,43.56,7,6,17,32,0.45,7106617.121975005,15120462.0,0.0468,-81.01,144280,223500,262426,-0.411
5368,CIRC,Industrials,Staffing & Employment Services,NASDAQ,43.43,7,6,3,34,0.54,58461935.088986814,114406923.0,0.0124,-88.16,712010,585426,803588,2.108
5369,KLRS,Healthcare,Biotechnology,NASDAQ,43.29,7,16,26,66,2.83,64273449.83510995,23804981.0,0.0382,-76.18,70510,68840,68374,
5370,BLND,Technology,Software - Application,NYSE,43.25,7,14,19,6,1.04,243608711.80329967,236513319.0,0.0588,-71.23,1685870,1870373,2201390,0.07
5371,CYCU,Technology,Information Technology Services,NASDAQ,43.16,7,3,1,2,3.68,98710077.97497153,25840335.0,0.011,-95.83,5177340,1967158,3854857,-0.034
5372,ZDAI,Industrials,Engineering & Construction,NASDAQ,43.05,7,5,4,8,1.44,13237009.970006824,8388473.0,0.0028,-88.0,9060,8673,28442,-0.64
5373,GOGO,Communication Services,Telecom Services,NASDAQ,42.94,7,9,10,15,2.14,285921574.60465956,135507862.0,0.17809999,-78.45,1536080,1840983,1872974,-0.014
5374,SPRY,Healthcare,Biotechnology,NASDAQ,42.94,7,9,18,13,4.29,404750703.08126783,99447343.0,0.3345,-67.38,1366900,1477053,1754696,1.142
5375,ABVC,Healthcare,Biotechnology,NASDAQ,42.89,7,8,16,18,0.98,26961420.50542164,26694476.0,0.0231,-71.18,96220,125156,116856,
5376,MTEN,Industrials,Metal Fabrication,NASDAQ,42.81,7,4,4,0,0.96,7715804.027144909,7639410.0,0.0177,-99.92,146060,555016,1731038,0.17
5377,CCTG,Industrials,Electrical Equipment & Parts,NASDAQ,42.75,7,23,22,1,0.46,6165404.392195702,13580186.0,0.0016,-98.24,529570,232703,302604,0.05
5378,NTHI,Healthcare,Biotechnology,NASDAQ,42.62,7,18,13,16,2.92,86128086.47470951,28805380.0,0.0381,-77.52,159430,189890,219268,
5379,JKS,Technology,Solar,NYSE,42.6,7,9,14,59,9.2,479187200.2223587,52370188.0,0.0929,-71.14,747510,855500,744172,-0.313
5380,BYSI,Healthcare,Biotechnology,NASDAQ,42.5,7,4,20,60,0.79,32361298.359607458,41119820.0,0.067,-67.62,1117890,437290,1082918,
5381,TTD,Communication Services,Advertising Agencies,NASDAQ,42.47,7,8,10,6,11.98,5649901402.6214905,472795104.0,0.2417,-78.76,21745940,23497186,26428052,0.03
5382,GEOS,Energy,Oil & Gas Equipment & Services,NASDAQ,42.23,7,7,10,17,4.75,62090896.86727047,12935603.0,0.0342,-84.11,96810,82200,114356,-0.364
5383,NRDY,Technology,Software - Application,NYSE,42.16,7,10,25,23,6.89,65025000.81062317,8500000.0,0.07,-69.17,13010,18993,25962,-0.045
5384,HTCR,Technology,Software - Application,NASDAQ,42.16,7,5,9,5,1.9,3000349.468902588,1515328.0,0.012200001,-89.99,60200,28616,30768,0.716
5385,FLUX,Industrials,Electrical Equipment & Parts,NASDAQ,42.05,7,6,6,14,0.51,13837850.57069993,21621642.0,0.0379,-93.25,17354390,5963396,3942792,-0.507
5386,AVXL,Healthcare,Biotechnology,NASDAQ,41.89,7,16,8,6,1.64,168708257.30214286,92696842.0,0.1609,-84.2,1469270,998383,951282,
5387,DFSC,Industrials,Aerospace & Defense,NASDAQ,41.87,7,6,16,10,1.01,3853160.8096575737,3471316.0,0.0116,-83.17,107230,198036,3201694,0.92
5388,CMTL,Technology,Communication Equipment,NASDAQ,41.87,7,5,8,83,1.25,39549090.4915396,29961431.0,0.0145000005,-79.87,214880,280210,301582,-0.164
5389,CMTG,Real Estate,REIT - Mortgage,NYSE,41.76,7,9,19,32,1.18,173533576.07096767,141084206.0,0.0396,-67.4,920500,907700,839506,
5390,GOAI,Technology,Software - Infrastructure,NASDAQ,41.75,7,14,6,8,1.82,72389391.11151695,39994140.0,0.0091,-89.89,192340,212666,169114,0.016
5391,AMCI,Technology,Computer Hardware,NASDAQ,41.74,7,9,12,18,2.97,71907879.38217044,23889661.0,0.020399999,-81.4,79450,124933,132390,-0.329
5392,YOUL,Consumer Defensive,Education & Training Services,NASDAQ,41.62,7,16,5,8,0.4,32082458.58615786,81016310.0,0.0138,-81.22,38270,55000,242666,0.177
5393,YXT,Technology,Software - Application,NASDAQ,41.62,7,6,8,5,2.27,14145969.9334445,6610266.0,0.62,-92.94,15340,22706,1520532,0.06
5394,CCB,Financial Services,Banks - Regional,NASDAQ,41.6,7,9,20,24,40.95,614051727.5998993,15286327.0,0.0881,-65.89,289750,213283,307528,-0.015
5395,CAPR,Healthcare,Biotechnology,NASDAQ,41.52,7,8,86,99,7.78,520343940.4608679,58138989.0,0.3737,-80.73,4854030,5522856,8267706,
5396,EJH,Consumer Cyclical,Personal Services,NASDAQ,41.5,7,4,4,0,1.24,4768229.490519047,3200154.0,0.0034,-95.32,547650,217393,568342,-0.003
5397,SNES,Basic Materials,Specialty Chemicals,NASDAQ,41.47,7,6,10,14,0.83,4224939.13265717,5423542.0,0.0066000004,-81.35,75580,62163,93954,0.232
5398,DXF,Financial Services,Credit Services,NYSE ARCA,41.39,7,7,5,2,0.46,1488539.787002921,3235956.0,0.0116,-86.82,84850,490423,1436104,-0.532
5399,EH,Industrials,Aerospace & Defense,NASDAQ,41.28,7,5,4,17,4.03,313999788.5535517,75845362.0,0.17860001,-79.59,616470,734333,660412,-0.471
5400,DYAI,Healthcare,Biotechnology,NASDAQ,41.17,7,11,61,28,0.45,18429303.71431759,40063703.0,0.0066000004,-71.88,158660,196310,191340,-0.006
5401,PLSM,Healthcare,Medical Devices,NASDAQ,41.11,7,7,16,7,2.21,14241228.732095718,6502844.0,0.0058,-82.96,56830,81616,69976,0.52
5402,QTI,Healthcare,Medical Devices,NASDAQ,41.07,7,6,4,18,2.61,39079520.19667816,14636524.0,0.0188,-92.9,23000,30843,30256,1.032
5403,DAVA,Technology,Software - Infrastructure,NYSE,41.0,7,13,5,7,1.91,101458014.37223661,52842717.0,0.0421,-80.67,1438960,623256,477460,-0.084
5404,ADXN,Healthcare,Biotechnology,NASDAQ,40.94,7,8,22,26,3.1,5379975.333012342,1752435.0,0.0002,-74.1,19290,42313,176056,-0.727
5405,GUTS,Healthcare,Biotechnology,NASDAQ,40.77,7,29,37,4,4.56,64786198.97093153,159179848.0,0.018099999,86.5,232608,163875,138893,
5406,GP,Industrials,Farm & Heavy Construction Machinery,NASDAQ,40.7,7,14,66,7,0.56,5544945.214312315,9884038.0,0.012200001,-83.43,239210,255870,264628,-0.717
5407,WCT,Technology,Software - Application,NASDAQ,40.66,7,7,1,2,1.01,72440481.91784096,56155414.0,0.0011,-95.28,2068870,1743876,1746080,-0.879
5408,XTIA,Industrials,Aerospace & Defense,NASDAQ,40.66,7,8,17,79,0.74,29627896.796094418,38477789.0,0.1007,-76.8,564210,882703,792290,56.223
5409,WLDS,Technology,Consumer Electronics,NASDAQ,40.37,7,5,1,3,1.38,3419039.9548131227,2459741.0,0.010299999,-97.09,433240,578870,1057172,0.19
5410,FNGR,Communication Services,Telecom Services,NASDAQ,40.37,7,2,3,14,0.27,18888345.81930381,76162686.0,0.056799997,-87.73,80506170,81436066,50522486,-0.923
5411,SLMT,Technology,Software - Infrastructure,NASDAQ,40.37,7,5,3,2,3.95,47670242.180057526,11009294.0,0.033800002,-98.37,110310,103323,81312,8.411
5412,SLQT,Financial Services,Insurance Brokers,NYSE,40.36,7,7,15,5,0.42,73676602.60440326,179261801.0,0.0121,-81.08,998570,1311556,1069528,-0.068
5413,PSQH,Technology,Software - Application,NYSE,40.35,7,7,6,4,4.12,17517688.88909912,3727168.0,0.0232,-89.01,35380,53986,259204,1.078
5414,CUPR,Healthcare,Medical Instruments & Supplies,NASDAQ,40.26,7,32,62,5,2.25,16949094.89434433,7003758.0,0.0038,-84.8,201050,149280,113488,2.674
5415,FLYE,Consumer Cyclical,Auto Manufacturers,NASDAQ,40.23,7,14,6,1,1.32,2260854.594432354,1632386.0,0.0074,-94.0,177520,2921646,1757438,-0.484
5416,INSG,Technology,Communication Equipment,NASDAQ,39.8,7,4,17,88,4.62,81063556.19775534,17584285.0,0.1898,-78.9,503350,315650,383116,0.094
5417,FRSX,Consumer Cyclical,Auto Parts,NASDAQ,39.71,7,7,4,5,1.08,4621687.859676719,4126507.0,0.0015,-86.42,60640,151580,118306,-0.328
5418,BRBR,Consumer Defensive,Packaged Foods,NYSE,39.68,7,17,8,6,7.73,863946961.4595251,116278194.0,0.1277,-78.33,4585630,3467550,3704238,0.042
5419,ORGO,Healthcare,Drug Manufacturers - Specialty & Generic,NASDAQ,39.64,7,8,16,12,1.29,171137154.36211252,128674548.0,0.1726,-81.77,647780,674253,767470,-0.567
5420,UWMC,Financial Services,Mortgage Finance,NYSE,39.34,7,5,7,22,1.29,434824582.98888063,345098878.0,0.24790001,-79.02,12154760,11783510,16795214,-0.706
5421,LSTA,Healthcare,Biotechnology,NASDAQ,39.3,7,8,58,96,1.26,15881977.329106808,10804066.0,0.0222,-75.15,56700,267993,342824,
5422,UFG,Industrials,Marine Shipping,NASDAQ,39.13,6,10,12,10,0.41,14284599.922597408,32465000.0,0.0375,-73.72,188360,3969190,2418618,0.72
5423,NOMA,Consumer Cyclical,Leisure,NASDAQ,39.12,6,5,9,10,1.79,34588964.83778322,17783529.0,0.0047,-87.65,27050,27056,55178,1.142
5424,PRFX,Healthcare,Drug Manufacturers - Specialty & Generic,NASDAQ,39.02,6,5,3,7,0.88,3219212.538398266,3499144.0,0.0196,-88.93,57320,286873,347306,
5425,GPMT,Real Estate,REIT - Mortgage,NYSE,38.96,6,8,16,13,7.43,36678803.245814204,48198166.0,0.0064999997,149.33,23871,29451,26776,
5426,METCB,Basic Materials,Coking Coal,NASDAQ,38.85,6,8,16,28,4.42,275748554.2413521,63683270.0,0.0318,-79.53,69080,95616,88280,-0.053
5427,FSP,Real Estate,REIT - Office,NYSE ARCA,38.83,6,7,8,9,0.3,34323865.0039078,104011708.0,0.0076,-82.35,855430,846093,621912,-0.013
5428,UPB,Healthcare,Biotechnology,NASDAQ,38.79,6,10,8,16,4.85,276046044.5506506,54771041.0,0.126,-85.6,695950,639846,632546,-0.175
5429,RPID,Healthcare,Medical Devices,NASDAQ,38.79,6,7,17,20,0.98,46146792.357127905,50159556.0,0.030299999,-80.16,356700,298036,270020,0.109
5430,MRM,Consumer Cyclical,Personal Services,NASDAQ,38.78,6,11,14,18,0.54,4519916.183004856,7901951.0,0.002,-81.05,28860,25116,31912,-0.067
5431,XELB,Consumer Cyclical,Apparel Manufacturing,NASDAQ,38.77,6,10,60,37,0.64,4310100.0524100065,6560274.0,0.0054,-74.09,47050,65596,68720,-0.151
5432,LFT,Real Estate,REIT - Mortgage,NYSE,38.75,6,9,12,20,4.97,26387158.019742012,5256406.0,0.013300001,-74.25,38150,25607,26232,
5433,RMSG,Technology,Software - Application,NASDAQ,38.74,6,4,6,89,0.28,4688914.165078104,16168670.0,0.0198,-92.82,1230090,1308423,1064958,
5434,ALHC,Healthcare,Healthcare Plans,NASDAQ,38.72,6,19,61,71,8.5,1647035094.9295344,207435149.0,0.122,-66.16,11652250,9989990,8374680,0.316
5435,NCRA,Consumer Defensive,Packaged Foods,NASDAQ,38.57,6,2,0,1,1.64,3873121.2286696434,2376148.0,0.0425,-97.72,189150,2349640,4369324,-0.461
5436,PLYX,Healthcare,Biotechnology,NASDAQ,38.46,6,6,1,1,2.07,103679661.63705254,49845993.0,0.0087,-95.77,30290,48800,76078,
5437,QFIN,Financial Services,Credit Services,NASDAQ,38.39,6,8,16,10,6.55,785425163.9580173,121582842.0,0.0305,-78.58,2298980,2927710,2273276,-0.316
5438,SOWG,Consumer Defensive,Confectioners,NASDAQ,38.38,6,70,7,6,2.4,45827755.46493745,20099893.0,0.0036000002,-84.91,10850,16783,13274,
5439,AZI,Consumer Cyclical,Auto & Truck Dealerships,NASDAQ,38.35,6,7,4,0,1.14,74975572.00361824,66350064.0,0.0047,-99.03,49640,73990,3080940,-0.63
5440,FMFC,Consumer Cyclical,Footwear & Accessories,NASDAQ,38.33,6,4,5,10,0.16,3165899.87128973,18300000.0,0.1511,-98.98,151860,1749296,5688804,0.204
5441,EZRA,Financial Services,Insurance Brokers,NASDAQ,38.3,6,5,1,2,2.39,1806085.6391458511,820948.0,0.023,-95.51,334870,146256,2375774,-0.316
5442,STEM,Utilities,Utilities - Renewable,NYSE,38.28,6,8,9,24,4.25,41009931.64338684,9626744.0,0.1279,-86.81,239380,147360,144302,-0.123
5443,KG,Financial Services,Insurance - Reinsurance,NASDAQ,38.14,6,8,17,25,4.91,40997915.40922165,7824030.0,0.0179,-81.53,12380,32010,24778,0.201
5444,KLC,Consumer Defensive,Education & Training Services,NYSE,38.09,6,10,73,8,1.81,220441683.07539976,118517033.0,0.106800005,-73.69,704580,654396,844034,-0.004
5445,OPEN,Real Estate,Real Estate Services,NASDAQ,38.09,6,9,94,96,2.31,2369462217.5662756,971091050.0,0.2471,-76.16,29188020,30220986,35649284,-0.437
5446,GMEX,Technology,Consumer Electronics,NASDAQ,38.05,6,0,0,0,2.31,1843691.1858832836,752527.0,0.1659,-99.92,397510,2889253,2621226,0.032
5447,DARE,Healthcare,Biotechnology,NASDAQ,38.0,6,5,37,20,0.84,16581036.865831554,19669083.0,0.043899998,-77.78,299250,330080,608024,
5448,SWMR,Technology,Software - Infrastructure,NASDAQ,37.84,6,22,77,83,15.68,244792022.6884718,15936981.0,0.1254,-81.18,968660,888030,650496,0.566
5449,CNTB,Healthcare,Biotechnology,NASDAQ,37.77,6,21,81,97,0.9,58377183.572173774,62974309.0,0.0625,-76.44,18745260,7571106,4692554,56.667
5450,ALIT,Technology,Software - Application,NYSE,37.74,6,12,27,2,8.74,233811788.5782051,26419410.0,0.0394,-87.09,560210,469643,520492,-0.032
5451,RCT,Technology,Software - Application,NASDAQ,37.54,6,2,2,6,0.18,14601340.97458072,75654615.0,0.0019,-92.31,539620,615036,638908,0.336
5452,SAGT,Technology,Software - Application,NASDAQ,37.46,6,5,7,39,0.57,13035750.314593315,22750000.0,0.0041,-83.19,101540,253916,739098,0.014
5453,GOW,Energy,Oil & Gas Equipment & Services,NASDAQ,37.39,6,16,47,48,4.33,180884491.2510109,46740180.0,,-66.74,3758250,1294326,790704,
5454,PLAG,Industrials,Conglomerates,NYSE ARCA,37.34,6,4,69,24,0.75,9820573.316066563,14232715.0,0.0579,-88.99,174020,2962363,7173958,251.461
5455,GOSS,Healthcare,Biotechnology,NASDAQ,37.32,6,7,1,2,10.65,65506547.8433218,6116391.0,0.1573,-96.56,357210,292311,412838,-0.196
5456,PMI,Healthcare,Medical Devices,NYSE ARCA,37.31,6,1,0,3,6.93,13517305.01066494,2338634.0,0.1499,-98.99,229840,2730730,1884296,0.386
5457,CITR,Basic Materials,Specialty Chemicals,NYSE ARCA,37.3,6,13,11,66,2.85,65929781.165687084,22349078.0,0.0556,-72.52,69980,52293,41528,-0.592
5458,OIO,Industrials,Waste Management,NASDAQ,37.27,6,7,1,34,1.73,661241996.9025064,348022108.0,0.001,-85.62,121420,142046,127428,
5459,BMGL,Healthcare,Medical Care Facilities,NASDAQ,37.26,6,7,12,7,3.17,5189324.034735441,1582111.0,0.2181,-85.41,34950,1108846,668078,0.671
5460,AIIO,Consumer Cyclical,Auto Manufacturers,NASDAQ,37.19,6,6,95,0,1.11,141652342.2512703,119035576.0,0.0121,-97.28,398730,586823,591776,95.278
5461,SEAT,Communication Services,Internet Content & Information,NASDAQ,37.09,6,12,19,10,3.28,39569006.18559122,11241195.0,0.2378,-78.77,95720,89736,78104,-0.095
5462,KAPA,Healthcare,Biotechnology,NYSE ARCA,37.08,6,5,6,12,1.55,5281197.286286831,3385383.0,0.0475,-83.84,97870,93212,93608,
5463,STEX,Financial Services,Capital Markets,NASDAQ,37.02,6,5,6,10,0.59,71276833.87115908,116465417.0,0.062800005,-91.79,1150390,1019143,969680,
5464,TYGO,Technology,Solar,NASDAQ,37.0,6,6,34,98,0.86,66562806.19230902,76773711.0,0.060399998,-83.86,868480,802376,1196110,0.056
5465,CHSN,Consumer Cyclical,Restaurants,NASDAQ,36.99,6,3,0,14,1.06,2508182.379666209,2322391.0,0.0519,-99.68,220710,93166,127998,-0.045
5466,PN,Technology,Solar,NASDAQ,36.97,6,3,7,1,2.42,38212923.48365188,14754025.0,0.0126,-93.95,226580,164636,684102,0.055
5467,FOFO,Industrials,Consulting Services,NASDAQ,36.93,6,5,5,6,2.11,16450389.324426651,7871000.0,0.0002,-90.33,823970,283123,175614,-0.727
5468,HCWB,Healthcare,Biotechnology,NASDAQ,36.89,6,4,47,1,1.64,3757024.202700138,2236324.0,0.0053,-94.4,1478070,687006,465964,19.697
5469,AEHL,Industrials,Building Products & Equipment,NASDAQ,36.89,6,2,3,0,10.86,190148560.0,19014856.0,0.0034,-97.41,121720,3095976,1975025,-0.386
5470,LOOP,Basic Materials,Specialty Chemicals,NASDAQ,36.87,6,4,11,67,0.43,21674406.8770172,48380371.0,0.0215,-78.39,112880,243573,2007006,-0.29
5471,ENVX,Industrials,Electrical Equipment & Parts,NASDAQ,36.83,6,6,11,17,2.67,610829621.5976334,218153440.0,0.2703,-81.21,7782910,6481120,7584110,0.208
5472,WNW,Consumer Cyclical,Internet Retail,NASDAQ,36.72,6,3,6,0,2.36,62798173.08389306,26330471.0,0.0091,-99.83,218620,1140376,715722,62.646
5473,CLLS,Healthcare,Biotechnology,NASDAQ,36.71,6,39,36,89,1.41,144028127.53707957,100718974.0,0.0088,-74.27,73560,144486,94104,-0.621
5474,BESS,Utilities,Utilities - Renewable,NYSE ARCA,36.66,6,15,22,4,1.86,16395393.223873615,7097573.0,0.0374,-89.14,96980,65603,72904,
5475,ZEPP,Technology,Consumer Electronics,NYSE,36.52,6,5,4,92,3.86,56020226.4410069,14664981.0,0.05,-93.76,26910,42190,43370,0.069
5476,EVMN,Healthcare,Biotechnology,NYSE,36.49,6,9,10,80,6.65,251141424.72886848,36292113.0,0.1173,-79.97,980360,787423,668934,
5477,HTCO,Industrials,Marine Shipping,NASDAQ,36.45,6,6,4,58,2.18,21116845.228546143,9063024.0,0.0167,-96.15,33930,54133,66884,0.383
5478,ATYR,Healthcare,Biotechnology,NASDAQ,36.43,6,13,8,18,0.29,28151091.02177173,98087425.0,0.12529999,-74.11,15676600,5774673,3723810,
5479,YDDL,Industrials,Waste Management,NASDAQ,36.41,6,5,4,25,1.41,80127663.25093472,56033333.0,0.0058,-91.31,27340,1265926,762758,0.187
5480,LICN,Industrials,Specialty Business Services,NASDAQ,36.39,6,6,5,86,1.02,16326825.0,16326825.0,0.0086,-89.26,6750,16310,44488,-0.28
5481,ZSQR,Technology,Software - Infrastructure,NASDAQ,36.33,5,2,14,48,4.0,210411577.60635352,53000397.0,11.1,-81.32,527500,429280,406450,
5482,AURE,Financial Services,Capital Markets,NASDAQ,36.33,5,6,5,15,1.07,38727998.92425537,37600000.0,0.0008,-92.67,522220,196923,124452,
5483,FXHO,Technology,Consumer Electronics,NASDAQ,36.26,5,10,4,3,10.07,51599560.704369545,5193715.0,0.0005,-99.84,37340,119020,154494,
5484,MCRP,Technology,Computer Hardware,NYSE ARCA,36.25,5,7,14,68,0.7,23724144.20954162,34888447.0,0.018099999,-84.83,124160,508020,392876,0.8
5485,REKR,Technology,Software - Application,NASDAQ,36.16,5,8,11,14,0.36,51052609.54951674,137608115.0,0.1266,-89.47,1671500,1668853,1532672,0.025
5486,LDI,Financial Services,Mortgage Finance,NYSE,36.12,5,8,11,22,0.61,214728591.95510006,338155268.0,0.17,-83.95,4872350,6207553,4781722,0.097
5487,VCX,Financial Services,Asset Management,NYSE,35.99,5,4,20,77,29.8,1067828623.8088951,35797138.0,0.87,-94.82,388166,514335,621519,
5488,AMIX,Healthcare,Medical Devices,NASDAQ,35.89,5,5,8,7,3.54,7408565.583925724,1959938.0,0.031600002,-89.12,379160,1726376,5508882,
5489,APUS,Healthcare,Drug Manufacturers - Specialty & Generic,NYSE ARCA,35.85,5,1,4,50,4.59,4859360.003176212,1509118.0,0.0128,-92.31,16096890,5466686,3347288,
5490,YFOR,Industrials,Specialty Business Services,NASDAQ,35.76,5,1,0,0,1.38,11442575.09897232,7837380.0,0.045700002,-99.8,500890,5372816,3554018,0.268
5491,ACTU,Healthcare,Biotechnology,NASDAQ,35.75,5,7,4,3,0.88,19667631.575410366,24014202.0,0.1039,-89.63,264990,393410,331120,
5492,XCUR,Healthcare,Biotechnology,NASDAQ,35.61,5,3,3,10,1.07,7527894.093931317,6545995.0,0.022,-88.71,13170,30096,36230,
5493,BYRN,Industrials,Aerospace & Defense,NASDAQ,35.55,5,4,4,3,3.63,81448544.36641026,23404754.0,0.088999994,-88.15,313720,315816,495858,-0.425
5494,PLUR,Healthcare,Biotechnology,NASDAQ,35.49,5,6,6,28,1.04,12468183.242271423,12344736.0,0.0056,-78.64,16180,24803,22096,-0.158
5495,RVSN,Industrials,Railroads,NASDAQ,35.45,5,6,2,0,3.68,7767925.179730654,2281329.0,0.0242,-99.59,13270,27516,24642,3.283
5496,MSC,Consumer Cyclical,Resorts & Casinos,NYSE,35.34,5,9,7,20,0.99,202217574.5666802,192588175.0,0.0004,-79.84,330480,125606,95430,-0.134
5497,GVH,Industrials,Integrated Freight & Logistics,NASDAQ,35.22,5,4,90,26,1.11,2681173.954553604,2415472.0,0.0332,-82.82,48650,303056,572718,0.08
5498,LNKS,Industrials,Electrical Equipment & Parts,NASDAQ,35.18,5,2,2,0,0.98,1614646.0573390722,1606613.0,0.0248,-99.77,12510,24500,162714,-0.016
5499,GSIW,Financial Services,Capital Markets,NASDAQ,35.16,5,9,39,9,9.9,13907414.824716568,1462399.0,0.0057,-80.66,23320,43166,29586,-0.179
5500,CDLX,Communication Services,Advertising Agencies,NASDAQ,35.1,5,7,3,14,2.76,14898451.311522484,5888716.0,0.1159,-89.66,43500,38763,41836,-0.365
5501,GMM,Technology,Information Technology Services,NASDAQ,34.96,5,2,0,19,1.74,8063544.315083027,4454997.0,0.0095999995,-98.29,21600,25460,552566,0.362
5502,NHTC,Consumer Cyclical,Internet Retail,NASDAQ,34.93,5,9,10,18,0.95,8577849.0,8577849.0,0.0043,-79.96,132080,74493,65468,-0.225
5503,OLB,Technology,Software - Infrastructure,NASDAQ,34.92,5,5,8,10,0.19,4539839.051052555,24020313.0,0.0099,-89.44,1361310,13529816,8259138,-0.436
5504,GSUN,Consumer Defensive,Education & Training Services,NASDAQ,34.82,5,4,6,2,0.22,2176264.7170723975,10028870.0,0.0661,-92.23,1511120,7363723,9033170,0.301
5505,RGNT,Healthcare,Medical Instruments & Supplies,NYSE ARCA,34.81,5,21,20,6,1.67,12994254.017463326,7023921.0,0.0013,-89.23,33440,46396,57204,
5506,GXAI,Communication Services,Electronic Gaming & Multimedia,NASDAQ,34.8,5,8,24,35,0.49,7096180.23421669,13752288.0,0.0305,-81.37,260920,263173,2930172,13.373
5507,SQFT,Real Estate,REIT - Diversified,NASDAQ,34.62,5,6,7,14,1.13,1545222.9113134146,1309511.0,0.052399997,-82.34,1183580,777273,469538,-0.129
5508,SMJF,Consumer Cyclical,Textile Manufacturing,NYSE ARCA,34.56,5,2,84,17,1.75,51254250.66053867,27705000.0,0.0105,-84.76,1184230,1372716,1310294,-0.014
5509,AUID,Technology,Software - Infrastructure,NASDAQ,34.45,5,3,21,11,0.5,7340228.9964033365,16720339.0,0.0456,-83.35,1518960,891936,651342,-0.66
5510,RAYA,Industrials,Electrical Equipment & Parts,NASDAQ,34.44,5,3,1,0,1.89,2077778.7301754951,1054710.0,0.0454,-97.37,39070,135490,97322,-0.231
5511,BJDX,Healthcare,Medical Devices,NASDAQ,34.41,5,2,7,5,0.76,866056.4678281546,1034715.0,0.1353,-95.44,721970,2340626,3873130,
5512,MPLT,Healthcare,Biotechnology,NASDAQ,34.28,5,10,96,88,9.27,545753543.6196365,55575719.0,0.102299996,-77.07,383270,553930,934780,
5513,SRXH,Consumer Defensive,Packaged Foods,NYSE ARCA,34.25,5,1,1,6,1.49,32627279.799898744,20265391.0,0.083100006,-96.5,647660,669703,853944,
5514,VENU,Consumer Cyclical,Restaurants,NYSE ARCA,34.22,5,5,5,5,1.43,79121757.45256448,56515542.0,0.105900005,-89.76,418050,449013,451164,0.069
5515,SEGG,Consumer Cyclical,Gambling,NASDAQ,34.15,5,2,32,7,2.2,7643497.108254671,3259487.0,0.0429,-93.86,31880,44596,77997,-0.974
5516,ZEO,Technology,Solar,NASDAQ,34.14,5,2,16,6,0.29,12219122.80397299,41703489.0,0.013200001,-85.92,50077030,23446080,14963400,-0.107
5517,INVZ,Consumer Cyclical,Auto Parts,NASDAQ,34.14,5,4,11,11,0.33,107914770.77043486,298107111.0,0.072399996,-87.01,3176920,2585220,3746944,0.855
5518,ESLA,Healthcare,Biotechnology,NASDAQ,34.1,5,8,13,93,0.44,20357000.123844624,43497864.0,0.0088,-86.03,27240,37346,33412,
5519,NVX,Industrials,Electrical Equipment & Parts,NASDAQ,34.02,5,4,5,8,2.57,65604340.30468464,24944615.0,0.018099999,-93.34,34830,37942,29866,
5520,VERI,Technology,Software - Infrastructure,NASDAQ,34.01,5,4,7,22,0.73,76119468.43142182,101628127.0,0.1878,-92.25,7521570,4496656,4514538,0.046
5521,CODX,Healthcare,Medical Devices,NASDAQ,34.01,5,2,35,3,1.1,7539824.819605708,6981319.0,0.0444,-97.63,272400,248683,361992,0.02
5522,LIMN,Healthcare,Biotechnology,NASDAQ,33.95,5,3,3,1,3.99,5238507.428098202,1343207.0,0.0544,-97.18,27650,32103,279783,
5523,AEI,Real Estate,Real Estate - Development,NASDAQ,33.94,5,22,12,54,0.7,28860705.22940278,38895830.0,0.0508,-82.41,23040,44316,46470,-0.1
5524,AIM,Healthcare,Biotechnology,NYSE ARCA,33.82,5,3,3,3,0.19,7181072.205350161,39894844.0,0.0708,-93.2,1584020,8746523,5870166,0.04
5525,IVF,Healthcare,Medical Devices,NASDAQ,33.82,5,4,2,2,0.83,1962254.9687743187,2295035.0,0.0774,-99.02,163460,286696,2729202,0.167
5526,MVST,Consumer Cyclical,Auto Parts,NASDAQ,33.81,5,4,5,11,0.62,248024736.13558674,384534486.0,0.0858,-91.29,4358980,6410850,6504048,-0.045
5527,FHTX,Healthcare,Biotechnology,NASDAQ,33.8,5,61,77,35,2.0,119958335.167315,59385315.0,0.061,-73.72,2119340,948480,688176,1.127
5528,SMXT,Technology,Solar,NASDAQ,33.69,5,3,7,11,2.37,10243184.807027578,4742215.0,0.0101,-84.45,12610,21060,21455,1.141
5529,ANTA,Financial Services,Credit Services,NASDAQ,33.6,5,6,5,23,2.55,55713274.15686965,24014343.0,0.0005,-81.55,89670,33576,22978,-0.282
5530,MODD,Healthcare,Medical Devices,NASDAQ,33.57,5,7,5,2,2.3,16546170.456803083,8150823.0,0.0547,-89.13,76650,214633,300928,
5531,LZMH,Technology,Information Technology Services,NASDAQ,33.42,5,5,0,8,1.09,10774200.428128242,8978500.0,0.0194,-98.51,413680,157100,493236,0.912
5532,ALDX,Healthcare,Biotechnology,NASDAQ,33.28,5,7,15,8,0.92,70581909.98107088,60326421.0,0.0617,-84.49,2116510,1112870,1014494,
5533,HLSQ,Technology,Information Technology Services,NYSE ARCA,33.27,5,1,0,75,0.41,972000.0,2700000.0,0.0276,-96.66,2255420,1666253,3287648,
5534,TDUP,Consumer Cyclical,Internet Retail,NASDAQ,33.21,5,6,79,17,2.17,284994030.5199623,131333650.0,0.2019,-78.3,1560540,2078203,2660588,0.169
5535,SDOT,Consumer Defensive,Farm Products,NASDAQ,33.15,5,4,5,3,11.08,18288278.25513935,1707589.0,0.0554,-95.75,98730,1271046,1228694,
5536,NXL,Healthcare,Medical Devices,NASDAQ,33.13,5,3,16,6,5.43,4752462.01581955,829400.0,0.0155,-90.95,6413950,2149023,1291394,-0.828
5537,WIMI,Communication Services,Advertising Agencies,NASDAQ,33.06,5,8,9,10,0.76,14138106.4120332,18385054.0,0.0063,-84.92,137730,156726,148426,-0.273
5538,CTSO,Healthcare,Medical Devices,NASDAQ,33.04,5,9,7,15,3.96,12761959.651024818,3151101.0,0.041500002,-80.2,11090,21147,14493,0.002
5539,TOPS,Energy,Oil & Gas Midstream,NYSE ARCA,32.99,4,5,1,9,0.54,4111283.683367729,7613488.0,0.0678,-92.7,11769940,6175450,3792584,-0.419
5540,BBOT,Healthcare,Biotechnology,NASDAQ,32.94,4,34,21,23,3.6,311616642.96356964,80107104.0,0.126,-75.79,631040,647260,493706,
5541,PAVM,Healthcare,Medical Devices,NASDAQ,32.93,4,13,8,19,2.66,28248478.993595123,9842676.0,0.0018000001,-90.65,29450,26733,34456,4.5
5542,LENZ,Healthcare,Biotechnology,NASDAQ,32.89,4,8,4,6,3.59,112484825.54281807,31420343.0,0.5565,-92.71,798890,731440,757440,0.097
5543,LIQT,Industrials,Pollution & Treatment Controls,NASDAQ,32.82,4,6,4,34,0.44,17132876.691569805,32947841.0,0.0050999997,-86.87,1019750,409170,297270,-0.12
5544,ALAR,Technology,Software - Infrastructure,NASDAQ,32.75,4,1,2,13,1.66,12786957.310083866,7348826.0,0.020499999,-89.98,73550,152660,142804,0.642
5545,TC,Communication Services,Advertising Agencies,NASDAQ,32.62,4,1,1,32,1.64,44654778.56193304,26422945.0,0.0015,-91.8,17730,75826,169910,
5546,SCNX,Healthcare,Pharmaceutical Retailers,NASDAQ,32.5,4,20,15,7,3.71,261167.8257969767,1642565.0,0.0327,42.69,763947,273498,219926,
5547,VRRM,Technology,Information Technology Services,NASDAQ,32.38,4,7,1,13,2.87,427071670.5434742,151982804.0,0.1122,-88.72,5895510,6320873,6111382,0.117
5548,BGL,Basic Materials,Gold,NASDAQ,32.34,4,1,0,2,0.19,8227327.266760647,43301723.0,0.0042,-98.36,302500,275916,306102,
5549,BHST,Consumer Defensive,Packaged Foods,NASDAQ,32.34,4,5,6,14,1.47,33321728.38853216,22667842.0,0.0049,-88.52,30840,33733,52918,0.038
5550,AIXI,Technology,Software - Application,NASDAQ,32.3,4,0,0,91,1.51,238038.52247476578,131513.0,0.01,-97.21,8418830,12964040,8444000,-0.978
5551,AIRE,Real Estate,Real Estate Services,NASDAQ,32.06,4,4,2,16,1.33,7928743.995059967,6006624.0,0.074499995,-95.91,28430,46990,121466,-0.113
5552,CNTX,Healthcare,Biotechnology,NASDAQ,32.0,4,3,7,97,0.34,28482545.08905703,91879177.0,0.0867,-90.61,990190,1473753,1675808,
5553,ZTG,Industrials,Consulting Services,NASDAQ,31.74,4,3,81,11,0.79,23412738.056913972,24087179.0,0.0223,-93.55,509350,8237533,5549264,-0.405
5554,TMCR,Basic Materials,Other Industrial Metals & Mining,NASDAQ,31.67,4,6,5,47,3.16,230555960.3832817,67414022.0,0.0005,-85.22,169590,113213,96250,
5555,TRNR,Consumer Cyclical,Personal Services,NASDAQ,31.65,4,3,0,0,2.22,3050675.2126579285,1380396.0,0.02,-99.15,63750,26010,26284,4.453
5556,LGVN,Healthcare,Biotechnology,NASDAQ,31.5,4,41,13,85,2.51,8225550.596759796,3188198.0,0.0727,-79.59,86300,146942,110001,-0.092
5557,TPET,Energy,Oil & Gas E&P,NYSE ARCA,31.43,4,3,5,7,1.55,8571490.3461591,5323907.0,0.109,-93.11,224420,1081595,710179,0.812
5558,NXH,Consumer Cyclical,Internet Retail,NASDAQ,31.26,4,11,22,22,2.06,263573604.16926312,95497683.0,0.1455,-83.16,3630480,2821550,2714168,0.28
5559,INLF,Industrials,Specialty Industrial Machinery,NASDAQ,31.18,4,0,0,4,3.38,3870557.84801054,1090298.0,0.0117999995,-99.93,6077640,2057010,3423486,0.26
5560,GDC,Communication Services,Electronic Gaming & Multimedia,NASDAQ,31.03,4,0,0,27,1.32,5952374.781668186,4162500.0,0.1141,-99.94,2143850,1286553,1451816,
5561,FTCI,Technology,Solar,NASDAQ,30.97,4,6,51,19,1.94,35521002.9756031,16521396.0,0.1293,-84.78,562010,443516,357434,0.308
5562,BAER,Industrials,Security & Protection Services,NASDAQ,30.95,4,8,36,57,0.66,40001775.62075734,58826140.0,0.048699997,-80.81,1010420,888700,1217188,-0.008
5563,TRIB,Healthcare,Medical Devices,NASDAQ,30.9,4,4,7,39,5.77,4626721.126527786,813132.0,0.0252,-89.01,7060,13416,23570,
5564,NNOX,Healthcare,Medical Devices,NASDAQ,30.85,4,3,3,14,0.64,49982372.00672281,78588638.0,0.0862,-86.4,863330,1267676,1195828,0.367
5565,RENT,Consumer Cyclical,Apparel Retail,NASDAQ,30.7,4,27,9,26,1.55,52591219.382100105,33929820.0,0.3398,-84.7,180820,216370,146948,0.208
5566,ELTX,Healthcare,Biotechnology,NASDAQ,30.67,4,2,4,89,1.92,50461212.31210399,26281882.0,0.0817,-88.0,273800,344470,318446,
5567,CAPS,Basic Materials,Building Materials,NASDAQ,30.56,4,4,3,9,0.14,3263219.379668683,21754795.0,0.0068,-89.78,24955740,8480746,5436994,0.671
5568,REED,Consumer Defensive,Beverages - Non-Alcoholic,NYSE ARCA,30.56,4,4,2,70,0.67,8299960.05865252,11857086.0,0.0235,-94.42,96460,216030,134098,-0.214
5569,VHUB,Consumer Defensive,Grocery Stores,NASDAQ,30.4,4,4,18,0,0.43,46765370.314712495,97427857.0,0.0078,-98.93,188900,257413,179920,5.362
5570,NAMI,Communication Services,Internet Content & Information,NASDAQ,30.34,4,2,1,9,2.15,8652130.211430073,3794794.0,0.04,-91.96,4976670,3153303,3146728,-0.319
5571,CETX,Technology,Software - Infrastructure,NASDAQ,30.21,4,3,0,2,1.95,3511127.5743436813,1721141.0,0.12550001,-97.99,30560,42850,44556,0.087
5572,HOST,Technology,Software - Infrastructure,NYSE ARCA,30.08,4,9,10,16,3.09,,,,-88.58,245010,171124,531088,
5573,BRFH,Consumer Defensive,Beverages - Non-Alcoholic,NASDAQ,29.84,4,6,11,33,0.86,13861946.58881712,16308172.0,0.0039,-77.01,51060,31176,31326,1.897
5574,CYN,Technology,Software - Application,NASDAQ,29.83,4,6,7,5,0.64,10390786.02475971,15348281.0,0.0624,-90.49,229580,197716,186838,3.283
5575,BETR,Financial Services,Mortgage Finance,NASDAQ,29.82,4,7,28,92,11.13,223993245.68526173,18998579.0,0.3111,-87.99,765880,602256,698846,0.282
5576,BYND,Consumer Defensive,Packaged Foods,NASDAQ,29.79,4,5,12,9,8.06,141850211.25,17193965.0,0.2998,-96.51,1535290,1206170,1504505,-0.082
5577,LTRN,Healthcare,Biotechnology,NASDAQ,29.76,4,8,82,14,0.94,12844595.573655128,14935576.0,0.0438,-80.01,398160,248830,187330,
5578,INUV,Technology,Software - Application,NYSE ARCA,29.51,4,3,5,7,0.53,9395354.912103832,16483079.0,0.033099998,-86.05,118770,152513,213674,-0.668
5579,GAUZ,Technology,Electronic Components,NASDAQ,29.48,4,6,3,4,4.66,5881434.698196411,1143136.0,0.048,-96.71,20570,23521,304675,-0.178
5580,WKSP,Consumer Cyclical,Auto Parts,NASDAQ,29.44,4,6,9,4,0.41,6984145.721886307,15282595.0,0.024600001,-89.43,352470,7040560,4343954,0.274
5581,POM,Healthcare,Pharmaceutical Retailers,NASDAQ,29.43,4,2,1,7,0.93,7970183.432574868,9267655.0,1.05,-99.2,28810,19370,62976,0.06
5582,ERNA,Healthcare,Biotechnology,NASDAQ,29.36,4,5,9,1,2.7,3452345.724492073,1166333.0,0.0195,-96.22,28050,42893,42772,
5583,BIAF,Healthcare,Diagnostics & Research,NASDAQ,29.35,4,9,2,73,6.19,3637456.376876831,600736.0,0.1196,-92.33,266940,6230840,3984265,0.19
5584,ATGL,Technology,Software - Infrastructure,NASDAQ,29.28,4,4,9,13,4.8,85604996.86002731,16462500.0,0.0014,-90.4,14200,8603,22582,0.484
5585,BXBL,Consumer Cyclical,Residential Construction,NASDAQ,29.27,4,5,37,46,3.25,780223410.4273005,241555234.0,2.11,-78.53,147650,194630,237926,0.774
5586,AEON,Healthcare,Biotechnology,NYSE ARCA,29.26,4,3,8,68,0.27,13917299.11168605,49882790.0,0.0785,-81.38,13110080,14471343,9506928,
5587,EHTH,Financial Services,Insurance Brokers,NASDAQ,29.19,4,6,15,4,0.68,21266482.58973539,31741018.0,0.0138,-88.46,435080,367236,312134,-0.448
5588,BKYI,Industrials,Security & Protection Services,NASDAQ,29.17,4,7,18,27,1.93,3045049.115623474,1436344.0,0.0047999998,-90.2,17457950,5831793,3587118,0.131
5589,BBLG,Healthcare,Biotechnology,NASDAQ,29.17,4,4,21,9,0.49,1309127.0585726202,2756057.0,0.012999999,-82.44,94500,217553,475948,
5590,SVRE,Technology,Scientific & Technical Instruments,NASDAQ,29.14,4,8,4,4,1.24,3474770.6142395735,2499835.0,0.009,-93.78,81450,64660,52104,-0.63
5591,FUSE,Technology,Software - Application,NASDAQ,29.02,4,4,3,7,0.41,14376709.557038426,28985302.0,0.1168,-98.36,5651830,1956506,2911862,-0.118
5592,JFIN,Financial Services,Credit Services,NASDAQ,29.02,4,3,5,7,1.41,68551702.26567936,52329546.0,0.0117999995,-87.89,28220,59346,51460,-0.609
5593,KNRX,Technology,Software - Application,NYSE ARCA,28.99,4,4,1,19,0.24,7271123.782143503,30423113.0,0.05,-93.04,32422330,10965933,9474850,-0.397
5594,THRY,Technology,Software - Application,NASDAQ,28.98,4,6,23,5,1.49,67547447.87239122,44439111.0,0.0946,-88.15,535130,674500,819942,-0.284
5595,FEMY,Healthcare,Medical Instruments & Supplies,NASDAQ,28.92,4,4,4,12,2.02,17168804.950647593,8375027.0,0.0744,-90.9,119230,123476,908754,-0.189
5596,TCRT,Healthcare,Biotechnology,NASDAQ,28.79,4,11,10,47,0.8,2083193.581829071,2540480.0,0.0026,-82.57,138070,1672923,1007888,
5597,HDRN,Industrials,Specialty Industrial Machinery,NASDAQ,28.55,3,4,1,46,1.2,88658564.7618661,71498842.0,3.46,-90.4,55000,84910,79380,
5598,MYSZ,Consumer Cyclical,Apparel Retail,NASDAQ,28.52,3,5,9,9,1.58,1085698.6796466112,674347.0,0.3064,-84.57,95810,1174180,931104,0.53
5599,YSS,Industrials,Aerospace & Defense,NYSE,28.49,3,3,10,48,8.31,1233471230.0226784,137357605.0,0.096,-81.34,2131440,3307046,3403212,0.104
5600,SNTI,Healthcare,Biotechnology,NASDAQ,28.45,3,3,25,12,0.34,10028815.483466685,31145390.0,0.0294,-88.19,1581700,844700,598972,
5601,AGRZ,Consumer Defensive,Farm Products,NASDAQ,28.36,3,6,10,4,3.4,3551190.5,1092674.0,0.051999997,-97.64,32011,330054,452723,0.307
5602,SPWR,Technology,Solar,NASDAQ,28.3,3,3,5,21,0.31,62639083.58905345,208796937.0,0.12189999,-86.34,1951690,13111506,10888308,-0.17
5603,SCAG,Industrials,Farm & Heavy Construction Machinery,NASDAQ,28.19,3,4,2,3,0.22,15756296.776999459,72609665.0,0.0063,-93.53,181440,602843,447962,0.913
5604,UP,Industrials,Airports & Air Services,NYSE,28.01,3,5,7,4,3.43,126945185.5,36270053.0,0.16459998,-92.02,102270,124063,110746,-0.04
5605,ARAI,Technology,Scientific & Technical Instruments,NASDAQ,28.0,3,3,2,4,0.21,11205261.434653923,51876209.0,0.0185,-96.94,736880,681780,670128,-0.838
5606,SSTK,Communication Services,Internet Content & Information,NYSE,28.0,3,4,6,39,4.01,140770673.92583656,36947684.0,0.105399996,-86.41,860370,948860,1031282,-0.169
5607,PROP,Energy,Oil & Gas E&P,NASDAQ,27.82,3,4,4,8,0.38,42412050.30777037,112798010.0,0.1296,-85.1,983070,1351870,1779204,0.452
5608,CNSY,Healthcare,Biotechnology,NASDAQ,27.78,3,4,7,6,1.56,12143400.18095076,7589625.0,0.0862,-93.36,271690,137230,116946,-0.704
5609,SDA,Consumer Cyclical,Auto & Truck Dealerships,NASDAQ,27.37,3,4,5,19,0.41,43762014.01384202,102009359.0,0.0068,-84.81,1677300,1208783,743762,0.214
5610,APVO,Healthcare,Biotechnology,NASDAQ,27.24,3,2,6,2,1.8,3185978.3827364445,1810215.0,0.1039,-94.95,30280,154593,107648,
5611,SLGB,Industrials,Integrated Freight & Logistics,NASDAQ,27.22,3,7,5,5,0.3,12959999.442100525,45000000.0,0.1611,-95.07,6645640,3602336,4815858,-0.221
5612,NMRA,Healthcare,Biotechnology,NASDAQ,27.19,3,12,35,87,0.52,93947956.0,187895912.0,0.0635,-85.75,2410280,1603636,1265032,
5613,WOK,Healthcare,Medical Devices,NASDAQ,27.18,3,0,0,1,1.47,7639558.550424576,4467578.0,0.0309,-100.0,51650,57533,246102,0.191
5614,BENF,Financial Services,Asset Management,NASDAQ,27.16,3,10,26,30,1.31,22148898.817583203,15488741.0,0.13350001,-89.5,36202370,20431050,12266160,
5615,CHAI,Communication Services,Internet Content & Information,NASDAQ,27.13,3,1,2,3,0.28,7372051.01749295,25866846.0,0.0253,-98.14,662250,11200893,9257890,0.558
5616,SNWV,Healthcare,Medical Devices,NASDAQ,26.94,3,2,6,10,4.7,41463130.85668421,8602309.0,0.0421,-88.5,51330,52310,76242,-0.031
5617,MBAI,Technology,Software - Infrastructure,NASDAQ,26.84,3,15,24,90,3.06,50315890.77659607,15293584.0,0.59,-88.85,23460,27490,23595,
5618,ONCO,Healthcare,Biotechnology,NASDAQ,26.37,3,5,0,0,0.67,3215303.2670613527,4380522.0,0.0309,-99.68,11645160,4268660,2674810,-0.839
5619,VSA,Consumer Defensive,Education & Training Services,NASDAQ,26.33,3,4,1,1,2.03,6172388.666542053,2792936.0,0.0034999999,-99.88,1665180,589700,444728,
5620,HUBC,Technology,Software - Infrastructure,NASDAQ,26.25,3,0,0,0,1.0,1813779.1928737164,1795821.0,0.0187,-100.0,442590,302580,349680,0.195
5621,MASK,Technology,Software - Application,NASDAQ,26.22,3,3,6,1,0.81,3038522.927879095,3595885.0,0.0367,-96.36,1280450,900110,617726,1.069
5622,LNAI,Healthcare,Biotechnology,NASDAQ,26.12,3,16,8,2,1.14,5894056.783807278,4533890.0,0.033800002,-91.42,76650,47333,222700,
5623,CMPX,Healthcare,Biotechnology,NASDAQ,26.11,3,18,8,91,0.96,154335341.95278347,180087915.0,0.2765,-86.05,10244860,5246980,4531034,
5624,MCRB,Healthcare,Biotechnology,NASDAQ,25.96,3,10,8,10,2.85,29531656.71476698,10044781.0,0.0388,-90.49,82510,65120,64960,
5625,PSNY,Consumer Cyclical,Auto Manufacturers,NASDAQ,25.88,3,6,18,24,6.1,1023465206.8033948,164280129.0,8.34,-79.29,221350,294830,228404,-0.044
5626,SSM,Consumer Cyclical,Auto Manufacturers,NASDAQ,25.88,3,7,9,49,1.59,3859837.5760302544,1464834.0,0.0454,-84.91,8391450,5748673,3502476,
5627,RDGT,Healthcare,Pharmaceutical Retailers,NASDAQ,25.85,3,2,2,0,0.89,3157699.8173069954,3629540.0,0.0674,-99.88,951760,562236,1941806,0.214
5628,LX,Financial Services,Credit Services,NASDAQ,25.83,3,4,8,8,0.68,112879968.08288586,164788274.0,0.0683,-88.55,1419210,4501726,3398270,-0.112
5629,FCHL,Consumer Defensive,Education & Training Services,NASDAQ,25.72,3,4,0,1,0.93,1222473.8157640696,1318742.0,0.014099999,-99.67,100230,304370,279902,-0.054
5630,MIMI,Industrials,Engineering & Construction,NASDAQ,25.63,3,2,6,19,0.87,13091469.443926573,14792621.0,0.0403,-99.06,4744890,9769106,5906642,-0.324
5631,EZGO,Consumer Cyclical,Recreational Vehicles,NASDAQ,25.51,3,2,0,5,0.92,1960014.2049769163,2305899.0,0.0005,-99.92,445620,171640,142602,-0.031
5632,RAIN,Industrials,Pollution & Treatment Controls,NASDAQ,25.47,3,3,10,13,0.76,9035527.545008719,11704051.0,0.0156,-91.08,6945740,2514443,2162172,
5633,AIDX,Healthcare,Medical Devices,NASDAQ,25.47,3,4,1,0,0.35,4852715.07910645,12770303.0,0.0044,-99.3,67580,64696,82264,0.365
5634,SCNI,Healthcare,Biotechnology,NASDAQ,25.42,3,3,3,7,1.26,901182.7590786219,677581.0,0.6931,-92.27,181030,2258480,1386147,1.46
5635,MSS,Consumer Defensive,Grocery Stores,NASDAQ,25.28,3,1,2,2,1.63,1353688.0993384123,870539.0,0.0747,-96.9,9969270,4791323,4968106,-0.086
5636,DFLI,Industrials,Electrical Equipment & Parts,NASDAQ,25.1,3,5,13,9,0.71,12746961.517276347,14978803.0,0.0968,-97.28,285880,279450,331424,-0.19
5637,FAMI,Consumer Defensive,Packaged Foods,NASDAQ,25.03,3,0,1,24,0.12,4866933.321481943,37437950.0,0.062800005,-93.91,24191810,49230943,32909928,-0.604
5638,CIIT,Industrials,Integrated Freight & Logistics,NASDAQ,25.0,3,1,1,4,2.58,2399127.2184515,967390.0,0.0149,-96.39,25010,157273,130756,1.213
5639,NMTC,Healthcare,Medical Devices,NASDAQ,24.92,3,5,10,43,1.12,10198454.603419662,9105763.0,0.0086,-83.91,231650,631893,407650,0.163
5640,THH,Industrials,Specialty Business Services,NASDAQ,24.83,3,3,3,0,1.42,7506937.5,5004625.0,0.0007,-99.74,137420,61580,129061,0.005
5641,FJET,Industrials,Aerospace & Defense,NYSE ARCA,24.73,3,4,12,8,1.62,94593154.25344872,54996019.0,0.1183,-94.86,1369080,1534816,1164482,
5642,PMAX,Financial Services,Capital Markets,NASDAQ,24.56,3,2,2,0,0.82,3112670.337308049,3661965.0,0.016,-98.42,9511010,3240986,1970544,0.727
5643,ANPA,Industrials,Specialty Business Services,NASDAQ,24.35,3,5,6,36,2.02,29750457.782064676,15101755.0,0.0013,-98.88,16670,201596,126146,
5644,NIXX,Communication Services,Telecom Services,NASDAQ,24.31,3,16,71,16,0.32,8750705.938868314,28908839.0,0.0078,-83.76,329700,441560,669214,0.204
5645,DVLT,Technology,Software - Infrastructure,NASDAQ,24.19,3,5,5,26,0.16,142459296.4108236,949728605.0,0.171,-96.1,32089710,51692260,47894488,2.871
5646,FMST,Basic Materials,Other Industrial Metals & Mining,NASDAQ,24.18,3,6,20,59,0.54,10168356.236529768,17352143.0,0.0125,-88.18,144730,97483,100966,
5647,PAVS,Consumer Defensive,Packaged Foods,NASDAQ,23.99,3,0,0,0,3.77,3236148.75,862973.0,0.0464,-100.0,16520,18646,774586,707.98
5648,RADX,Healthcare,Biotechnology,NASDAQ,23.92,3,6,26,30,1.27,20720400.813786507,14591832.0,0.0033000002,-92.18,50950,62896,70546,-0.369
5649,TDTH,Technology,Information Technology Services,NASDAQ,23.84,3,5,3,2,0.95,106752539.85769701,108931161.0,0.0001,-96.86,177200,109773,104584,0.436
5650,PBK,Utilities,Utilities - Renewable,NASDAQ,23.7,3,4,14,4,0.22,13922644.131175876,61878420.0,0.013300001,-90.64,1531970,1243086,1065290,-0.706
5651,MNDR,Healthcare,Health Information Services,NASDAQ,23.68,3,2,5,6,1.28,1576790.2226560116,1194538.0,0.0089,-96.06,138880,123676,224716,-0.077
5652,MDCX,Healthcare,Drug Manufacturers - General,NASDAQ,23.68,3,3,7,1,0.17,11545313.43086949,71710022.0,0.0727,-93.88,1864490,7454700,5278100,
5653,CALC,Healthcare,Biotechnology,NASDAQ,23.55,3,4,20,2,1.54,49178242.332812905,30736401.0,0.0295,-95.72,43980,81819,75847,
5654,TAOP,Technology,Software - Infrastructure,NASDAQ,23.51,3,6,22,9,0.4,3937312.375656277,9603201.0,0.0021,-88.24,644130,246890,325516,-0.325
5655,NNNN,Healthcare,Medical Instruments & Supplies,NASDAQ,23.48,3,3,3,88,4.83,243596168.37158203,43891200.0,0.0011999999,-89.2,128720,218730,178268,0.739
5656,SOS,Financial Services,Capital Markets,NYSE,23.42,2,12,12,5,0.32,6174420.879753351,19355551.0,0.0376,-85.84,5758820,2155910,1337652,-0.621
5657,KDK,Technology,Software - Infrastructure,NASDAQ,23.37,2,8,10,32,1.73,329013795.93013406,200618170.0,0.079,-84.76,8750500,3836506,2696576,5.956
5658,SLBT,Healthcare,Biotechnology,NASDAQ,23.35,2,3,7,19,1.59,880392847.9030198,560759757.0,0.0001,-89.03,93140,86826,77364,-0.076
5659,CLDI,Healthcare,Biotechnology,NYSE ARCA,23.2,2,3,2,1,1.05,2790918.830901146,2584184.0,0.0888,-96.23,395840,165363,178396,
5660,KSCP,Industrials,Security & Protection Services,NASDAQ,23.03,2,6,4,20,0.73,17761003.855846047,23618357.0,0.10479999,-90.42,978150,824710,1027402,2.283
5661,MRLN,Industrials,Aerospace & Defense,NASDAQ,22.9,2,4,4,49,1.57,172825914.49543,101067784.0,8.65,-90.76,3590430,3035336,2295706,-0.294
5662,RKDA,Consumer Defensive,Packaged Foods,NASDAQ,22.86,2,3,3,6,0.29,693852.7381311655,2409211.0,0.004,-95.68,5334810,1823890,1184460,-0.008
5663,LEXX,Healthcare,Biotechnology,NASDAQ,22.74,2,74,17,65,2.77,6066800.881072998,2106528.0,0.0875,-87.18,51770,100403,75284,
5664,TNON,Healthcare,Medical Devices,NASDAQ,22.58,2,1,2,22,3.7,2468073.9318072796,667047.0,0.8595,-92.66,6504610,11474230,8176566,1.268
5665,HPAI,Technology,Software - Infrastructure,NASDAQ,22.48,2,3,2,4,0.3,11444660.271995366,37646910.0,0.018,-93.44,303530,1198643,837884,0.077
5666,BZAI,Technology,Software - Application,NASDAQ,22.41,2,3,6,14,0.44,69519377.1661208,144832039.0,0.1296,-93.49,1932180,2792390,4894700,5.047
5667,CAST,Communication Services,Broadcasting,NASDAQ,22.38,2,25,6,6,1.17,59929145.85609412,50787414.0,0.0627,-96.45,513910,1127616,5231844,0.68
5668,CDTG,Industrials,Waste Management,NASDAQ,22.37,2,2,1,12,1.03,3232499.0484591722,3021027.0,0.1342,-94.51,138510,5281053,5455314,-0.361
5669,NXTS,Basic Materials,Agricultural Inputs,NASDAQ,22.3,2,2,5,2,1.38,2165466.1838600636,1453333.0,0.0295,-97.18,62530,36803,53764,
5670,EMAT,Basic Materials,Other Industrial Metals & Mining,NASDAQ,22.12,2,3,6,11,2.06,1279489293.914194,627200646.0,0.0183,-91.45,1241730,1419703,1141012,
5671,TGL,Technology,Software - Application,NASDAQ,22.09,2,6,10,3,1.26,2521733.205429077,1954832.0,0.0563,-97.83,483680,404660,484496,1.252
5672,AIFU,Financial Services,Insurance Brokers,NASDAQ,22.0,2,4,24,5,10.32,60561146.14234543,5925748.0,0.010299999,-91.04,45420,50066,37938,-0.24
5673,SKYE,Healthcare,Biotechnology,NASDAQ,21.88,2,2,11,11,1.73,7438495.447759151,4427676.0,0.037,-90.6,63030,80550,108516,
5674,EHGO,Industrials,Business Equipment & Supplies,NASDAQ,21.79,2,5,3,7,0.68,3777649.1955629587,5902577.0,0.0347,-93.93,1065180,722830,1827512,0.262
5675,ISPC,Healthcare,Diagnostics & Research,NASDAQ,21.74,2,3,2,1,1.05,2720077.308086157,2518590.0,0.0876,-97.74,623560,1025293,821352,-0.787
5676,CYAB,Technology,Software - Infrastructure,NASDAQ,21.71,2,3,1,4,0.21,3519414.2524433583,17597071.0,0.01,-96.61,9755280,14530620,9993388,0.392
5677,HKIT,Technology,Information Technology Services,NASDAQ,21.39,2,1,0,0,2.5,22299812.97150612,8991860.0,0.0174,-99.98,45240,38533,100608,4.409
5678,TDIC,Communication Services,Advertising Agencies,NASDAQ,21.15,2,1,0,3,2.0,7305067.978099108,3413583.0,0.0034999999,-99.8,4428480,1495593,982766,-0.275
5679,TVRD,Healthcare,Biotechnology,NASDAQ,20.95,2,6,12,6,1.14,15339784.131974816,13338943.0,0.019199999,-97.39,343630,197570,254458,
5680,TCRX,Healthcare,Biotechnology,NASDAQ,20.95,2,4,22,19,0.29,21757141.51755318,67779255.0,0.048299998,-88.72,617190,1035406,787596,-0.658
5681,FTHM,Real Estate,Real Estate Services,NASDAQ,20.91,2,24,25,18,0.23,11425217.198396921,34207238.0,0.0212,-88.02,6765180,2306243,1433432,-0.056
5682,MERC,Basic Materials,Paper & Paper Products,NASDAQ,20.86,2,3,3,4,0.25,17424687.940866232,67018033.0,0.1318,-91.55,741460,6255056,3925356,0.015
5683,DCOY,Healthcare,Biotechnology,NASDAQ,20.86,2,3,9,2,1.67,1159677.4375033379,655185.0,0.0162,-97.01,13587770,4551423,2765464,
5684,CVRX,Healthcare,Medical Devices,NASDAQ,20.83,2,6,14,66,1.56,41294474.07962966,26641597.0,0.0864,-86.19,1043350,797513,1085202,0.156
5685,KUST,Communication Services,Entertainment,NASDAQ,20.81,2,3,1,2,4.51,2915073.2924108505,650686.0,0.0069999998,-98.61,124751,83227,222295,0.882
5686,AKAN,Healthcare,Drug Manufacturers - Specialty & Generic,NASDAQ,20.8,2,3,93,1,1.91,5226144.710343838,2639467.0,0.089899994,-97.58,680430,1732706,1601446,
5687,POAS,Healthcare,Medical Devices,NYSE ARCA,20.79,2,2,0,8,0.14,2302545.009803027,16446750.0,0.0379,-98.11,261110,212606,252188,-0.575
5688,CHGA,Real Estate,Real Estate Services,NASDAQ,20.66,2,2,3,2,2.29,2811742.1493167877,1120216.0,0.0301,-95.35,3353800,1408645,852357,
5689,VTIX,Technology,Computer Hardware,NASDAQ,20.25,2,2,2,2,1.23,40765620.41988015,33971349.0,0.2158,-98.67,178720,271373,760902,-0.257
5690,CCHH,Consumer Cyclical,Restaurants,NASDAQ,20.19,2,1,1,11,0.99,19220601.18058443,18843727.0,0.00029999999,-99.36,30450,37150,179252,0.101
5691,ZONE,Technology,Information Technology Services,NYSE ARCA,20.15,2,3,87,6,0.13,67165593.82405624,508830259.0,0.015700001,-94.86,10095380,6790683,9591550,-0.008
5692,VRXA,Healthcare,Biotechnology,NASDAQ,20.14,2,1,1,71,1.13,159790828.015715,141407813.0,0.53,-95.87,77110,295886,238884,
5693,BYAH,Consumer Defensive,Household & Personal Products,NASDAQ,20.03,2,0,2,0,2.3,1869488.3741326332,795527.0,0.0507,-98.85,94220,124340,462822,0.015
5694,UCL,Communication Services,Telecom Services,NASDAQ,20.01,2,3,9,23,0.28,10513460.736624897,38092250.0,0.0109,-89.35,453230,635380,2429370,-0.059
5695,RIME,Technology,Consumer Electronics,NASDAQ,19.99,2,2,4,16,0.17,3370631.4446605146,21066447.0,0.02,-96.29,2465100,1878866,1615262,1.609
5696,NTCL,Technology,Software - Application,NASDAQ,19.92,2,0,1,15,1.9,4212029.352997541,2160015.0,0.0064999997,-98.77,11910,20540,38786,0.74
5697,XHLD,Communication Services,Broadcasting,NASDAQ,19.91,2,99,52,12,0.41,5846212.249693543,11979943.0,0.081999995,-97.34,5120760,4261386,6117300,-0.345
5698,NXGL,Healthcare,Medical Instruments & Supplies,NASDAQ,19.85,2,4,7,2,0.17,1696093.3131954968,9747663.0,0.023599999,-94.12,635190,1210710,904910,0.278
5699,MOBX,Technology,Semiconductors,NASDAQ,19.61,2,2,8,13,0.65,15133573.840837777,17952045.0,0.0919,-95.11,1204360,6258280,4113206,-0.664
5700,EYPT,Healthcare,Biotechnology,NASDAQ,19.59,2,4,57,85,3.15,280189448.5,86212138.0,0.24180001,-83.52,2903830,3624966,4612000,-0.905
5701,XAIR,Healthcare,Medical Devices,NASDAQ,19.29,2,2,3,1,2.84,2776027.674283743,984407.0,0.061100002,-94.89,134160,425960,275548,0.005
5702,SURG,Communication Services,Telecom Services,NASDAQ,19.19,2,2,2,4,0.14,7777538.1746928245,52908423.0,0.1114,-95.54,3977610,17991276,24457634,0.407
5703,FTFT,Technology,Software - Application,NASDAQ,19.0,2,0,1,4,3.47,27544248.4132967,8077492.0,0.1183,-97.76,780480,11024250,6644754,-0.439
5704,RNAZ,Healthcare,Biotechnology,NASDAQ,18.96,2,3,36,31,1.76,26581261.1180526,16930739.0,0.0036000002,-91.62,67470,77610,58240,
5705,EVTL,Industrials,Aerospace & Defense,NYSE,18.92,2,1,6,8,0.54,100172708.17625809,168640928.0,0.1488,-92.63,5978560,5673726,7254442,
5706,SILO,Healthcare,Biotechnology,NASDAQ,18.84,2,4,18,19,1.49,2556238.4030222893,1753250.0,0.0182,-86.3,179410,90700,115108,
5707,ONEN,Utilities,Utilities - Independent Power Producers,NASDAQ,18.44,2,30,45,46,2.13,198285729.135615,106035149.0,,-82.32,1629720,603413,407396,
5708,CVKD,Healthcare,Biotechnology,NASDAQ,18.4,2,1,4,6,0.95,3353536.471494198,3567592.0,0.0372,-93.45,114350,848330,524750,
5709,STKH,Consumer Defensive,Packaged Foods,NASDAQ,17.68,2,7,2,6,0.66,384597.83589303493,591689.0,0.0039,-94.97,2010480,787550,4352082,
5710,HCTI,Healthcare,Health Information Services,NASDAQ,17.54,2,2,3,0,0.61,10617133.799147844,14644322.0,0.032899998,-99.7,8690180,3063430,2904560,1.584
5711,EPOW,Industrials,Electrical Equipment & Parts,NASDAQ,17.51,2,7,10,21,3.77,10786146.44373846,2555959.0,0.0033000002,-89.81,48170,149254,95848,-0.568
5712,VMAR,Consumer Cyclical,Recreational Vehicles,NASDAQ,17.35,2,0,0,1,5.95,4179494.4622793198,653046.0,0.055999998,-99.91,29930,202629,239847,86.188
5713,ARTL,Healthcare,Biotechnology,NASDAQ,17.3,2,3,1,14,3.51,2015808.3565678596,547774.0,0.041199997,-98.04,2727140,973605,607057,
5714,KXIN,Consumer Cyclical,Auto & Truck Dealerships,NASDAQ,16.84,1,1,3,0,1.43,62484401.54409504,45278552.0,0.0082,-99.83,141110,3789030,2338796,6.021
5715,GIPR,Real Estate,REIT - Diversified,NASDAQ,16.7,1,1,3,2,0.42,1336781.5927565098,3038140.0,0.0150999995,-97.89,20078680,35024580,21843296,-0.132
5716,WATR,Industrials,Industrial Distribution,NASDAQ,16.67,1,2,47,43,1.9,59377911.95490539,31251533.0,0.2,-83.48,113080,99303,128618,
5717,MKDW,Consumer Cyclical,Auto Parts,NASDAQ,16.54,1,98,94,74,1.38,51639647.09385824,34198442.0,0.0014,-89.34,173010,258596,155916,0.129
5718,XCH,Industrials,Electrical Equipment & Parts,NASDAQ,16.48,1,1,13,24,3.26,12724560.387124538,4001434.0,0.35,-93.48,76420,31313,46608,-0.175
5719,GPUS,Industrials,Conglomerates,NYSE ARCA,16.39,1,1,7,3,0.16,23279320.84486276,136937180.0,0.3068,-95.62,45196150,40053590,25899439,0.348
5720,ZBAO,Financial Services,Insurance Brokers,NASDAQ,16.39,1,2,7,32,0.09,44743806.82092856,466081317.0,0.0002,-93.28,17206910,11507923,21634526,0.407
5721,CXAI,Technology,Software - Application,NASDAQ,16.26,1,2,7,3,2.09,5446158.131669998,2337407.0,0.105900005,-95.98,81900,122266,211491,0.385
5722,GOVX,Healthcare,Biotechnology,NASDAQ,16.25,1,2,6,1,0.32,2910038.654955566,9093871.0,0.054899998,-97.97,1326420,880020,867594,
5723,HKPD,Healthcare,Medical Distribution,NASDAQ,16.12,1,2,8,13,0.1,5424920.240604505,49317457.0,0.006,-94.18,653110,6968223,4238724,-0.317
5724,PRPL,Consumer Cyclical,"Furnishings, Fixtures & Appliances",NASDAQ,15.99,1,3,6,25,2.18,9155224.684233189,4359631.0,0.05,-91.19,25520,49146,42402,-0.065
5725,VVOS,Healthcare,Medical Devices,NASDAQ,15.73,1,1,1,8,0.15,3057939.3976715356,20118023.0,0.0938,-95.61,8715650,24710033,16002526,0.349
5726,DFNS,Industrials,Aerospace & Defense,NASDAQ,15.62,1,1,0,0,6.78,7417033.454189301,1010495.0,0.437,-99.65,305470,1030443,3984772,
5727,CABO,Communication Services,Telecom Services,NYSE,15.2,1,4,3,19,11.25,69278624.46644306,5673925.0,0.19219999,-93.78,596780,405136,336822,-0.084
5728,DDC,Consumer Defensive,Packaged Foods,NYSE ARCA,15.15,1,1,2,7,0.22,12505077.132239938,56841260.0,0.0166,-97.74,9910360,7919650,4916570,0.222
5729,MVIS,Technology,Scientific & Technical Instruments,NASDAQ,15.06,1,2,5,10,1.47,45271503.02343607,30588853.0,0.187,-93.64,875360,1220163,1541244,8.503
5730,VIVS,Healthcare,Biotechnology,NASDAQ,15.03,1,1,6,19,0.21,2678157.839907661,13390789.0,0.0423,-94.07,573390,793236,3336212,-0.514
5731,QCLS,Technology,Computer Hardware,NASDAQ,15.02,1,5,19,12,0.68,6125999.03488183,8189838.0,1.0633999,-91.68,4223520,10426493,6317330,
5732,SHFS,Financial Services,Banks - Regional,NASDAQ,14.92,1,2,1,6,0.88,1212740.226092577,1027746.0,0.014400001,-98.96,310013,154915,103994,0.34
5733,ADGM,Healthcare,Medical Devices,NASDAQ,14.9,1,10,4,89,0.14,4159967.1062107086,27189328.0,0.0342,-94.58,6095820,2175110,11504402,
5734,BRNX,Utilities,Utilities - Renewable,NASDAQ,14.84,1,1,0,0,1.89,3084949.2289077044,1695027.0,0.0361,-99.54,216530,1586436,1204701,
5735,SGLY,Industrials,Integrated Freight & Logistics,NASDAQ,14.71,1,2,7,10,0.98,3944765.3430690765,5403788.0,0.0052,-93.91,845780,686350,1757596,0.759
5736,CTVA,Basic Materials,Agricultural Inputs,NYSE,14.69,1,75,70,77,12.39,7952976370.903015,667196000.0,0.0353,-86.38,37860960,16016533,11614006,
5737,CMND,Healthcare,Biotechnology,NASDAQ,14.48,1,1,0,1,6.0,2407454.2466951013,3367069.0,0.0106,-98.75,22792,103588,69474,
5738,ACH,Healthcare,Medical Distribution,NYSE,14.05,1,5,41,23,0.45,39221398.30657959,76904704.0,0.1428,-91.96,1665710,1278170,1599706,-0.101
5739,OBAI,Technology,Software - Infrastructure,NASDAQ,13.98,1,3,2,0,0.21,6294860.263465136,29975526.0,0.1,-99.45,2107950,3308706,2279932,-0.068
5740,TENX,Healthcare,Biotechnology,NASDAQ,13.92,1,2,95,94,1.96,74099356.37380457,37423917.0,0.14829999,-89.9,2510140,4761973,6645390,
5741,PPCB,Healthcare,Biotechnology,NASDAQ,13.9,1,4,2,1,0.5,3213041.3247163296,6331116.0,0.0089,-99.05,213650,3639673,2242642,
5742,ZCMD,Healthcare,Health Information Services,NASDAQ,13.87,1,1,0,3,1.91,8207965.405780077,4436738.0,0.048,-99.9,276775,952825,1288979,-0.232
5743,JEM,Consumer Cyclical,Apparel Retail,NASDAQ,13.83,1,1,1,2,3.64,2517134.3404245377,695341.0,0.0221,-97.31,31060,782916,520696,-0.225
5744,CSAI,Technology,Software - Infrastructure,NASDAQ,13.75,1,3,6,6,2.65,2373724.2991280556,885718.0,0.0728,-96.17,200490,108563,105658,0.135
5745,MBRX,Healthcare,Biotechnology,NASDAQ,13.71,1,2,7,4,0.48,9927874.626703262,20385780.0,0.0148,-96.95,1506520,1032406,1596816,
5746,PWCM,Financial Services,Capital Markets,NASDAQ,13.67,1,1,2,4,0.96,1609339.1215208173,1794135.0,0.0834,-97.31,902470,494026,769332,-0.16
5747,SMX,Industrials,Specialty Business Services,NASDAQ,13.52,1,10,6,0,3.9,4158482.4873275757,1088608.0,0.0355,-99.93,362440,141453,93258,
5748,RBNE,Energy,Oil & Gas Midstream,NASDAQ,13.44,1,0,1,3,2.16,2997668.25,1332297.0,0.0172,-98.35,28280,27313,46426,0.292
5749,OFAL,Industrials,Engineering & Construction,NASDAQ,13.43,1,2,2,12,0.46,1184036.3505148888,2637052.0,0.26049998,-96.43,3837010,7650723,8857053,-0.215
5750,CRMT,Consumer Cyclical,Auto & Truck Dealerships,NASDAQ,13.31,1,2,1,4,0.98,8755401.502390385,8338478.0,0.2696,-96.8,441050,521770,393066,-0.576
5751,BDRX,Healthcare,Biotechnology,NASDAQ,12.97,1,1,4,1,0.61,638020.9249069691,1029066.0,0.2642,-98.97,239460,7692600,4674542,
5752,ELAB,Healthcare,Biotechnology,NASDAQ,12.97,1,1,0,0,3.27,2720185.355071783,809579.0,0.0425,-99.88,82090,59103,56268,
5753,YHC,Consumer Defensive,Beverages - Wineries & Distilleries,NASDAQ,12.95,1,0,0,12,1.26,1668936.922696352,1303857.0,0.019199999,-98.94,118690,75063,164848,-0.306
5754,ZNB,Communication Services,Entertainment,NASDAQ,12.83,1,0,0,0,1.25,1493584.363002777,969860.0,0.0656,-99.97,2920540,1005456,1246542,
5755,INHD,Basic Materials,Steel,NASDAQ,12.5,1,1,99,0,3.19,14375819.94178915,4520698.0,0.0197,-99.81,36570,143913,421958,0.903
5756,BIYA,Technology,Software - Application,NASDAQ,12.46,1,1,1,1,1.4,10927782.562836647,6829864.0,0.0194,-99.17,1530930,538490,3065880,
5757,XLAB,Technology,Software - Infrastructure,NASDAQ,12.2,1,5,51,44,1.38,90068703.0661391,64334789.0,0.17,-87.65,93370,304863,242988,1.016
5758,EDVA,Healthcare,Biotechnology,NYSE ARCA,11.66,1,1,1,3,0.17,1100832.0092089176,6923472.0,0.049000002,-98.73,13879500,4921596,5633674,
5759,TOPP,Industrials,Trucking,NYSE ARCA,11.49,1,1,21,22,0.11,3087500.0,24700000.0,0.0178,-96.85,248260,2178000,1832810,0.169
5760,SION,Healthcare,Biotechnology,NASDAQ,11.35,1,2,89,97,4.85,221688113.41060638,45150330.0,0.1423,-91.18,1205450,1408430,2595544,
5761,GNPX,Healthcare,Biotechnology,NASDAQ,10.95,1,1,2,2,2.72,2155834.7638082504,819709.0,0.1011,-99.78,421720,176103,292408,
5762,VBIO,Healthcare,Biotechnology,NASDAQ,10.9,1,1,3,6,2.48,10751760.453694582,4151259.0,0.0434,-96.85,6825390,2548303,1850001,
5763,KALA,Healthcare,Biotechnology,NASDAQ,10.48,1,0,0,1,0.36,7445817.425561428,19339786.0,0.0231,-99.62,7295370,2934476,1788692,
5764,KITT,Industrials,Aerospace & Defense,NASDAQ,10.38,1,2,1,3,1.48,1892895.4962472916,1245326.0,0.1936,-99.16,1464613,665620,421026,-0.573
5765,NXAT,Industrials,Conglomerates,NASDAQ,10.22,1,1,1,5,0.86,2831996.125,3236567.0,0.18,-99.14,54520,105990,353701,1079.59
5766,JDZG,Consumer Defensive,Education & Training Services,NASDAQ,10.11,1,0,87,0,5.17,26523200.83618164,5480000.0,0.0058,-99.49,1201130,687576,589460,0.662
5767,INV,Financial Services,Asset Management,NASDAQ,10.05,1,2,63,75,0.52,42644779.8138898,84612657.0,0.1419,-93.38,5047210,7070956,6142652,1.002
5768,GCTK,Healthcare,Medical Devices,NASDAQ,9.71,1,2,3,1,1.11,1231800.6088342667,1018017.0,0.12109999,-99.19,8485930,2895281,2420267,
5769,OLOX,Industrials,Metal Fabrication,NASDAQ,9.51,1,0,6,1,0.88,1397170.186659813,1659347.0,0.0191,-99.06,4319670,4755926,2930220,1.937
5770,LHSW,Technology,Software - Infrastructure,NASDAQ,9.49,1,79,8,1,0.55,6342023.003914297,13493666.0,0.1067,-98.47,35965160,17471053,10516772,-0.147
5771,SGRX,Technology,Information Technology Services,NASDAQ,9.43,1,1,1,2,1.12,2397752.2618517876,1902978.0,0.0367,-99.33,2084150,1406476,990134,
5772,NCI,Consumer Cyclical,Apparel Manufacturing,NASDAQ,9.26,0,45,93,3,0.92,2441142.5915908813,2831952.0,0.0804,-99.17,4043570,1905620,1438728,-0.508
5773,NUWE,Healthcare,Medical Devices,NASDAQ,9.22,0,0,0,4,0.69,2190842.4524298906,3175134.0,0.012,-99.6,198660,3154353,5508712,0.141
5774,SBFM,Healthcare,Drug Manufacturers - Specialty & Generic,NASDAQ,8.9,0,2,1,17,0.42,2586183.762360275,3877337.0,0.0061000003,-98.27,330980,556580,692840,-0.016
5775,TRUG,Communication Services,Electronic Gaming & Multimedia,NASDAQ,8.85,0,1,1,1,2.56,3190469.166777849,1208511.0,0.1393,-99.09,661079,3459891,2302607,0.344
5776,JUNS,Healthcare,Biotechnology,NASDAQ,8.56,0,1,2,5,2.42,3362228.4871280193,1318521.0,0.0462,-98.22,71310,95070,1133542,
5777,RUBI,Industrials,Marine Shipping,NASDAQ,8.43,0,0,0,0,0.7,1934718.5568788052,1791406.0,0.54,-100.0,273893,447127,598370,-0.192
5778,PARA,Technology,Software - Application,NASDAQ,8.42,0,1,1,2,0.59,2353680.8406513333,4508967.0,0.1421,-99.26,1585940,622203,459562,-0.273
5779,VNRX,Healthcare,Medical Devices,NYSE ARCA,8.38,0,1,2,5,0.23,7214559.678742021,30060666.0,0.0366,-98.28,2302700,17188533,10739374,-0.02
5780,OMH,Real Estate,Real Estate Services,NASDAQ,8.31,0,0,3,19,2.71,223751276.70229578,84434441.0,0.0465,-97.53,55080,420670,658783,
5781,EDBL,Consumer Defensive,Farm Products,NASDAQ,8.27,0,0,0,0,1.13,2224720.23208344,1951509.0,0.0429,-99.91,2062180,796400,1852444,0.128
5782,XXII,Consumer Defensive,Tobacco,NASDAQ,8.22,0,1,0,0,0.91,652590.4979556799,713994.0,0.0533,-99.83,484790,195523,121238,-0.404
5783,CRIS,Healthcare,Biotechnology,NASDAQ,8.18,0,0,3,8,0.79,1940062.4289091825,2425078.0,0.0287,-97.7,200220,155793,222578,
5784,UZX,Consumer Cyclical,Internet Retail,NASDAQ,8.08,0,1,1,19,1.23,3623220.6925764084,2875572.0,0.065,-98.27,132410,573091,471213,-0.252
5785,BAOS,Communication Services,Advertising Agencies,NASDAQ,7.55,0,1,49,29,0.24,7841906.50511004,33369815.0,0.020599999,-95.4,340530,6358296,7149864,-0.505
5786,KPTI,Healthcare,Biotechnology,NASDAQ,7.44,0,2,90,88,0.67,18190530.606354475,22681460.0,0.34849998,-93.9,1501350,1450600,1977844,-0.119
5787,DBGI,Consumer Cyclical,Apparel Retail,NASDAQ,7.26,0,0,1,1,4.65,2798491.8642377853,574639.0,0.31370002,-99.35,534600,1470916,979114,-0.463
5788,NEXR,Consumer Cyclical,Internet Retail,NASDAQ,7.07,0,0,0,0,1.01,560251.3173418045,557464.0,0.108500004,-99.88,700070,626196,637219,0.491
5789,KIDZ,Consumer Defensive,Education & Training Services,NASDAQ,6.98,0,0,0,1,2.38,1970950.297167778,860677.0,0.065799996,-99.97,1194340,494623,897277,-0.336
5790,PFSA,Healthcare,Medical Devices,NASDAQ,6.85,0,0,0,0,1.75,1023676.9746599197,605726.0,0.0521,-99.94,10196570,3666836,3465206,
5791,SMTK,Technology,Semiconductor Equipment & Materials,NASDAQ,6.29,0,0,4,2,1.22,1709068.3253046274,1035799.0,0.1848,-99.36,417360,520383,381082,
5792,JZ,Technology,Information Technology Services,NASDAQ,6.05,0,0,0,12,0.47,1050024.4427357912,2408313.0,0.0234,-99.52,2813330,1862750,1984782,0.398
5793,YMT,Technology,Software - Application,NASDAQ,6.01,0,0,0,0,1.25,533759.5222724676,476571.0,0.04,-99.77,5016430,1957821,1294412,-0.077
5794,JAGX,Healthcare,Biotechnology,NASDAQ,5.32,0,0,0,3,4.73,1903522.124639511,520088.0,0.050100002,-99.63,9514100,3220684,1936966,-0.589
5795,SUGP,Industrials,Security & Protection Services,NASDAQ,4.66,0,0,0,12,0.4,666139.3116055429,1605155.0,0.0387,-99.27,9377050,9438376,6818832,-0.2
5796,HODO,Technology,Software - Application,NASDAQ,4.58,0,0,2,19,0.14,12927182.45302476,89152985.0,0.15,-99.28,5043300,2745906,1725472,
5797,HAO,Communication Services,Advertising Agencies,NASDAQ,4.55,0,0,0,22,2.63,988540.2174582481,366126.0,0.0645,-99.94,188410,106326,245920,1.373
5798,ELPW,Industrials,Electrical Equipment & Parts,NASDAQ,4.39,0,0,0,0,2.93,2768304.35666728,932089.0,0.0101,-99.99,903760,343086,699576,
5799,SLXN,Healthcare,Biotechnology,NASDAQ,4.38,0,0,1,3,0.27,1445666.5069732666,5560256.0,0.0444,-99.36,39658010,20568673,12589514,
5800,HCAI,Industrials,Farm & Heavy Construction Machinery,NASDAQ,4.27,0,6,19,5,0.48,5533031.249435186,10913276.0,0.0321,-98.15,1211830,937333,579810,
5801,FRGT,Technology,Software - Application,NASDAQ,3.89,0,1,6,2,0.25,144175.5023188889,572125.0,0.0921,-99.51,10939230,4087810,2792712,-0.054
5802,SDST,Industrials,Electrical Equipment & Parts,NASDAQ,3.49,0,0,9,12,0.09,1234534.317985408,14523933.0,0.106300004,-98.83,27125290,39573280,24424400,
5803,VWAV,Industrials,Aerospace & Defense,NASDAQ,3.49,0,0,13,70,4.35,10634494.125276089,2373771.0,0.1566,-98.62,988110,1005588,651264,
5804,IPW,Consumer Cyclical,Internet Retail,NASDAQ,3.39,0,0,0,1,1.22,1305076.6455563307,1165247.0,0.069,-99.94,447100,1640313,1171180,-0.782
5805,ONFO,Communication Services,Internet Content & Information,NASDAQ,3.36,0,0,2,14,0.87,2109332.3550863266,2452712.0,0.0636,-99.3,1000370,481350,2802523,-0.524
5806,ENLV,Healthcare,Biotechnology,NASDAQ,3.28,0,0,5,24,0.36,7704624.6078287065,19908591.0,0.0028,-98.67,651390,441976,453550,
5807,LESL,Consumer Cyclical,Specialty Retail,NASDAQ,3.27,0,2,99,6,0.1,1367359.3299038708,9365475.0,0.2755,-99.2,19162450,7623340,5350196,-0.084
5808,LGHL,Financial Services,Capital Markets,NASDAQ,3.04,0,0,1,2,3.84,185037.45056152344,46144.0,0.16770001,-99.89,2042080,902930,701014,
5809,TWG,Consumer Defensive,Food Distribution,NASDAQ,2.97,0,1,6,13,0.1,6902120.462600142,62746550.0,0.0053,-99.62,18935580,9513530,5927282,0.48
5810,AXG,Financial Services,Capital Markets,NASDAQ,2.78,0,12,34,74,0.1,22356274.910554983,194402387.0,0.019,-97.89,20363980,7012683,4276576,10.784
5811,NXTT,Technology,Software - Application,NASDAQ,2.38,0,0,3,1,5.13,8263317.016661644,1472962.0,0.0398,-99.81,23500,67966,200723,
5812,RETO,Basic Materials,Building Materials,NASDAQ,2.15,0,3,7,3,1.95,3673368.1369936466,2369915.0,0.0031,-99.6,6615256,3811783,2308435,1.189
5813,FFAI,Consumer Cyclical,Auto Manufacturers,NASDAQ,2.14,0,0,3,2,1.17,7536208.886863232,6126999.0,0.1754,-99.54,7270340,3150683,2529922,14.481
5814,VIVK,Energy,Oil & Gas Integrated,NASDAQ,2.02,0,0,0,8,4.84,185386.31017315388,598793.0,0.13939999,-99.8,81727,273564,332160,0.104
5815,VCIG,Industrials,Consulting Services,NASDAQ,1.89,0,0,21,0,0.91,1735099.5260391235,1266496.0,0.0027,-99.99,773240,1077646,683787,-0.503
5816,NCT,Industrials,Marine Shipping,NASDAQ,1.87,0,0,11,1,1.73,1723298.586196065,1025773.0,0.1283,-99.83,937090,823267,516529,-0.06
5817,FGL,Industrials,Engineering & Construction,NASDAQ,1.39,0,0,3,0,4.14,49948.161529541016,11456.0,1.9818,-99.94,93830,317686,205658,0.089
5818,WETO,Technology,Software - Infrastructure,NASDAQ,1.3,0,0,21,6,1.05,1164025.126254201,1077801.0,0.3816,-99.58,7781240,7073043,6849798,-0.45
5819,MGN,Industrials,Engineering & Construction,NASDAQ,1.16,0,3,1,0,3.68,4575665.47704792,1233333.0,0.0297,-99.94,213560,843804,528450,-0.084
5820,NIVF,Healthcare,Medical Care Facilities,NASDAQ,1.12,0,1,0,1,0.11,359861.3480447084,2789623.0,0.0069,-99.99,133201780,44475172,26774253,0.119
5821,DCX,Consumer Cyclical,Auto Manufacturers,NASDAQ,1.04,0,1,2,1,3.38,9103186.428499222,2346182.0,0.0004,-99.99,519629,222096,135812,
5822,LGCL,Technology,Software - Application,NASDAQ,1.0,0,0,5,7,2.43,3281780.855160713,1302294.0,0.01,-99.71,141250,515461,380894,0.431
5823,RCON,Energy,Oil & Gas Equipment & Services,NASDAQ,0.79,0,0,3,7,1.25,25441421.25,20353137.0,0.1559,-99.7,247230,946663,825706,0.026
5824,SXTC,Healthcare,Drug Manufacturers - Specialty & Generic,NASDAQ,0.59,0,0,5,0,2.08,3184617.4934182167,1321418.0,0.0496,-100.0,331360,654916,1572802,-0.439
5825,CISS,Industrials,Marine Shipping,NASDAQ,0.53,0,0,0,1,0.86,1236503.026009798,1487970.0,0.0139,-100.0,505320,1331300,1689194,1.239
5826,WHLR,Real Estate,REIT - Retail,NASDAQ,0.51,0,0,0,0,1.09,1176196.7320678234,568211.0,0.0506,-100.0,13029320,5481849,3302985,-0.139
5827,CTNT,Industrials,Integrated Freight & Logistics,NASDAQ,0.46,0,3,0,76,3.13,3493494.747405052,1333395.0,0.29860002,-100.0,1629827,1147240,689214,1.454
5828,LBGJ,Industrials,Specialty Industrial Machinery,NASDAQ,0.44,0,0,6,0,1.95,34085.72951960564,16791.0,0.22049999,-99.99,101750,404013,854723,-0.096
5829,CDT,Healthcare,Biotechnology,NASDAQ,0.31,0,0,0,0,0.92,763020.727350235,770728.0,0.0126,-100.0,610018,343015,206872,
5830,YYAI,Technology,Software - Infrastructure,NASDAQ,0.27,0,0,0,4,0.92,4719374.378910303,4581917.0,0.0481,-100.0,369190,500213,2208532,6.081
