Rank,Ticker,Sector,Industry,Exchange,Relative Strength,Percentile,1M_RS_Percentile,3M_RS_Percentile,6M_RS_Percentile,Price,MarketCap,Float,ShortFloatPct,PctFrom52WkHigh,AvgVol10,AvgVol30,AvgVol50,RevenueGrowth
1,NRSN,Healthcare,Biotechnology,NASDAQ,573.71,99,6,17,18,5.1,13183468.538194656,1896902.0,0.0256,-32.0,21040,357443,363406,
2,BTLN,Technology,Software - Infrastructure,NASDAQ,552.56,99,24,17,9,5.25,1735904.6011995077,2712351.0,0.0176,183.78,207519,133330,141229,-0.538
3,SNDK,Technology,Computer Hardware,NASDAQ,521.3,99,99,99,99,1712.89,260303707127.16528,146419001.0,0.060300004,-27.25,9386930,11088893,13384878,3.716
4,CYPH,Financial Services,Asset Management,NASDAQ,509.33,99,99,68,87,3.31,443989241.5073452,107764382.0,0.113800004,-21.0,22883430,16624340,10480760,
5,MPU,Communication Services,Entertainment,NYSE ARCA,480.86,99,4,2,22,2.77,9451885.922726393,3399959.0,0.0149,-28.61,35410,145570,171662,-0.492
6,OPTT,Industrials,Specialty Industrial Machinery,NYSE ARCA,468.14,99,5,11,24,1.67,18099302.194125175,9004628.0,0.1722,-48.3,447950,5171723,5489600,0.441
7,SVRN,Financial Services,Asset Management,NASDAQ,448.97,99,13,9,2,52.06,88651061.01150513,1875816.0,0.0082,0.12,255510,154010,97528,-0.374
8,IPDN,Industrials,Staffing & Employment Services,NASDAQ,441.73,99,1,4,15,3.89,2996149.5,665811.0,0.0858,-49.48,4603220,20731140,12668546,-0.28
9,MRNA,Healthcare,Biotechnology,NASDAQ,433.49,99,99,97,92,197.28,79400035553.71399,399235889.0,0.100600004,-2.66,16329410,28457020,19242540,0.021
10,AXTI,Technology,Semiconductor Equipment & Materials,NASDAQ,432.41,99,99,99,99,73.67,5176349515.37085,65573212.0,0.14029999,-48.54,8897580,9079626,10278972,1.648
11,BRTX,Healthcare,Biotechnology,NASDAQ,427.92,99,5,13,1,2.31,3521876.334142685,1381128.0,0.0085,-21.13,33610,249206,298278,-0.073
12,ANL,Healthcare,Biotechnology,NASDAQ,419.98,99,99,99,99,15.4,1000099959.9438953,64397938.0,0.0759,-10.72,129870,162093,167464,
13,BVC,Technology,Software - Application,NASDAQ,413.11,99,99,99,99,12.03,1906800064.086914,168000000.0,0.0002,-33.17,39760,42296,48130,
14,TXG,Healthcare,Medical Devices,NASDAQ,395.7,99,99,97,93,88.5,11167255889.994873,130291168.0,0.1879,2.72,3366670,2918420,2970676,-0.127
15,QMCO,Technology,Computer Hardware,NASDAQ,374.41,99,99,87,15,31.4,1248508843.7069778,39410001.0,0.39009997,-4.88,2189250,1485700,1790852,0.257
16,RFAIU,Financial Services,Shell Companies,NASDAQ,367.1,99,99,46,51,44.48,,,6.66,-17.17,1300,573,354,
17,TWST,Healthcare,Biotechnology,NASDAQ,355.22,99,99,98,86,179.6,12121843763.821075,66301174.0,0.2379,-3.54,2525450,1929016,1773222,0.232
18,BURU,Industrials,Specialty Industrial Machinery,NYSE ARCA,346.95,99,1,4,1,0.95,9169721.638332605,9262345.0,0.0253,-77.65,1703830,2944853,11087886,
19,WCT,Technology,Software - Application,NASDAQ,339.6,99,3,1,3,7.94,445312423.3802843,56155414.0,0.0011,-62.9,1292750,1345493,1504884,-0.879
20,AGL,Healthcare,Medical Care Facilities,NYSE,336.22,99,99,99,9,79.53,1355554439.666977,16791210.0,0.0998,-40.22,258300,221866,294316,0.072
21,MXL,Technology,Semiconductors,NASDAQ,317.84,99,99,99,79,90.0,8510648711.311615,90693191.0,0.0746,-29.85,3393520,2663440,3119486,0.552
22,IOVA,Healthcare,Biotechnology,NASDAQ,317.58,99,99,93,87,10.99,4982685752.0,452971432.0,0.2057,-1.26,15974780,15107450,16257870,0.657
23,BUUU,Industrials,Specialty Business Services,NASDAQ,311.35,99,99,98,98,43.48,833059514.3795013,18847500.0,0.0023999999,-17.82,87190,78870,82388,0.123
24,HLP,Basic Materials,Steel,NASDAQ,308.01,99,94,19,47,2.39,165172640.35105705,74738750.0,0.0055,3.91,123080,105863,98462,0.402
25,RFAI,Financial Services,Shell Companies,NASDAQ,306.21,99,99,45,55,37.0,273258303.75,8343765.0,0.0047,-49.32,19530,151290,105612,
26,DKI,Communication Services,Electronic Gaming & Multimedia,NASDAQ,303.54,99,99,99,8,2.6,5726412.550008297,2097587.0,0.0301,-77.57,90240,64456,290142,0.139
27,IGR,Financial Services,Asset Management,NYSE,296.2,99,82,75,74,11.73,601473787.7275047,50586524.0,1.18,-11.87,355679,449816,470925,-0.231
28,CDNA,Healthcare,Diagnostics & Research,NASDAQ,289.7,99,99,92,46,64.6,3294435336.428032,51734223.0,0.124,-0.91,1455610,1241786,1207952,0.522
29,SAIH,Technology,Information Technology Services,NASDAQ,289.45,99,99,79,73,31.7,56120084.280174255,1837292.0,0.0031,-2.46,18810,19256,16282,-0.705
30,KOD,Healthcare,Biotechnology,NASDAQ,287.52,99,97,99,99,89.92,2033179838.0493393,62849457.0,0.2687,87.96,4874990,2017350,1431250,
31,EDRY,Industrials,Marine Shipping,NASDAQ,284.8,99,99,91,94,51.82,153130932.15482712,3179629.0,0.12810001,-29.08,217540,184116,164732,0.57
32,SLS,Healthcare,Biotechnology,NASDAQ,280.73,99,99,99,97,11.59,2282904116.631563,196632574.0,0.2937,-27.02,5814340,7194136,6692014,
33,MU,Technology,Semiconductors,NASDAQ,279.11,99,99,99,98,1053.98,1222319652551.97,1129393151.0,0.024500001,-16.02,24263510,25455410,32064422,3.457
34,MAAS,Technology,Information Technology Services,NASDAQ,269.55,99,99,99,82,17.95,6796238583.257021,442175578.0,0.0018000001,-27.91,896930,400310,285138,
35,ASBP,Consumer Cyclical,Auto Parts,NASDAQ,264.2,99,98,98,1,8.5,11669273.811973572,1402557.0,0.0249,-54.69,38650,34016,38316,
36,ABCL,Healthcare,Biotechnology,NASDAQ,262.85,99,98,96,36,13.92,4115401448.2928705,324047363.0,0.13340001,5.61,5045910,5248343,6908080,-0.763
37,RCEL,Healthcare,Medical Devices,NASDAQ,260.83,99,98,73,27,11.67,366173873.19906235,30926847.0,0.0942,-4.58,314820,348390,464440,0.178
38,AGEN,Healthcare,Biotechnology,NASDAQ,257.36,99,98,30,85,9.43,385682760.9172096,45161916.0,0.1524,6.55,1128970,1053340,1340076,0.344
39,DELL,Technology,Computer Hardware,NYSE,257.02,99,98,98,91,543.43,357892648161.1633,635812750.0,0.0468,-8.75,9333750,9171710,7853796,0.577
40,TTRX,Healthcare,Biotechnology,NASDAQ,256.18,99,98,91,12,13.04,379292616.00938416,30367704.0,1.76,-50.79,217380,130903,108726,
41,AGPU,Technology,Software - Infrastructure,NASDAQ,255.45,99,98,60,8,12.15,140136690.92866516,11591124.0,0.0514,-62.15,410500,413393,502160,1197.729
42,OESX,Industrials,Electrical Equipment & Parts,NASDAQ,252.68,99,99,82,54,30.46,125091259.36397552,4089286.0,0.0497,-1.74,62140,89900,91332,0.315
43,UCAR,Consumer Cyclical,Auto & Truck Dealerships,NASDAQ,251.52,99,2,80,0,4.33,7880720.38156271,1774937.0,0.0053,-80.23,30850,372733,399566,-0.248
44,TNMG,Communication Services,Publishing,NASDAQ,245.16,99,5,1,6,4.39,26711309.777620792,6084581.0,0.0013,-64.25,4300620,8300263,11062470,0.057
45,VNCE,Consumer Cyclical,Apparel Manufacturing,NASDAQ,242.01,99,99,98,35,10.82,148864613.5,12944749.0,0.0494,-16.71,603880,425733,283880,0.117
46,ERAS,Healthcare,Biotechnology,NASDAQ,239.95,99,99,99,99,14.13,4984108998.75,349762035.0,0.104499996,-41.8,5343440,4327560,3903098,
47,SWVL,Industrials,Railroads,NASDAQ,239.64,99,94,14,8,4.35,77524566.38225174,18954661.0,0.0197,-48.68,251840,3087006,1857126,
48,BDSX,Healthcare,Diagnostics & Research,NASDAQ,239.01,99,98,98,96,30.42,307037537.8249321,10551118.0,0.035099998,-2.97,100350,115460,100938,0.342
49,AEHR,Technology,Semiconductor Equipment & Materials,NASDAQ,236.9,99,97,98,99,98.49,3409329987.006195,32659546.0,0.16520001,-33.18,2214630,2627780,2663232,0.337
50,NWGL,Basic Materials,Lumber & Wood Production,NASDAQ,236.26,99,25,2,14,1.34,40971490.22175658,28853163.0,0.038900003,-32.32,1160030,1361886,2074194,-0.119
51,PLSE,Healthcare,Medical Instruments & Supplies,NASDAQ,234.1,99,99,92,81,52.32,3682386275.590763,71322607.0,0.1472,-11.17,595810,602653,542514,
52,BAND,Technology,Software - Infrastructure,NASDAQ,233.13,99,98,99,77,61.01,1989094550.473587,32180788.0,0.15689999,-22.85,1000680,888076,1030528,0.222
53,MTC,Financial Services,Capital Markets,NASDAQ,232.89,99,93,89,99,5.3,528811270.71153975,99587811.0,0.0063,-41.73,45920,27566,28712,
54,CPOP,Communication Services,Entertainment,NASDAQ,229.86,99,0,1,10,4.93,5123103.723058701,1008485.0,0.0465,-80.67,1083880,913853,4262946,0.648
55,PURR,Financial Services,Capital Markets,NASDAQ,221.72,99,98,95,81,12.08,2577243505.8589764,200563691.0,0.87,-18.16,27402570,28170120,19726034,
56,OABI,Healthcare,Biotechnology,NASDAQ,221.07,99,98,87,24,4.74,670249754.1917124,145390398.0,0.0538,-12.71,1099160,2163433,1557526,2.442
57,FIRY,Communication Services,Electronic Gaming & Multimedia,NYSE,220.35,99,93,97,8,12.51,206448433.20817757,16622257.0,0.2163,-37.45,229780,162163,615034,0.229
58,ETON,Healthcare,Drug Manufacturers - Specialty & Generic,NASDAQ,219.22,99,99,95,91,59.18,1648675235.5228806,28583135.0,0.0746,-10.83,497130,547863,577130,0.986
59,TOP,Financial Services,Capital Markets,NASDAQ,217.25,99,99,94,17,15.13,1913724319.1429358,123705513.0,0.0016,-13.14,85880,108160,106666,-0.193
60,STX,Technology,Computer Hardware,NASDAQ,215.15,99,98,99,98,921.51,208480740911.73108,227393014.0,0.045900002,-19.52,4168760,3741776,4450968,0.485
61,VICR,Technology,Electronic Components,NASDAQ,214.59,98,93,99,98,285.1,13000253760.741577,46106732.0,0.097600006,-25.49,1152990,892846,894998,0.493
62,ANTX,Healthcare,Biotechnology,NASDAQ,214.39,98,99,98,98,5.01,184152840.8785696,37736237.0,0.0754,-30.32,271390,234550,221686,
63,CPIX,Healthcare,Drug Manufacturers - Specialty & Generic,NASDAQ,214.05,98,99,95,25,7.72,114021446.2704606,14983107.0,0.028800001,-16.81,52520,61073,88086,-0.563
64,AMD,Technology,Semiconductors,NASDAQ,212.81,98,96,98,88,607.87,1029487743707.5295,1632475042.0,0.024600001,-4.87,25384550,20448176,23670100,0.501
65,ORKA,Healthcare,Biotechnology,NASDAQ,212.46,98,99,99,99,84.19,5592071116.92321,66209699.0,0.1676,-27.12,1165220,899713,856606,
66,SYRE,Healthcare,Biotechnology,NASDAQ,210.57,98,99,99,98,85.79,7555609881.047974,88173762.0,0.1471,-22.13,1383810,1245890,1066336,
67,OMER,Healthcare,Biotechnology,NASDAQ,209.7,98,98,88,94,19.43,1453557379.7572098,72388316.0,0.17889999,-8.52,1768640,1637103,1898132,
68,LITE,Technology,Communication Equipment,NASDAQ,209.4,98,99,99,99,921.32,84466007189.9414,89700000.0,0.0792,-15.14,4781560,4389350,4704194,1.093
69,ANRO,Healthcare,Biotechnology,NYSE,207.73,98,99,99,99,26.66,1039523325.9781952,39242104.0,0.1246,-28.87,666550,535770,494408,
70,RXT,Technology,Software - Infrastructure,NASDAQ,207.27,98,94,99,19,3.79,1011845221.7919707,254872850.0,0.2245,-55.93,6830450,7177410,7307734,0.006
71,BFLY,Healthcare,Medical Devices,NYSE,206.67,98,99,98,90,9.15,2500417959.7917624,266285183.0,0.16700001,-8.96,6845800,5065223,5901534,0.395
72,CLYM,Healthcare,Biotechnology,NASDAQ,206.62,98,99,99,99,11.74,669706724.535923,57436255.0,0.20889999,-35.95,1813430,1654616,1432284,
73,RVMD,Healthcare,Biotechnology,NASDAQ,205.42,98,99,98,96,201.74,43932535859.101135,214336418.0,0.0476,-10.06,2635590,2060623,1921540,
74,XHG,Financial Services,Insurance Brokers,NASDAQ,204.19,98,99,24,17,2.27,121137621.18400669,51547926.0,0.00029999999,-68.6,9830,55213,1798360,0.126
75,ATEX,Communication Services,Telecom Services,NASDAQ,203.72,98,99,99,92,81.75,1587565635.9572296,19498473.0,0.136,-27.65,303660,302836,325638,0.381
76,DRTS,Healthcare,Biotechnology,NASDAQ,203.15,98,99,98,95,15.04,1313338233.5943413,90325876.0,0.0542,-4.75,536410,591113,575538,
77,ROMA,Industrials,Consulting Services,NASDAQ,202.67,98,99,98,98,8.52,534055919.95503616,59564571.0,0.0145000005,-27.61,1610,3083,6144,-0.362
78,SILC,Technology,Communication Equipment,NASDAQ,202.35,98,97,97,87,51.09,303358901.5638733,5747611.0,0.020499999,-4.16,166350,179873,181926,0.585
79,CHRN,Technology,Information Technology Services,NASDAQ,202.2,98,99,98,90,19.82,2890903477.756279,145637452.0,4.4,-33.93,115560,147983,168658,
80,RLYB,Healthcare,Biotechnology,NASDAQ,201.87,98,98,99,94,17.05,88295150.53849792,5312584.0,0.0126,-2.98,11110,10426,17220,
81,ABSI,Healthcare,Biotechnology,NASDAQ,201.61,98,98,99,36,9.49,1671520418.1206703,171614010.0,0.2641,-21.28,4881980,3502253,3153488,-0.464
82,NVCT,Healthcare,Biotechnology,NASDAQ,200.52,98,99,98,59,20.81,660062992.1050987,32644066.0,0.1088,-28.92,247100,218443,218858,
83,ECO,Industrials,Marine Shipping,NYSE,200.44,98,97,92,96,79.17,3041578684.0774155,39044655.0,0.057600003,-9.32,1002560,693190,625752,2.394
84,IMMX,Healthcare,Biotechnology,NASDAQ,199.81,98,99,98,99,11.47,784786293.6830578,71539314.0,0.16239999,-24.04,1565080,1512093,1597012,
85,RNG,Technology,Software - Application,NYSE,199.73,98,97,76,86,76.13,6359829603.728699,83506162.0,0.1537,-7.05,1766930,1527806,1972068,0.059
86,BBGI,Communication Services,Broadcasting,NASDAQ,198.12,98,99,99,14,14.59,28328562.71932316,1852751.0,0.15630001,-50.2,24470,51156,52690,-0.167
87,SIF,Industrials,Aerospace & Defense,NYSE ARCA,198.06,98,98,99,98,22.42,137966060.3399353,6254128.0,0.0588,-22.69,50130,75893,119218,0.183
88,LIFE,Financial Services,Insurance Brokers,NASDAQ,197.48,98,98,83,21,34.24,2186949223.555397,63759454.0,0.0771,-19.53,2084440,1583773,1503044,1.134
89,INTC,Technology,Semiconductors,NASDAQ,196.98,98,97,99,94,116.03,646306736745.0,5254526315.0,0.0301,-18.49,124352960,102624450,109294808,0.254
90,ASX,Technology,Semiconductors,NYSE,195.15,98,97,98,95,43.79,115368416962.18028,2603665389.0,0.0067000003,-3.8,6888550,6644130,7334374,0.267
91,UMC,Technology,Semiconductors,NYSE,195.09,98,97,98,81,23.85,60967256240.43232,2507908580.0,0.0164,-17.65,11854940,11430563,12640406,0.17
92,GRAL,Healthcare,Diagnostics & Research,NASDAQ,194.62,98,90,67,52,132.63,5667698404.997894,44666234.0,0.19479999,3.89,2028500,1113270,938868,0.257
93,HPE,Technology,Communication Equipment,NYSE,194.48,98,97,93,79,62.63,83550631367.26454,1327464779.0,0.048,-4.6,20392820,23080843,20374332,0.337
94,ASST,Financial Services,Asset Management,NASDAQ,193.96,98,79,18,5,29.0,2855758038.3650036,97002649.0,0.2832,-47.08,9585980,10148096,7158772,0.946
95,QTTB,Healthcare,Biotechnology,NASDAQ,193.9,98,99,99,98,9.23,261078230.44738007,29769466.0,0.18,-60.84,661110,585833,565170,
96,IZM,Technology,Electronics & Computer Distribution,NASDAQ,193.52,98,5,3,2,1.26,3100672.2883090973,2403622.0,0.0378,-53.85,234650,149150,700650,0.072
97,KRSA,Healthcare,Biotechnology,NASDAQ,192.95,98,97,76,89,30.83,1411784175.0,45541425.0,0.06,-48.06,83200,43432,27448,
98,AMWL,Healthcare,Health Information Services,NYSE,191.87,98,97,90,29,13.44,228427625.130661,17008758.0,0.0109,-5.29,98270,97663,112548,-0.266
99,BE,Industrials,Electrical Equipment & Parts,NYSE,190.45,98,96,99,99,262.87,85030048385.50452,294527346.0,0.0734,-25.17,19622860,15283043,16137270,1.655
100,IBRX,Healthcare,Biotechnology,NASDAQ,189.94,98,98,98,98,8.52,8945017699.395,1059836273.0,0.31280002,-31.46,12826310,9801213,9376632,0.939
101,ETS,Industrials,Trucking,NASDAQ,189.83,98,90,71,20,1.64,77459510.10609436,48716672.0,0.0034,-40.36,484970,436970,302672,0.153
102,SIMO,Technology,Semiconductors,NASDAQ,189.51,98,97,99,91,278.07,9366472126.576996,33908235.0,0.0668,-21.67,726540,805633,1020174,1.27
103,IMOS,Technology,Semiconductors,NASDAQ,189.34,98,95,97,93,71.58,2495855590.2350464,34770906.0,0.0034,-8.64,91830,74140,92656,0.287
104,MRVL,Technology,Semiconductors,NASDAQ,189.19,98,97,98,89,251.9,235406688523.32306,898704613.0,0.0418,-23.64,17152430,22090696,21996228,0.365
105,TKNO,Healthcare,Drug Manufacturers - Specialty & Generic,NASDAQ,188.21,98,96,87,13,9.2,500911331.0839119,53688246.0,0.1437,-2.95,328250,243826,229748,0.185
106,HBB,Consumer Cyclical,"Furnishings, Fixtures & Appliances",NYSE,186.84,98,97,83,68,37.6,500861267.75749207,13442332.0,0.0477,-1.96,82480,84883,76064,0.116
107,NTRB,Healthcare,Biotechnology,NASDAQ,186.8,98,51,9,18,8.23,97245464.0,12155683.0,0.0339,-10.4,195960,108216,67646,-0.297
108,HELP,Healthcare,Biotechnology,NASDAQ,186.71,98,98,43,22,12.59,921408488.3935204,73069668.0,2.16,-16.9,2151460,1724066,1839842,
109,NCEW,Industrials,Integrated Freight & Logistics,NASDAQ,186.59,98,98,96,93,17.63,56415997.314453125,3200000.0,0.0116,-15.38,610,506,3092,0.335
110,DFTX,Healthcare,Biotechnology,NASDAQ,186.48,98,99,99,97,38.41,4860052335.466766,134366950.0,0.0883,-22.72,2602430,2148800,2133926,
111,ILMN,Healthcare,Diagnostics & Research,NASDAQ,185.67,98,94,91,75,271.9,40770000000.0,151000000.0,0.114700004,-2.18,6240040,3317996,2776670,0.094
112,OPAD,Real Estate,Real Estate Services,NASDAQ,184.89,98,99,99,6,3.27,16238036.133024454,4832749.0,0.1447,-53.62,39530,45176,47754,-0.516
113,PSIG,Industrials,Integrated Freight & Logistics,NASDAQ,183.98,98,3,2,94,4.58,70290359.18029308,15380822.0,0.0021,-61.83,2054610,1298306,801022,-0.373
114,OKTA,Technology,Software - Infrastructure,NASDAQ,182.4,98,95,91,29,202.18,34123297363.128906,174820928.0,0.054899998,-4.86,4423710,4323940,3611338,0.106
115,AMLX,Healthcare,Drug Manufacturers - Specialty & Generic,NASDAQ,182.36,98,99,91,97,29.85,3763706871.3086014,127626548.0,0.1348,-27.44,1474120,3008600,2619984,
116,MRVI,Healthcare,Biotechnology,NASDAQ,182.25,98,98,96,43,7.63,1132320527.7912498,148989545.0,0.098400004,-19.0,2287650,4027440,3238332,0.085
117,ABLV,Consumer Cyclical,Specialty Retail,NASDAQ,182.14,98,90,92,27,1.66,71787071.16686583,55220826.0,2.49,2.47,322880,122713,86816,-0.106
118,COHU,Technology,Semiconductor Equipment & Materials,NASDAQ,182.11,98,93,97,92,66.07,3171675011.0,47338433.0,0.22,-11.43,1030080,976790,1005568,0.384
119,DOCN,Technology,Software - Infrastructure,NYSE,181.84,98,96,98,97,136.29,16431742112.5,117579550.0,0.0921,-27.31,3125260,2635233,2954810,0.286
120,BLZE,Technology,Software - Infrastructure,NASDAQ,180.11,98,98,99,15,13.54,816460974.0257263,61900000.0,0.0925,-43.56,1836910,2340070,2580236,0.177
121,PBF,Energy,Oil & Gas Refining & Marketing,NYSE,180.07,97,98,89,96,74.39,8734980692.206604,118536849.0,0.12560001,-9.95,4665400,3454093,3435862,0.562
122,TWLO,Technology,Software - Infrastructure,NYSE,179.87,97,94,93,72,286.98,42356043801.30249,153575220.0,0.045500003,-5.83,3214940,2224546,2322766,0.22
123,WDC,Technology,Computer Hardware,NASDAQ,179.29,97,98,99,99,453.23,164698707748.4131,360540944.0,0.0538,-43.34,7765700,6559360,7217690,0.438
124,KRT,Consumer Cyclical,Packaging & Containers,NASDAQ,178.89,97,97,84,75,53.24,1058175070.9313393,19931721.0,0.0521,-2.61,215240,157096,156546,0.099
125,PAYS,Technology,Software - Infrastructure,NASDAQ,178.51,97,98,83,87,12.72,715375520.8277206,56462156.0,0.0461,-11.85,765740,752096,748804,0.481
126,AMC,Communication Services,Entertainment,NYSE,178.14,97,87,67,13,3.29,2624257686.795247,892604638.0,0.048800003,3.46,35967560,25540476,33032108,0.142
127,INSW,Energy,Oil & Gas Midstream,NYSE,178.08,97,96,93,95,108.31,5232487663.808487,49531311.0,0.078600004,-4.27,877550,696353,628238,1.401
128,CLMT,Basic Materials,Specialty Chemicals,NASDAQ,178.05,97,97,91,97,52.61,4715740388.222061,87898234.0,0.0645,-12.13,1643360,1318500,1291170,0.408
129,FET,Energy,Oil & Gas Equipment & Services,NYSE,178.03,97,98,85,98,82.99,950283679.1771393,11472699.0,0.061300002,-5.07,175390,183013,199414,0.132
130,CUE,Healthcare,Biotechnology,NASDAQ,177.91,97,95,99,5,27.45,228175242.6315384,7264414.0,0.048,-39.67,721350,349616,288712,1.667
131,APPS,Technology,Software - Application,NASDAQ,177.62,97,97,99,17,11.22,1344490495.9523678,121016250.0,0.087,-26.86,2979610,2690176,3326716,0.268
132,MANE,Healthcare,Biotechnology,NYSE,177.21,97,97,98,89,115.0,4870141530.840157,41778687.0,0.1509,-12.37,973680,699430,739198,
133,CJMB,Industrials,Integrated Freight & Logistics,NASDAQ,176.43,97,95,5,13,2.28,14714993.533996582,6658368.0,0.0345,-59.36,88350,284323,1499562,-0.174
134,PSNL,Healthcare,Diagnostics & Research,NASDAQ,175.49,97,97,95,52,16.32,1757925795.3417969,106799872.0,0.120900005,-13.61,2221090,3234206,3313912,0.3
135,CRWD,Technology,Software - Infrastructure,NASDAQ,175.44,97,95,93,40,259.25,258164696713.14185,1023934842.0,0.0277,-1.75,12128790,11586806,9963190,0.258
136,SMTC,Technology,Semiconductors,NASDAQ,174.6,97,90,95,92,174.78,17013261904.607208,93325626.0,0.0853,-8.32,3774660,3619166,2979720,0.327
137,NAT,Energy,Oil & Gas Midstream,NYSE,173.65,97,95,91,96,7.79,1634715073.9329429,211750663.0,0.0813,-6.48,5440980,4566796,3957658,0.975
138,SGHT,Healthcare,Medical Devices,NASDAQ,173.63,97,95,82,32,9.27,491935767.5115204,55087990.0,0.0312,0.37,282780,223746,249338,0.195
139,PENG,Technology,Information Technology Services,NASDAQ,173.38,97,95,98,43,54.98,2880864600.332123,51242699.0,0.19680001,-38.82,1502800,1478396,1877640,0.476
140,ROLR,Consumer Cyclical,Gambling,NYSE ARCA,173.19,97,96,96,85,5.6,65072947.75183725,11029313.0,0.0113,-83.37,33610,40243,54096,-0.516
141,ACHV,Healthcare,Biotechnology,NASDAQ,172.24,97,96,96,57,7.75,775884770.6745815,102902490.0,0.15630001,-10.3,1586590,1576603,1404650,
142,OPTX,Technology,Electronic Components,NASDAQ,172.19,97,99,99,99,7.09,298071101.0413885,40279878.0,0.1866,-52.48,399540,274890,332980,0.261
143,FTH,Healthcare,Biotechnology,NASDAQ,172.07,97,99,92,99,27.77,721805112.0,25778754.0,0.051799998,-34.11,592190,404460,358584,
144,QXL,Technology,Information Technology Services,NASDAQ,171.38,97,97,97,18,4.61,66681960.0,13336392.0,0.0067000003,-40.13,126590,63896,69060,-0.208
145,NTRA,Healthcare,Diagnostics & Research,NASDAQ,171.32,97,93,88,72,411.77,59468118423.28552,144144170.0,0.0343,-0.96,1992800,1419353,1372506,0.377
146,FRO,Energy,Oil & Gas Midstream,NYSE,170.57,97,94,91,95,48.1,10625790437.791328,222622890.0,0.0761,-12.4,4875160,3419693,2769398,0.965
147,LQDA,Healthcare,Drug Manufacturers - Specialty & Generic,NASDAQ,170.18,97,96,99,96,73.67,6085349841.708702,88928099.0,0.1716,-21.3,1375030,1213813,1405456,18.427
148,SDGR,Healthcare,Health Information Services,NASDAQ,169.69,97,81,57,11,29.5,2158142396.3360825,74805628.0,0.26610002,-6.63,3491430,1820440,1530968,0.075
149,TRAX,Healthcare,Biotechnology,NASDAQ,169.59,97,98,42,46,36.65,1200995690.1301422,34892381.0,7.68,-26.57,869670,682260,707928,
150,TEAM,Technology,Software - Application,NASDAQ,169.51,97,95,18,5,178.54,47524282518.63304,253138815.0,0.060900003,-10.73,3193470,3665013,4382352,0.276
151,ARCT,Healthcare,Biotechnology,NASDAQ,169.03,97,96,17,33,14.46,393659516.49254036,28423069.0,0.2393,-40.17,965030,1343676,1022824,-0.895
152,MBX,Healthcare,Biotechnology,NASDAQ,168.52,97,98,98,97,57.54,2582825999.920532,48160096.0,0.119799994,-20.79,704570,487653,496416,
153,NUAI,Technology,Software - Infrastructure,NASDAQ,168.36,97,99,99,99,6.96,852827370.8279357,120797079.0,0.2531,-26.31,10350030,7614693,7291614,-0.825
154,ATRC,Healthcare,Medical Instruments & Supplies,NASDAQ,168.15,97,93,35,26,58.41,2969574298.0510635,50866294.0,0.0876,-5.33,2003450,1288363,1125368,0.128
155,GLBS,Industrials,Marine Shipping,NASDAQ,167.9,97,98,95,92,3.5,74243116.67494917,21582301.0,0.0591,-13.79,173910,163360,165678,0.532
156,XNCR,Healthcare,Biotechnology,NASDAQ,167.8,97,98,78,70,25.6,1769610791.87286,74353397.0,0.3005,-16.37,1670780,1481810,1358682,0.175
157,NEO,Healthcare,Diagnostics & Research,NASDAQ,167.74,97,97,93,27,19.29,2483430245.398102,128475440.0,0.1535,-3.79,2506570,1912246,2135402,0.112
158,PUBM,Technology,Software - Application,NASDAQ,167.58,97,95,89,35,18.41,847231151.9759693,45550061.0,0.066300005,-4.06,862650,690913,705960,0.105
159,RLAY,Healthcare,Biotechnology,NASDAQ,166.74,97,98,98,99,17.69,3828404143.0973835,219141631.0,0.2364,-16.83,3790090,3207183,2760450,-0.483
160,NCPL,Financial Services,Capital Markets,NASDAQ,166.57,97,21,21,4,1.08,10673142.752265096,7847899.0,0.0315,-60.73,36659400,40522010,24716740,-0.382
161,SPRB,Healthcare,Biotechnology,NASDAQ,166.46,97,98,91,7,47.51,140021916.86831665,2874013.0,0.1462,-80.2,101450,98943,77700,
162,PRAX,Healthcare,Biotechnology,NASDAQ,166.34,97,98,99,99,285.65,7839374196.557983,27919988.0,0.1363,-27.26,568690,405926,405902,
163,VLO,Energy,Oil & Gas Refining & Marketing,NYSE,166.33,97,96,88,93,389.57,111479752241.13629,287927461.0,0.039100002,-7.03,4922460,3361293,3091334,0.517
164,EVC,Communication Services,Advertising Agencies,NYSE,166.31,97,98,99,84,7.28,683856325.9679222,92288305.0,0.16690001,-47.02,1083680,1135186,1450510,1.262
165,PGEN,Healthcare,Biotechnology,NASDAQ,166.28,97,96,94,94,7.81,2774773164.25,358035247.0,0.2166,-5.56,5874200,4720433,5070506,63.227
166,MAMK,Industrials,Conglomerates,NASDAQ,166.21,97,97,96,98,13.0,216125000.0,16625000.0,0.0057,-9.09,0,0,0,0.437
167,IRDM,Communication Services,Telecom Services,NASDAQ,165.83,97,96,97,90,48.33,5166600660.0,105981552.0,0.0375,-15.48,1424240,1029410,1138336,0.038
168,LPG,Energy,Oil & Gas Midstream,NYSE,165.74,97,93,80,88,54.36,2285878658.886238,42782681.0,0.0672,-9.35,675110,595800,603586,1.24
169,DINO,Energy,Oil & Gas Refining & Marketing,NYSE,165.5,97,96,86,88,106.19,18990870695.924675,177783849.0,0.062,-10.3,3334390,2678636,2824598,0.532
170,NNBR,Industrials,Conglomerates,NASDAQ,165.08,97,95,96,30,3.72,303070243.12038803,82580446.0,0.0511,-16.96,2581480,1790180,2275118,0.193
171,CSTE,Industrials,Building Products & Equipment,NASDAQ,165.06,97,98,90,14,2.87,101656602.4785161,34577075.0,0.0067000003,-25.26,39840,78326,90320,-0.045
172,ANDG,Consumer Cyclical,Personal Services,NYSE,165.0,97,97,85,76,52.78,981900096.6257477,18540410.0,0.1943,-8.4,487930,547996,482208,0.237
173,VSXY,Consumer Cyclical,Apparel Retail,NYSE,164.74,97,98,96,93,88.29,6613236765.594635,79764039.0,0.16370001,-13.83,1751530,1919666,1844698,0.104
174,HQI,Industrials,Staffing & Employment Services,NASDAQ,164.62,97,92,77,44,19.73,278363989.4370575,13890418.0,0.0388,-2.47,38390,28120,25818,0.06
175,PXS,Energy,Oil & Gas Midstream,NASDAQ,164.58,97,92,77,90,6.52,66861938.968268394,10239194.0,0.0092,-21.45,146860,165630,112476,0.326
176,MTW,Industrials,Farm & Heavy Construction Machinery,NYSE,164.33,97,95,55,59,22.17,798411971.6495209,36061969.0,0.0363,-4.32,458600,403676,387614,0.103
177,CRSR,Technology,Computer Hardware,NASDAQ,164.15,97,92,81,25,13.5,1477697243.433506,108176959.0,0.1815,-9.87,1039410,1234270,1642160,-0.018
178,ENGS,Industrials,Waste Management,NASDAQ,164.08,97,96,95,21,2.96,130908024.26782894,44526538.0,0.0095999995,-76.28,2655480,1780416,1564992,-0.278
179,PKOH,Industrials,Specialty Industrial Machinery,NASDAQ,163.83,97,96,93,77,47.44,696100093.6660004,14490010.0,0.0341,-10.99,62200,72943,85704,0.1
180,GH,Healthcare,Diagnostics & Research,NASDAQ,163.61,96,95,97,88,177.33,23786271132.5,134196170.0,0.0856,-3.37,2106460,1958723,1990658,0.443
181,ESYN,Consumer Cyclical,Restaurants,NASDAQ,163.1,96,91,33,15,2.57,19779583.557891846,7726400.0,0.0342,-17.63,183020,98386,202210,-0.793
182,FSLY,Technology,Software - Application,NASDAQ,162.87,96,95,89,99,24.92,3976127854.156494,159300000.0,0.1574,-28.43,11038730,7086623,6770834,0.233
183,MI,Consumer Cyclical,Internet Retail,NYSE ARCA,162.86,96,6,99,0,2.37,524662.8255915642,231129.0,0.1037,-88.05,28600,117540,86076,0.182
184,MPC,Energy,Oil & Gas Refining & Marketing,NYSE,162.82,96,96,83,89,389.44,110510157650.52701,280824763.0,0.0319,-9.66,3831040,2901440,2668202,0.537
185,ICHR,Technology,Semiconductor Equipment & Materials,NASDAQ,162.64,96,96,99,97,59.42,2170097976.824444,37454229.0,0.0879,-47.68,713710,667186,786296,0.227
186,FORM,Technology,Semiconductor Equipment & Materials,NASDAQ,162.56,96,94,97,98,130.97,10131477015.974426,78120725.0,0.0584,-18.28,1194310,1126463,1218124,0.319
187,HZO,Consumer Cyclical,Specialty Retail,NYSE,162.28,96,96,80,67,52.37,1158228353.0684853,22086735.0,0.1488,-0.36,760060,728030,786450,-0.07
188,XGN,Healthcare,Diagnostics & Research,NASDAQ,162.03,96,85,31,8,8.48,211244962.5488634,24225339.0,0.0365,-30.66,296190,291820,347338,0.159
189,AP,Industrials,Metal Fabrication,NYSE,161.98,96,96,94,97,8.88,178490492.53257465,20658621.0,0.070700005,-30.68,90680,75600,93478,-0.09
190,P,Technology,Computer Hardware,NYSE,161.74,96,73,60,58,129.4,41986633626.0,333227251.0,0.028800001,-1.53,12225920,6191033,4834612,0.377
191,NBIS,Communication Services,Internet Content & Information,NASDAQ,161.73,96,96,97,97,231.88,64519399385.72177,271855218.0,0.1981,-22.67,16854990,17148840,21019548,4.54
192,AMBQ,Technology,Semiconductors,NYSE,161.47,96,90,98,25,68.3,1687838789.581604,24184536.0,0.0921,-25.44,674750,517810,511556,0.897
193,ECOR,Healthcare,Medical Devices,NASDAQ,161.4,96,88,91,79,11.03,100256640.16821384,9015885.0,0.0373,-13.15,112870,88263,86398,0.28
194,CNET,Communication Services,Advertising Agencies,NASDAQ,161.15,96,92,30,7,2.04,6786593.737462163,3668429.0,0.0137,-28.92,2739860,973963,798484,0.19
195,BOLD,Healthcare,Biotechnology,NASDAQ,161.1,96,98,96,36,2.61,60509642.052475214,22747985.0,0.0591,-17.51,184590,126703,182008,
196,AYA,Basic Materials,Silver,NASDAQ,161.08,96,97,89,91,26.53,4100709604.0582123,144036168.0,7.14,-13.5,1452830,1288973,1080728,1.507
197,NEOG,Healthcare,Medical Devices,NASDAQ,160.71,96,92,82,90,13.72,3001138678.720503,218106005.0,0.0684,-3.79,4645990,2802400,2611538,-0.001
198,OPHC,Financial Services,Banks - Regional,NYSE ARCA,160.7,96,96,76,80,8.85,111778673.11809921,12630358.0,0.010299999,-17.13,98110,122033,147434,0.56
199,MGLD,Financial Services,Asset Management,NYSE ARCA,160.64,96,57,71,81,1.97,83461554.63174462,43244330.0,0.0058999998,0.51,1827280,615793,372356,0.257
200,TBI,Industrials,Staffing & Employment Services,NYSE,160.63,96,97,85,21,9.63,287394594.58504486,30444344.0,0.0328,-12.69,312460,273233,298740,0.118
201,IRD,Healthcare,Biotechnology,NASDAQ,159.94,96,92,96,99,5.05,396012136.5220127,83195823.0,0.159,-28.57,2184340,3815623,2626646,-0.738
202,HHS,Industrials,Conglomerates,NASDAQ,159.69,96,92,15,18,4.6,34289503.28910828,7454240.0,0.0047999998,-1.5,104490,165966,197758,-0.017
203,TISI,Industrials,Specialty Business Services,NYSE,159.64,96,94,57,61,28.47,133188051.09230232,4583209.0,0.015700001,-3.72,46960,36450,31410,-0.078
204,MAGH,Industrials,Engineering & Construction,NASDAQ,159.4,96,97,95,96,6.76,236600008.01086426,35000000.0,0.043,-2.59,0,0,0,0.498
205,PANW,Technology,Software - Infrastructure,NASDAQ,159.3,96,96,95,34,392.09,306537312011.71875,818000000.0,0.0269,-1.7,6642630,6509743,6257322,0.345
206,MNTK,Basic Materials,Specialty Chemicals,NASDAQ,159.17,96,40,56,13,2.8,417059546.7722962,142341139.0,0.0345,-7.89,978100,528743,393642,0.197
207,MAN,Industrials,Staffing & Employment Services,NYSE,159.1,96,97,71,22,57.02,2669884766.603813,46505570.0,0.1336,-10.74,818120,828250,968736,0.075
208,AOUT,Consumer Cyclical,Leisure,NASDAQ,158.92,96,66,89,40,17.08,221502489.1207695,12621225.0,0.0322,-3.44,120680,262896,180834,0.254
209,ALAB,Technology,Semiconductors,NASDAQ,158.89,96,92,99,67,351.31,63256137773.384766,173485104.0,0.0657,-29.66,4332290,3853220,4138084,1.045
210,ALNT,Technology,Electronic Components,NASDAQ,158.76,96,91,93,91,114.41,1971765393.4284668,16996512.0,0.0479,-3.59,205140,221440,242032,0.102
211,AAOI,Technology,Communication Equipment,NASDAQ,158.36,96,98,98,99,96.82,8609497834.156715,84906289.0,0.15020001,-58.57,7088290,7743030,9500284,0.864
212,FTNT,Technology,Software - Infrastructure,NASDAQ,157.89,96,95,94,41,176.33,127269975175.43602,733713653.0,0.0226,-2.78,4630380,4357373,4798672,0.256
213,ENTX,Healthcare,Biotechnology,NASDAQ,157.75,96,97,51,18,2.69,475274306.2804899,173141831.0,0.0077,-35.95,488440,406360,2218134,
214,DHX,Technology,Software - Application,NYSE,157.52,96,91,88,91,4.63,205396419.5282507,43424190.0,0.0093,-10.79,290420,293786,251748,-0.021
215,LCUT,Consumer Cyclical,"Furnishings, Fixtures & Appliances",NASDAQ,157.49,96,97,94,94,9.22,215175497.06740952,22988836.0,0.11270001,-9.34,158110,178490,181002,0.074
216,NEWP,Basic Materials,Silver,NYSE ARCA,157.4,96,98,89,97,6.37,1228618317.0406933,185591894.0,0.030199999,-15.63,1080650,818783,715698,
217,ANIK,Healthcare,Drug Manufacturers - Specialty & Generic,NASDAQ,157.34,96,96,82,87,20.68,272611028.65143204,13382966.0,0.0374,-9.62,77800,94493,101842,0.156
218,ADPT,Healthcare,Diagnostics & Research,NASDAQ,157.2,96,94,88,69,28.51,4696905678.764786,159595842.0,0.106800005,-4.84,2988750,2122316,2327270,0.215
219,KOPN,Technology,Electronic Components,NASDAQ,156.94,96,91,93,88,4.75,927504301.3171349,185872614.0,0.14479999,-28.14,3760280,3449953,3906660,0.506
220,VSTS,Industrials,Rental & Leasing Services,NYSE,156.92,96,94,96,77,13.45,1803985382.834921,132160105.0,0.1175,-20.41,1749820,1426890,1426998,-0.018
221,FIVN,Technology,Software - Infrastructure,NASDAQ,156.67,96,92,73,16,34.66,2672860738.075718,74723531.0,0.118,-13.35,3071000,2048476,2721072,0.103
222,STIM,Healthcare,Medical Devices,NASDAQ,156.19,96,96,16,16,2.56,208780389.00667334,76197222.0,0.1516,-25.58,956660,1199173,2073706,0.091
223,HTFL,Healthcare,Health Information Services,NASDAQ,156.06,96,94,34,28,49.92,4275509680.3731537,86953627.0,0.0936,-4.41,2107150,2153746,1867500,0.476
224,RYDE,Technology,Software - Application,NYSE ARCA,155.79,96,83,94,99,0.75,126338636.03719282,180226306.0,0.0015,-51.61,1686620,606056,471170,0.388
225,CMPS,Healthcare,Medical Care Facilities,NASDAQ,155.68,96,97,98,77,13.23,1808507353.427187,138476822.0,0.1114,-16.64,2888710,2639640,2773350,
226,SVIA,Financial Services,Capital Markets,NASDAQ,155.47,96,11,6,4,3.9,346408740.7420635,88369575.0,0.024,-63.1,3819850,2138496,1469014,
227,MYO,Healthcare,Medical Devices,NYSE ARCA,155.43,96,95,66,8,1.56,63768645.5065949,39607854.0,0.0343,-17.24,428320,515486,542686,0.213
228,URGN,Healthcare,Biotechnology,NASDAQ,155.29,96,97,96,72,40.9,2021211246.8141785,48880564.0,0.1304,-19.5,799970,822493,828830,1.992
229,FATE,Healthcare,Biotechnology,NASDAQ,155.19,96,93,97,70,2.38,281578196.4730253,119820514.0,0.0885,-26.32,2097560,1513676,1699676,0.092
230,GTE,Energy,Oil & Gas E&P,NYSE ARCA,155.05,96,95,51,96,9.65,340359722.9310312,35380429.0,0.031600002,-16.23,558540,587503,1049446,0.253
231,FEIM,Technology,Communication Equipment,NASDAQ,154.93,96,87,93,95,82.49,996896772.8503342,11273287.0,0.1126,-8.1,376640,334000,354556,0.698
232,SOPH,Healthcare,Health Information Services,NASDAQ,154.73,96,96,75,81,8.49,699686531.2414017,83895266.0,0.013300001,-5.46,858260,656726,566862,0.272
233,HNGE,Healthcare,Health Information Services,NYSE,154.57,96,94,95,27,92.45,7711965408.064018,80694417.0,0.0783,-4.36,1863010,1862416,1817016,0.53
234,VIAV,Technology,Communication Equipment,NASDAQ,154.48,96,93,97,98,40.87,10037783078.342072,246749828.0,0.0633,-32.37,6040980,4841360,4963258,0.525
235,AIFA,Technology,Software - Infrastructure,NASDAQ,154.43,96,38,20,7,4.18,25424451.60491562,6420316.0,0.0387,-30.33,84610,75900,245908,-0.35
236,CAKE,Consumer Cyclical,Restaurants,NASDAQ,154.35,96,97,86,56,105.16,5199488540.3598175,49760634.0,0.3796,-11.23,1463050,1507746,1711518,0.077
237,DK,Energy,Oil & Gas Refining & Marketing,NYSE,154.18,96,97,91,96,67.47,4157746624.838318,61287542.0,0.103599995,-17.99,3654580,2499756,2005652,0.478
238,CADL,Healthcare,Biotechnology,NASDAQ,153.81,96,98,95,36,11.19,807438067.3204536,73270239.0,0.2074,-20.07,1174730,1253173,1216452,
239,RDIB,Communication Services,Entertainment,NASDAQ,153.7,96,95,19,39,16.33,374711398.2001591,22890127.0,0.0592,-31.96,40202,350345,213072,0.108
240,CVI,Energy,Oil & Gas Refining & Marketing,NYSE,153.37,95,87,29,84,50.75,5179336506.499256,100530599.0,0.19790001,-8.04,1203580,1120343,1074770,0.555
241,BWLP,Energy,Oil & Gas Midstream,NYSE,153.22,95,92,82,89,24.66,3678467785.4247894,151814604.0,0.0154,-6.84,385490,451746,387876,-0.031
242,BVS,Healthcare,Medical Devices,NASDAQ,153.22,95,96,83,74,14.02,943294053.4919786,68305143.0,0.0625,-11.79,483060,527576,653878,0.038
243,TMCI,Healthcare,Medical Devices,NASDAQ,153.02,95,92,93,3,4.48,292655484.0,65034552.0,0.0335,-36.72,242480,252906,321630,-0.042
244,HSHP,Industrials,Marine Shipping,NYSE,152.81,95,93,91,96,17.33,827361843.1854248,47170000.0,0.0387,-11.36,569250,445520,386994,0.796
245,RCMT,Industrials,Conglomerates,NASDAQ,152.75,95,97,80,83,40.67,287772425.41012573,7110759.0,0.040799998,-5.62,85250,97093,75218,0.2
246,STLN,Healthcare,Medical Care Facilities,NASDAQ,152.72,95,95,93,77,6.64,678761310.348835,101916115.0,0.0787,-6.87,1676950,1293953,1452756,0.346
247,JRSH,Consumer Cyclical,Apparel Manufacturing,NASDAQ,152.58,95,95,88,41,5.9,72135657.01991081,12699940.0,0.005,1.55,96270,85586,89722,0.267
248,TNGX,Healthcare,Biotechnology,NASDAQ,152.35,95,97,98,99,24.3,4201770358.50395,168610367.0,0.2511,-29.34,3503100,2680850,2478382,
249,CORT,Healthcare,Biotechnology,NASDAQ,152.34,95,97,94,24,115.63,12550223726.754936,108098397.0,0.1114,-8.51,2614450,1435520,1368622,0.317
250,OCC,Technology,Communication Equipment,NASDAQ,152.15,95,93,98,97,14.95,128474606.35892487,8842024.0,0.098000005,-46.57,173000,255266,238292,0.22
251,CMBT,Energy,Oil & Gas Midstream,NYSE,152.01,95,94,87,85,19.05,5516127375.104589,290169769.0,0.0106,-8.5,954700,1085603,980114,0.815
252,NDLS,Consumer Cyclical,Restaurants,NASDAQ,151.81,95,97,97,81,13.45,75239580.55150986,5966660.0,0.0221,-29.21,31800,30053,53152,0.005
253,HUT,Financial Services,Capital Markets,NASDAQ,151.78,95,92,98,96,92.71,11933981654.144196,123259468.0,0.1479,-34.15,4219080,4680186,4767458,0.814
254,TH,Industrials,Specialty Business Services,NASDAQ,151.64,95,96,95,94,19.3,2015395770.4485474,97929824.0,0.1278,-11.31,2309570,2016010,1651076,0.387
255,UCTT,Technology,Semiconductor Equipment & Materials,NASDAQ,151.36,95,95,99,98,78.07,3517572493.5496216,45277029.0,0.1074,-45.87,750860,833676,1052502,0.243
256,VREX,Healthcare,Medical Devices,NASDAQ,151.36,95,95,37,53,18.46,783450611.0970383,42463446.0,0.0377,-0.91,620980,723563,946264,0.037
257,OSCR,Healthcare,Healthcare Plans,NYSE,151.25,95,95,97,23,29.65,9135892117.738724,308645000.0,0.070300005,-14.01,6249590,5289353,5434444,0.704
258,XMTR,Industrials,Industrial Distribution,NASDAQ,150.8,95,93,96,63,103.14,5765031719.116234,57323573.0,0.0848,-4.44,1170770,718740,747470,0.411
259,TVTX,Healthcare,Biotechnology,NASDAQ,150.72,95,98,97,87,61.57,5602878584.632103,94261082.0,0.17899999,-10.42,1855300,1438073,1532860,0.482
260,NXXT,Utilities,Utilities - Renewable,NASDAQ,150.71,95,3,6,2,0.88,14467000.186443329,17000000.0,0.097799994,-69.44,353220,1648090,4357784,0.409
261,FRD,Basic Materials,Steel,NASDAQ,150.64,95,98,94,41,39.42,283751199.04058456,7212791.0,0.0219,-19.17,61660,64173,75530,0.781
262,FLXS,Consumer Cyclical,"Furnishings, Fixtures & Appliances",NASDAQ,150.22,95,95,93,75,87.53,365678904.4083023,4091741.0,0.0744,-2.74,109180,104653,82254,0.007
263,LVLU,Consumer Cyclical,Apparel Retail,NASDAQ,150.09,95,98,84,94,11.64,33058660.97072029,2864702.0,0.010199999,-63.98,28000,56050,45208,-0.168
264,PARR,Energy,Oil & Gas Refining & Marketing,NYSE,149.73,95,95,86,98,77.97,3880717061.5524216,50099627.0,0.1276,-11.11,1128820,928943,1007834,0.568
265,MASS,Healthcare,Medical Devices,NASDAQ,149.62,95,92,80,76,11.66,472857567.85568714,41333705.0,0.1294,-0.47,408510,415606,424540,0.233
266,TSEM,Technology,Semiconductors,NASDAQ,149.6,95,95,97,99,226.04,26050310020.777588,113031240.0,0.024300002,-29.35,2583230,1735630,1856248,0.237
267,REPL,Healthcare,Biotechnology,NASDAQ,149.56,95,97,90,63,12.56,1164554643.8922558,94219634.0,0.3369,-23.09,1848380,2239926,4581564,
268,TRMD,Energy,Oil & Gas Midstream,NASDAQ,149.39,95,86,81,93,35.42,3522974635.313469,102650777.0,0.0242,-8.55,2783570,1574876,1126792,1.103
269,PSX,Energy,Oil & Gas Refining & Marketing,NYSE,149.33,95,94,74,87,253.55,102049599267.0,399020916.0,0.0196,-8.51,4087540,3219906,2971992,0.531
270,AAMI,Financial Services,Asset Management,NYSE,149.2,95,95,90,89,93.79,3331813119.163452,35490128.0,0.046,-4.8,541820,427496,418706,0.453
271,NTAP,Technology,Software - Infrastructure,NASDAQ,149.19,95,91,87,41,204.41,39509681656.903534,196419005.0,0.051799998,-2.22,2354740,2429306,2400562,0.299
272,SSL,Basic Materials,Specialty Chemicals,NYSE,149.05,95,87,80,98,13.93,8993758507.284472,641037682.0,0.0083,-8.23,1955180,1780943,1499364,0.179
273,CIX,Industrials,Security & Protection Services,NYSE ARCA,148.78,95,88,60,58,38.91,466325625.18787766,12336657.0,0.0324,-3.43,60000,28750,20210,0.08
274,WT,Financial Services,Asset Management,NYSE,148.76,95,94,83,82,24.06,3686289649.0705433,151512111.0,0.1734,-7.14,3423720,2755540,2668022,0.573
275,ARM,Technology,Semiconductors,NASDAQ,148.65,95,85,97,76,283.33,331421323754.33514,1067998569.0,0.1069,-37.41,7260310,5056860,5137494,0.224
276,HAE,Healthcare,Medical Devices,NYSE,148.57,95,93,72,31,105.79,4790839609.145981,45497051.0,0.0881,-4.22,574220,686056,713744,0.056
277,DDOG,Technology,Software - Application,NASDAQ,148.53,95,89,95,34,268.7,96278787938.41602,359075024.0,0.0353,-8.21,3569700,3644736,4323712,0.356
278,HSCS,Healthcare,Medical Devices,NASDAQ,148.52,95,79,33,17,4.43,22704813.651556015,4800172.0,0.0087,-15.62,173050,164236,121802,0.105
279,NSIT,Technology,Electronics & Computer Distribution,NASDAQ,148.06,95,92,80,15,155.96,4667347579.673767,29348850.0,0.0587,-7.44,494050,330113,382372,0.147
280,NESR,Energy,Oil & Gas Equipment & Services,NASDAQ,148.03,95,98,96,97,29.81,3240366963.741295,100851754.0,0.0477,-19.3,1868650,1741350,1912104,0.591
281,TRLV,Healthcare,Drug Manufacturers - Specialty & Generic,NYSE,148.02,95,93,91,65,12.34,2351221294.70578,192565216.0,0.0308,-7.08,2959740,2015233,1523328,-0.103
282,INBX,Healthcare,Biotechnology,NASDAQ,147.94,95,97,98,97,101.71,1466026121.5829468,14717660.0,0.3078,-34.5,286410,344833,292614,
283,LIND,Consumer Cyclical,Travel Services,NASDAQ,147.92,95,96,94,87,29.64,1866880202.1138496,65619689.0,0.105900005,-15.31,984540,846826,842294,0.186
284,DHT,Energy,Oil & Gas Midstream,NYSE,147.89,95,90,81,92,21.9,3511710890.651682,161235573.0,0.1037,-7.05,4642750,3882120,3456844,0.955
285,YDES,Healthcare,Biotechnology,NASDAQ,147.89,95,43,1,9,7.11,405863613.9310007,70831346.0,0.0026,-67.68,820980,495986,311706,3.149
286,RSKD,Technology,Software - Application,NYSE,147.87,95,84,63,29,7.7,1027253598.222619,132037734.0,0.0149,-5.75,2815240,2273700,1810442,0.218
287,HOWL,Healthcare,Biotechnology,NASDAQ,147.56,95,91,3,75,0.93,46657426.47712523,48601487.0,0.0424,-60.92,707000,13810926,8535570,
288,MCTA,Healthcare,Medical Care Facilities,NASDAQ,147.36,95,94,97,98,29.35,504260182.13653564,17178000.0,0.1191,-7.41,0,0,0,-0.189
289,ELVN,Healthcare,Biotechnology,NASDAQ,147.34,95,98,96,98,46.01,3278866554.75,73270761.0,0.16950001,-26.17,1979430,1246840,1154338,
290,EHLD,Industrials,Marine Shipping,NASDAQ,147.28,95,84,63,76,12.11,33658548.71277332,2816615.0,0.0049,-23.35,6440,10706,7926,1.95
291,UTZ,Consumer Defensive,Packaged Foods,NYSE,147.1,95,94,23,16,14.25,2050021880.1696644,143962213.0,0.1182,-0.56,1225510,1785260,3865056,0.014
292,LBRX,Healthcare,Biotechnology,NASDAQ,147.08,95,98,91,87,37.89,1204235061.8183136,32259175.0,0.2049,-24.46,378180,302686,349774,
293,PYXS,Healthcare,Biotechnology,NASDAQ,147.08,95,96,94,71,2.9,238547014.25014734,83408050.0,0.07,-47.75,556940,817976,1163472,
294,BB,Technology,Software - Infrastructure,NYSE,147.04,95,95,98,32,8.8,4819535032.983504,587032279.0,0.0642,-35.25,22358720,13424336,13474910,0.26
295,FOSL,Consumer Cyclical,Footwear & Accessories,NASDAQ,147.03,95,91,86,97,6.02,366655911.12031174,59138052.0,0.1295,-7.38,751240,728140,865216,-0.049
296,FGI,Consumer Cyclical,"Furnishings, Fixtures & Appliances",NASDAQ,146.93,95,87,47,30,7.7,14793535.565311432,1931271.0,0.097600006,-61.36,64760,90453,2191446,0.029
297,SATL,Industrials,Aerospace & Defense,NASDAQ,146.63,95,88,89,98,6.05,948575262.5994244,153739911.0,0.16280001,-49.58,6353710,4789720,5283330,2.585
298,NXTC,Healthcare,Biotechnology,NASDAQ,146.61,95,70,1,91,5.08,23252983.370775223,4577359.0,0.023,-67.73,134370,115813,266524,
299,KELYB,Industrials,Staffing & Employment Services,NASDAQ,146.48,94,94,93,86,22.59,770701833.7188587,34731943.0,0.0031,-81.93,23320,8400,5432,-0.058
300,ACRS,Healthcare,Biotechnology,NASDAQ,146.2,94,98,97,96,5.43,758074312.9879804,147198893.0,0.124,-17.73,2836800,2404063,2179476,-0.083
301,TEN,Energy,Oil & Gas Midstream,NYSE,146.2,94,91,86,96,46.31,1392799072.8986778,30127603.0,0.0108,-13.99,609050,429653,338648,0.544
302,UMAC,Technology,Computer Hardware,NYSE ARCA,146.14,94,95,94,83,23.96,1201453907.1362114,49956505.0,0.1859,-31.4,2305510,3261866,3701380,6.873
303,UGP,Energy,Oil & Gas Refining & Marketing,NYSE,146.14,94,91,69,91,7.13,7565902082.974555,1065620026.0,0.0058,-8.35,3777990,3398730,3346282,0.219
304,MEI,Technology,Electronic Components,NYSE,146.11,94,98,97,26,14.06,517209727.1885052,35645053.0,0.09020001,-31.01,602060,747536,654186,0.104
305,BNR,Healthcare,Diagnostics & Research,NASDAQ,146.05,94,27,67,97,17.63,196161983.82311058,10546343.0,0.0055,-57.74,40450,45940,30120,-0.093
306,AVT,Technology,Electronics & Computer Distribution,NASDAQ,146.01,94,89,88,81,101.45,8460082825.600113,82072979.0,0.119799994,-2.99,1455660,1258896,1235992,0.477
307,SLN,Healthcare,Biotechnology,NASDAQ,145.98,94,98,94,78,11.2,694882700.4479218,62154086.0,0.043,-36.28,847970,788620,1205718,
308,RBRK,Technology,Software - Infrastructure,NYSE,145.9,94,81,77,20,113.09,22710201267.792923,207304433.0,0.0832,-2.61,3347110,3614956,3286272,0.379
309,NUTX,Healthcare,Medical Care Facilities,NASDAQ,145.84,94,95,93,30,212.74,1507307341.209671,6847973.0,0.2856,-5.15,152180,151403,153578,-0.136
310,CYRX,Industrials,Integrated Freight & Logistics,NASDAQ,145.76,94,92,93,70,17.38,881800823.2715607,50649100.0,0.066199996,-3.34,687720,574913,575738,0.077
311,TER,Technology,Semiconductor Equipment & Materials,NASDAQ,145.75,94,94,96,98,401.3,62283028748.38257,156340750.0,0.059899997,-17.75,2478770,2505726,2935914,1.039
312,MGNX,Healthcare,Biotechnology,NASDAQ,145.62,94,97,97,97,4.06,238238699.98749232,63700187.0,0.1144,-20.08,619290,501943,575832,3.78
313,HNST,Consumer Defensive,Household & Personal Products,NASDAQ,145.59,94,96,73,24,5.3,567534360.8174257,107284379.0,0.1086,-11.81,1815330,2114330,2420904,-0.109
314,NET,Technology,Software - Infrastructure,NYSE,145.5,94,87,69,82,353.99,124278938217.29141,356079715.0,0.0271,-3.66,3238260,3118090,3493758,0.359
315,TORO,Energy,Oil & Gas Midstream,NASDAQ,145.1,94,98,96,93,5.24,182473269.650836,34559330.0,0.0026,-38.35,28190,29703,28282,0.077
316,YARW,Healthcare,Biotechnology,NASDAQ,145.07,94,99,67,35,24.0,215531480.3061142,8438977.0,1.15,-48.88,163610,128656,89512,
317,UFI,Consumer Cyclical,Textile Manufacturing,NYSE,145.04,94,97,71,28,6.67,122686322.42723036,18588837.0,0.0137,-21.25,66900,129706,118936,0.041
318,RDI,Communication Services,Entertainment,NASDAQ,144.93,94,94,55,32,1.97,45551352.94829726,22890127.0,0.0022,-18.26,43350,95976,82128,0.108
319,MNOV,Healthcare,Biotechnology,NASDAQ,144.47,94,53,53,64,2.1,126990810.92471695,49221246.0,0.0078,-46.15,1653460,591086,365826,2.406
320,FTRE,Healthcare,Biotechnology,NASDAQ,144.44,94,92,95,66,20.06,1891538941.9555664,95100000.0,0.155,-6.22,1693240,1298646,1483002,-0.045
321,BLFS,Healthcare,Medical Instruments & Supplies,NASDAQ,144.14,94,90,77,23,39.15,1883059169.28619,48923333.0,0.1242,0.67,953560,886166,1129896,0.215
322,TNK,Energy,Oil & Gas Midstream,NYSE,143.64,94,89,71,92,95.71,3262358125.2564697,34680112.0,0.0484,-7.22,470570,527106,456194,0.63
323,MLAB,Technology,Scientific & Technical Instruments,NASDAQ,143.48,94,91,75,62,132.99,750070243.1900787,5595869.0,0.104399994,-4.09,129580,141626,143548,0.01
324,OBIO,Healthcare,Biotechnology,NASDAQ,143.42,94,87,72,82,5.89,357625030.0858717,60105049.0,0.0641,-9.1,378180,396840,311450,-0.895
325,LFST,Healthcare,Medical Care Facilities,NASDAQ,143.04,94,96,95,58,11.84,4501025158.486919,380154147.0,0.088999994,-12.68,6704440,5008793,4604868,0.261
326,KNSA,Healthcare,Drug Manufacturers - Specialty & Generic,NASDAQ,142.84,94,96,92,90,76.1,5858043038.906235,78024013.0,0.096999995,-8.25,559240,513876,586310,0.554
327,HMR,Industrials,Marine Shipping,NASDAQ,142.77,94,62,69,13,1.72,104415833.56481695,58991997.0,0.0011,-14.64,158970,140896,106006,2.113
328,MRX,Financial Services,Capital Markets,NASDAQ,142.77,94,96,92,84,71.29,5129390164.087524,71930870.0,0.0381,-9.88,705710,726023,714258,0.321
329,HAFN,Industrials,Marine Shipping,NYSE,142.68,94,86,72,93,9.13,4775153934.522526,535331154.0,0.0255,-9.78,3265500,2393646,1827744,0.472
330,MCS,Communication Services,Entertainment,NYSE,142.55,94,95,85,75,28.7,866075351.0146141,30832159.0,0.037100002,-11.47,231350,236660,285234,0.128
331,MTRN,Basic Materials,Other Industrial Metals & Mining,NYSE,142.25,94,93,96,88,261.99,5511561287.852936,20801485.0,0.0392,-13.98,233960,260380,317816,0.422
332,TGHL,Technology,Software - Infrastructure,NASDAQ,142.1,94,29,83,6,0.8,18519461.48310554,25299811.0,0.0081,-67.74,85150,367140,792800,-0.652
333,CHEF,Consumer Defensive,Food Distribution,NASDAQ,141.94,94,95,91,56,111.76,4498583935.4602585,40796083.0,0.15020001,-5.01,577020,626380,673066,0.129
334,AMN,Healthcare,Medical Care Facilities,NYSE,141.89,94,93,94,51,34.26,1338508542.1475487,38729991.0,0.106800005,-7.95,629200,564746,645000,0.023
335,FEAM,Basic Materials,Specialty Chemicals,NASDAQ,141.88,94,14,10,6,2.79,116612636.8140986,41647371.0,0.0143,-62.8,1430150,632153,857562,
336,PRLB,Industrials,Metal Fabrication,NYSE,141.87,94,84,89,82,96.9,2302482586.25,23921897.0,0.0433,-0.02,302300,209400,201426,0.106
337,PBT,Energy,Oil & Gas Midstream,NYSE,141.86,94,94,86,91,32.77,1562792872.984497,46608796.0,0.0125,-11.43,109020,99290,121932,0.344
338,PDEX,Healthcare,Medical Instruments & Supplies,NASDAQ,141.69,94,81,86,74,71.62,229903270.42662048,3203334.0,0.2881,-6.99,72040,70273,78700,0.166
339,AVAH,Healthcare,Medical Care Facilities,NASDAQ,141.59,94,96,85,52,12.69,2708987342.721485,218290683.0,0.0614,-13.73,3508810,3495566,3127146,0.137
340,CRL,Healthcare,Diagnostics & Research,NYSE,141.57,94,95,81,40,294.59,13979851101.65503,47738872.0,0.054,-2.87,1130280,949286,951846,-0.027
341,HALO,Healthcare,Biotechnology,NASDAQ,141.56,94,92,74,41,112.89,12927422373.184204,113498000.0,0.175,-3.39,3202910,2112016,2201326,0.477
342,RVTY,Healthcare,Diagnostics & Research,NYSE,141.46,94,86,72,31,151.02,16861821123.216934,111586401.0,0.083500005,-0.81,2630960,1966846,1808796,0.013
343,MRAM,Technology,Semiconductors,NASDAQ,141.35,94,90,96,72,18.13,449744649.5101757,24350009.0,0.1593,-64.8,968320,1009936,1115344,0.419
344,SITM,Technology,Semiconductors,NASDAQ,141.28,94,90,95,92,656.65,19915145599.04492,30071036.0,0.060100004,-27.19,550810,425646,456926,1.265
345,TLYS,Consumer Cyclical,Apparel Retail,NYSE,141.16,94,97,92,98,4.47,130607620.96659422,30587265.0,0.060900003,-28.48,480040,1040613,669472,0.081
346,JILL,Consumer Cyclical,Apparel Retail,NYSE,141.14,94,87,76,19,24.22,366075111.0364933,14862977.0,0.113400005,-2.06,199900,170940,130104,0.005
347,BNAI,Technology,Software - Infrastructure,NASDAQ,141.07,94,97,99,99,5.97,47057566.361881256,7626834.0,0.098400004,-93.08,160930,134396,134366,31.017
348,CRDL,Healthcare,Drug Manufacturers - Specialty & Generic,NASDAQ,141.01,94,96,23,85,1.69,207787140.585351,121512945.0,0.028199999,-27.78,1084800,1492193,1290014,
349,KELYA,Industrials,Staffing & Employment Services,NASDAQ,140.85,94,94,81,26,16.54,572382404.7409782,34731943.0,0.0401,-6.82,290740,291883,323032,-0.058
350,CBAT,Industrials,Electrical Equipment & Parts,NASDAQ,140.82,94,57,12,35,1.13,110807295.0,88645836.0,0.0113,-27.1,981740,750173,557112,0.993
351,WEST,Consumer Defensive,Packaged Foods,NASDAQ,140.75,94,90,89,53,8.25,789805575.726757,97627387.0,0.1337,-19.04,366170,325700,361906,0.088
352,MG,Industrials,Security & Protection Services,NYSE,140.66,94,88,87,89,21.59,685634789.6245117,31860352.0,0.0862,-0.83,753890,411130,320910,0.042
353,SHIP,Industrials,Marine Shipping,NASDAQ,140.32,94,92,87,95,16.42,359692095.06576157,21668198.0,0.0163,-14.57,495590,389313,353302,0.486
354,HYLN,Consumer Cyclical,Auto Parts,NYSE ARCA,140.09,94,86,97,51,3.96,753680222.4888124,178597218.0,0.113900006,-53.36,2029060,2013803,2610914,2.263
355,ARW,Technology,Electronics & Computer Distribution,NYSE,140.08,94,87,89,82,230.46,11850782629.751022,50905423.0,0.0373,-2.89,483940,543043,561022,0.318
356,SGMT,Healthcare,Biotechnology,NASDAQ,139.89,94,93,74,67,9.94,574345939.4930134,62158653.0,0.1681,-13.18,1340470,1145603,1164036,
357,VSAT,Technology,Communication Equipment,NASDAQ,139.73,94,91,98,98,71.65,10058928783.762894,137755810.0,0.0968,-22.98,1795840,1661713,1818074,-0.012
358,AMRX,Healthcare,Drug Manufacturers - Specialty & Generic,NASDAQ,139.73,94,90,90,79,20.5,6885812613.227268,348296027.0,0.046,-3.19,3567420,2233606,2089876,0.099
359,VCTR,Financial Services,Asset Management,NASDAQ,139.68,93,94,85,53,109.6,6689165955.0,61509572.0,0.0521,-11.29,830200,703226,644680,0.24
360,DMRA,Healthcare,Biotechnology,NASDAQ,139.62,93,99,99,99,20.75,1275455813.1199074,61735519.0,0.089499995,-45.86,1170410,637800,538412,
361,SENS,Healthcare,Medical Devices,NASDAQ,139.58,93,83,16,25,9.84,528740530.0,52874053.0,0.09810001,-15.03,837660,718590,702204,1.178
362,CLDT,Real Estate,REIT - Hotel & Motel,NYSE,139.5,93,95,94,78,13.33,621650964.663372,46565614.0,0.032899998,-4.03,341030,272360,303502,0.094
363,PAYC,Technology,Software - Application,NYSE,139.48,93,93,25,16,220.58,9936489427.344864,45071619.0,0.0685,-9.96,825940,712053,832666,0.098
364,TWN,Financial Services,Asset Management,NYSE,139.44,93,94,94,91,102.1,592348764.2679749,5742039.0,0.0838,-6.18,19950,26533,30548,0.404
365,MATX,Industrials,Marine Shipping,NYSE,139.32,93,93,91,88,223.45,6718110983.789734,29903458.0,0.069299996,-7.23,347210,277003,289090,0.167
366,TGB,Basic Materials,Copper,NYSE ARCA,139.28,93,94,85,95,8.8,3151460642.3158665,366023318.0,1.45,-10.39,5752910,5410266,5879308,1.848
367,SEPN,Healthcare,Biotechnology,NASDAQ,139.28,93,95,93,96,39.74,1762988309.5570107,46676947.0,0.1185,-22.23,342920,339723,364492,223.756
368,AERT,Industrials,Consulting Services,NASDAQ,139.27,93,89,90,20,7.22,38290547.9856801,5393035.0,0.011,-5.62,11060,16426,16442,0.43
369,RNXT,Healthcare,Biotechnology,NASDAQ,139.17,93,96,23,27,1.55,74914981.77364016,45129508.0,0.0154,-40.15,689820,1221036,885780,1.154
370,AVTR,Healthcare,Medical Instruments & Supplies,NYSE,139.06,93,90,37,12,15.29,10314472310.0,676358840.0,0.0922,-4.74,9801090,7886500,9543488,0.005
371,TBBB,Consumer Defensive,Discount Stores,NYSE,138.99,93,90,83,82,53.54,6457342394.567776,120562775.0,0.0414,-0.85,682180,696496,679988,0.387
372,OGN,Healthcare,Drug Manufacturers - General,NYSE,138.93,93,91,93,14,13.73,3605627394.8769417,262609433.0,0.0759,-0.4,2293540,2896826,2800706,-0.023
373,KOS,Energy,Oil & Gas E&P,NYSE,138.91,93,90,68,97,2.58,1578042331.9401278,595487651.0,0.048299998,-22.75,14009110,12702363,12769690,0.546
374,ACVA,Consumer Cyclical,Auto & Truck Dealerships,NYSE,138.85,93,53,56,7,10.46,1776191477.2776604,169807980.0,0.0941,-0.38,10512360,10419290,8139900,0.104
375,AMPL,Technology,Software - Application,NASDAQ,138.78,93,93,35,13,13.3,1763835997.0951138,132619246.0,0.0757,-9.89,1420960,1614270,1911380,0.212
376,ZETA,Technology,Software - Infrastructure,NYSE,138.78,93,92,71,32,28.99,7392350858.758183,251013605.0,0.08,-11.64,5326200,6223143,7588646,0.435
377,RDVT,Technology,Software - Application,NASDAQ,138.22,93,89,88,24,78.61,1260489935.2214813,16046975.0,0.041100003,-2.21,210560,214966,247514,0.227
378,GCT,Technology,Software - Infrastructure,NASDAQ,138.12,93,93,46,93,52.62,1927638576.9131508,35710237.0,0.1512,-6.49,753430,593696,653008,0.276
379,BNC,Industrials,Farm & Heavy Construction Machinery,NASDAQ,138.08,93,12,9,4,5.63,251572228.99730206,41173850.0,0.068,-53.08,2060450,3767736,2329190,-0.046
380,TRVG,Communication Services,Internet Content & Information,NASDAQ,137.98,93,96,93,32,5.57,383837993.7973871,70558454.0,0.013099999,-18.09,308440,215200,163590,0.209
381,STTK,Healthcare,Biotechnology,NASDAQ,137.97,93,99,98,99,6.43,609204962.9384942,100363253.0,0.070300005,-22.81,1687450,1080576,1051138,
382,PLPC,Industrials,Electrical Equipment & Parts,NASDAQ,137.88,93,93,92,90,416.37,2069533728.6858215,4888701.0,0.069699995,-17.5,72500,73190,90090,0.254
383,CAI,Healthcare,Biotechnology,NASDAQ,137.76,93,77,17,15,31.75,9040128496.699047,282680695.0,0.1158,-5.66,6480190,5463103,5201470,0.454
384,FTK,Energy,Oil & Gas Equipment & Services,NYSE,137.68,93,92,85,71,28.43,1069589293.2405949,36220429.0,0.2637,-28.33,407650,588630,562370,0.703
385,PACS,Healthcare,Medical Care Facilities,NYSE,137.53,93,95,96,96,43.06,6539260654.799515,158335612.0,0.0774,-12.99,829420,705060,788276,0.091
386,PBYI,Healthcare,Biotechnology,NASDAQ,137.52,93,92,89,92,9.82,504328068.44979095,51620066.0,0.098000005,-1.6,306150,298750,311992,0.078
387,CGAU,Basic Materials,Gold,NYSE,137.5,93,96,82,96,21.76,4412906020.494303,195607541.0,4.02,-11.26,1168370,1372566,1479144,0.535
388,ERO,Basic Materials,Copper,NYSE,137.43,93,94,60,91,37.41,3949940600.3027687,104302633.0,3.69,-8.38,1255750,1508743,1388210,0.739
389,SNOW,Technology,Software - Application,NYSE,137.4,93,89,84,20,328.12,118519632861.32812,352800000.0,0.0545,-14.68,3936620,4932903,4923556,0.351
390,ANAB,Healthcare,Biotechnology,NASDAQ,137.28,93,97,97,97,50.8,1524657444.0,29895244.0,0.4051,-29.8,538210,476466,511970,0.235
391,SB,Industrials,Marine Shipping,NYSE,137.09,93,92,79,91,8.25,926604509.3016214,113833473.0,0.0749,-11.39,1831100,1388683,1137900,0.33
392,DGII,Technology,Communication Equipment,NASDAQ,137.03,93,93,93,88,78.22,2971338146.708481,37948123.0,0.0619,-9.93,408990,377410,360920,0.29
393,NMM,Industrials,Marine Shipping,NYSE,137.0,93,90,85,92,90.33,2647000385.832184,28925804.0,0.0253,-4.92,174130,184256,156374,0.252
394,OPRT,Financial Services,Credit Services,NASDAQ,136.81,93,87,58,31,8.28,393191021.9213724,45987253.0,0.0308,-4.39,814440,492306,506764,0.094
395,ROIV,Healthcare,Biotechnology,NASDAQ,136.52,93,94,95,95,36.98,25859163385.911274,722323015.0,0.066,-12.99,9512630,9116866,7628642,-0.335
396,CURV,Consumer Cyclical,Apparel Retail,NYSE,136.44,93,94,56,57,2.4,234340662.7400136,99719435.0,0.1706,-15.94,229390,375796,328328,-0.118
397,SN,Consumer Cyclical,"Furnishings, Fixtures & Appliances",NYSE,136.13,93,95,87,62,181.99,25153832940.85466,141520379.0,0.1117,-6.45,2570410,1918763,1897950,0.222
398,TWIN,Industrials,Specialty Industrial Machinery,NASDAQ,136.04,93,92,92,86,26.46,379901862.8784561,14538916.0,0.0561,-0.79,94160,99606,93008,0.183
399,CON,Healthcare,Medical Care Facilities,NYSE,135.99,93,91,90,60,35.36,4464395723.325714,127517736.0,0.044899996,-3.68,1214780,873823,915320,0.1
400,SMTI,Healthcare,Medical Instruments & Supplies,NASDAQ,135.91,93,92,60,13,35.1,322132519.7178459,9188035.0,0.058000002,-0.68,135620,246943,314088,0.09
401,RRGB,Consumer Cyclical,Restaurants,NASDAQ,135.73,93,96,92,18,7.46,137052202.0,18903752.0,0.1103,-31.87,280400,309656,325590,-0.021
402,PRCH,Financial Services,Insurance - Property & Casualty,NASDAQ,135.72,93,94,90,23,16.83,1876482967.0278854,113519836.0,0.2297,-8.38,1840130,1338576,1574958,0.117
403,IMAX,Communication Services,Entertainment,NYSE,135.29,93,87,64,81,56.13,3073900447.8587875,54842114.0,0.1823,-0.97,1038000,989293,1317928,0.122
404,CODI,Industrials,Conglomerates,NYSE,135.22,93,88,91,89,11.2,846404617.5,75235966.0,0.0646,-15.47,451350,572840,621966,-0.114
405,BYFC,Financial Services,Banks - Regional,NASDAQ,135.2,93,92,81,52,11.84,110507469.53420639,9278545.0,0.0027,-4.13,2250,2100,5030,0.046
406,CBZ,Industrials,Specialty Business Services,NYSE,135.07,93,89,23,7,54.71,3004145572.5265045,54940482.0,0.045700002,-3.9,860810,988210,1452850,-0.002
407,VSH,Technology,Semiconductors,NYSE,135.07,93,89,98,79,32.23,4992491768.830982,153379167.0,0.1408,-53.61,2818030,3438660,4076932,0.166
408,VSTM,Healthcare,Biotechnology,NASDAQ,135.03,93,79,14,31,7.77,700961012.6116734,90563441.0,0.2002,-28.19,2247700,2207356,2127194,17.754
409,NRXS,Healthcare,Biotechnology,NYSE ARCA,135.0,93,91,93,98,7.4,94936702.68143892,12557765.0,0.038399998,-20.69,248610,128453,116026,1.157
410,EXFY,Technology,Software - Application,NASDAQ,134.9,93,98,80,7,2.15,201522530.91849518,91186664.0,0.018,-23.49,607690,636573,868560,-0.053
411,MAKO,Basic Materials,Gold,NASDAQ,134.86,93,93,85,88,9.43,874306931.7171974,87605909.0,0.08,-15.05,232830,198100,185530,0.617
412,TK,Energy,Oil & Gas Midstream,NYSE,134.78,93,85,66,92,13.98,1201371752.2741985,87691370.0,0.059299998,-6.36,640530,587446,565794,0.435
413,IRWD,Healthcare,Drug Manufacturers - Specialty & Generic,NASDAQ,134.6,93,93,97,97,4.12,682441000.0202112,165239947.0,0.1238,-28.72,2613980,1861006,2003472,0.326
414,NVEC,Technology,Semiconductors,NASDAQ,134.4,93,87,88,69,109.81,527880021.42432404,4837167.0,0.13239999,-18.66,105110,112866,165198,0.807
415,PTGX,Healthcare,Biotechnology,NASDAQ,134.3,93,96,93,93,142.44,9179517349.594803,64708285.0,0.1462,-11.42,840610,627820,579456,37.492
416,CELU,Healthcare,Biotechnology,NASDAQ,134.17,93,63,4,35,1.4,39945426.0419749,28945961.0,0.1232,-45.1,176730,8225706,4951724,-0.774
417,FDMT,Healthcare,Biotechnology,NASDAQ,134.0,93,95,94,96,14.56,799383747.9217958,55244211.0,0.2492,-14.0,1153420,1138786,929468,251.067
418,KFRC,Industrials,Staffing & Employment Services,NYSE,133.94,92,95,91,28,51.28,923388064.5942688,17909000.0,0.1062,-16.86,252130,255883,263454,0.045
419,GTLB,Technology,Software - Infrastructure,NASDAQ,133.87,92,83,46,11,46.21,7805079878.387451,166615000.0,0.0866,-16.81,4098270,5206246,4858044,0.213
420,NRIX,Healthcare,Biotechnology,NASDAQ,133.84,92,96,93,83,23.67,2388016549.583742,103781683.0,0.1752,-16.15,1626870,1362976,1233794,-0.795
421,ZBRA,Technology,Communication Equipment,NASDAQ,133.83,92,89,58,24,371.87,17506837030.665894,47310660.0,0.045900002,-3.72,634310,585483,707436,0.204
422,PCLA,Communication Services,Telecom Services,NASDAQ,133.77,92,32,67,1,7.11,71815121.33294344,9613805.0,0.0334,-63.75,63030,652003,538536,0.455
423,FCEL,Industrials,Electrical Equipment & Parts,NASDAQ,133.69,92,98,99,37,16.14,1318444673.7399368,79954196.0,0.31190002,-57.39,5287650,7045210,7697064,-0.294
424,WHLRP,Real Estate,REIT - Retail,NASDAQ,133.47,92,96,96,91,8.76,,,0.9,-27.48,8220,6190,4090,-0.139
425,ECPG,Financial Services,Credit Services,NASDAQ,133.43,92,95,93,93,96.49,2087213785.731018,21209366.0,0.0749,-8.09,381030,375693,379112,0.113
426,KF,Financial Services,Asset Management,NYSE,133.31,92,90,95,91,65.82,279066736.8180542,4158348.0,0.1,-19.67,28793,29114,28836,0.158
427,DNTH,Healthcare,Biotechnology,NASDAQ,133.08,92,98,97,99,87.83,4952989342.598175,55934378.0,0.18110001,-25.49,1063140,750476,769466,2.943
428,SMWB,Technology,Software - Application,NYSE,133.0,92,97,83,4,7.59,668925169.5871582,88248704.0,0.014099999,-22.15,560100,683336,813158,0.088
429,VAI,Industrials,Rental & Leasing Services,NASDAQ,132.99,92,77,28,17,2.06,32317625.9964931,14557489.0,0.0175,-32.9,33700,79623,953234,-0.156
430,AUGO,Basic Materials,Gold,NASDAQ,132.95,92,96,88,98,77.72,7006244943.925026,83836843.0,0.16690001,-29.55,1231440,1089286,973606,0.764
431,ASC,Industrials,Marine Shipping,NYSE,132.95,92,84,73,88,18.15,729205895.0837517,40851870.0,0.063,-9.39,634820,626203,596846,0.613
432,TEM,Healthcare,Health Information Services,NASDAQ,132.84,92,58,51,21,85.08,15338758993.010223,180434756.0,0.2778,-18.44,8457130,8180943,6953624,0.216
433,TELA,Healthcare,Medical Devices,NASDAQ,132.8,92,13,17,10,1.23,56880696.16947889,45143410.0,0.0176,-23.13,307890,304146,238290,-0.045
434,ARX,Financial Services,Insurance Brokers,NYSE,132.71,92,83,24,18,19.74,4289473902.0,217188552.0,0.076799996,-0.8,2343730,2464023,4139216,0.572
435,HUM,Healthcare,Healthcare Plans,NYSE,132.65,92,91,94,20,389.63,47783556082.94556,120080308.0,0.0269,-9.15,1132630,1006760,1160302,0.262
436,CVE,Energy,Oil & Gas Integrated,NYSE,132.6,92,91,80,95,31.1,57042498412.81891,1844245000.0,9.08,-8.96,6738340,6661460,7030932,0.415
437,VRA,Consumer Cyclical,Footwear & Accessories,NASDAQ,132.59,92,79,87,90,4.15,115615321.93912125,28688664.0,0.0296,-9.39,1736160,653523,435484,0.011
438,EQNR,Energy,Oil & Gas Integrated,NYSE,132.52,92,90,61,94,42.27,100013354170.20978,2370546514.0,0.0239,-7.79,4013930,3242320,3390868,0.374
439,PD,Technology,Software - Application,NYSE,132.25,92,85,45,7,14.48,1130985182.7407637,78649873.0,0.13149999,-14.37,1572260,1614293,1492572,0.008
440,FORR,Industrials,Consulting Services,NASDAQ,131.96,92,95,79,13,11.33,217044592.73719788,19039000.0,0.1498,-11.14,127690,106380,115158,-0.102
441,PMTS,Financial Services,Credit Services,NASDAQ,131.95,92,97,74,38,24.79,286901554.5,11591982.0,0.040999997,-20.67,228840,205043,159306,0.15
442,NXPL,Technology,Software - Application,NASDAQ,131.74,92,91,73,18,9.2,24446130.841007233,2713222.0,0.0021,-17.12,19610,36683,41366,-0.103
443,SFL,Industrials,Marine Shipping,NYSE,131.7,92,84,72,87,12.83,1772206166.9310398,138670282.0,0.0357,-8.23,1662810,1468686,1405860,0.027
444,USIO,Technology,Software - Infrastructure,NASDAQ,131.68,92,97,95,26,2.35,64298663.91459274,27595994.0,0.0023,-23.2,267910,340553,395596,0.186
445,BRKR,Healthcare,Medical Devices,NASDAQ,131.68,92,81,90,29,63.28,9778420947.376373,152359316.0,0.158,-3.09,2646540,2171213,2290044,0.052
446,MSBI,Financial Services,Banks - Regional,NASDAQ,131.63,92,93,90,83,33.17,690215210.288269,20752112.0,0.0531,-5.5,209710,163230,175524,0.18
447,PTEN,Energy,Oil & Gas Drilling,NASDAQ,131.63,92,94,74,95,10.85,4160908917.1452866,381384874.0,0.1075,-18.97,8510950,8137416,8502794,0.007
448,TGT,Consumer Defensive,Discount Stores,NYSE,131.52,92,93,77,79,158.43,71529019696.79639,454296736.0,0.037,-7.22,3440620,4196010,3907388,0.053
449,CBRL,Consumer Cyclical,Restaurants,NASDAQ,131.52,92,93,91,22,53.73,1158079428.9963913,22352430.0,0.42130002,-10.84,1516330,1013720,953284,-0.022
450,BWEN,Industrials,Specialty Industrial Machinery,NASDAQ,131.38,92,92,96,34,4.22,98999411.12639809,23404116.0,0.034,-25.96,156620,258186,484832,0.674
451,RGEN,Healthcare,Medical Instruments & Supplies,NASDAQ,131.26,92,87,55,25,194.09,10704708177.933167,56435621.0,0.1193,0.83,1178930,1055676,1171180,0.119
452,DAC,Industrials,Marine Shipping,NYSE,131.25,92,88,76,84,153.28,2805897806.2694244,18203567.0,0.1312,-6.33,138910,122313,123538,0.047
453,DCTH,Healthcare,Medical Devices,NASDAQ,131.22,92,94,77,31,15.81,541301215.2365398,34698795.0,0.0725,-9.24,371640,393240,515748,0.206
454,CRT,Energy,Oil & Gas E&P,NYSE,131.16,92,69,44,81,12.32,75000000.0,6000000.0,0.002,-6.31,48790,30993,25446,-0.156
455,RYOJ,Industrials,Consulting Services,NASDAQ,131.14,92,97,61,27,3.7,43081500.22029877,11550000.0,0.42,-67.63,10990,68360,70568,-0.343
456,RIGL,Healthcare,Biotechnology,NASDAQ,131.07,92,85,86,67,49.36,899995853.2206421,18679864.0,0.1754,-5.51,269030,277560,293266,-0.226
457,WPP,Communication Services,Advertising Agencies,NYSE,131.06,92,87,19,13,25.57,5606170483.559065,215704907.0,0.0088,-7.96,338740,332903,425086,-0.044
458,TLIH,Industrials,Industrial Distribution,NASDAQ,131.04,92,89,74,4,5.78,16995714.916927814,2940435.0,0.0,-32.0,1460,1986,2794,0.399
459,ACU,Consumer Defensive,Household & Personal Products,NYSE ARCA,130.94,92,92,61,65,63.76,240572393.25,3833823.0,0.027999999,-0.64,58450,46573,42156,0.161
460,OII,Energy,Oil & Gas Equipment & Services,NYSE,130.86,92,95,86,92,45.84,4604241210.642796,99529645.0,0.105399996,-15.5,978410,938910,1014952,0.1
461,HFBL,Financial Services,Banks - Regional,NASDAQ,130.77,92,93,82,75,25.0,75158728.88784027,3030594.0,0.0016,-10.71,1440,1056,2544,0.13
462,BHE,Technology,Electronic Components,NYSE,130.74,92,81,95,87,82.79,2964112750.57917,35919933.0,0.045300003,-17.55,449780,374426,366720,0.177
463,KNRX,Technology,Software - Application,NYSE ARCA,130.71,92,7,1,21,1.23,9248626.05460915,30423113.0,0.05,-69.25,28803590,14566996,8750756,-0.397
464,ORMP,Healthcare,Biotechnology,NASDAQ,130.65,92,95,93,89,4.75,196755485.21340656,41597354.0,0.038,-13.16,201320,221443,198234,
465,SRZN,Healthcare,Biotechnology,NASDAQ,130.63,92,73,89,96,29.64,347200114.08070374,11753558.0,0.3364,-21.65,1492700,620763,487290,4.086
466,LRCX,Technology,Semiconductor Equipment & Materials,NASDAQ,130.6,92,94,97,95,314.47,394461462452.6966,1251424362.0,0.0233,-28.29,10265900,8703233,9482980,0.3
467,EWTX,Healthcare,Biotechnology,NASDAQ,130.6,92,94,95,96,39.79,4272486451.431675,108604129.0,0.1238,-17.98,2139170,1450010,1346980,
468,HBIO,Healthcare,Medical Instruments & Supplies,NASDAQ,130.59,92,83,69,61,7.98,36236347.973656654,4552305.0,0.0108,-15.11,15900,19350,18382,0.111
469,WTI,Energy,Oil & Gas E&P,NYSE,130.46,92,89,87,97,3.58,550941789.1950417,150942952.0,0.1461,-29.53,3949570,3489770,3856964,0.329
470,VTRS,Healthcare,Drug Manufacturers - Specialty & Generic,NASDAQ,130.46,92,82,88,84,18.27,20479375017.48947,1148590864.0,0.0356,-0.65,9346450,8039920,9305862,0.049
471,CNC,Healthcare,Healthcare Plans,NYSE,130.42,92,92,95,29,62.53,30538770749.24469,493995000.0,0.0328,-10.2,5373260,4449430,4697350,0.046
472,S,Technology,Software - Infrastructure,NYSE,130.41,92,86,65,25,22.74,7789338946.365557,348049117.0,0.0598,-6.8,9207730,8911883,7859350,0.206
473,DDD,Technology,Computer Hardware,NYSE,130.38,92,82,87,28,3.52,593144875.2984893,166147027.0,0.2741,-14.56,2516530,2178166,2751280,-0.003
474,CLOV,Healthcare,Healthcare Plans,NASDAQ,130.36,92,92,97,16,4.33,2384891499.2979794,531156263.0,0.0558,-22.54,4417760,3944093,4162618,0.556
475,TGTX,Healthcare,Biotechnology,NASDAQ,130.16,92,94,90,47,56.19,8790755760.502968,153069053.0,0.2847,-5.24,2098080,1896853,2039914,0.703
476,SLNHP,Financial Services,Capital Markets,NASDAQ,130.07,92,96,92,76,12.82,,,1.55,-0.23,820,4760,5808,1.446
477,OOMA,Technology,Software - Application,NYSE,129.74,92,94,88,78,21.18,600852012.6342773,27600000.0,0.065,-19.13,555320,511826,460712,0.254
478,FRNM,Healthcare,Diagnostics & Research,NASDAQ,129.72,91,86,34,37,16.19,1718074531.267376,107446814.0,1.96,-7.49,1104790,956923,886602,1.065
479,KEYS,Technology,Scientific & Technical Instruments,NYSE,129.7,91,84,88,94,359.74,61654133362.65854,170244745.0,0.0159,-4.06,1199420,1337820,1225230,0.365
480,SND,Energy,Oil & Gas Equipment & Services,NASDAQ,129.65,91,94,91,96,5.26,221747089.8386979,42399061.0,0.0738,-11.15,310700,242960,269742,0.341
481,MT,Basic Materials,Steel,NYSE,129.65,91,91,88,89,69.85,53197614723.130646,752441542.0,0.004,-12.34,1164020,1302753,1350882,0.052
482,CBLL,Healthcare,Medical Devices,NASDAQ,129.61,91,91,64,51,24.51,909177233.1861172,38378101.0,0.0727,-4.36,416720,355790,388370,0.325
483,DGXX,Utilities,Utilities - Independent Power Producers,NASDAQ,129.58,91,33,95,55,4.22,465410813.39190674,101396688.0,0.0592,-54.13,2971530,2458173,3030472,-0.183
484,SBET,Financial Services,Capital Markets,NASDAQ,129.49,91,41,9,23,9.5,2091863331.3792686,217223604.0,0.14130001,-51.38,9740070,9846163,8763800,15.539
485,NTSK,Technology,Software - Infrastructure,NASDAQ,129.47,91,58,23,8,17.85,7219745538.332771,408587748.0,0.0671,-28.54,8063110,6405483,5567946,0.292
486,ATKR,Industrials,Electrical Equipment & Parts,NYSE,129.44,91,87,55,43,94.6,3193918463.0332794,33773062.0,0.0452,-0.05,881990,737483,1009514,0.081
487,TRX,Basic Materials,Gold,NYSE ARCA,129.41,91,92,65,99,1.22,422441459.11785793,327474009.0,0.0064999997,-56.43,4851960,3591590,3115912,1.633
488,GEO,Industrials,Security & Protection Services,NYSE,129.41,91,95,90,31,30.22,4109163322.104004,131619584.0,0.1046,-8.84,2643950,2325206,2053394,0.151
489,HPQ,Technology,Computer Hardware,NYSE,129.38,91,81,38,25,31.32,28226056641.68809,901790969.0,0.094,-13.55,16238160,16154670,15613554,0.125
490,EC,Energy,Oil & Gas Integrated,NYSE,129.26,91,89,84,90,16.7,34085739749.452255,2055834735.0,0.0322,-9.14,1649390,1605883,1811894,0.355
491,LEDS,Technology,Semiconductors,NASDAQ,129.21,91,54,44,10,2.26,18532422.79890132,8273403.0,0.040900003,-37.57,21470,21400,65894,-0.486
492,PBR,Energy,Oil & Gas Integrated,NYSE,129.1,91,81,59,93,20.65,131271748589.2975,6444366381.0,1.35,-7.15,19643990,21880050,19035240,0.423
493,ANET,Technology,Computer Hardware,NYSE,128.94,91,87,78,80,204.92,260505954893.35217,1261224648.0,0.0127,-4.64,5220210,5118720,6177160,0.377
494,CURR,Technology,Software - Application,NASDAQ,128.86,91,87,90,93,3.11,336845655.0,112281885.0,0.0274,-38.78,189750,533646,381830,-0.218
495,APA,Energy,Oil & Gas E&P,NASDAQ,128.85,91,91,69,96,42.33,14974024125.453377,350351510.0,0.0921,-10.77,7032690,5799460,5716408,0.092
496,MTLS,Technology,Software - Application,NASDAQ,128.84,91,74,83,32,8.58,486511882.562294,57711965.0,0.0177,0.35,214790,172190,127756,0.081
497,FATN,Technology,Software - Infrastructure,NASDAQ,128.82,91,96,95,9,5.18,75022164.27156258,14128468.0,0.0116,-39.82,86400,68633,90402,0.278
498,BZH,Consumer Cyclical,Residential Construction,NYSE,128.82,91,87,79,34,33.36,890298991.0130882,26679623.0,0.077,-3.42,746220,664390,733960,-0.053
499,AVAT,Financial Services,Asset Management,NASDAQ,128.79,91,0,0,53,1.67,69763242.46554315,37914805.0,0.06,-84.38,3912910,1826226,1201856,
500,BEEP,Industrials,Infrastructure Operations,NASDAQ,128.61,91,62,7,15,2.83,118530995.27359009,41300000.0,0.0062,-25.13,20730,22956,36612,-0.011
501,WEYS,Consumer Cyclical,Footwear & Accessories,NASDAQ,128.59,91,90,79,70,47.14,453098620.40372086,9550983.0,0.0239,-3.26,35660,27573,26290,0.069
502,KRO,Basic Materials,Specialty Chemicals,NYSE,128.56,91,91,52,72,8.13,949554507.0,115097516.0,0.050100002,-11.34,408210,383440,427268,0.129
503,OBE,Energy,Oil & Gas E&P,NYSE ARCA,128.44,91,90,61,93,10.67,713296315.3008366,66725570.0,9.8,-26.87,867120,837706,859022,0.417
504,DSX,Industrials,Marine Shipping,NYSE,128.43,91,86,60,90,2.8,348358401.6674917,124413717.0,0.061300002,-12.5,1592600,1364310,1096610,0.047
505,ANF,Consumer Cyclical,Apparel Retail,NYSE,128.42,91,95,32,59,134.18,5758769587.568771,42434377.0,0.1725,-13.55,1230850,2063423,1619614,0.048
506,WTTR,Energy,Oil & Gas Equipment & Services,NYSE,128.4,91,93,90,89,20.18,2558226996.955124,128942892.0,0.0514,-10.51,2157610,1578426,1730028,0.087
507,IQV,Healthcare,Diagnostics & Research,NYSE,128.39,91,88,60,31,270.97,44502901196.28906,164600000.0,0.029000001,-2.32,1900820,1522440,1505192,0.087
508,BJRI,Consumer Cyclical,Restaurants,NASDAQ,128.38,91,94,91,41,60.02,1279191512.1728325,21273765.0,0.1161,-19.54,403520,425426,472124,0.064
509,TONX,Technology,Software - Application,NASDAQ,128.35,91,24,29,9,3.98,196882363.30103707,55071989.0,0.088199995,-47.0,431350,378940,358426,6.074
510,FROG,Technology,Software - Application,NASDAQ,128.25,91,94,95,66,88.81,10996010952.608574,123301311.0,0.065799996,-16.03,1647950,1838316,2082014,0.287
511,GKOS,Healthcare,Medical Devices,NYSE,128.18,91,95,86,73,158.56,9108888958.898743,58983937.0,0.0855,-17.25,934130,744376,815534,0.495
512,AMAT,Technology,Semiconductor Equipment & Materials,NASDAQ,128.11,91,93,97,93,486.76,384894759855.0,793597443.0,0.0178,-34.19,6757500,6541953,7013070,0.248
513,VAC,Consumer Cyclical,Resorts & Casinos,NYSE,128.0,91,93,90,56,104.56,3536526791.9033813,34395320.0,0.0862,-20.39,469670,490536,499968,0.097
514,CIB,Financial Services,Banks - Regional,NYSE,127.98,91,93,84,87,92.35,22471146924.159943,236165492.0,0.0077,-12.55,263150,315796,323028,0.26
515,ONTO,Technology,Semiconductor Equipment & Materials,NYSE,127.92,91,93,95,91,288.74,17581546026.402832,61123436.0,0.071,-25.29,860810,875576,1004398,0.353
516,SAFT,Financial Services,Insurance - Property & Casualty,NASDAQ,127.89,91,90,54,54,103.57,1519576723.180893,14680482.0,0.050300002,-0.3,125750,131106,233250,0.03
517,AXGN,Healthcare,Medical Devices,NASDAQ,127.88,91,97,96,93,43.36,2545756913.2597504,58671513.0,0.0789,-18.05,1145900,1155706,1109016,0.231
518,ALVO,Healthcare,Drug Manufacturers - Specialty & Generic,NASDAQ,127.85,91,74,13,9,6.15,2051697968.5,356817038.0,0.0361,-32.01,1610680,1217303,1085864,-0.389
519,SMCI,Technology,Computer Hardware,NASDAQ,127.84,91,33,23,13,41.78,28420321409.145416,656965384.0,0.1882,-28.92,40168400,39435293,48456772,0.932
520,KLIC,Technology,Semiconductor Equipment & Materials,NASDAQ,127.8,91,87,97,92,91.68,4771368721.669579,52329115.0,0.0529,-32.49,877860,756783,855032,1.226
521,CMDB,Industrials,Marine Shipping,NYSE,127.77,91,87,80,82,22.04,532202621.72971725,24301490.0,0.0334,-10.99,60120,74130,71100,-0.284
522,FWDI,Consumer Cyclical,Footwear & Accessories,NASDAQ,127.75,91,39,16,8,8.05,642346776.1203289,76288215.0,0.1,-73.45,2699160,2351296,1759656,3.321
523,VRME,Industrials,Security & Protection Services,NASDAQ,127.67,91,20,19,41,0.99,12637271.92414999,13165196.0,0.0050999997,-49.23,15998110,5365223,3235028,-0.578
524,OUST,Technology,Electronic Components,NASDAQ,127.67,91,74,97,68,40.9,3152751286.7877502,72112333.0,0.096999995,-35.88,2499230,2289566,2630804,0.559
525,VIOT,Consumer Cyclical,"Furnishings, Fixtures & Appliances",NASDAQ,127.58,91,11,8,10,1.59,89030554.87233615,65948558.0,0.0235,-55.96,645820,2653276,1617626,-0.499
526,TX,Basic Materials,Steel,NYSE,127.57,91,87,66,73,54.47,10867593173.896698,196307678.0,0.0095999995,-7.25,402070,496053,601230,0.1
527,NGL,Energy,Oil & Gas Midstream,NYSE,127.57,91,96,95,97,14.88,1884695811.5128727,124814289.0,0.0352,-21.93,171200,204683,218204,0.591
528,SHG,Financial Services,Banks - Regional,NYSE,127.44,91,88,74,85,81.12,38001995333.45157,469450238.0,0.0014,-5.2,142920,146036,176966,0.057
529,HIMX,Technology,Semiconductors,NASDAQ,127.4,91,86,91,63,13.96,2518710124.9679737,174425914.0,0.05,-44.36,1024090,932326,1175506,0.059
530,ACMR,Technology,Semiconductor Equipment & Materials,NASDAQ,127.33,91,93,98,80,75.95,5383883063.352478,69649196.0,0.0764,-40.29,1306770,1034920,1005210,0.36
531,GSAT,Communication Services,Telecom Services,NASDAQ,127.24,91,92,93,96,82.34,10738213407.343521,129563390.0,0.0849,-2.96,640140,620693,782076,-0.035
532,LGND,Healthcare,Biotechnology,NASDAQ,127.19,91,89,95,87,314.1,6010984606.660858,19935609.0,0.1583,-3.84,264370,213016,244994,0.337
533,YQ,Consumer Defensive,Education & Training Services,NASDAQ,127.18,91,19,28,15,3.69,35742362.684253216,9686277.0,0.0108,-42.79,16300,145483,90056,2.546
534,SENEB,Consumer Defensive,Packaged Foods,NASDAQ,126.99,91,92,81,87,187.42,1268919038.542923,6770457.0,0.0013,-10.12,40,153,164,0.362
535,SBLK,Industrials,Marine Shipping,NASDAQ,126.93,91,88,76,85,29.3,3428748848.7065277,116071386.0,0.0269,-10.89,2129090,1828280,1638196,0.445
536,NEXA,Basic Materials,Other Industrial Metals & Mining,NYSE,126.89,91,91,94,93,12.23,1647536265.2665472,132438611.0,0.0049,-27.59,792620,816473,722298,0.282
537,CMTV,Financial Services,Banks - Regional,NASDAQ,126.84,91,91,89,93,41.42,228628817.93074036,5600902.0,0.0461,-5.35,43110,43523,40836,0.112
538,BTBD,Consumer Cyclical,Restaurants,NASDAQ,126.73,90,65,11,86,1.89,11998364.913892746,6184724.0,0.0032,-23.79,16480,31223,36080,-0.061
539,ITGR,Healthcare,Medical Devices,NYSE,126.54,90,90,44,31,126.38,4295189446.619019,33997068.0,0.089899994,-0.33,786650,756446,1103268,-0.026
540,FLEX,Technology,Electronic Components,NASDAQ,126.51,90,90,97,88,113.04,42363133629.77284,369402978.0,0.0273,-32.25,3576270,3149680,3757428,0.206
541,QLYS,Technology,Software - Infrastructure,NASDAQ,126.51,90,94,81,16,173.83,5965215769.048645,34595001.0,0.1381,-13.75,752370,685900,741538,0.11
542,CSTL,Healthcare,Diagnostics & Research,NASDAQ,126.48,90,86,32,42,35.93,1093977887.6233635,30549507.0,0.0637,-18.86,425020,356366,417814,0.201
543,BRKRP,Healthcare,Medical Devices,NASDAQ,126.46,90,81,90,40,469.28,,,0.86,-1.25,12361,6000,7506,0.052
544,ESTC,Technology,Software - Application,NYSE,126.43,90,92,24,14,87.94,9251831881.967163,104991280.0,0.045900002,-18.57,1828840,2716850,2419004,0.151
545,CRCT,Technology,Computer Hardware,NASDAQ,126.31,90,83,27,26,6.33,1285988686.2761536,209444416.0,0.0967,-3.36,709510,743603,766612,-0.092
546,SHAZ,Technology,Information Technology Services,NASDAQ,126.3,90,90,97,27,52.91,1957735664.3263626,35803505.0,0.0919,-45.72,1394570,1609796,1872126,4.123
547,STM,Technology,Semiconductors,NYSE,126.28,90,88,97,84,52.74,46317826920.63486,891928108.0,0.0226,-35.22,8854120,8276393,9221746,0.261
548,GHRS,Healthcare,Biotechnology,NASDAQ,126.26,90,93,95,69,23.42,1636432132.5539818,68642287.0,0.1004,-25.51,254660,205840,256180,
549,TIGO,Communication Services,Telecom Services,NASDAQ,126.23,90,92,94,96,89.78,15534976839.370728,167710000.0,0.0324,-16.2,855030,907623,1117370,0.594
550,FCX,Basic Materials,Copper,NYSE,126.21,90,89,73,87,71.96,103838423582.22784,1436017523.0,0.024,-10.32,9780160,13267650,13187932,-0.073
551,CNXN,Technology,Electronics & Computer Distribution,NASDAQ,126.2,90,80,69,53,89.7,2254266994.9779434,25238099.0,0.0499,-0.93,165380,134666,147716,0.124
552,NHC,Healthcare,Medical Care Facilities,NYSE ARCA,126.02,90,92,91,88,225.97,3560774776.758957,15661395.0,0.0538,-5.57,129260,106046,108662,0.088
553,IPSC,Healthcare,Biotechnology,NASDAQ,126.0,90,98,98,99,1.67,301192523.2900113,180354809.0,0.1633,-45.07,575300,461226,526956,
554,TEVA,Healthcare,Drug Manufacturers - Specialty & Generic,NYSE,125.99,90,85,86,87,38.88,45707007077.51079,1166292643.0,0.0271,-4.68,5548060,5050320,5378980,-0.008
555,SUNE,Technology,Solar,NASDAQ,125.9,90,93,89,64,2.37,15631459.821138382,6513108.0,0.0733,-74.92,217030,5330380,3268682,-0.375
556,IBTA,Technology,Software - Application,NYSE,125.75,90,85,71,65,40.07,827301625.7898941,20148602.0,0.3,-7.74,203880,191686,247778,0.033
557,WATT,Technology,Communication Equipment,NASDAQ,125.65,90,38,98,97,12.74,77102639.39579487,5527071.0,0.123500004,-65.55,176180,161693,177732,2.168
558,DIOD,Technology,Semiconductors,NASDAQ,125.65,90,83,92,88,96.37,4413595238.553619,46051705.0,0.088,-23.51,531980,566830,588204,0.217
559,BMNR,Financial Services,Capital Markets,NYSE,125.52,90,39,6,30,26.84,16624919096.48235,603226394.0,0.0674,-59.09,42379250,45433916,39912078,21.678
560,VELO,Technology,Computer Hardware,NASDAQ,125.45,90,88,96,78,10.97,362963540.9936085,32149118.0,0.29459998,-65.45,978180,961026,1320864,0.523
561,MRK,Healthcare,Drug Manufacturers - General,NYSE,125.4,90,90,79,83,148.69,367065793289.9559,2467171638.0,0.0139999995,-5.24,11282850,11167346,9985692,0.051
562,VIR,Healthcare,Biotechnology,NASDAQ,125.37,90,92,88,91,10.51,1803842086.459694,169215958.0,0.1176,-11.98,2275460,2100533,1855236,195.825
563,XRX,Industrials,Business Equipment & Supplies,NASDAQ,125.35,90,70,85,5,3.26,435964167.75381064,131314511.0,0.34919998,-17.88,2594730,2385696,3095910,0.22
564,MGNI,Communication Services,Advertising Agencies,NASDAQ,125.31,90,91,79,23,23.4,3437876944.808447,143424157.0,0.09,-12.82,2486130,2243576,2507396,0.112
565,NUE,Basic Materials,Steel,NYSE,125.26,90,86,87,80,244.49,56095010891.0,226875676.0,0.0251,-12.72,1386520,1391213,1393366,0.23
566,VEEV,Healthcare,Health Information Services,NYSE,125.11,90,86,24,17,279.96,45444574832.144165,161908850.0,0.0335,-9.84,1851870,1792496,1759282,0.176
567,QUCY,Healthcare,Diagnostics & Research,NASDAQ,124.99,90,56,95,3,1.36,115173423.44086838,84068192.0,0.0224,-72.41,341580,676530,692732,
568,PRLD,Healthcare,Biotechnology,NASDAQ,124.87,90,98,98,99,3.91,308625564.625,79645307.0,0.1433,-42.75,554280,549090,493190,
569,SLGL,Healthcare,Biotechnology,NASDAQ,124.84,90,92,99,99,69.45,218866828.154274,3273999.0,0.1155,-29.11,53570,60583,59856,-0.966
570,SCCO,Basic Materials,Copper,NYSE,124.77,90,90,77,90,202.63,172178562903.08054,844343686.0,0.1039,-8.22,956800,1114513,1123196,0.406
571,CHPT,Consumer Cyclical,Specialty Retail,NYSE,124.74,90,14,23,8,8.74,239773401.5140686,26850324.0,0.21280001,-30.69,1457060,3021870,1962766,0.177
572,VEEE,Consumer Cyclical,Recreational Vehicles,NASDAQ,124.63,90,23,2,0,13.69,8151277.838549614,584321.0,0.040599998,-89.28,3146550,1062573,833384,-0.342
573,ZYBT,Healthcare,Drug Manufacturers - Specialty & Generic,NASDAQ,124.56,90,91,5,7,1.3,61845744.49922335,47391377.0,0.003,-83.77,21660,109026,6530206,-0.409
574,NAKA,Financial Services,Capital Markets,NASDAQ,124.56,90,20,2,2,9.72,178770476.4741726,17894943.0,0.1155,-79.75,276730,234760,196802,86.801
575,VGZ,Basic Materials,Gold,NYSE ARCA,124.55,90,70,55,90,2.69,401421201.5,145971346.0,0.053000003,-14.06,3069340,1720060,1502986,
576,DAO,Consumer Defensive,Education & Training Services,NYSE,124.55,90,94,82,55,14.58,1773329052.6907701,120634631.0,0.0343,-23.02,44600,76490,64806,0.035
577,HBM,Basic Materials,Copper,NYSE,124.4,90,91,83,94,26.87,11827574586.058884,444144760.0,2.05,-16.42,4409980,3959810,4543448,0.177
578,MYE,Consumer Cyclical,Packaging & Containers,NYSE,124.37,90,95,93,86,31.48,1179702698.1602478,37618070.0,0.038,-15.94,363320,336223,377212,0.098
579,A,Healthcare,Diagnostics & Research,NYSE,124.34,90,72,51,31,175.21,48720870935.18898,281965813.0,0.020499999,0.25,2944020,2586860,2258470,0.081
580,SU,Energy,Oil & Gas Integrated,NYSE,124.28,90,82,64,93,68.77,80515017320.58868,1180745189.0,4.8,-4.57,3900590,4180830,4405722,0.459
581,ACCL,Industrials,Consulting Services,NASDAQ,124.24,90,92,18,5,2.75,34874750.0,13949900.0,0.0149,-45.0,47540,155536,116978,0.01
582,DXPE,Industrials,Industrial Distribution,NASDAQ,124.13,90,91,82,88,191.43,2980844225.5091553,15517148.0,0.0399,-7.97,136240,116113,129172,0.156
583,ZKIN,Basic Materials,Steel,NASDAQ,124.09,90,20,16,33,2.13,142673918.01002312,60712308.0,0.00029999999,-31.51,116610,52840,36660,
584,ATI,Industrials,Metal Fabrication,NYSE,123.97,90,95,93,95,180.67,25256882057.057358,136170383.0,0.048499998,-25.82,1747640,1826496,1730796,0.106
585,AMCX,Communication Services,Entertainment,NASDAQ,123.89,90,91,84,54,12.03,501599641.06575394,41249971.0,0.2207,-6.96,699240,580400,686468,-0.088
586,HCHL,Consumer Cyclical,Restaurants,NASDAQ,123.78,90,95,91,5,3.96,118183829.09847355,29844401.0,0.024400001,-20.8,0,0,0,-0.442
587,MFG,Financial Services,Banks - Regional,NYSE,123.69,90,86,86,85,11.05,133980633497.74574,12103038590.0,0.00090000004,-3.83,3266110,3142133,3238590,0.35
588,OPY,Financial Services,Capital Markets,NYSE,123.58,90,91,86,88,119.8,1282604825.8287048,10708005.0,0.0139999995,-4.83,137800,121230,124366,0.241
589,OSPN,Technology,Software - Infrastructure,NASDAQ,123.58,90,82,63,22,17.88,656337181.4488163,36852173.0,0.1224,-3.25,750440,494090,469526,0.01
590,SANM,Technology,Electronic Components,NASDAQ,123.51,90,69,94,74,220.06,12047077937.11261,53597356.0,0.059699997,-23.77,646440,602516,702864,0.697
591,CXW,Industrials,Security & Protection Services,NYSE,123.5,90,96,89,52,31.69,3177447907.199642,98893489.0,0.18,-13.3,2356880,1912910,1696810,0.273
592,IFRX,Healthcare,Biotechnology,NASDAQ,123.5,90,94,97,30,1.82,278525935.5818807,147368221.0,0.0896,-38.28,516870,714193,811150,
593,MSGS,Communication Services,Entertainment,NYSE,123.49,90,89,89,88,416.34,9700363344.256622,24079941.0,0.0858,-5.15,311690,264553,238940,0.367
594,CNK,Communication Services,Entertainment,NYSE,123.48,90,82,64,75,38.38,4377990816.410236,115911855.0,0.10569999,-1.54,2472610,2176936,2426392,0.155
595,WHD,Energy,Oil & Gas Equipment & Services,NYSE,123.45,90,89,61,76,64.24,4483842915.20874,69733168.0,0.0596,-13.27,888750,730536,775116,0.643
596,NMAX,Communication Services,Broadcasting,NYSE,123.43,90,79,63,7,10.9,1403976196.3687372,129160645.0,0.6482,-17.3,1306640,1224950,1142676,0.165
597,PHOE,Industrials,Engineering & Construction,NASDAQ,123.42,89,94,89,93,18.95,431783995.05615234,21600000.0,0.0002,-85.76,11560,19346,27036,0.032
598,NTWK,Technology,Software - Application,NASDAQ,123.34,89,56,82,66,5.37,58194429.7326231,11876414.0,0.0017,-6.61,78500,38060,28472,0.13
599,MTA,Basic Materials,Other Precious Metals & Mining,NYSE ARCA,123.26,89,91,77,85,9.65,941503422.6473236,93495874.0,4.38,-16.81,281790,407113,415904,0.938
600,VBNK,Financial Services,Banks - Regional,NASDAQ,123.25,89,88,91,74,22.55,758930634.4432411,32419079.0,2.7,-9.98,161740,137533,123406,0.284
601,VEON,Communication Services,Telecom Services,NASDAQ,123.13,89,62,54,48,69.41,5062674825.237541,68861195.0,0.0069,-7.45,203420,151366,124718,0.169
602,VIA,Technology,Software - Application,NYSE,123.12,89,82,17,6,29.1,2390911553.7052345,81295871.0,0.1657,-47.28,1255020,782910,820402,0.267
603,ROKU,Communication Services,Entertainment,NASDAQ,122.94,89,91,87,67,152.67,22674602358.715637,148510633.0,0.057800002,-4.52,1945080,2153363,2344064,0.219
604,COHR,Technology,Scientific & Technical Instruments,NYSE,122.85,89,90,96,98,282.45,57933050704.59662,195832246.0,0.060900003,-35.81,6591440,6348703,6559018,0.337
605,DCO,Industrials,Aerospace & Defense,NYSE,122.85,89,92,94,92,169.04,2599426862.688263,15099779.0,0.0592,-19.65,284020,228880,241122,0.118
606,FIGS,Consumer Cyclical,Apparel Manufacturing,NYSE,122.81,89,91,56,96,13.62,2229602060.3154945,166140242.0,0.18129998,-22.08,2398190,2461090,2874392,0.288
607,SKM,Communication Services,Telecom Services,NYSE,122.75,89,87,79,89,35.5,13935208159.115143,383890040.0,0.0124,-24.76,1015700,1507860,1905516,0.005
608,GPRO,Technology,Consumer Electronics,NASDAQ,122.62,89,7,15,20,1.33,266199701.68812943,206356364.0,0.1838,-51.28,15397940,65089890,41361198,-0.313
609,ARTV,Healthcare,Biotechnology,NASDAQ,122.57,89,98,98,97,7.05,341741934.59993935,48890121.0,0.0602,-51.48,669730,410633,388106,
610,LILA,Communication Services,Telecom Services,NASDAQ,122.56,89,93,88,78,8.49,1661231910.3240967,195900000.0,0.0291,-5.51,422570,391846,481296,0.015
611,LINK,Technology,Electronic Components,NASDAQ,122.51,89,68,48,14,5.93,87431422.95472431,15753409.0,0.0068,-41.29,50300,31100,25910,0.104
612,IBEX,Technology,Information Technology Services,NASDAQ,122.42,89,77,38,30,44.33,591297555.81073,13278634.0,0.0337,-2.1,194450,148986,130614,0.116
613,SBC,Industrials,Consulting Services,NASDAQ,122.42,89,68,15,61,5.03,503950030.5082488,102846943.0,0.0378,-5.0,247460,212320,170584,0.134
614,EFXT,Energy,Oil & Gas Equipment & Services,NYSE,122.33,89,73,93,96,23.63,2877964915.0471573,122102883.0,2.28,-18.94,461500,597940,653196,-0.054
615,EOLS,Healthcare,Drug Manufacturers - Specialty & Generic,NASDAQ,122.23,89,90,77,11,7.96,526421992.9420662,66050440.0,0.0848,-14.5,630490,852793,904018,0.212
616,SWKS,Technology,Semiconductors,NASDAQ,122.23,89,34,36,28,87.59,13443237792.832214,150472782.0,0.3444,-5.61,7641660,6991400,6485738,-0.031
617,PRHI,Financial Services,Insurance - Property & Casualty,NASDAQ,122.18,89,81,27,71,6.72,27908384.685489655,3746092.0,0.0056,-66.08,17140,21736,17234,-0.265
618,DAR,Consumer Defensive,Packaged Foods,NYSE,122.18,89,89,80,95,60.59,9671740866.112885,157802916.0,0.0432,-13.42,2553370,2616620,2443068,0.164
619,RELL,Technology,Electronic Components,NASDAQ,122.16,89,89,91,65,17.11,260421106.164299,14864218.0,0.0805,-26.09,95650,136733,240792,0.276
620,PVLA,Healthcare,Biotechnology,NASDAQ,122.16,89,95,97,98,139.83,1990665563.8851624,14408407.0,0.1826,-13.35,236470,209473,203342,
621,PK,Real Estate,REIT - Hotel & Motel,NYSE,122.14,89,89,86,56,15.72,3106650493.343582,201338330.0,0.23709999,-2.96,3348180,3568950,3750040,0.01
622,MSGE,Communication Services,Entertainment,NYSE,122.02,89,89,90,87,81.77,3741370783.823059,47305234.0,0.0465,-9.56,592820,405936,398268,0.274
623,ASRV,Financial Services,Banks - Regional,NASDAQ,122.0,89,89,71,82,4.6,79462966.64531565,16979267.0,0.0117999995,-14.5,15420,15820,21844,0.426
624,SNX,Technology,Electronics & Computer Distribution,NYSE,121.97,89,88,89,88,256.75,20794888673.49243,79059000.0,0.0224,-14.06,1579020,896536,793604,0.377
625,TSAT,Technology,Communication Equipment,NASDAQ,121.95,89,87,88,93,47.39,733725235.2462616,15219358.0,0.0995,-22.99,123930,152466,201658,-0.251
626,VRNS,Technology,Software - Infrastructure,NASDAQ,121.94,89,83,82,11,47.92,5312297431.25,114860485.0,0.0685,-25.01,1771620,1764083,1797706,0.183
627,EAT,Consumer Cyclical,Restaurants,NYSE,121.86,89,93,72,49,202.45,8653709944.543304,41765010.0,0.1875,-20.6,1925860,1243360,1233526,0.051
628,YPF,Energy,Oil & Gas Integrated,NYSE,121.82,89,81,79,87,51.37,20427109819.340942,392075056.0,4.5,-11.23,1220880,1246883,1172218,0.722
629,XERS,Healthcare,Drug Manufacturers - Specialty & Generic,NASDAQ,121.81,89,84,80,44,9.83,1659114854.1496773,182320306.0,0.045700002,-2.48,2360710,1854376,1782176,0.287
630,FIX,Industrials,Engineering & Construction,NYSE,121.7,89,83,95,97,1658.3,58384225524.32117,35194329.0,0.028099999,-20.04,330720,352573,404088,0.503
631,TMO,Healthcare,Diagnostics & Research,NYSE,121.64,89,78,50,38,678.6,249579418050.0,369747286.0,0.0136,-0.64,2753570,2042443,2119114,0.105
632,SM,Energy,Oil & Gas E&P,NYSE,121.62,89,90,55,88,33.55,8065631409.5863495,237854068.0,0.066199996,-19.27,4862510,3990890,3911838,1.761
633,KB,Financial Services,Banks - Regional,NYSE,121.62,89,86,72,83,127.17,44681764435.90357,351106111.0,0.0013,-4.59,125920,158223,194466,0.185
634,ZIM,Industrials,Marine Shipping,NYSE,121.59,89,87,83,92,28.39,3517969114.9044456,120519666.0,0.025899999,-8.3,1642270,1773086,1653146,0.089
635,CHMG,Financial Services,Banks - Regional,NASDAQ,121.57,89,89,86,66,81.73,395360704.0,4821472.0,0.0347,-4.97,80510,64283,65872,2.417
636,DDI,Communication Services,Electronic Gaming & Multimedia,NASDAQ,121.55,89,82,77,40,13.09,644194720.0,49553440.0,0.0013,-1.43,222730,163783,135546,0.112
637,ICCC,Healthcare,Biotechnology,NASDAQ,121.49,89,91,91,62,9.88,90186218.98166656,9082197.0,0.0026,-18.35,15480,21343,22348,0.115
638,GCTS,Technology,Semiconductors,NYSE,121.32,89,61,96,38,2.18,205092490.7341833,91969726.0,0.1232,-44.53,1573960,1622113,1956064,-0.179
639,SPHR,Communication Services,Entertainment,NYSE,121.24,89,94,96,98,138.72,5068487531.269409,35913607.0,0.3179,-23.62,524430,585680,672996,0.11
640,QUAD,Industrials,Specialty Business Services,NYSE,121.24,89,93,83,82,9.41,485280093.56474304,51461302.0,0.053600002,-15.61,406050,373123,388726,0.01
641,BOTJ,Financial Services,Banks - Regional,NASDAQ,121.22,89,90,88,85,27.21,121534318.25,4543339.0,0.0045,-8.66,47990,38830,38222,0.041
642,CTKB,Healthcare,Medical Devices,NASDAQ,121.21,89,54,58,63,5.74,734405391.846169,129983253.0,0.051,-7.12,1746360,1127490,1003156,0.056
643,SBFG,Financial Services,Banks - Regional,NASDAQ,121.19,89,86,76,60,29.99,186714344.93652344,6252992.0,0.0039,-2.76,17802,15880,16926,0.078
644,ASML,Technology,Semiconductor Equipment & Materials,NASDAQ,121.1,89,90,92,87,1771.41,669847331494.1406,384100000.0,0.0038,-11.43,1400670,1246363,1385026,0.213
645,KYMR,Healthcare,Biotechnology,NASDAQ,121.05,89,96,93,95,112.0,9208736725.569763,82257588.0,0.16290002,-13.88,867520,710083,682146,4.664
646,DFDV,Financial Services,Asset Management,NASDAQ,121.04,89,44,8,88,5.57,197029570.35561562,32620790.0,0.191,-69.53,3066140,2428326,1686272,0.669
647,CLBK,Financial Services,Banks - Regional,NASDAQ,121.02,89,91,80,75,10.9,1178979794.6109867,104058235.0,0.739,-9.17,6028030,4154500,6855165,0.131
648,INFU,Healthcare,Medical Devices,NYSE ARCA,120.94,89,83,69,82,12.87,253147371.26978016,19917181.0,0.042600002,-2.5,171820,125470,148894,0.026
649,WF,Financial Services,Banks - Regional,NYSE,120.91,89,79,42,84,79.26,19162414912.332733,245577537.0,0.0008,-6.43,66580,79913,97348,0.337
650,UFCS,Financial Services,Insurance - Property & Casualty,NASDAQ,120.79,89,90,91,79,53.34,1370871108.9380646,25705439.0,0.0312,-5.99,147360,153166,149972,0.144
651,LTRX,Technology,Communication Equipment,NASDAQ,120.79,89,29,72,88,7.22,329093387.1058464,46879400.0,0.0616,-17.49,1579010,1306943,1051354,0.08
652,MUFG,Financial Services,Banks - Diversified,NYSE,120.67,89,86,79,78,23.37,264285351365.3598,11255764758.0,0.00059999997,-3.67,2758890,2812653,2918232,0.288
653,BLTE,Healthcare,Biotechnology,NASDAQ,120.67,89,84,87,96,165.93,6738737929.260498,40272144.0,0.05,-17.04,142410,187526,186972,
654,CLMB,Technology,Electronics & Computer Distribution,NASDAQ,120.64,89,72,32,20,32.61,590609217.2315311,18660639.0,0.086899996,-10.05,185760,148346,149310,0.094
655,THM,Basic Materials,Gold,NYSE ARCA,120.61,89,78,86,97,2.57,733675664.3848999,265824517.0,0.0214,-29.59,1002870,819443,1022604,
656,CGEM,Healthcare,Biotechnology,NASDAQ,120.6,89,96,94,95,14.95,910193687.0488224,61458046.0,0.2084,-35.53,1563640,1034890,861846,
657,KBSX,Consumer Cyclical,Leisure,NASDAQ,120.59,88,17,11,36,1.58,75206882.6919297,44766003.0,0.0087,-10.73,39700,17420,15944,0.097
658,PEB,Real Estate,REIT - Hotel & Motel,NYSE,120.58,88,90,91,76,18.73,2078562837.329216,112842716.0,0.2377,-6.02,2285850,2060113,2148624,-0.001
659,STGW,Communication Services,Advertising Agencies,NASDAQ,120.57,88,91,83,79,8.22,2034035677.7120132,244475451.0,0.1038,-13.93,1361730,1166730,1333320,0.112
660,PLXS,Technology,Electronic Components,NASDAQ,120.55,88,83,92,88,264.96,7011900628.307098,26652099.0,0.0475,-13.71,243800,224163,262072,0.281
661,HURN,Industrials,Consulting Services,NASDAQ,120.47,88,79,12,29,157.62,2513473106.584839,15910072.0,0.0481,-15.61,259630,221443,283110,0.157
662,NTNX,Technology,Software - Infrastructure,NASDAQ,120.46,88,86,33,15,68.7,18406888947.084137,270570179.0,0.056799997,-12.43,2630880,2683886,2609840,0.159
663,JOYY,Communication Services,Internet Content & Information,NASDAQ,120.45,88,82,73,67,80.59,3906616169.9092026,48973503.0,0.059699997,-0.82,422790,400950,350168,0.163
664,ADIL,Healthcare,Biotechnology,NASDAQ,120.44,88,94,28,2,4.04,12380230.264484406,2933704.0,0.0719,-62.42,44000,60830,62864,
665,GGB,Basic Materials,Steel,NYSE,120.43,88,77,69,73,4.78,9514740967.907953,1961802300.0,0.053600002,-7.72,11242870,11292203,12055730,0.02
666,WCC,Industrials,Industrial Distribution,NYSE,120.43,88,72,80,85,364.67,17906399992.736694,48732854.0,0.0335,-5.37,453790,490946,557408,0.13
667,CBL,Real Estate,REIT - Retail,NYSE,120.4,88,91,91,87,52.33,1606238511.14851,30942757.0,0.0517,-13.36,294330,240476,254528,0.04
668,NHPBP,Real Estate,REIT - Healthcare Facilities,NASDAQ,120.39,88,87,84,81,25.42,,,0.06,-0.12,9558,11399,19851,0.026
669,TTMI,Technology,Electronic Components,NASDAQ,120.36,88,87,97,98,124.19,13607912569.980469,105348864.0,0.0458,-44.52,1857330,2113150,2521808,0.374
670,THC,Healthcare,Medical Care Facilities,NYSE,120.35,88,89,55,68,257.93,20911588801.971436,80519000.0,0.0294,-8.87,897480,794776,972786,0.068
671,MOV,Consumer Cyclical,Luxury Goods,NYSE,120.32,88,89,95,86,33.48,761293775.5679512,22312245.0,0.0794,-17.33,210580,202140,189672,0.049
672,BWMN,Industrials,Engineering & Construction,NASDAQ,120.31,88,79,25,38,42.61,737897817.3501587,17333752.0,0.0506,-7.03,381460,321643,384170,0.197
673,ING,Financial Services,Banks - Diversified,NYSE,120.29,88,85,78,71,36.38,104082472805.09735,2847673734.0,0.0011,-3.04,2015980,1773640,1996930,0.111
674,LUNG,Healthcare,Medical Devices,NASDAQ,120.24,88,91,19,8,1.96,82031192.35644686,42948269.0,0.0234,-32.18,254300,330223,550696,-0.046
675,CTOR,Healthcare,Drug Manufacturers - Specialty & Generic,NASDAQ,120.22,88,16,9,9,1.03,111046926.05701876,105758982.0,0.0172,-54.22,126450,87203,107090,
676,PRE,Consumer Defensive,Packaged Foods,NASDAQ,120.15,88,97,72,97,22.76,385421818.7685299,16779357.0,0.036199998,-16.45,189370,263320,219430,2.107
677,SUNC,Energy,Oil & Gas Midstream,NYSE,120.08,88,87,80,81,75.31,3931792535.638199,51517198.0,0.043,-9.81,445180,501956,499636,1.645
678,LILAK,Communication Services,Telecom Services,NASDAQ,120.06,88,92,87,78,8.39,1663190955.1620483,195900000.0,0.0464,-5.89,1560590,1394673,1349744,0.015
679,VPG,Technology,Scientific & Technical Instruments,NYSE,120.06,88,81,99,89,70.88,954142364.3143463,13320430.0,0.1258,-53.3,327970,426550,507160,0.117
680,TALO,Energy,Oil & Gas E&P,NYSE,120.06,88,87,68,94,16.46,2749921143.3139114,166965468.0,0.0874,-12.1,2535520,1992803,2014914,0.566
681,CVU,Industrials,Aerospace & Defense,NYSE ARCA,120.03,88,92,92,40,5.08,67308647.70912552,13249734.0,0.0064,-15.05,36270,48210,55472,0.158
682,STNG,Energy,Oil & Gas Midstream,NYSE,119.93,88,77,79,93,83.19,4081129267.49469,50081352.0,0.0513,-7.63,1148630,877446,827192,0.775
683,RAL,Technology,Electronic Components,NYSE,119.92,88,77,89,30,69.96,7748119625.1813965,110640008.0,0.074499995,-7.23,1499090,1357253,1538710,0.128
684,STAK,Energy,Oil & Gas Equipment & Services,NASDAQ,119.91,88,93,99,90,1.19,22476107.50558126,19210349.0,0.4461,-90.08,5145350,2165660,3978434,0.134
685,UFPT,Healthcare,Medical Devices,NASDAQ,119.9,88,89,79,29,299.22,2290042766.2234497,7745790.0,0.1891,-11.66,113080,116033,149726,0.151
686,ALTO,Basic Materials,Specialty Chemicals,NASDAQ,119.87,88,95,98,99,3.67,289330357.27950096,77568460.0,0.087799996,-39.93,1171100,1315453,1732648,0.125
687,DT,Technology,Software - Application,NYSE,119.87,88,79,46,25,57.84,16747673538.091125,289002128.0,0.0509,-2.64,8496910,7249800,6696024,0.162
688,SENEA,Consumer Defensive,Packaged Foods,NASDAQ,119.78,88,93,88,89,182.53,1236691700.414154,6770457.0,0.050300002,-13.08,93950,88880,96790,0.362
689,FNKO,Consumer Cyclical,Leisure,NASDAQ,119.78,88,95,90,37,5.46,307976713.0,55995766.0,0.15689999,-25.71,1021230,1079653,1177038,0.074
690,MSLE,Healthcare,Biotechnology,NASDAQ,119.66,88,80,76,35,8.81,184583015.2532854,21216439.0,3.09,-34.23,29230,27850,35494,
691,CRGY,Energy,Oil & Gas E&P,NYSE,119.65,88,83,29,92,12.98,4344808476.360992,330403696.0,0.1145,-16.1,7807270,6193656,6033376,0.553
692,MOVE,Technology,Software - Infrastructure,NASDAQ,119.6,88,82,98,96,11.24,371370291.19348526,31552275.0,0.0088,-57.93,252120,432846,440070,35.903
693,VGNT,Consumer Cyclical,Auto Parts,NYSE,119.6,88,89,84,32,45.4,3310131901.024189,70835265.0,4.73,-10.79,860980,716016,825592,0.108
694,QURE,Healthcare,Biotechnology,NASDAQ,119.59,88,99,96,44,39.11,2651877899.0065765,69366412.0,0.1449,-45.3,1548470,1280626,1334430,0.11
695,STRZ,Communication Services,Entertainment,NASDAQ,119.59,88,97,96,59,21.5,360806277.74411774,17124171.0,0.042600002,-34.01,455110,271656,240770,-0.037
696,ARCB,Industrials,Trucking,NASDAQ,119.58,88,90,92,84,127.07,2797495548.493103,22351354.0,0.0834,-28.08,272100,241523,300374,0.159
697,CGON,Healthcare,Biotechnology,NASDAQ,119.58,88,95,92,97,69.61,5952201316.504478,88640375.0,0.1292,-14.03,1247540,869633,843936,
698,LQDT,Consumer Cyclical,Internet Retail,NASDAQ,119.57,88,84,82,67,43.33,1366371880.103302,31331618.0,0.0498,-1.72,243940,213810,214370,0.081
699,REPX,Energy,Oil & Gas E&P,NYSE ARCA,119.55,88,82,60,91,40.12,879770634.2973061,21695947.0,0.044899996,-11.45,467480,334680,276530,0.942
700,FFIV,Technology,Software - Infrastructure,NASDAQ,119.55,88,82,84,66,435.56,25089239118.670044,56627182.0,0.031600002,-5.72,614620,509803,606624,0.109
701,APPN,Technology,Software - Infrastructure,NASDAQ,119.37,88,90,22,24,35.02,2579309647.7454567,71627597.0,0.0998,-23.97,768160,864233,893628,0.191
702,KOP,Basic Materials,Specialty Chemicals,NYSE,119.37,88,87,87,83,46.17,875038260.0170288,18911568.0,0.0538,-12.89,187030,170703,181936,0.03
703,AMTB,Financial Services,Banks - Regional,NYSE,119.33,88,88,75,76,29.3,1158844089.1002045,39189858.0,0.059699997,-4.25,410490,329903,389098,-0.079
704,LNTH,Healthcare,Drug Manufacturers - Specialty & Generic,NASDAQ,119.21,88,89,91,66,99.74,6513009393.004417,65299875.0,0.0723,-10.83,978760,1132146,1454734,0.027
705,AEF,Financial Services,Asset Management,NYSE ARCA,119.2,88,82,86,82,9.49,395457850.72707176,40601423.0,2.45,-6.41,119276,94585,98135,0.248
706,MATV,Basic Materials,Specialty Chemicals,NYSE,119.2,88,81,18,42,11.84,657865972.3706703,55190098.0,0.024500001,-23.51,533980,529403,560992,0.012
707,PLTR,Technology,Software - Infrastructure,NASDAQ,119.17,88,74,20,68,187.48,455788097501.4685,2403058480.0,0.027999999,-9.66,25230980,27663026,35381490,0.928
708,QRVO,Technology,Semiconductors,NASDAQ,119.13,88,53,49,41,116.3,10407506152.702423,88221633.0,0.0653,-3.96,1551340,1265050,1264474,-0.042
709,WKC,Energy,Oil & Gas Refining & Marketing,NYSE,119.07,88,87,83,33,35.22,1823555331.051178,51151620.0,0.2874,-14.51,1310490,1027706,1178832,0.503
710,PDFS,Technology,Software - Application,NASDAQ,119.03,88,89,96,86,49.75,2092358520.583191,42227216.0,0.098500006,-30.6,602820,625046,583640,0.189
711,TDW,Energy,Oil & Gas Equipment & Services,NYSE,119.0,88,89,62,94,83.27,4216342908.6492233,49756231.0,0.1528,-18.03,571730,583780,618810,0.003
712,AGCC,Consumer Defensive,Beverages - Wineries & Distilleries,NASDAQ,118.99,88,91,92,96,14.2,341797500.0,22786500.0,0.0098,-44.8,31470,16730,40646,2.741
713,BBVA,Financial Services,Banks - Diversified,NYSE,118.94,88,88,82,82,28.8,159313478555.5361,5518305297.0,0.00029999999,-2.83,1511500,1307990,1461482,0.202
714,HELE,Consumer Defensive,Household & Personal Products,NASDAQ,118.93,88,84,86,12,29.16,666851686.8825245,23292061.0,0.1277,-4.95,438120,383660,379156,0.082
715,RDACU,Financial Services,Shell Companies,NASDAQ,118.91,88,63,53,7,9.95,,,1.9,-49.82,0,196,118,
716,GCBC,Financial Services,Banks - Regional,NASDAQ,118.87,87,91,89,57,34.31,586698197.512703,17025485.0,0.0315,-5.56,61930,36456,36024,0.198
717,USEA,Industrials,Marine Shipping,NASDAQ,118.85,87,92,91,87,2.59,25943738.352888346,9538139.0,0.18540001,-19.06,181980,127296,95848,-0.199
718,KN,Technology,Electronic Components,NYSE,118.81,87,79,91,85,37.24,3205449430.519348,85410326.0,0.0784,-13.25,715420,740983,840474,0.143
719,BTE,Energy,Oil & Gas E&P,NYSE,118.78,87,88,83,95,4.53,3167376146.697998,699200000.0,1.57,-15.49,18611250,16048850,15864362,0.513
720,BIO,Healthcare,Medical Devices,NYSE,118.78,87,83,51,43,377.69,10187244675.0,26738175.0,0.062800005,-4.68,306070,269460,285286,-0.001
721,GTEC,Consumer Cyclical,Auto Parts,NASDAQ,118.54,87,59,9,12,0.9,28933202.866008997,26544222.0,0.0062,-44.1,405230,307673,576370,0.376
722,SCSC,Technology,Electronics & Computer Distribution,NASDAQ,118.54,87,85,78,41,57.78,1174325924.232254,20142812.0,0.078600004,-13.48,246320,306980,273882,0.173
723,ENLT,Utilities,Utilities - Renewable,NASDAQ,118.5,87,90,96,98,68.75,9719151127.611603,139904289.0,0.007900001,-36.72,230360,185123,190216,0.43
724,PNTG,Healthcare,Medical Care Facilities,NASDAQ,118.5,87,81,85,71,40.9,1424058362.9692612,34929074.0,0.0319,-4.31,534190,336826,310606,0.358
725,MEOH,Basic Materials,Chemicals,NASDAQ,118.49,87,82,48,93,59.78,4553660567.399399,77364263.0,3.3,-10.44,1063350,803563,832666,0.752
726,CHCI,Real Estate,Real Estate Services,NASDAQ,118.47,87,89,62,92,19.53,198750131.37554932,10281952.0,0.0305,-11.51,49590,47573,40736,0.741
727,ASTC,Technology,Scientific & Technical Instruments,NASDAQ,118.47,87,85,97,29,7.64,14384797.693443298,2009050.0,0.05,-88.9,39570,41813,153174,-0.427
728,ACOG,Healthcare,Biotechnology,NASDAQ,118.45,87,90,62,60,8.6,184458547.77531815,21777868.0,0.0121,-15.19,122210,149623,136046,2.676
729,BFRI,Healthcare,Drug Manufacturers - Specialty & Generic,NASDAQ,118.41,87,96,76,76,1.13,17525782.840962768,14852359.0,0.0324,-31.93,540620,729770,609732,0.329
730,GIC,Industrials,Industrial Distribution,NYSE,118.38,87,82,58,69,42.32,1581496151.5,38108341.0,0.0463,-0.19,182000,137426,134494,0.077
731,SXC,Basic Materials,Coking Coal,NYSE,118.36,87,89,57,25,9.64,812252288.5982513,84874850.0,0.057600003,-9.74,1023700,1024286,1380718,0.095
732,STT,Financial Services,Asset Management,NYSE,118.34,87,91,86,77,179.73,49814417059.11209,274701765.0,0.0001,-8.27,2543090,1770706,1749928,0.184
733,EPC,Consumer Defensive,Household & Personal Products,NYSE,118.34,87,92,82,49,28.29,1282193601.2347794,46088915.0,0.1017,-5.54,699540,568680,595638,0.017
734,BNGO,Healthcare,Medical Instruments & Supplies,NASDAQ,118.29,87,18,14,10,1.68,19549819.606900215,11777000.0,0.097200006,-24.66,4978120,1778413,1115238,0.214
735,BTSGU,Healthcare,Health Information Services,NASDAQ,118.29,87,93,96,91,188.43,,,0.2,-26.25,1501,8870,20960,0.23
736,SKK,Industrials,Engineering & Construction,NASDAQ,118.22,87,80,90,13,4.57,17585046.46662712,3960596.0,0.010299999,-74.54,37100,289750,178090,-0.046
737,RPRX,Healthcare,Biotechnology,NASDAQ,118.1,87,87,86,82,58.37,25919593786.576416,445277344.0,0.026500002,-9.34,2854990,2957943,2922466,0.165
738,TITN,Industrials,Industrial Distribution,NASDAQ,117.98,87,26,53,59,23.47,552787745.1437473,23532897.0,0.0577,-12.75,182400,282120,244068,-0.092
739,AZTA,Healthcare,Medical Instruments & Supplies,NASDAQ,117.98,87,79,29,15,34.25,1490361549.9138908,43808393.0,0.19950001,-17.92,868450,839076,771232,0.12
740,WCCB,Financial Services,Banks - Regional,NASDAQ,117.95,87,71,65,72,60.41,638917069.2949142,10524083.0,0.0,-2.49,20026,9822,7057,-0.023
741,BSTZ,Financial Services,Asset Management,NYSE,117.89,87,85,85,71,29.37,2045825919.7342873,68744150.0,0.0011,-7.9,165047,151799,165451,
742,SSRM,Basic Materials,Gold,NASDAQ,117.87,87,91,85,96,33.84,7275484314.388184,203909312.0,0.0425,-14.2,2567530,2512103,2770140,0.095
743,JAZZ,Healthcare,Biotechnology,NASDAQ,117.84,87,87,91,87,238.28,15446423399.046432,64914577.0,0.074200004,-10.55,833170,939246,890378,0.155
744,E,Energy,Oil & Gas Integrated,NYSE,117.84,87,78,64,93,55.62,78540542079.2679,1435579298.0,0.0008,-4.1,317160,354430,367980,0.185
745,NRT,Energy,Oil & Gas E&P,NYSE,117.84,87,88,64,94,8.55,79039077.50593185,9190590.0,0.0068,-18.49,22050,33260,41432,0.006
746,UEIC,Technology,Consumer Electronics,NASDAQ,117.81,87,75,54,36,5.27,65971515.96542168,12885062.0,0.0135,-12.02,65900,73170,75862,-0.25
747,CGEN,Healthcare,Biotechnology,NASDAQ,117.79,87,87,75,88,2.33,225452474.7207508,94727926.0,0.025,-28.09,171810,257350,258002,1.07
748,DXCM,Healthcare,Medical Devices,NASDAQ,117.78,87,82,52,34,86.68,32686990500.752296,377360765.0,0.052800003,-6.38,4882840,4121466,4627396,0.131
749,LFUS,Technology,Electronic Components,NASDAQ,117.75,87,76,88,89,429.21,10901650218.34433,25398747.0,0.0554,-14.26,205920,204253,258910,0.204
750,DC,Basic Materials,Gold,NYSE ARCA,117.72,87,69,29,81,6.18,886883488.424027,134172991.0,0.0626,-14.76,2009100,1477546,1421720,
751,MANH,Technology,Software - Application,NASDAQ,117.72,87,86,28,22,201.88,12012573309.986938,58304972.0,0.0656,-11.08,673980,710356,823430,0.093
752,U,Technology,Software - Application,NYSE,117.71,87,90,49,19,39.86,18285694830.38879,440088933.0,0.0665,-23.57,11336710,10018460,10884856,0.239
753,BTSG,Healthcare,Health Information Services,NASDAQ,117.7,87,92,96,92,56.54,11197137428.381687,197864241.0,0.0798,-23.34,2789290,2414870,2709486,0.23
754,BSIN,Energy,Oil & Gas E&P,NASDAQ,117.67,87,86,58,24,1.38,75590539.32369804,52493428.0,0.0172,-17.37,749370,836910,1172248,0.047
755,MTSI,Technology,Semiconductors,NASDAQ,117.6,87,78,95,94,278.56,21809247325.027405,76370931.0,0.0435,-33.5,1381350,1314410,1373918,0.358
756,BWFG,Financial Services,Banks - Regional,NASDAQ,117.6,87,89,81,83,66.16,529976725.3213806,7971972.0,0.0829,-4.93,83010,70143,71014,0.197
757,SMFG,Financial Services,Banks - Diversified,NYSE,117.58,87,85,83,80,26.43,168508272054.61145,6332516655.0,0.0014,-4.31,1285280,1326393,1446222,0.248
758,WAT,Healthcare,Diagnostics & Research,NYSE,117.58,87,75,65,29,442.94,42567496415.69046,98185855.0,0.0337,1.51,810950,700250,791422,1.134
759,PBAM,Financial Services,Banks - Regional,NASDAQ,117.57,87,88,73,76,85.8,493841280.0,5725696.0,0.31,-6.83,176901,122243,78366,0.137
760,NVT,Industrials,Electrical Equipment & Parts,NYSE,117.55,87,76,90,90,160.5,26611064343.731476,161857939.0,0.0327,-13.07,1923050,2385276,2298240,0.528
761,TXN,Technology,Semiconductors,NASDAQ,117.48,87,74,90,66,278.31,253946790734.84583,913247686.0,0.0241,-16.68,6759490,5940816,6650206,0.228
762,PR,Energy,Oil & Gas E&P,NYSE,117.48,87,88,66,93,21.3,17890218650.64424,837557029.0,0.0254,-13.57,12710950,10572110,9799896,0.551
763,KRYS,Healthcare,Biotechnology,NASDAQ,117.33,87,93,94,86,337.08,10235869682.30835,29598836.0,0.175,-11.88,318450,260883,387182,0.241
764,TSM,Technology,Semiconductors,NYSE,117.28,87,81,88,87,452.88,2337076979024.1895,5186474013.0,0.0057,-5.45,10001650,9769783,10956944,0.36
765,BDL,Consumer Cyclical,Restaurants,NYSE ARCA,117.23,87,90,87,64,44.7,83862150.65475082,1858647.0,0.0076,-14.24,21760,24366,34044,0.083
766,FTI,Energy,Oil & Gas Equipment & Services,NYSE,117.22,87,90,85,96,70.62,27839749066.366486,392164388.0,0.0326,-12.49,3363730,2846573,3086486,0.09
767,ZD,Communication Services,Advertising Agencies,NASDAQ,117.22,87,92,84,78,55.68,1937570066.5300598,34287208.0,0.2566,-7.94,886110,635430,642462,-0.027
768,ELF,Consumer Defensive,Household & Personal Products,NYSE,117.2,87,91,29,19,101.8,5871885808.014679,59007996.0,0.0842,-31.1,1329130,1549460,2011370,0.355
769,PRGO,Healthcare,Drug Manufacturers - Specialty & Generic,NYSE,117.2,87,71,16,11,15.1,2139821768.4872532,138769245.0,0.2502,-33.33,3389710,2779763,2863630,-0.032
770,AMAL,Financial Services,Banks - Regional,NASDAQ,117.12,87,89,85,84,47.28,1422649049.0088043,29900147.0,0.0752,-8.35,238660,224046,196662,0.235
771,RLJ,Real Estate,REIT - Hotel & Motel,NYSE,117.11,87,89,92,55,11.07,1706609737.336609,152375872.0,0.1066,-14.12,1771400,1669993,1747262,0.056
772,GPRK,Energy,Oil & Gas E&P,NYSE,117.11,87,68,70,80,10.68,726832421.2221174,64895753.0,0.0311,-18.66,886480,1023353,759496,0.196
773,VOC,Energy,Oil & Gas E&P,NYSE,117.03,87,81,40,79,3.44,57970001.459121704,17000000.0,0.0147,-10.42,48230,57390,111902,-0.316
774,TASK,Technology,Information Technology Services,NASDAQ,116.98,87,67,9,20,8.1,751833554.7120886,91687021.0,0.1294,-54.85,572370,484253,717282,0.05
775,IMVT,Healthcare,Biotechnology,NASDAQ,116.97,87,95,94,83,33.49,6878204153.01281,206552682.0,0.1857,-26.27,1901540,1408766,1255378,
776,FENC,Healthcare,Biotechnology,NASDAQ,116.89,86,88,86,29,10.95,371887205.14252853,35067159.0,0.018,-17.36,146350,222060,205118,0.852
777,RUM,Communication Services,Internet Content & Information,NASDAQ,116.88,86,77,35,15,7.93,2305219210.2908325,275743936.0,0.1673,-25.15,6034510,5495046,4519526,0.609
778,PRTH,Technology,Software - Infrastructure,NASDAQ,116.83,86,22,76,21,7.77,641633896.6833606,82472221.0,0.056799997,-1.77,3690910,1495656,1088084,0.094
779,NOK,Technology,Communication Equipment,NYSE,116.82,86,85,95,92,10.12,58169919295.36208,5598644598.0,0.0099,-42.01,96048280,79963326,84141608,0.084
780,TECK,Basic Materials,Copper,NYSE,116.8,86,89,77,81,65.16,32404131497.192383,490600000.0,4.47,-10.2,2691860,2979773,3082826,0.782
781,JAKK,Consumer Cyclical,Leisure,NASDAQ,116.8,86,86,75,71,25.25,289101005.73955536,11445012.0,0.0424,-7.24,52240,66616,95800,0.169
782,DRH,Real Estate,REIT - Hotel & Motel,NASDAQ,116.71,86,86,86,74,12.64,2555524908.859476,204605681.0,0.0987,-8.34,3168830,2738513,2733050,0.041
783,GRMN,Technology,Scientific & Technical Instruments,NYSE,116.69,86,80,52,72,294.05,56725647764.02832,192852536.0,0.0188,-6.44,923180,873806,930174,0.114
784,RHI,Industrials,Staffing & Employment Services,NYSE,116.65,86,94,68,19,36.76,3776127772.4432983,102361828.0,0.2328,-21.28,1885270,1973136,2113112,-0.024
785,DAVE,Technology,Software - Application,NASDAQ,116.6,86,94,95,58,320.7,4144009176.442749,12755507.0,0.202,-30.02,347730,352126,394666,0.296
786,FF,Basic Materials,Specialty Chemicals,NYSE,116.6,86,88,74,77,5.08,224580183.14024162,43863318.0,0.0465,-27.32,367490,360486,450166,1.207
787,PESI,Industrials,Waste Management,NASDAQ,116.59,86,93,71,68,15.64,331835580.7114868,21203552.0,0.1346,-26.64,404510,322546,401076,-0.117
788,TENB,Technology,Software - Infrastructure,NASDAQ,116.58,86,90,93,15,34.47,3688588215.5363045,110139983.0,0.1936,-21.07,3910180,4808310,4288336,0.086
789,ATNI,Communication Services,Telecom Services,NASDAQ,116.43,86,86,74,86,28.57,440844090.26701164,15403357.0,0.035099998,-14.49,91320,82893,83902,0.018
790,NVGS,Energy,Oil & Gas Midstream,NYSE,116.42,86,69,60,84,22.92,1415571811.6893196,61493127.0,0.0602,-10.05,575950,434016,430030,0.295
791,OXBR,Financial Services,Insurance - Reinsurance,NASDAQ,116.41,86,70,51,7,1.47,11882322.730462074,8138577.0,0.003,-31.12,8020,14580,40572,0.416
792,NVAX,Healthcare,Biotechnology,NASDAQ,116.4,86,55,78,64,10.8,1753373086.2565403,164945726.0,0.3043,-9.77,5838880,5745200,4703764,-0.763
793,GITS,Communication Services,Internet Content & Information,NASDAQ,116.4,86,31,85,97,2.06,8523895.401023865,4203104.0,0.0044,-70.94,16740,86840,99328,3.345
794,ARTW,Industrials,Farm & Heavy Construction Machinery,NASDAQ,116.39,86,67,70,43,3.15,17008532.120791435,5201386.0,0.024,-24.46,8750,23686,693026,0.239
795,HURA,Healthcare,Biotechnology,NASDAQ,116.35,86,42,93,70,2.09,133825889.62255621,63726617.0,0.1274,-39.07,200380,209630,223028,
796,EXPD,Industrials,Integrated Freight & Logistics,NYSE,116.23,86,86,75,68,188.58,24368042872.85977,129990622.0,0.0394,-3.09,1168490,897913,1014684,0.321
797,HBT,Financial Services,Banks - Regional,NASDAQ,116.22,86,87,75,70,35.9,1318253435.0,36365612.0,0.057800002,-4.29,143240,124513,130374,0.377
798,CFFI,Financial Services,Banks - Regional,NASDAQ,116.2,86,83,71,69,94.69,304358272.6383133,3251691.0,0.0165,-2.45,74080,72750,53142,0.116
799,PBI,Industrials,Integrated Freight & Logistics,NYSE,116.19,86,88,90,69,16.38,2245537557.5093155,137090212.0,0.0001,-14.11,1789090,1556873,1627034,-0.023
800,PRTS,Consumer Cyclical,Auto Parts,NASDAQ,116.19,86,67,25,68,8.15,69325311.95837116,8098751.0,0.062800005,-25.77,43710,69640,52038,-0.107
801,ANGO,Healthcare,Medical Instruments & Supplies,NASDAQ,116.18,86,90,73,36,15.54,640238696.1497669,41332389.0,0.0346,-4.6,558950,388283,431696,0.08
802,AVIR,Healthcare,Biotechnology,NASDAQ,116.17,86,88,75,95,5.2,413740107.9355831,80027099.0,0.122600004,-19.38,303610,257530,305358,
803,RILYL,Financial Services,Financial Conglomerates,NASDAQ,116.11,86,94,98,98,11.52,,,0.63,-36.28,6350,6020,6388,0.104
804,RPD,Technology,Software - Infrastructure,NASDAQ,116.06,86,86,35,4,11.8,783195429.0866089,67400640.0,0.1296,-41.5,2043740,1883266,2170902,-0.015
805,VOD,Communication Services,Telecom Services,NASDAQ,116.02,86,75,50,86,16.58,38409375335.63633,2311033297.0,0.004,-6.38,3383400,3041853,3579238,
806,ATRO,Industrials,Aerospace & Defense,NASDAQ,116.01,86,93,93,95,67.65,2977087462.581299,43009064.0,0.0946,-28.38,767500,627370,629850,0.27
807,IESC,Industrials,Engineering & Construction,NASDAQ,115.99,86,81,92,92,322.09,12916163215.13379,39848712.0,0.0885,-21.11,248840,267340,310572,0.396
808,ODC,Basic Materials,Specialty Chemicals,NYSE,115.99,86,89,92,84,89.68,1283666458.8925552,14488335.0,0.0734,-16.19,126840,112316,123630,0.094
809,JXN,Financial Services,Insurance - Life,NYSE,115.97,86,86,52,67,131.81,9016050070.573242,67728744.0,0.0645,-6.45,1203890,778026,701534,
810,STK,Financial Services,Asset Management,NYSE,115.96,86,84,88,79,51.99,940846839.4993591,17695070.0,0.11,-11.07,56981,49787,58556,
811,MBIN,Financial Services,Banks - Regional,NASDAQ,115.96,86,88,80,84,51.55,2393373637.4040604,45938075.0,0.1007,-9.35,281500,202246,192214,0.371
812,FBIOP,Healthcare,Biotechnology,NASDAQ,115.92,86,94,96,93,16.52,,,0.0,-22.91,15790,10636,11186,0.14
813,FMAO,Financial Services,Banks - Regional,NASDAQ,115.86,86,85,71,64,34.96,481096552.8632355,13773162.0,0.0212,-3.21,58560,49866,66592,0.175
814,WST,Healthcare,Medical Instruments & Supplies,NYSE,115.86,86,78,87,60,375.65,26069997447.095825,70375762.0,0.0395,-2.68,736450,553020,647474,0.138
815,LSCC,Technology,Semiconductors,NASDAQ,115.85,86,77,94,90,124.03,18186976763.041992,142030272.0,0.08140001,-21.01,1973930,1516880,1702778,0.622
816,SUN,Energy,Oil & Gas Refining & Marketing,NYSE,115.85,86,83,75,83,74.62,14085819753.735405,188413849.0,0.0354,-6.98,779140,556123,535154,1.645
817,CLRO,Technology,Communication Equipment,NASDAQ,115.83,86,90,86,9,5.1,9230171.527573586,2675412.0,0.0292,-69.09,2953250,1008363,2375678,
818,ENTG,Technology,Semiconductor Equipment & Materials,NASDAQ,115.8,86,83,89,85,150.63,23208791906.73828,152800000.0,0.0671,-19.42,2121660,2090620,2345682,0.115
819,RCKY,Consumer Cyclical,Footwear & Accessories,NASDAQ,115.77,86,82,80,93,45.03,337885174.66825104,7491911.0,0.0312,-15.05,59850,50473,59592,0.12
820,HP,Energy,Oil & Gas Drilling,NYSE,115.72,86,90,76,91,37.47,3854645078.1510544,99938945.0,0.103999995,-22.21,1226310,1234930,1258630,-0.006
821,SLAB,Technology,Semiconductors,NASDAQ,115.69,86,83,84,92,221.03,7382062386.929092,33366761.0,0.1291,-0.66,253720,293680,278526,0.183
822,AII,Financial Services,Insurance - Property & Casualty,NYSE,115.66,86,90,39,50,24.98,493558436.59401894,19593427.0,0.019199999,-7.48,235120,219806,186064,0.546
823,CRON,Healthcare,Drug Manufacturers - Specialty & Generic,NASDAQ,115.63,86,82,67,67,3.41,1230498934.1388702,368412864.0,0.0178,-5.49,794440,1069400,1205626,0.584
824,BBY,Consumer Cyclical,Specialty Retail,NYSE,115.48,86,73,66,37,89.91,18982454394.0067,209727698.0,0.086,-6.86,3521740,4016276,3664038,0.036
825,SAIC,Technology,Information Technology Services,NASDAQ,115.43,86,79,55,35,130.93,5556045402.922287,41897635.0,0.060900003,-8.22,470010,487690,457244,0.063
826,PANL,Industrials,Marine Shipping,NASDAQ,115.42,86,69,57,85,8.01,524444928.70575714,65473772.0,0.0287,-14.7,501310,424370,408380,0.194
827,DE,Industrials,Farm & Heavy Construction Machinery,NYSE,115.3,86,76,72,78,689.59,186165567893.9065,269625412.0,0.0208,-4.39,1328050,1398560,1244106,0.049
828,MSTR,Technology,Software - Application,NASDAQ,115.23,86,17,8,9,157.14,63012844335.08148,397281660.0,0.081499994,-56.97,25730850,27561136,22881914,0.069
829,ALRS,Financial Services,Banks - Regional,NASDAQ,115.22,86,88,84,73,32.06,801918465.7763367,24927526.0,0.057600003,-6.8,220110,160306,184040,0.072
830,CEVA,Technology,Semiconductors,NASDAQ,115.22,86,40,94,25,34.69,1019177427.8798523,28154072.0,0.1157,-32.77,633610,721900,781432,0.131
831,CHYM,Technology,Software - Application,NASDAQ,115.16,86,93,30,17,26.69,10138509532.533766,378585111.0,0.0733,-24.92,8316240,7759076,8227492,0.268
832,DHC,Real Estate,REIT - Healthcare Facilities,NASDAQ,115.12,86,85,94,95,7.96,1968508700.1494637,242128988.0,0.0617,-17.6,2328520,1670460,1773170,-0.045
833,WYHG,Consumer Defensive,Packaged Foods,NASDAQ,115.11,86,94,93,8,3.88,146950219.6519413,35581166.0,0.0042,-85.17,125260,950970,2239962,-0.075
834,CNQ,Energy,Oil & Gas E&P,NYSE,115.11,86,82,55,91,47.55,97735714685.44006,2061500000.0,26.75,-9.1,5750300,6487916,6536440,0.695
835,GSL,Industrials,Marine Shipping,NYSE,115.07,85,83,70,87,43.73,1597450855.2028503,36035434.0,0.024400001,-6.1,321080,299050,326612,0.02
836,ESP,Industrials,Electrical Equipment & Parts,NYSE ARCA,115.02,85,80,83,89,65.52,188242320.80215454,2868236.0,0.0278,-12.37,47930,31896,37898,0.404
837,BBNX,Healthcare,Medical Devices,NASDAQ,115.01,85,82,69,11,20.52,1160383010.9573078,53946211.0,0.23709999,-37.27,2027720,1373630,1371994,0.378
838,SCL,Basic Materials,Specialty Chemicals,NYSE,114.98,85,82,64,44,63.92,1466930778.4503174,22732540.0,0.0424,-6.0,183010,137226,144050,0.15
839,AMGN,Healthcare,Drug Manufacturers - General,NASDAQ,114.97,85,86,68,68,418.13,224151427673.63586,540632005.0,0.025999999,-6.46,3370050,2857930,2798218,0.095
840,CROX,Consumer Cyclical,Footwear & Accessories,NASDAQ,114.93,85,82,86,42,122.36,6047791731.236649,47945075.0,0.13149999,-13.39,1388010,1083190,1059696,0.026
841,PLX,Healthcare,Biotechnology,NYSE ARCA,114.88,85,82,69,70,2.69,219154868.54517317,80571642.0,0.0372,-15.67,687320,697503,713720,0.271
842,GNK,Industrials,Marine Shipping,NYSE,114.88,85,84,83,90,25.93,1137174531.100788,43586605.0,0.035,-8.76,569690,691230,553984,0.685
843,MMED,Healthcare,Medical Instruments & Supplies,NASDAQ,114.84,85,86,31,18,20.49,5621371492.5882225,281349931.0,0.4764,-16.13,2948570,2389910,1880306,0.166
844,KIDS,Healthcare,Medical Devices,NASDAQ,114.8,85,84,60,24,22.58,588775699.4798126,26109788.0,0.0495,-15.56,181440,216666,218750,0.154
845,MITK,Technology,Software - Application,NASDAQ,114.76,85,91,92,87,17.22,796861117.9548721,45122374.0,0.0926,-18.19,684790,662390,699202,0.182
846,CNMD,Healthcare,Medical Devices,NYSE,114.7,85,77,20,19,46.48,1359187666.2313843,29951248.0,0.0848,-13.38,405090,332823,421492,0.003
847,CBNA,Financial Services,Banks - Regional,NYSE,114.66,85,87,83,76,47.48,313392368.90620804,6561817.0,0.0398,-4.49,21210,18710,21464,0.549
848,TRGP,Energy,Oil & Gas Midstream,NYSE,114.64,85,88,81,89,277.43,59577514089.37015,214431021.0,0.0309,-9.91,1301470,1248760,1201634,0.042
849,SY,Healthcare,Health Information Services,NASDAQ,114.63,85,29,6,85,2.69,271658552.6976626,100614277.0,0.0211,-43.37,373750,852373,588656,0.456
850,IDAI,Technology,Software - Application,NASDAQ,114.62,85,75,17,29,3.13,17143444.42487812,5639291.0,0.0248,-40.72,30890,37950,37064,0.107
851,PARK,Healthcare,Medical Care Facilities,NASDAQ,114.62,85,91,90,90,19.77,94677663.89440155,4755282.0,0.0032,-26.2,33570,35786,30894,0.051
852,SAIL,Technology,Software - Infrastructure,NASDAQ,114.62,85,63,25,15,20.57,11783615756.663193,570911633.0,0.2541,-14.29,5682390,4489046,3994272,0.168
853,SLDE,Financial Services,Insurance - Property & Casualty,NASDAQ,114.56,85,89,68,42,22.86,2698350753.4601345,116811719.0,0.1031,-14.54,1486940,1262410,1147580,0.479
854,ACA,Industrials,Engineering & Construction,NYSE,114.55,85,84,87,72,146.53,7200040095.800659,49106809.0,0.038,-0.27,779630,647213,643840,0.017
855,RILYP,Financial Services,Financial Conglomerates,NASDAQ,114.55,85,93,98,98,10.88,,,0.51,-37.9,9120,8600,8216,0.104
856,RUSHB,Consumer Cyclical,Auto & Truck Dealerships,NASDAQ,114.54,85,82,77,78,55.09,6442351443.54517,116730415.0,0.0359,-3.99,353990,182665,171039,-0.016
857,ADI,Technology,Semiconductors,NASDAQ,114.52,85,69,84,86,395.43,190724969981.5529,484565465.0,0.0199,-11.32,3414240,3643773,3684790,0.396
858,INVX,Energy,Oil & Gas Equipment & Services,NYSE,114.49,85,84,67,85,28.86,1993171069.5,69935827.0,0.075100005,-14.39,849890,770893,760070,0.092
859,PAGP,Energy,Oil & Gas Midstream,NASDAQ,114.48,85,87,74,84,26.6,5260291600.821114,197904124.0,0.0945,-7.32,1523160,1718316,1661132,0.663
860,NSP,Industrials,Staffing & Employment Services,NYSE,114.44,85,95,73,10,46.91,1826879834.0376282,38195270.0,0.09689999,-16.08,510690,381470,483214,0.017
861,BHP,Basic Materials,Other Industrial Metals & Mining,NYSE,114.39,85,87,84,86,84.58,215949295380.3588,2541476901.0,0.0068,-14.31,2451130,2633723,2571036,0.183
862,INMB,Healthcare,Biotechnology,NASDAQ,114.37,85,92,56,12,2.0,56340190.87595773,27753789.0,0.0908,-23.08,408990,350223,348046,
863,SCWO,Industrials,Pollution & Treatment Controls,NASDAQ,114.34,85,41,19,41,2.94,52661466.87314987,17495504.0,0.0194,-73.03,40560,57763,57290,2.802
864,ZLAB,Healthcare,Biotechnology,NASDAQ,114.33,85,85,19,28,25.69,2804410324.0485992,112266228.0,0.074099995,-26.01,839400,957940,973048,-0.033
865,CPAY,Technology,Software - Infrastructure,NYSE,114.3,85,79,66,39,396.23,26139741996.079468,65659599.0,0.0494,-7.31,467850,434683,496146,0.215
866,NDSN,Industrials,Specialty Industrial Machinery,NASDAQ,114.23,85,81,71,75,331.32,18145181849.88849,55699366.0,0.0306,-2.3,401570,418590,369984,0.103
867,LTH,Consumer Cyclical,Leisure,NYSE,114.21,85,92,88,49,39.59,8931774334.340698,223461948.0,0.0653,-16.19,4360780,3074423,3128288,0.137
868,SEI,Energy,Oil & Gas Equipment & Services,NYSE,114.2,85,51,89,93,69.15,4672064474.160767,65831540.0,0.2493,-19.77,2685140,2730750,2954398,0.469
869,STLD,Basic Materials,Steel,NASDAQ,114.2,85,80,85,80,230.39,33490041566.963135,143328088.0,0.0332,-20.21,1051690,1144616,1147832,0.334
870,KGEI,Energy,Oil & Gas E&P,NASDAQ,114.2,85,78,25,68,6.43,228196739.82282877,35936495.0,4.31,-7.35,175210,156663,150602,1.029
871,DSGR,Industrials,Industrial Distribution,NASDAQ,114.17,85,76,34,38,35.0,1617089510.7718964,46255422.0,0.0574,-0.17,204240,213953,229088,0.11
872,ATLO,Financial Services,Banks - Regional,NASDAQ,114.17,85,85,81,88,31.79,281836737.69699097,8857220.0,0.0361,-3.26,25630,34400,33934,0.18
873,JCSE,Industrials,Specialty Industrial Machinery,NASDAQ,114.11,85,86,81,69,1.44,7509814.894541621,5251619.0,0.001,-42.4,6290,23603,17152,0.617
874,JCTC,Basic Materials,Lumber & Wood Production,NASDAQ,114.11,85,85,60,9,2.95,10243529.132133722,3520113.0,0.0163,-22.77,8230,18890,18072,-0.218
875,PAA,Energy,Oil & Gas Midstream,NASDAQ,114.06,85,86,73,83,24.53,17229933007.03045,705566460.0,0.026199998,-7.05,2561790,2661956,2652940,0.663
876,EGY,Energy,Oil & Gas E&P,NYSE,114.05,85,85,64,94,5.76,612216166.0173655,105191778.0,0.0793,-14.29,1608440,1358813,1300390,0.395
877,ORIC,Healthcare,Biotechnology,NASDAQ,114.04,85,82,73,65,13.27,1364068937.1438599,103652656.0,0.1709,-11.12,1762390,1335980,1481516,
878,VFF,Consumer Defensive,Farm Products,NASDAQ,114.03,85,34,21,95,3.14,387647570.81970406,122286297.0,0.047,-37.07,722070,786090,900972,0.068
879,TNET,Industrials,Staffing & Employment Services,NYSE,114.03,85,89,59,11,63.39,2988857519.1980286,45904738.0,0.0652,-13.26,292360,324143,370996,-0.044
880,INCY,Healthcare,Biotechnology,NASDAQ,114.02,85,84,82,71,124.82,25112223628.223114,202697746.0,0.083900005,-5.87,1657420,1417176,1583680,0.377
881,CARL,Healthcare,Health Information Services,NASDAQ,114.02,85,85,33,18,14.18,412271429.7151699,27302743.0,0.105500005,-17.7,80670,121000,122230,0.567
882,PFIS,Financial Services,Banks - Regional,NASDAQ,114.01,85,85,82,76,69.36,698723647.1492157,10010367.0,0.026800001,-5.47,67710,56173,57694,0.007
883,HYMC,Basic Materials,Gold,NASDAQ,113.96,85,97,98,99,19.6,2001542465.2248116,93181681.0,0.2321,-66.63,2413600,2147206,1899928,
884,PI,Technology,Semiconductors,NASDAQ,113.94,85,68,62,22,176.88,5447240712.342133,30554413.0,0.1456,-28.41,435420,383843,437518,0.107
885,CZFS,Financial Services,Banks - Regional,NASDAQ,113.92,85,87,70,72,80.44,384066914.4107437,4809855.0,0.0167,-4.97,37980,36700,36272,0.1
886,AIP,Technology,Semiconductors,NASDAQ,113.91,85,82,98,92,23.12,1174243686.7799377,49152102.0,0.066199996,-54.0,722940,704756,682372,0.462
887,APLE,Real Estate,REIT - Hotel & Motel,NYSE,113.76,85,84,88,51,16.35,3822179006.701763,236082698.0,0.111,-5.38,2822380,2423023,2737364,0.047
888,AMG,Financial Services,Asset Management,NYSE,113.73,85,86,85,75,368.13,9663598425.904602,25859933.0,0.0541,-6.31,328880,288926,283062,0.299
889,OBK,Financial Services,Banks - Regional,NYSE,113.69,85,83,83,75,53.01,1654776709.0908508,30849678.0,0.024600001,-4.61,163190,164650,172032,0.333
890,BSVN,Financial Services,Banks - Regional,NASDAQ,113.68,85,76,68,49,56.02,532019043.06469727,9525856.0,0.0348,-2.88,55970,50830,45988,-0.063
891,GTX,Consumer Cyclical,Auto Parts,NASDAQ,113.64,85,87,96,89,25.86,4796610480.025135,186493414.0,0.0373,-28.66,2376530,2737336,2553552,0.069
892,BFH,Financial Services,Credit Services,NYSE,113.58,85,89,90,80,101.25,3953727010.5755615,38419268.0,0.0005,-11.6,743540,542420,556218,0.038
893,IOSP,Basic Materials,Specialty Chemicals,NASDAQ,113.56,85,76,57,32,97.88,2431576989.907196,24631047.0,0.028800001,-0.9,280520,195163,187056,0.118
894,NWPX,Basic Materials,Steel,NASDAQ,113.54,85,91,97,90,103.11,990993499.3062439,9637202.0,0.088,-32.18,128230,137663,165454,0.197
895,SXT,Basic Materials,Specialty Chemicals,NYSE,113.53,84,83,81,50,128.88,5499966489.376556,42562811.0,0.0634,-7.16,332240,324793,409058,0.116
896,BTX,Financial Services,Asset Management,NYSE,113.47,84,79,81,63,8.86,1055061098.5078554,116710299.0,0.29,-6.09,386970,396780,442780,
897,BEN,Financial Services,Asset Management,NYSE,113.46,84,86,88,64,32.68,16776699800.779152,508076910.0,0.0429,-9.92,4413910,3524553,3924866,0.143
898,NGNE,Healthcare,Biotechnology,NASDAQ,113.45,84,94,93,83,28.48,566522213.732769,20011382.0,0.19450001,-34.77,451640,296653,246960,
899,BNS,Financial Services,Banks - Diversified,NYSE,113.44,84,84,80,73,92.75,113936232491.53137,1218830000.0,5.69,-3.12,1297640,1856183,2000156,0.117
900,EAF,Industrials,Electrical Equipment & Parts,NYSE,113.44,84,17,9,11,9.96,289362102.74134827,26092164.0,0.0684,-50.98,919520,566123,459088,-0.034
901,WDS,Energy,Oil & Gas E&P,NYSE,113.4,84,75,58,93,22.09,41900248892.229164,1901100143.0,6.14,-12.31,668370,583526,628230,0.13
902,PLBC,Financial Services,Banks - Regional,NASDAQ,113.37,84,85,78,71,62.34,433477113.01116943,6959016.0,0.045900002,-2.59,52264,53308,53566,0.431
903,HRTG,Financial Services,Insurance - Property & Casualty,NYSE,113.34,84,89,53,77,33.26,989197493.9304199,29732416.0,0.0317,-8.88,305950,266970,301226,0.03
904,CNH,Industrials,Farm & Heavy Construction Machinery,NYSE,113.26,84,65,38,42,13.26,21050798204.34555,1608158744.0,0.060300004,-8.3,16461410,22409230,19619438,0.02
905,NE,Energy,Oil & Gas Drilling,NYSE,113.24,84,80,63,96,42.61,6835879726.041061,159642218.0,0.0,-22.5,1251900,1146103,1336920,-0.163
906,BTG,Basic Materials,Gold,NYSE ARCA,113.23,84,78,27,78,5.28,7239467800.957425,1321070762.0,2.92,-16.06,20861450,26453983,25558068,0.14
907,NKSH,Financial Services,Banks - Regional,NASDAQ,113.21,84,81,65,80,42.56,269923162.5954437,6370620.0,0.0188,-1.73,29270,34026,37380,0.162
908,EXEL,Healthcare,Biotechnology,NASDAQ,113.2,84,79,78,63,58.37,14410983168.911514,247781692.0,0.1456,-2.26,2147690,2092386,2342806,0.106
909,SHEL,Energy,Oil & Gas Integrated,NYSE,113.18,84,71,37,85,96.47,273189891669.1518,2852264514.0,0.0124,-2.71,5346842,6053343,6296833,0.447
910,BIIB,Healthcare,Drug Manufacturers - General,NASDAQ,113.16,84,81,82,72,228.69,33628810846.618835,147753998.0,0.043899998,-0.22,1167760,868943,914056,0.034
911,ACNB,Financial Services,Banks - Regional,NASDAQ,113.14,84,85,82,70,63.18,648129634.2445755,10169930.0,0.044099998,-6.54,73490,77706,74494,0.053
912,XMAX,Consumer Cyclical,"Furnishings, Fixtures & Appliances",NASDAQ,113.13,84,98,97,99,8.76,561999042.9213734,64523426.0,0.15010001,-6.81,543770,562593,565522,0.071
913,CRDO,Technology,Semiconductors,NASDAQ,113.11,84,91,96,84,192.67,39652216369.89349,187951918.0,0.0514,-37.58,9150010,8070176,6844084,1.147
914,TLPH,Healthcare,Drug Manufacturers - Specialty & Generic,NASDAQ,113.06,84,92,88,58,1.19,61248836.55743265,51905796.0,0.0167,-24.2,131000,160906,208208,
915,LXP,Real Estate,REIT - Industrial,NYSE,113.06,84,84,75,64,60.91,3589318295.293152,58957264.0,0.0001,-1.14,817370,748370,847076,0.004
916,AAPL,Technology,Consumer Electronics,NASDAQ,113.05,84,72,75,65,338.4,4977637079490.967,14594180000.0,0.0088,-2.01,38584770,41585126,45998048,0.164
917,PIII,Healthcare,Medical Care Facilities,NASDAQ,113.03,84,95,98,8,6.94,27579332.846147537,3911962.0,0.0088,-58.91,10870,19313,38354,0.086
918,MSGM,Communication Services,Electronic Gaming & Multimedia,NASDAQ,113.01,84,65,80,95,4.42,19640073.522768974,4588802.0,0.0499,-20.47,80840,101933,77844,0.366
919,PAG,Consumer Cyclical,Auto & Truck Dealerships,NYSE,112.97,84,85,62,36,207.22,13764251117.640503,65662873.0,0.118,-8.71,386570,328666,419298,0.06
920,MSM,Industrials,Industrial Distribution,NYSE,112.93,84,80,85,66,122.14,6769688311.7317505,55846298.0,0.0543,-6.38,830500,647313,638920,0.078
921,PGC,Financial Services,Banks - Regional,NASDAQ,112.93,84,86,90,83,44.12,798289656.9194336,17727952.0,0.056599997,-10.22,140670,129036,160666,0.234
922,LB,Energy,Oil & Gas E&P,NYSE,112.93,84,88,72,84,80.72,2413281826.471527,29654484.0,0.119899996,-11.96,228710,255966,282966,0.406
923,MPWR,Technology,Semiconductors,NASDAQ,112.87,84,65,83,90,1351.2,67199615129.5166,49143000.0,0.052199997,-21.17,857890,698276,759980,0.476
924,AVR,Healthcare,Medical Devices,NASDAQ,112.85,84,93,96,82,7.74,749455670.6366186,97458474.0,0.0941,-29.99,850660,716383,795436,0.633
925,INDP,Healthcare,Biotechnology,NASDAQ,112.84,84,7,69,5,3.29,512982934.6930218,133242324.0,0.0223,-44.8,952230,1561663,984852,
926,IDT,Communication Services,Telecom Services,NYSE,112.79,84,81,60,36,69.56,1677633439.5921478,24868566.0,0.035,-3.56,366780,230040,214234,0.045
927,ANGH,Communication Services,Entertainment,NASDAQ,112.79,84,55,34,25,3.79,35162389.76517677,9064808.0,0.0007,-51.96,10840,26700,31860,0.053
928,BPRN,Financial Services,Banks - Regional,NASDAQ,112.78,84,80,69,66,43.47,295761054.37038803,6813201.0,0.0139,-1.43,34580,26686,26436,0.619
929,KFFB,Financial Services,Banks - Regional,NASDAQ,112.71,84,91,80,79,5.64,45123874.66303253,8086716.0,0.0116,-12.56,3270,9080,7110,0.268
930,ROST,Consumer Cyclical,Apparel Retail,NASDAQ,112.7,84,76,74,87,237.09,75429266773.37036,319453110.0,0.0346,-7.75,2122300,2518783,2353616,0.133
931,OVV,Energy,Oil & Gas E&P,NYSE,112.68,84,87,66,92,59.53,16631958295.440674,276600000.0,0.045700002,-11.82,3188350,3356396,3432596,0.297
932,EMBJ,Industrials,Aerospace & Defense,NYSE,112.63,84,77,48,64,76.53,13992855529.27311,177958235.0,0.0095999995,-5.23,1305070,1212463,1252562,0.104
933,ESCA,Consumer Cyclical,Leisure,NASDAQ,112.63,84,88,79,81,19.37,268713770.7816086,13766074.0,0.031600002,-16.04,29420,31023,39000,0.062
934,CVX,Energy,Oil & Gas Integrated,NYSE,112.62,84,76,47,85,206.37,401049783382.9619,1961603274.0,0.0106,-5.24,12437350,9366016,8771144,0.535
935,SDRL,Energy,Oil & Gas Drilling,NYSE,112.55,84,79,59,93,45.58,2850013538.4238663,62541443.0,0.0774,-17.83,585630,566410,623624,0.191
936,HSBC,Financial Services,Banks - Diversified,NYSE,112.53,84,86,82,83,101.18,345382000370.4173,3421317591.0,4.57,-6.25,1488450,1249713,1276700,0.254
937,RGA,Financial Services,Insurance - Reinsurance,NYSE,112.51,84,80,60,64,252.97,16237258603.680267,65301665.0,0.0168,-1.88,354550,326680,339396,0.185
938,RELY,Technology,Software - Infrastructure,NASDAQ,112.5,84,92,88,55,21.89,4521571522.641693,211684054.0,0.0912,-20.34,4661350,3936133,3605416,0.202
939,MRT,Technology,Software - Application,NYSE ARCA,112.49,84,62,10,25,2.16,186264361.71211767,86634583.0,0.0011999999,-21.45,64800,62643,53286,1.407
940,KMX,Consumer Cyclical,Auto & Truck Dealerships,NYSE,112.46,84,88,61,28,56.55,8118733672.236511,141911096.0,0.0787,-13.37,3309510,2187623,2257604,0.055
941,MDIA,Communication Services,Broadcasting,NASDAQ,112.45,84,88,71,27,1.08,91581648.02446532,84019858.0,0.0058,-34.15,13430,16113,16692,0.087
942,MFIN,Financial Services,Credit Services,NASDAQ,112.43,84,78,60,34,12.05,274604578.915864,22960249.0,0.0546,-1.71,82500,71006,69468,0.025
943,KARO,Technology,Software - Application,NASDAQ,112.42,84,89,56,63,60.84,1903954111.9976044,30893300.0,0.0068,-11.57,88610,67086,90394,0.225
944,USBC,Technology,Scientific & Technical Instruments,NYSE ARCA,112.41,84,28,8,5,0.53,197953655.59836626,388144430.0,0.0126,-61.59,278600,439040,326416,
945,PYPD,Healthcare,Biotechnology,NASDAQ,112.38,84,76,77,73,5.31,106027414.2584219,20311766.0,0.0086,-7.33,74710,105390,184280,
946,FIVE,Consumer Cyclical,Specialty Retail,NASDAQ,112.36,84,81,42,95,228.0,12255028527.023163,55054035.0,0.044899996,-13.6,1248060,1240520,1121666,0.229
947,BLLN,Healthcare,Diagnostics & Research,NASDAQ,112.32,84,35,82,29,121.72,5807780723.442047,47187038.0,0.1004,-19.09,706450,618200,703900,0.644
948,FRHC,Financial Services,Financial Conglomerates,NASDAQ,112.29,84,77,61,67,174.37,10976581682.078705,63787666.0,0.0515,-2.04,86980,117786,103990,0.278
949,EPRX,Healthcare,Biotechnology,NASDAQ,112.29,84,47,43,82,8.21,529247732.8529949,66073373.0,14.41,-11.91,510210,531876,471598,
950,SEIC,Financial Services,Asset Management,NASDAQ,112.29,84,85,61,33,104.82,12680026761.434738,120019182.0,0.0202,-6.54,1120470,818833,767202,0.147
951,FSEA,Financial Services,Banks - Regional,NASDAQ,112.21,84,80,84,63,17.25,81104285.92324257,4704425.0,0.0038,0.06,10910,6263,6622,0.082
952,RIOT,Financial Services,Capital Markets,NASDAQ,112.18,84,51,91,72,21.62,8630955505.0,375258935.0,0.1478,-28.69,18044390,16736053,19421296,0.139
953,AGM,Financial Services,Credit Services,NYSE,112.18,84,82,74,31,215.71,2322695412.481537,10853210.0,0.0039,-13.12,134030,105793,107952,0.249
954,WAB,Industrials,Railroads,NYSE,112.17,84,82,67,81,292.37,48646325088.0,168910851.0,0.0278,-4.65,849650,802886,941038,0.175
955,DJCO,Technology,Software - Application,NASDAQ,112.15,83,81,71,72,659.08,905121530.5351562,1377952.0,0.1262,-4.83,64680,64073,63234,0.153
956,MLSS,Healthcare,Medical Instruments & Supplies,NYSE ARCA,112.12,83,89,36,15,0.41,37150538.37594956,90611070.0,0.0011999999,-31.67,73600,91236,128270,0.223
957,GOLD,Financial Services,Capital Markets,NYSE,112.11,83,87,86,91,42.85,1281351548.4433136,29154756.0,0.16469999,-35.76,606910,678530,554370,0.992
958,VIST,Energy,Oil & Gas E&P,NYSE,112.06,83,81,69,92,66.91,7458931585.477753,110617404.0,0.0325,-17.84,1023640,1215666,1069464,1.023
959,PSTL,Real Estate,REIT - Office,NYSE,112.05,83,84,89,83,23.22,715385834.9109707,30248873.0,0.095699996,-7.93,542650,366520,334280,0.224
960,CSCO,Technology,Communication Equipment,NASDAQ,112.02,83,82,90,76,106.74,420674007317.2797,3942586873.0,0.0146,-18.13,23236580,17412033,19437586,0.176
961,FSM,Basic Materials,Gold,NYSE,112.01,83,82,33,84,11.21,3459741729.841338,295957387.0,3.68,-19.06,4282460,4899263,5209410,0.382
962,TTE,Energy,Oil & Gas Integrated,NYSE,112.0,83,72,56,90,90.34,200820054728.42352,2208269731.0,0.0022,-4.07,1512630,1576743,1552352,0.278
963,UAN,Basic Materials,Agricultural Inputs,NYSE,111.97,83,84,66,89,123.58,1296894550.3440247,10569638.0,0.039300002,-11.41,24790,34440,40072,0.2
964,IAUX,Basic Materials,Gold,NYSE ARCA,111.94,83,91,82,95,1.65,1506668936.677882,865901683.0,0.10569999,-26.34,10071690,9621343,9850838,-0.125
965,UVE,Financial Services,Insurance - Property & Casualty,NYSE,111.89,83,87,87,82,42.3,1172771142.7136993,27830355.0,0.028099999,-6.31,148770,167540,182986,0.067
966,WTBA,Financial Services,Banks - Regional,NASDAQ,111.85,83,83,76,77,28.96,497506867.2723408,17043743.0,0.026099999,-4.52,56430,55103,61670,0.18
967,CHRD,Energy,Oil & Gas E&P,NASDAQ,111.84,83,84,47,91,135.15,7453679251.1345215,54697872.0,0.0825,-13.95,780630,695230,734130,0.841
968,ARIS,Basic Materials,Gold,NYSE,111.83,83,90,80,97,17.5,3907733081.487648,206430693.0,3.82,-24.86,1674250,1505246,1542278,0.623
969,NBTX,Healthcare,Biotechnology,NASDAQ,111.82,83,97,98,99,32.6,1696125617.0271683,50919410.0,0.0047,-42.95,122620,153856,146204,
970,GMAB,Healthcare,Biotechnology,NASDAQ,111.82,83,78,52,61,35.36,21718357525.146637,614902540.0,0.0081,-0.84,2666310,2380710,2310724,0.249
971,CPAC,Basic Materials,Building Materials,NYSE,111.81,83,91,85,86,12.16,1047149303.6756477,85621369.0,0.0005,-4.55,89240,52790,55268,0.154
972,NVTS,Technology,Semiconductors,NASDAQ,111.8,83,60,95,94,11.73,3203176757.121517,262555476.0,0.1735,-65.67,12539200,12035713,13245076,-0.273
973,NNVC,Healthcare,Biotechnology,NYSE ARCA,111.77,83,30,68,28,1.5,36759389.780686855,25527353.0,0.023599999,-32.74,901140,519553,445322,
974,MSFT,Technology,Software - Infrastructure,NASDAQ,111.76,83,66,25,26,509.22,3832843689188.0576,7425545491.0,0.0091,-8.04,23544940,21943460,28266950,0.177
975,NBR,Energy,Oil & Gas Drilling,NYSE,111.75,83,92,90,96,79.42,1235531473.2066193,15191583.0,0.0706,-29.65,224740,217616,237758,-0.022
976,SABR,Technology,Software - Infrastructure,NASDAQ,111.75,83,82,74,27,2.1,879811433.4620862,403583214.0,0.1042,-16.0,6492430,4872603,4540924,0.036
977,PFG,Financial Services,Asset Management,NASDAQ,111.73,83,79,80,67,114.64,24572788928.834938,214104641.0,0.0512,-5.4,1586180,1323156,1410890,0.064
978,DOCU,Technology,Software - Application,NASDAQ,111.72,83,60,16,16,66.98,12615915510.0,186902452.0,0.097600006,-18.75,3730990,3461283,3317840,0.094
979,EZPW,Financial Services,Credit Services,NASDAQ,111.71,83,90,94,91,30.83,1917461065.090355,61535978.0,0.2703,-16.97,817150,885683,934526,0.347
980,FCBC,Financial Services,Banks - Regional,NASDAQ,111.7,83,84,73,79,47.54,900509846.7815895,18910329.0,0.0397,-5.24,102690,94673,95008,0.374
981,SONO,Technology,Consumer Electronics,NASDAQ,111.65,83,35,32,55,17.97,2150584574.3204575,118293979.0,0.1308,-9.33,2360370,1770086,1837752,0.088
982,EGO,Basic Materials,Gold,NYSE,111.6,83,90,61,86,39.44,10933168639.882019,260810332.0,5.01,-22.91,3836880,3137343,2937396,0.079
983,FOCL,Healthcare,Medical Distribution,NASDAQ,111.59,83,89,96,89,4.53,222390658.80117416,47216700.0,0.0064,-29.22,86580,114266,130326,0.388
984,RRBI,Financial Services,Banks - Regional,NASDAQ,111.57,83,82,78,88,99.77,664994706.0,6584106.0,0.0497,-4.86,68950,60223,67378,0.095
985,BOW,Financial Services,Insurance - Property & Casualty,NYSE,111.54,83,80,72,23,33.8,1112155793.50626,32943005.0,0.0336,-3.62,273260,327183,353240,0.23
986,NL,Industrials,Security & Protection Services,NYSE,111.51,83,72,59,38,7.0,343269111.74733067,48898734.0,0.0183,-18.6,22390,35243,37284,0.08
987,HSDT,Financial Services,Asset Management,NASDAQ,111.5,83,33,8,3,2.84,177748590.27947474,60458703.0,0.026600001,-86.15,705820,496536,341892,57.744
988,LEGH,Consumer Cyclical,Residential Construction,NASDAQ,111.48,83,79,70,33,29.12,696842995.254982,23783038.0,0.0738,-7.08,91080,77720,104884,0.323
989,COSM,Healthcare,Medical Distribution,NASDAQ,111.46,83,10,8,11,0.37,35423087.90405631,100633773.0,0.0353,-71.97,4652340,3391003,3454286,0.288
990,WEAV,Healthcare,Health Information Services,NYSE,111.44,83,69,55,15,7.37,591310770.4276476,80450446.0,0.0757,-4.29,1719050,4472740,3191166,0.155
991,NEU,Basic Materials,Specialty Chemicals,NYSE,111.44,83,79,63,35,912.44,8258740242.170532,9196406.0,0.0754,-7.05,124770,118320,126244,0.07
992,PKBK,Financial Services,Banks - Regional,NASDAQ,111.43,83,84,84,84,33.65,397184847.2839737,11761470.0,0.0233,-5.74,41930,49146,48322,0.311
993,CERT,Healthcare,Health Information Services,NASDAQ,111.43,83,66,26,10,9.13,1389628233.429966,152538780.0,0.2959,-34.22,2996520,2390216,3037380,0.01
994,CIEN,Technology,Communication Equipment,NYSE,111.42,83,94,97,99,344.19,50612881177.06833,141808525.0,0.0399,-46.01,2738110,2455913,2331168,0.37
995,KALU,Basic Materials,Aluminum,NASDAQ,111.42,83,85,93,92,151.57,2494054034.493469,16349092.0,0.0699,-24.17,218470,221423,241598,0.527
996,KSPI,Technology,Software - Infrastructure,NASDAQ,111.42,83,85,70,33,95.82,18179908190.269684,190027266.0,0.0083,-12.84,481940,624553,582122,0.136
997,BWIN,Financial Services,Insurance Brokers,NASDAQ,111.41,83,84,57,18,31.82,3084308555.1409836,96838572.0,0.1513,-2.71,6518770,3515376,2615246,0.301
998,CAC,Financial Services,Banks - Regional,NASDAQ,111.37,83,83,77,76,57.4,976987368.0234299,16897049.0,0.0444,-5.26,104920,93993,95120,0.205
999,TMP,Financial Services,Banks - Regional,NYSE ARCA,111.34,83,84,82,78,97.71,1432105846.4606857,14382905.0,0.0274,-4.76,137420,116010,110940,0.072
1000,VAL,Energy,Oil & Gas Drilling,NYSE,111.33,83,78,74,97,79.62,5623605860.599113,69435807.0,0.111999996,-30.23,1349930,1168780,1158102,-0.124
1001,CBC,Financial Services,Banks - Regional,NASDAQ,111.3,83,84,81,53,31.85,7678534892.890247,239505133.0,0.0802,-5.82,2372320,1371430,1093438,0.137
1002,APLM,Healthcare,Biotechnology,NASDAQ,111.3,83,99,90,86,23.84,65149468.8619709,2914965.0,0.0031,-43.4,10060,10616,18344,
1003,HRMY,Healthcare,Biotechnology,NASDAQ,111.3,83,75,75,30,40.01,2402833477.432148,58236393.0,0.1062,-8.0,1201660,931706,904318,0.303
1004,GILD,Healthcare,Drug Manufacturers - General,NASDAQ,111.27,83,69,55,78,152.21,187146422462.4472,1239955155.0,0.0148,-3.23,6625120,5771440,6157490,0.102
1005,SVM,Basic Materials,Silver,NYSE ARCA,111.26,83,92,84,95,10.76,2508479577.813404,221206309.0,0.1257,-31.77,1870950,2116370,2304912,0.705
1006,IX,Financial Services,Financial Conglomerates,NYSE,111.24,83,78,86,76,39.03,40757060022.816216,1039986258.0,0.0007,-7.93,332970,329080,287538,0.174
1007,IVZ,Financial Services,Asset Management,NYSE,111.2,83,85,74,73,30.43,13651173231.28376,441499780.0,0.0427,-9.6,5290850,4025860,4467028,0.205
1008,NXDR,Communication Services,Internet Content & Information,NYSE,111.12,83,72,84,25,2.42,970989485.3307261,386848402.0,0.0272,-34.95,2871690,2147513,2332372,0.145
1009,TRST,Financial Services,Banks - Regional,NASDAQ,111.11,83,84,85,82,55.35,956959000.9911346,17027740.0,0.0837,-6.63,164850,150203,139282,0.107
1010,ALM,Basic Materials,Other Industrial Metals & Mining,NASDAQ,111.09,83,97,93,98,13.21,3957955967.032671,288480750.0,2.99,-45.88,6379070,6673010,6683608,4.977
1011,VOYA,Financial Services,Financial Conglomerates,NYSE,111.09,83,88,82,40,95.98,8812306563.104073,90596349.0,0.0002,-9.14,1391280,1074006,1033308,-0.043
1012,DV,Communication Services,Advertising Agencies,NYSE,111.08,83,74,41,28,13.4,2078383585.0707703,154987592.0,0.054,-1.83,2666310,3173170,3965092,0.025
1013,DNA,Healthcare,Biotechnology,NYSE,111.04,83,18,65,21,10.46,717847342.5446892,67340277.0,0.1336,-40.5,2140560,1478300,1293650,-0.485
1014,CACI,Technology,Information Technology Services,NYSE,110.99,82,70,30,71,616.4,13664622978.902283,22099597.0,0.0561,-9.82,254550,251296,278222,0.176
1015,XOM,Energy,Oil & Gas Integrated,NYSE,110.99,82,75,55,88,162.52,660331926598.1287,4111911960.0,0.0108,-7.87,15318640,14475196,14266300,0.441
1016,NVDA,Technology,Semiconductors,NASDAQ,110.97,82,65,59,73,228.86,5434765466857.91,24147000000.0,0.0127,-3.25,107316400,122804366,121824018,1.059
1017,EMF,Financial Services,Asset Management,NYSE,110.96,82,79,85,77,22.24,333039155.4239063,14947897.0,0.87,-9.96,28520,29186,32854,0.152
1018,ASIC,Financial Services,Insurance - Property & Casualty,NYSE,110.96,82,84,78,44,26.57,1301216076.917328,47926928.0,0.0354,-8.38,87070,82610,74010,0.459
1019,AMPH,Healthcare,Drug Manufacturers - Specialty & Generic,NASDAQ,110.96,82,39,21,23,27.39,1111516441.0207367,42537944.0,0.2559,-7.22,610090,472010,478246,0.054
1020,GBTG,Consumer Cyclical,Travel Services,NYSE,110.95,82,79,87,20,9.5,4962547708.5,522373443.0,0.030299999,-0.63,2709420,2060810,1761790,0.379
1021,ONC,Healthcare,Biotechnology,NASDAQ,110.93,82,78,37,60,367.0,40820132487.29288,113122161.0,0.0212,-4.73,392220,377890,390296,0.296
1022,BST,Financial Services,Asset Management,NYSE,110.92,82,80,80,59,47.94,1697808982.0785446,34720019.0,0.0034999999,-6.55,82713,85617,87424,
1023,MKTW,Financial Services,Financial Data & Stock Exchanges,NASDAQ,110.91,82,74,63,85,19.79,56803742.16613388,2792711.0,0.0312,-13.32,17900,22656,18426,-0.052
1024,INSP,Healthcare,Medical Devices,NYSE,110.9,82,49,10,9,70.0,2038181437.5,28910375.0,0.17790002,-52.39,893350,713866,753224,-0.076
1025,BAP,Financial Services,Banks - Regional,NYSE,110.9,82,81,87,87,385.95,30668563743.562225,79419317.0,0.0231,-6.61,298740,315063,302044,0.12
1026,WDAY,Technology,Software - Application,NASDAQ,110.87,82,76,16,11,188.6,45657449264.52637,241000000.0,0.083100006,-24.51,2646070,3401793,4125654,0.128
1027,JNJ,Healthcare,Drug Manufacturers - General,NYSE,110.85,82,83,81,85,271.95,653612700420.1107,2409898597.0,0.0098,-3.24,6755860,6413266,6758210,0.066
1028,BDX,Healthcare,Medical Instruments & Supplies,NYSE,110.79,82,81,53,52,183.83,50070143571.02051,272386800.0,0.047399998,-4.79,2077760,1787353,1806272,0.054
1029,VET,Energy,Oil & Gas E&P,NYSE,110.77,82,83,31,95,11.52,1772480058.2885742,152800000.0,8.99,-22.27,1555230,1431610,1507552,0.231
1030,GRC,Industrials,Specialty Industrial Machinery,NYSE,110.72,82,87,93,90,76.06,1959904108.8507004,26410243.0,0.0328,-18.02,256040,178743,185796,0.039
1031,CABR,Healthcare,Drug Manufacturers - Specialty & Generic,NASDAQ,110.71,82,86,87,79,1.24,12825495.44334507,10368226.0,0.002,-32.61,21060,36626,58226,
1032,MFC,Financial Services,Insurance - Life,NYSE,110.71,82,81,74,65,43.5,72774677240.56543,1659249344.0,2.94,-4.04,1487190,2279213,2253518,0.107
1033,PBM,Healthcare,Biotechnology,NASDAQ,110.66,82,17,6,0,5.66,21207663.4617424,3814328.0,0.018099999,-96.78,123370,110890,93872,
1034,ARMK,Industrials,Specialty Business Services,NYSE,110.65,82,86,85,68,54.26,14441409253.397644,262953564.0,0.031400003,-13.39,2351770,2276270,2453156,0.093
1035,LITB,Consumer Cyclical,Internet Retail,NYSE,110.65,82,91,91,41,2.99,60560605.42310858,19726582.0,0.0005,-28.3,2180,5356,4986,-0.035
1036,ACHC,Healthcare,Medical Care Facilities,NASDAQ,110.61,82,86,89,81,27.91,2615186738.9559746,93100275.0,0.3548,-22.1,1711680,1584873,1950554,-0.004
1037,MLR,Consumer Cyclical,Auto Parts,NYSE,110.58,82,86,65,71,54.03,613472033.7532349,11352184.0,0.0434,-9.5,97040,102870,97246,0.121
1038,RS,Basic Materials,Steel,NYSE,110.54,82,76,75,60,391.53,19772407998.077545,51054555.0,0.0311,-9.58,307520,329980,339310,0.265
1039,FBIZ,Financial Services,Banks - Regional,NASDAQ,110.53,82,85,71,67,69.42,590217599.3847656,8368320.0,0.038599998,-5.86,70870,59433,63104,0.165
1040,AUC,Financial Services,Capital Markets,NASDAQ,110.51,82,34,78,21,9.28,87457398.3189125,10313373.0,0.0007,-14.71,4910,4853,4160,3.0
1041,RBKB,Financial Services,Banks - Regional,NASDAQ,110.46,82,79,81,85,12.69,200609442.58707047,15635966.0,0.0308,-4.08,216080,145030,180255,0.014
1042,WNC,Industrials,Farm & Heavy Construction Machinery,NYSE,110.46,82,93,88,29,12.65,530805353.3120012,40737173.0,0.10560001,-12.58,723500,676896,869496,-0.091
1043,IFF,Basic Materials,Specialty Chemicals,NYSE,110.39,82,78,72,53,85.72,21863800952.394714,255149963.0,0.0877,-4.03,1843670,1568973,1649232,0.018
1044,NXDT,Real Estate,REIT - Diversified,NYSE,110.39,82,88,85,75,5.23,276682402.69583416,53106027.0,0.0295,-12.1,171300,169510,179752,-0.13
1045,WHWK,Healthcare,Biotechnology,NASDAQ,110.33,82,94,93,92,3.76,213213697.9436803,57009010.0,0.077199996,-31.57,389280,311506,372014,
1046,TS,Energy,Oil & Gas Equipment & Services,NYSE,110.32,82,67,75,90,56.12,28002359248.895203,504819878.0,0.0242,-13.13,1084500,1230703,1321630,-0.039
1047,AIRT,Industrials,Conglomerates,NASDAQ,110.28,82,92,83,71,28.48,78279658.12154579,2696509.0,0.024,-18.63,63760,40796,31522,0.629
1048,COP,Energy,Oil & Gas E&P,NYSE,110.25,82,81,38,87,126.04,155088830809.03827,1218294007.0,0.0134000005,-11.0,7837130,6869746,6749780,0.355
1049,KMDA,Healthcare,Drug Manufacturers - Specialty & Generic,NASDAQ,110.22,82,69,37,77,8.62,503233875.010314,57710305.0,0.0050999997,-7.81,127390,167930,133620,0.227
1050,MET,Financial Services,Insurance - Life,NYSE,110.21,82,80,70,35,95.82,62086093828.57832,635476927.0,0.0194,-5.06,3346260,3044483,3437516,0.105
1051,MTEX,Consumer Defensive,Food Distribution,NASDAQ,110.11,82,38,13,21,7.83,14858458.631944656,1929670.0,0.0121,-37.11,20160,40666,29036,0.038
1052,SRCE,Financial Services,Banks - Regional,NASDAQ,110.1,82,83,77,75,85.53,2073204312.1497192,24081826.0,0.048600003,-6.48,111020,102953,120244,0.16
1053,NWL,Consumer Defensive,Household & Personal Products,NASDAQ,110.08,82,94,88,23,5.44,2312636926.8894196,425900000.0,0.1511,-23.7,5605140,6311556,7936384,0.03
1054,RDW,Industrials,Aerospace & Defense,NYSE,110.05,82,60,65,34,11.2,2904914087.9706163,249992609.0,0.1981,-57.96,14340760,12544710,14777352,0.896
1055,TD,Financial Services,Banks - Diversified,NYSE,110.05,82,86,84,80,119.55,197672600549.99542,1638397000.0,4.38,-4.72,1465060,1818186,2002370,0.115
1056,UROY,Energy,Uranium,NASDAQ,110.03,82,74,20,80,4.0,1577618645.642024,381067318.0,1.92,-27.54,5575300,3669480,3648072,1.129
1057,CTOS,Industrials,Rental & Leasing Services,NYSE,110.03,82,79,92,81,9.31,2149927262.356763,227505535.0,0.0777,-23.88,857140,888060,1012882,0.102
1058,IART,Healthcare,Medical Devices,NASDAQ,110.02,82,80,90,15,16.27,1253692861.9892845,77772506.0,0.120699994,-20.6,1010140,784923,831660,0.008
1059,NMR,Financial Services,Capital Markets,NYSE,109.99,82,84,70,72,10.02,29401273698.188282,2922591697.0,0.0004,-8.41,703940,716066,755720,0.312
1060,WBD,Communication Services,Entertainment,NASDAQ,109.98,82,87,81,94,30.9,77370240153.9548,2507136702.0,0.023699999,-0.06,67424560,34020300,29983134,-0.112
1061,ROG,Technology,Electronic Components,NYSE,109.97,82,75,91,84,136.64,2461541731.4463043,17868335.0,0.0493,-19.15,261810,207620,219514,0.069
1062,DGX,Healthcare,Diagnostics & Research,NYSE,109.96,82,83,67,70,237.62,26083433243.598633,110373360.0,0.0327,-4.51,1269230,1030126,1044146,0.102
1063,NPK,Industrials,Aerospace & Defense,NYSE,109.92,82,86,48,84,146.28,1032303478.3530579,7136067.0,0.0933,-7.52,128860,108663,100186,0.217
1064,SMBK,Financial Services,Banks - Regional,NYSE,109.89,82,85,77,75,49.76,860395156.1419601,17098473.0,0.0313,-8.09,133350,108913,123912,0.164
1065,HURC,Industrials,Specialty Industrial Machinery,NASDAQ,109.85,82,87,82,33,21.99,140212368.82947922,6476322.0,0.0064,-10.21,17630,24636,22286,0.032
1066,VECO,Technology,Semiconductor Equipment & Materials,NASDAQ,109.84,82,80,95,85,49.07,3036309106.868286,61129640.0,0.1545,-43.36,708120,601576,704084,0.165
1067,SLB,Energy,Oil & Gas Equipment & Services,NYSE,109.81,82,84,61,84,51.49,76492743484.5137,1484143231.0,0.0467,-14.84,13670090,12906130,12821616,0.05
1068,FISI,Financial Services,Banks - Regional,NASDAQ,109.79,82,85,82,78,39.55,792786853.7791443,19706360.0,0.0346,-7.96,166210,150110,151478,0.07
1069,WASH,Financial Services,Banks - Regional,NASDAQ,109.78,82,85,71,79,38.49,741228125.7020416,19074321.0,0.0738,-5.06,125370,137756,144432,0.097
1070,BATRA,Communication Services,Entertainment,NASDAQ,109.78,82,69,74,67,59.61,3787830881.5800476,64167897.0,0.0654,0.69,60980,70660,68788,-0.023
1071,DLTH,Consumer Cyclical,Apparel Retail,NASDAQ,109.75,82,85,92,88,3.94,150879855.0573318,38005001.0,0.0235,-22.59,73650,190990,135502,-0.078
1072,SKE,Basic Materials,Other Industrial Metals & Mining,NYSE,109.72,82,88,78,95,29.87,3978422260.685463,125462705.0,12.42,-22.96,435220,507770,517312,
1073,MKSI,Technology,Scientific & Technical Instruments,NASDAQ,109.71,82,87,97,97,258.38,17636011972.805786,67617558.0,0.1021,-42.28,1351160,1316736,1395068,0.283
1074,SOLV,Healthcare,Medical Instruments & Supplies,NYSE,109.7,81,76,59,26,89.54,15235023745.5,170223729.0,0.0337,-4.91,947680,926186,1053774,0.022
1075,CFBK,Financial Services,Banks - Regional,NASDAQ,109.68,81,84,75,78,34.25,224046225.22303772,6492212.0,0.024600001,-10.13,38040,38700,49666,0.102
1076,NEM,Basic Materials,Gold,NYSE,109.68,81,85,57,91,116.05,127949852789.09137,1053692271.0,0.0183,-14.22,7116090,7772453,7598742,0.151
1077,FA,Industrials,Specialty Business Services,NASDAQ,109.67,81,89,89,20,18.61,3366372409.1188335,171753691.0,0.13159999,-26.0,1382740,1395473,1927226,0.149
1078,SLNG,Energy,Oil & Gas Integrated,NASDAQ,109.65,81,87,26,23,5.15,97630580.25,18596301.0,0.003,-27.16,15050,34620,44726,-0.312
1079,TXMD,Healthcare,Drug Manufacturers - Specialty & Generic,NASDAQ,109.63,81,83,87,91,2.09,23727441.54809141,11574362.0,0.0032,-29.15,19590,30586,25234,-0.087
1080,AUTL,Healthcare,Biotechnology,NASDAQ,109.62,81,90,29,22,1.86,493731516.77664757,266162540.0,0.0482,-27.91,1445950,1957966,2225266,1.184
1081,TXO,Energy,Oil & Gas E&P,NYSE,109.6,81,75,43,58,14.27,791625121.0953312,55242507.0,0.0197,-8.4,149870,167716,167336,0.679
1082,DNOW,Industrials,Industrial Distribution,NYSE,109.58,81,74,30,29,16.14,2879919298.8014755,180785891.0,0.0723,-6.49,2396720,2184093,2367078,1.081
1083,BGR,Financial Services,Asset Management,NYSE,109.53,81,75,54,83,17.12,434282263.664938,25456171.0,0.00029999999,-4.46,103953,102344,92538,-0.058
1084,ALZN,Healthcare,Biotechnology,NASDAQ,109.52,81,47,16,4,1.73,8831073.297097564,4825723.0,0.026199998,-35.45,128230,127023,94116,
1085,TECH,Healthcare,Biotechnology,NASDAQ,109.5,81,85,78,34,72.51,11386572356.894257,156818238.0,0.0482,-0.25,3585070,2814880,3108010,0.013
1086,OSBC,Financial Services,Banks - Regional,NASDAQ,109.49,81,83,71,73,24.85,1269349153.015091,50875716.0,0.0504,-4.64,520010,438110,446440,0.227
1087,INNV,Healthcare,Medical Care Facilities,NASDAQ,109.47,81,96,96,94,8.89,1228062825.0,136451425.0,0.052800003,-29.67,1171040,555166,427986,0.183
1088,RBCAA,Financial Services,Banks - Regional,NASDAQ,109.45,81,83,78,61,93.45,1856409036.9686737,19634151.0,0.054899998,-8.58,115750,107790,110474,0.044
1089,SIBN,Healthcare,Medical Devices,NASDAQ,109.4,81,79,61,23,18.76,833177316.0887718,44818575.0,0.1538,-14.3,575100,576820,539234,0.152
1090,BATRK,Communication Services,Entertainment,NASDAQ,109.36,81,66,74,64,54.29,3481749983.5163155,64167897.0,0.0733,-0.31,510960,481916,510060,-0.023
1091,KEEL,Technology,Information Technology Services,NASDAQ,109.34,81,77,97,84,3.6,2346778176.1518145,617573212.0,0.18100001,-51.15,32883310,36339293,35076218,-0.5
1092,PWR,Industrials,Engineering & Construction,NYSE,109.32,81,69,88,89,644.36,97592407432.1886,150343393.0,0.024,-18.31,839550,983603,1035690,0.411
1093,HVT,Consumer Cyclical,Home Improvement Retail,NYSE,109.32,81,79,69,42,27.83,435841858.5969925,15593626.0,0.0,-6.7,135270,125746,131350,0.077
1094,EGHT,Technology,Software - Application,NASDAQ,109.29,81,31,31,31,2.23,332201645.4127786,144435501.0,0.0242,-22.57,1881500,1487846,1631368,0.049
1095,CTBI,Financial Services,Banks - Regional,NASDAQ,109.27,81,82,78,74,75.22,1372770559.8846436,18167954.0,0.039,-5.88,124310,104320,107018,0.112
1096,RCBC,Financial Services,Banks - Regional,NASDAQ,109.26,81,82,55,67,50.58,714858240.6253815,13994875.0,1.81,-7.84,122318,71349,60533,0.198
1097,CRBG,Financial Services,Asset Management,NYSE,109.24,81,72,53,24,33.78,15544087366.003578,445772522.0,0.048299998,-5.22,5094430,3911726,4283034,0.259
1098,OBT,Financial Services,Banks - Regional,NASDAQ,109.24,81,82,81,82,37.68,507089156.5682144,13407963.0,0.0134000005,-6.03,69140,51296,55046,-0.05
1099,CD,Financial Services,Capital Markets,NASDAQ,109.18,81,5,19,17,6.52,586320245.6073761,110003800.0,0.055999998,-82.27,234280,237046,226594,0.984
1100,MD,Healthcare,Medical Care Facilities,NYSE,109.17,81,84,87,81,25.93,2137773516.6160717,81253271.0,0.083000004,-7.19,787390,743570,749508,0.04
1101,SPB,Consumer Defensive,Household & Personal Products,NYSE,109.16,81,85,85,83,82.84,1952556140.5723877,22995596.0,0.1985,-16.37,277740,300013,327984,0.077
1102,DMLP,Energy,Oil & Gas E&P,NASDAQ,109.15,81,78,43,74,28.33,1425614533.2645264,49091408.0,0.0084,-7.24,98040,103933,174626,0.731
1103,LLY,Healthcare,Drug Manufacturers - General,NYSE,109.15,81,76,83,62,1184.78,1055340249511.1113,891741406.0,0.0084,-8.34,2319550,2411933,2513218,0.477
1104,GEF,Consumer Cyclical,Packaging & Containers,NYSE,109.14,81,84,65,63,81.62,4699069113.78418,56848160.0,1.21,-9.88,413390,336166,315526,0.035
1105,CNO,Financial Services,Insurance - Life,NYSE,109.13,81,85,80,60,53.64,4994303564.2270775,92521371.0,0.0001,-6.86,1342950,1043133,881902,0.116
1106,DSGN,Healthcare,Biotechnology,NASDAQ,109.07,81,96,96,97,12.36,758489602.9580984,62581651.0,0.115600005,-28.35,850000,723863,606410,
1107,CASS,Industrials,Specialty Business Services,NASDAQ,109.05,81,84,74,67,54.25,691564893.6462402,12776000.0,0.0352,-9.02,101950,89380,81808,0.122
1108,IPAR,Consumer Defensive,Household & Personal Products,NASDAQ,109.03,81,82,76,35,117.94,3776800363.1034927,32025781.0,0.1158,-8.78,245430,219973,234166,0.021
1109,IEX,Industrials,Specialty Industrial Machinery,NYSE,109.01,81,78,75,66,231.15,16961473806.665161,73719896.0,0.0325,-5.19,634620,570340,631664,0.064
1110,ADVB,Healthcare,Diagnostics & Research,NASDAQ,109.01,81,96,18,14,6.73,10540608.729071617,1652133.0,0.0113,-72.22,22850,144303,2175610,
1111,GENC,Industrials,Farm & Heavy Construction Machinery,NYSE ARCA,109.01,81,82,50,66,17.31,255923463.50047302,14657702.0,0.0095999995,-14.26,61820,73500,60276,0.253
1112,BMY,Healthcare,Drug Manufacturers - General,NYSE,109.0,81,83,62,73,63.88,128405044522.93408,2042714656.0,0.020599999,-6.93,14539020,9993163,10894466,0.057
1113,WLY,Communication Services,Publishing,NYSE,109.0,81,90,86,63,47.61,2410020832.83123,50683930.0,0.1548,-17.13,515305,537541,495153,-0.026
1114,RFL,Real Estate,Real Estate Services,NYSE,108.91,81,97,97,27,2.02,100879995.21546364,51999996.0,0.0366,-48.99,149160,131466,117268,-0.506
1115,CARE,Financial Services,Banks - Regional,NASDAQ,108.9,81,90,91,82,29.66,671788736.7731838,22163931.0,0.0992,-17.75,318670,280206,340392,0.683
1116,GDRX,Healthcare,Health Information Services,NASDAQ,108.89,81,76,52,11,3.31,1142837017.2658405,341145388.0,0.0493,-43.03,804050,1253790,1385688,-0.013
1117,HOOD,Financial Services,Capital Markets,NASDAQ,108.84,81,62,75,31,116.46,107350424768.09067,899082273.0,0.0462,-24.31,22881960,22493270,20640022,0.323
1118,FRSH,Technology,Software - Application,NASDAQ,108.79,81,84,35,15,12.53,3271946470.9266624,260920772.0,0.096499994,-10.44,4588000,4551936,7097632,0.16
1119,BP,Energy,Oil & Gas Integrated,NYSE,108.78,81,64,43,89,44.43,113701365944.86047,2575342288.0,0.0028,-7.96,10298720,9817816,8958034,0.482
1120,ACCO,Industrials,Business Equipment & Supplies,NYSE,108.78,81,73,78,22,4.32,397845612.7981186,92307568.0,0.0763,-5.26,742780,703673,687570,0.051
1121,TRV,Financial Services,Insurance - Property & Casualty,NYSE,108.74,81,83,73,66,363.16,75721077769.13727,208575022.0,0.033299997,-8.91,1466630,1480150,1702600,0.003
1122,SLF,Financial Services,Insurance - Diversified,NYSE,108.73,81,81,78,61,79.48,44432009809.88666,556025626.0,3.67,-5.81,470120,898526,813358,0.075
1123,ANGX,Communication Services,Entertainment,NYSE,108.69,81,61,16,6,4.57,896430366.820941,186756319.0,0.0542,-53.6,2484120,1878536,1697316,0.275
1124,OPK,Healthcare,Diagnostics & Research,NASDAQ,108.68,81,62,70,26,1.63,1223978278.323689,746328225.0,0.0868,-6.86,2364270,2808490,3597080,0.043
1125,BXC,Industrials,Industrial Distribution,NYSE,108.67,81,86,27,19,74.9,600127555.9562607,7860217.0,0.0643,-20.15,183650,151170,167814,0.044
1126,AVBP,Healthcare,Biotechnology,NASDAQ,108.63,81,79,91,84,29.3,1402804927.6688118,49307729.0,0.1886,-18.22,722250,554296,522912,
1127,FLNG,Energy,Oil & Gas Midstream,NYSE,108.61,81,71,68,85,30.8,1670372525.4838715,54092376.0,0.1375,-7.78,388440,428296,365746,0.242
1128,PETZ,Real Estate,Real Estate Services,NASDAQ,108.61,81,59,67,68,1.39,13936412.046125889,10323268.0,0.012200001,-23.84,8730,751010,482614,0.446
1129,IMNM,Healthcare,Biotechnology,NASDAQ,108.6,81,94,91,96,21.68,2424690918.2593613,113250394.0,0.1672,-27.88,1808290,1282446,1160526,
1130,AVNT,Basic Materials,Specialty Chemicals,NYSE,108.59,81,84,62,64,41.19,3786182912.0376587,91719550.0,0.059499998,-11.69,678200,690650,761434,0.058
1131,WLYB,Communication Services,Publishing,NYSE,108.58,81,91,86,59,47.77,2421171359.301262,50683930.0,0.0031,-13.94,5400,1987,2586,-0.026
1132,DDS,Consumer Cyclical,Department Stores,NYSE,108.57,81,57,37,75,681.94,10372408939.970276,15619451.0,0.283,-8.09,184200,172053,161364,-0.004
1133,ICUI,Healthcare,Medical Instruments & Supplies,NASDAQ,108.55,80,83,71,30,164.03,4124910841.7845764,25007038.0,0.0726,-14.94,276170,245870,285180,0.005
1134,ADM,Consumer Defensive,Farm Products,NYSE,108.52,80,73,74,84,80.38,39096562696.70153,481959583.0,0.0397,-9.43,3820220,3720283,3847526,0.072
1135,MTD,Healthcare,Diagnostics & Research,NYSE,108.42,80,62,44,43,1545.26,30288064340.264282,20036559.0,0.04,0.28,268470,208813,194860,0.045
1136,LTC,Real Estate,REIT - Healthcare Facilities,NYSE,108.4,80,68,60,70,43.09,2314704801.1919746,53905563.0,0.062,-1.17,706330,581800,551974,0.655
1137,CZNC,Financial Services,Banks - Regional,NASDAQ,108.39,80,81,66,75,25.56,460926095.5832176,17934867.0,0.0235,-3.07,57720,64033,65424,0.532
1138,VIRT,Financial Services,Capital Markets,NYSE,108.39,80,93,90,85,51.97,4715256339.936142,88300678.0,0.0552,-24.42,1180030,1362566,1231306,0.291
1139,USCB,Financial Services,Banks - Regional,NASDAQ,108.36,80,80,64,65,22.65,418077240.59560776,18474470.0,0.0214,-5.17,103480,82396,71698,0.141
1140,RAMP,Technology,Software - Infrastructure,NYSE,108.36,80,77,81,40,37.63,2279811825.0,60794982.0,0.16299999,-1.57,1500900,1226606,1067896,0.098
1141,BNY,Financial Services,Banks - Diversified,NYSE,108.28,80,87,82,81,148.44,101877392780.03937,678504142.0,0.0001,-10.49,4639360,3314116,3123392,0.131
1142,PCVX,Healthcare,Biotechnology,NASDAQ,108.27,80,85,80,91,58.27,8364344540.144699,148805278.0,0.109,-10.35,1586950,1239013,1127816,
1143,NVCR,Healthcare,Medical Devices,NASDAQ,108.27,80,82,83,16,15.83,1844502123.368225,116445840.0,0.137,-26.2,1071180,1198426,1406714,0.156
1144,GOTU,Consumer Defensive,Education & Training Services,NYSE,108.24,80,21,13,16,2.45,578237321.2466679,235055818.0,0.0172,-27.51,589330,431610,383986,0.202
1145,ATLC,Financial Services,Credit Services,NASDAQ,108.21,80,88,92,42,87.1,1403228515.0,15170038.0,0.3147,-23.82,119390,122703,142110,0.833
1146,PEO,Financial Services,Asset Management,NYSE,108.18,80,80,59,83,27.7,784511382.8448372,28028274.0,0.015,-6.89,66623,62977,62384,0.05
1147,IBKR,Financial Services,Capital Markets,NASDAQ,108.18,80,85,85,74,87.08,40432695012.16061,453078171.0,0.0317,-11.82,4108520,3874633,4248642,0.263
1148,BMHL,Financial Services,Capital Markets,NASDAQ,108.17,80,92,92,35,5.0,130407954.57730722,25520147.0,0.0019,-21.26,2500,1880,1634,-0.315
1149,NTCT,Technology,Software - Infrastructure,NASDAQ,108.17,80,80,87,84,39.41,2867576285.4317017,72707312.0,0.0629,-12.96,662870,623340,600140,0.127
1150,ACB,Healthcare,Drug Manufacturers - Specialty & Generic,NASDAQ,108.13,80,36,12,21,4.09,259571244.0622821,63310061.0,6.62,-38.63,793060,1025470,1353588,-0.088
1151,JOF,Financial Services,Asset Management,NYSE,108.13,80,72,65,72,12.65,358707081.05659103,28333893.0,0.12,-1.56,60240,62553,73550,0.423
1152,SAN,Financial Services,Banks - Diversified,NYSE,108.12,80,85,82,81,14.22,209038168560.18796,14496405510.0,0.0034,-5.51,7235310,13818966,13280152,0.102
1153,VABK,Financial Services,Banks - Regional,NASDAQ,108.11,80,69,68,57,48.91,262203888.99398804,5425282.0,0.013099999,-2.18,10640,7310,7194,0.386
1154,EQH,Financial Services,Asset Management,NYSE,108.1,80,72,48,22,52.31,14685710013.700756,272765787.0,0.0,-4.99,3736800,2833610,2918480,-0.298
1155,POWL,Industrials,Electrical Equipment & Parts,NASDAQ,108.1,80,77,96,97,187.23,6905063810.446655,36432564.0,0.0975,-42.92,569210,539723,615068,0.089
1156,CLW,Basic Materials,Paper & Paper Products,NYSE,108.02,80,76,24,16,19.89,328038722.2209015,16127764.0,0.0433,-15.68,146510,143970,182526,-0.043
1157,PPHC,Industrials,Consulting Services,NASDAQ,107.99,80,45,11,79,11.23,334194867.65936184,30216533.0,0.0087,-25.87,460250,238860,181500,0.073
1158,CERS,Healthcare,Medical Devices,NASDAQ,107.95,80,84,94,69,2.45,527995209.6973057,201524898.0,0.0919,-29.39,2187670,1713890,2266204,0.095
1159,JAN,Real Estate,REIT - Residential,NYSE,107.93,80,81,74,45,30.04,7042908350.987595,234372996.0,0.085,-8.5,2369550,1648180,1767688,0.454
1160,GLW,Technology,Electronic Components,NYSE,107.92,80,86,96,97,151.59,135014011732.68742,861388331.0,0.0231,-44.22,7924120,8763626,10658586,0.166
1161,BGC,Financial Services,Capital Markets,NASDAQ,107.9,80,80,63,74,11.77,5629523693.030434,475466522.0,0.0379,-8.69,4414590,3390940,3037664,0.083
1162,HPK,Energy,Oil & Gas E&P,NASDAQ,107.87,80,73,35,68,7.59,955983191.0043125,126452804.0,0.512,-16.86,691050,462193,483468,0.258
1163,ACRV,Healthcare,Biotechnology,NASDAQ,107.85,80,83,51,22,2.06,89992056.11318493,42853362.0,0.0419,-42.13,407830,359886,337902,
1164,SIG,Consumer Cyclical,Luxury Goods,NYSE,107.84,80,29,34,66,103.3,3918321351.034462,38317243.0,0.2142,-6.26,931410,1004550,858338,-0.005
1165,ASH,Basic Materials,Specialty Chemicals,NYSE,107.81,80,86,77,51,68.07,3162490020.3997803,45793370.0,0.1083,-13.01,700220,607246,701938,0.073
1166,YEXT,Technology,Software - Infrastructure,NYSE,107.81,80,72,25,8,6.43,640392194.1134415,98978704.0,0.104499996,-28.79,1079860,1084343,983578,-0.018
1167,PFE,Healthcare,Drug Manufacturers - General,NYSE,107.8,80,67,30,68,28.72,163409642231.4806,5699673589.0,0.0272,-1.68,34770390,33635396,35982778,0.026
1168,ARGX,Healthcare,Biotechnology,NASDAQ,107.78,80,83,80,69,972.25,59668543789.48755,62187771.0,0.021,-9.37,274110,273670,280274,0.593
1169,XP,Financial Services,Capital Markets,NASDAQ,107.77,80,37,26,70,20.23,10166629168.69474,495691324.0,0.044,-12.54,6745400,6972620,5609506,0.106
1170,PBFS,Financial Services,Banks - Regional,NASDAQ,107.76,80,78,79,65,17.72,427256184.3447685,24179750.0,0.0154,-11.0,20830,14640,12668,0.179
1171,OSUR,Healthcare,Medical Instruments & Supplies,NASDAQ,107.74,80,66,88,63,3.95,271046708.7141526,68968627.0,0.0484,-13.76,729950,528533,492924,-0.019
1172,CVLT,Technology,Software - Application,NASDAQ,107.74,80,68,81,10,148.08,6031841566.306702,41444564.0,0.0955,-24.79,609400,529116,596896,0.114
1173,IAG,Basic Materials,Gold,NYSE,107.74,80,88,75,96,18.68,11248700435.638428,571000000.0,1.73,-24.89,6915010,5545690,5683286,0.475
1174,MEDP,Healthcare,Diagnostics & Research,NASDAQ,107.71,80,81,69,75,615.94,17273965182.687378,27911655.0,0.0753,-9.14,280300,222806,276926,0.172
1175,FNWD,Financial Services,Banks - Regional,NASDAQ,107.62,80,82,62,66,42.45,187359013.7528,4333002.0,0.03,-7.52,12534,11744,18742,0.024
1176,PBHC,Financial Services,Banks - Regional,NASDAQ,107.61,80,73,67,33,17.2,108934458.44511223,6278643.0,0.0022,-6.01,2640,4870,5022,0.471
1177,EMR,Industrials,Specialty Industrial Machinery,NYSE,107.61,80,66,51,60,159.39,88260691616.82129,557800000.0,0.0150999995,-4.18,2340220,2171723,2572312,0.07
1178,SOAR,Industrials,Airports & Air Services,NYSE ARCA,107.59,80,8,4,2,0.32,9653985.023614883,53633248.0,0.1216,-91.74,102788160,77070673,55435068,-0.961
1179,NKTX,Healthcare,Biotechnology,NASDAQ,107.58,80,64,90,76,2.67,196968175.25,71624791.0,0.0612,-28.23,655990,602916,613446,
1180,LUXE,Consumer Cyclical,Luxury Goods,NYSE,107.57,80,31,42,56,9.42,1310384430.767377,139699831.0,0.1985,-17.22,598740,268350,217068,0.115
1181,BMEZ,Financial Services,Asset Management,NYSE,107.57,80,75,63,56,16.83,1050648567.8606491,62501404.0,0.0013,-2.43,124303,145104,131840,
1182,FBLA,Financial Services,Banks - Regional,NASDAQ,107.56,80,76,70,73,16.45,239142380.689991,14519878.0,0.0396,-0.18,131300,104676,91532,0.084
1183,HNI,Consumer Cyclical,"Furnishings, Fixtures & Appliances",NYSE,107.51,80,86,53,19,46.86,3407702711.9155884,72181800.0,0.059699997,-11.23,633380,551946,579436,1.207
1184,CLS,Technology,Electronic Components,NYSE,107.5,80,35,84,95,356.53,46086046904.36847,126111117.0,0.0309,-24.79,2195500,2205056,2686574,0.624
1185,BAX,Healthcare,Medical Instruments & Supplies,NYSE,107.49,80,86,61,17,23.49,12082196930.51031,516995999.0,0.0709,-21.7,8082190,5928953,6685128,0.053
1186,APH,Technology,Electronic Components,NYSE,107.46,80,73,83,81,84.62,207363148767.61945,2465966914.0,0.0145000005,-5.2,12956140,12060083,12574730,0.55
1187,PRSU,Consumer Cyclical,Travel Services,NYSE,107.45,80,83,91,74,49.65,1352699696.4125977,27449264.0,0.0828,-12.15,277040,220856,216526,0.143
1188,COKE,Consumer Defensive,Beverages - Non-Alcoholic,NASDAQ,107.43,80,80,81,89,193.57,12666519058.35617,66564294.0,0.0686,-11.87,655310,516306,505330,0.106
1189,EFSI,Financial Services,Banks - Regional,NASDAQ,107.4,80,68,65,56,45.91,247419044.40597534,5411615.0,0.0295,-4.69,35887,47909,51947,0.106
1190,KNTK,Energy,Oil & Gas Midstream,NYSE,107.38,80,86,67,80,51.21,4119448214.5829086,80442263.0,0.0954,-10.03,1496670,1183380,1133934,0.363
1191,BBCP,Industrials,Engineering & Construction,NASDAQ,107.36,80,84,92,64,9.9,492343736.468277,50393420.0,0.0557,-18.79,198650,225463,190022,0.126
1192,CAT,Industrials,Farm & Heavy Construction Machinery,NYSE,107.32,80,80,93,92,819.95,377659703160.392,459674889.0,0.020299999,-23.62,2519260,2422076,2680626,0.24
1193,SYNA,Technology,Semiconductors,NASDAQ,107.3,79,58,92,61,100.36,4077204711.8126526,39692413.0,0.1084,-32.69,592720,675996,669930,0.089
1194,POWW,Industrials,Aerospace & Defense,NASDAQ,107.3,79,73,86,86,2.27,265779527.56262684,116060931.0,0.0319,-14.98,600340,509620,571036,0.221
1195,PEBO,Financial Services,Banks - Regional,NASDAQ,107.29,79,81,76,71,39.11,1409657638.1748962,35942315.0,0.0529,-7.52,325240,264190,296466,0.108
1196,DBI,Consumer Cyclical,Footwear & Accessories,NYSE,107.15,79,38,76,88,6.29,313386472.3706093,51123404.0,0.36099997,-31.41,754460,701930,574932,-0.012
1197,QNBC,Financial Services,Banks - Regional,NASDAQ,107.14,79,75,73,78,45.64,284323990.0547867,6209303.0,0.0036000002,-0.78,16079,14006,9535,0.403
1198,STKE,Financial Services,Capital Markets,NASDAQ,107.13,79,12,31,2,1.67,65535854.0530324,39718700.0,0.0066000004,-67.88,568210,377956,279748,-0.412
1199,FDBC,Financial Services,Banks - Regional,NASDAQ,107.09,79,77,72,58,54.84,323766245.6693878,5808508.0,0.0109,-3.62,16090,9920,12438,0.111
1200,SHOO,Consumer Cyclical,Footwear & Accessories,NASDAQ,107.05,79,75,72,67,44.9,3293229846.5275726,73085436.0,0.08189999,-9.66,1183710,1032136,1046170,0.191
1201,TII,Basic Materials,Other Industrial Metals & Mining,NYSE ARCA,107.05,79,86,73,98,2.67,285063350.20739937,98980326.0,2.52,-52.74,224510,337760,353558,0.573
1202,KRNY,Financial Services,Banks - Regional,NASDAQ,107.04,79,87,82,74,9.17,591301832.3111773,63173275.0,0.0523,-10.45,545400,667010,600952,0.149
1203,KO,Consumer Defensive,Beverages - Non-Alcoholic,NYSE,107.01,79,77,68,69,87.18,377806838523.5594,4302549243.0,0.0095,-5.74,16303710,15243723,15485382,0.067
1204,SPSC,Technology,Software - Application,NASDAQ,106.97,79,78,15,10,81.01,2926814256.0638123,36000174.0,0.107200004,-29.48,475170,502793,561538,0.056
1205,CTS,Technology,Electronic Components,NYSE,106.94,79,64,83,74,59.33,1701949178.4267044,28556195.0,0.044,-14.69,289070,205243,209460,0.07
1206,RHP,Real Estate,REIT - Hotel & Motel,NYSE,106.94,79,82,84,58,122.09,8378831557.322998,68984288.0,0.0602,-11.18,640300,589630,727094,0.136
1207,WSFS,Financial Services,Banks - Regional,NASDAQ,106.93,79,80,79,79,76.44,3995930989.7766113,51388000.0,0.074099995,-7.84,416940,357370,378328,0.088
1208,ECBK,Financial Services,Banks - Regional,NASDAQ,106.92,79,74,72,59,21.23,180870438.0663376,8737702.0,0.0162,-2.53,11430,9950,9780,0.491
1209,LXFR,Industrials,Specialty Industrial Machinery,NYSE,106.92,79,77,83,43,17.28,465632769.0,26993204.0,0.0218,-11.16,401400,387426,409466,-0.102
1210,CRM,Technology,Software - Application,NYSE,106.91,79,74,15,18,227.27,192598463516.23535,823000000.0,0.0454,-15.55,12614400,15339023,14214960,0.108
1211,JHX,Basic Materials,Building Materials,NYSE,106.89,79,88,75,28,25.39,15151637158.251755,580522488.0,0.026300002,-19.22,19572500,11072553,9737298,0.639
1212,FLYW,Technology,Software - Infrastructure,NASDAQ,106.87,79,85,88,38,17.3,2117017481.1874657,121667674.0,0.1001,-12.32,1497140,1408306,1740378,0.272
1213,KMTS,Healthcare,Medical Instruments & Supplies,NASDAQ,106.81,79,77,81,31,28.13,1616507079.9463654,59561795.0,0.1113,-6.23,483620,347066,338236,0.599
1214,IMO,Energy,Oil & Gas Integrated,NYSE ARCA,106.8,79,78,66,92,122.34,61090657174.82997,497237969.0,0.20899999,-12.26,618040,607596,558544,0.426
1215,SHBI,Financial Services,Banks - Regional,NASDAQ,106.79,79,81,82,78,22.8,767896078.3983078,33372276.0,0.0335,-8.4,222090,179923,198924,0.106
1216,SMHI,Industrials,Marine Shipping,NYSE,106.79,79,85,68,86,8.47,236869558.55957794,27132826.0,0.0376,-15.3,100650,94443,109228,-0.102
1217,III,Technology,Information Technology Services,NASDAQ,106.76,79,61,24,23,5.37,254654821.20096207,48413462.0,0.019199999,-16.74,265840,214356,228016,0.064
1218,IFS,Financial Services,Banks - Regional,NYSE,106.71,79,80,85,83,55.52,6247835943.75,111072639.0,0.0105,-9.55,228990,217936,236610,0.038
1219,SCZM,Basic Materials,Other Industrial Metals & Mining,NASDAQ,106.68,79,84,53,98,9.02,881547849.7524261,92990284.0,5.03,-48.88,527200,519620,497066,0.548
1220,BOF,Consumer Defensive,Packaged Foods,NASDAQ,106.67,79,84,92,89,3.96,60323509.88025856,16259706.0,0.0052,-24.57,31240,26596,24954,0.361
1221,GRDN,Healthcare,Medical Care Facilities,NYSE,106.67,79,68,88,91,40.74,2610336289.8483887,63342304.0,0.0654,-15.7,859290,598226,500550,0.022
1222,FCFS,Financial Services,Credit Services,NASDAQ,106.65,79,77,82,84,216.95,9431197777.63977,43371800.0,0.065,-9.2,383070,418180,435864,0.294
1223,LSBK,Financial Services,Banks - Regional,NASDAQ,106.64,79,72,73,77,18.13,139954499.7632141,7853788.0,0.0025,-5.03,45320,27073,20432,0.087
1224,BMO,Financial Services,Banks - Diversified,NYSE,106.62,79,80,84,75,171.15,119764394556.35316,695092237.0,5.24,-8.58,573450,777933,775140,0.12
1225,META,Communication Services,Internet Content & Information,NASDAQ,106.58,79,28,27,32,715.62,1914858460669.0261,2547506225.0,0.014099999,-8.23,27626550,21491800,19206518,0.28
1226,NOV,Energy,Oil & Gas Equipment & Services,NYSE,106.57,79,80,67,86,19.5,7079655780.076981,356478125.0,0.14140001,-11.08,3445760,3193706,3363488,-0.025
1227,INOD,Technology,Information Technology Services,NASDAQ,106.56,79,31,87,20,66.79,2379623244.231743,34382651.0,0.146,-46.63,2095720,1332893,1400820,0.578
1228,GPRE,Basic Materials,Chemicals,NASDAQ,106.55,79,68,89,97,14.8,1045822299.1078491,70095328.0,0.1924,-24.68,1538530,1577236,1496418,-0.193
1229,TLX,Healthcare,Biotechnology,NASDAQ,106.54,79,81,72,40,11.62,3890530101.491289,339784294.0,0.0011,-11.37,634730,364843,262346,0.223
1230,CVGI,Consumer Cyclical,Auto Parts,NASDAQ,106.53,79,84,96,98,2.96,121085393.1350069,40632682.0,0.0342,-49.66,282910,258820,375428,0.135
1231,WEX,Technology,Software - Infrastructure,NYSE,106.53,79,83,31,62,177.06,6076069567.476471,34081611.0,0.096,-13.2,595510,527743,666192,0.142
1232,VOYG,Industrials,Aerospace & Defense,NYSE,106.52,79,58,67,21,33.18,1913261054.2807388,61029060.0,0.19139999,-36.68,3738490,2033370,1871694,0.155
1233,NX,Industrials,Building Products & Equipment,NYSE,106.51,79,65,44,63,19.38,904609335.4312134,45826208.0,0.1187,-16.93,452650,446693,397130,0.013
1234,BWAY,Healthcare,Medical Devices,NASDAQ,106.51,79,87,92,93,13.25,535602815.49564075,40240631.0,0.0064999997,-23.85,93200,88326,122900,0.354
1235,RIG,Energy,Oil & Gas Drilling,NYSE,106.5,79,76,73,96,5.28,6008814985.116782,1116880085.0,0.2732,-31.07,47669630,41829550,43512004,-0.022
1236,LFCR,Healthcare,Drug Manufacturers - Specialty & Generic,NASDAQ,106.46,79,16,28,12,6.52,158982844.78010178,37853060.0,0.0866,-27.39,523580,267860,216108,
1237,CHMI,Real Estate,REIT - Mortgage,NYSE,106.38,79,81,36,61,2.73,101235859.9123578,36947394.0,0.0001,-8.39,217830,251596,378822,0.276
1238,BHB,Financial Services,Banks - Regional,NYSE ARCA,106.35,79,78,71,68,39.21,653206461.4501953,16766080.0,0.037100002,-4.64,135280,99980,97236,0.423
1239,NTRS,Financial Services,Asset Management,NASDAQ,106.33,79,83,79,76,174.55,32150796120.01912,182955653.0,0.0248,-10.84,1053120,977103,1062010,0.364
1240,AUDC,Technology,Communication Equipment,NASDAQ,106.32,79,68,57,54,10.55,257468780.3545761,24152794.0,0.0116,-2.85,113280,106680,109958,0.031
1241,FNLC,Financial Services,Banks - Regional,NASDAQ,106.29,79,84,81,71,34.3,387548361.7845154,11282340.0,0.0150999995,-5.51,50566,32882,33185,0.129
1242,CCSI,Technology,Software - Infrastructure,NASDAQ,106.25,79,85,90,64,34.44,645403775.2092896,18324922.0,0.0833,-16.81,138880,175673,158428,0.042
1243,GFF,Industrials,Building Products & Equipment,NYSE,106.25,79,78,76,41,96.08,4456547079.594299,45294716.0,0.0624,-11.5,376740,320880,332412,0.07
1244,SNEX,Financial Services,Capital Markets,NASDAQ,106.23,79,80,92,87,65.9,8081533458.840332,120962936.0,0.0559,-30.38,995420,844573,938388,0.152
1245,NWG,Financial Services,Banks - Regional,NYSE,106.2,79,78,74,68,18.34,73329936940.10199,3965924167.0,0.00029999999,-5.56,3381880,2883503,3287052,0.145
1246,CHE,Healthcare,Medical Care Facilities,NYSE,106.16,79,78,67,27,514.3,6693910874.760071,13069961.0,0.0589,-7.67,190330,152943,163376,0.088
1247,CBK,Financial Services,Banks - Regional,NASDAQ,106.16,79,84,82,67,31.99,439673756.3906479,13701270.0,0.042600002,-10.59,47667,42249,49701,0.067
1248,AVBC,Financial Services,Banks - Regional,NYSE,106.12,79,82,76,82,21.71,400462125.63705444,18471500.0,0.0271,-5.18,166940,168033,158676,0.169
1249,KLAC,Technology,Semiconductor Equipment & Materials,NASDAQ,106.07,79,84,95,91,189.17,245236817587.10175,1305006492.0,0.0202,-38.46,9602820,9401420,10287368,0.152
1250,NWFL,Financial Services,Banks - Regional,NASDAQ,106.06,79,77,69,77,33.9,368272046.4118042,10902074.0,0.0165,-4.45,40160,33340,36258,0.347
1251,IHD,Financial Services,Asset Management,NYSE,106.02,79,75,77,75,7.64,136034055.2231388,17735861.0,0.0019,-6.14,45273,70501,62608,
1252,REI,Energy,Oil & Gas E&P,NYSE ARCA,106.01,78,79,36,93,1.31,354333869.247049,260539607.0,0.030299999,-34.5,4183770,3909096,3725838,0.265
1253,DBX,Technology,Software - Infrastructure,NASDAQ,106.01,78,82,57,30,31.92,7027745379.721779,217442619.0,0.2705,-16.37,5630700,4187693,4331138,0.009
1254,CCNE,Financial Services,Banks - Regional,NASDAQ,105.99,78,78,79,82,33.84,1009813950.4299583,29621999.0,0.0299,-6.44,167490,148503,155160,0.51
1255,TARS,Healthcare,Biotechnology,NASDAQ,105.97,78,63,56,74,76.81,3541662978.9575195,46791688.0,0.135,-16.08,606700,724003,769992,0.694
1256,TRIN,Financial Services,Asset Management,NYSE,105.96,78,82,79,64,17.5,1672288502.3909073,94693574.0,0.066,-7.38,859720,874413,973766,0.193
1257,FBP,Financial Services,Banks - Regional,NYSE,105.96,78,83,74,63,26.76,4131203250.5463486,152668268.0,0.0713,-10.44,1611230,1298110,1407994,0.094
1258,BELFB,Technology,Electronic Components,NASDAQ,105.94,78,83,93,95,248.07,3648704655.7525635,14439450.0,0.0704,-26.01,154540,150600,193880,0.252
1259,CFFN,Financial Services,Banks - Regional,NASDAQ,105.93,78,81,78,78,8.46,1070846828.9293671,123369446.0,0.0802,-8.64,1159930,901103,897332,0.183
1260,AIT,Industrials,Industrial Distribution,NYSE,105.93,78,70,78,66,337.42,12246713792.144165,36733895.0,0.028099999,-9.97,327650,289716,276382,0.104
1261,FVCB,Financial Services,Banks - Regional,NASDAQ,105.9,78,82,78,79,17.75,324254997.6445961,18034205.0,0.0231,-7.12,81789,72193,82899,0.264
1262,TILE,Consumer Cyclical,"Furnishings, Fixtures & Appliances",NASDAQ,105.86,78,87,85,53,35.17,2034576236.0982513,57800460.0,0.1025,-13.16,510460,496493,470582,0.054
1263,RLGT,Industrials,Integrated Freight & Logistics,NYSE ARCA,105.84,78,74,87,73,8.75,402352833.0222511,46894270.0,0.0224,-14.22,603930,315500,233722,0.185
1264,CTRN,Consumer Cyclical,Apparel Retail,NASDAQ,105.84,78,93,88,85,50.82,408883076.230011,8339447.0,0.18530001,-34.77,237560,194363,168704,0.109
1265,PLGO,Financial Services,Insurance - Diversified,NYSE,105.83,78,81,86,66,23.92,1982170782.939949,82728333.0,0.0502,-9.19,566770,457613,456100,0.103
1266,CCEL,Healthcare,Medical Care Facilities,NYSE ARCA,105.81,78,57,21,22,4.16,34185634.154605865,8062650.0,0.0017,-15.1,9890,15846,27388,-0.019
1267,RBB,Financial Services,Banks - Regional,NASDAQ,105.81,78,78,84,75,26.33,449626321.82941437,16915964.0,0.0372,-6.76,119300,94460,122350,0.173
1268,TAK,Healthcare,Drug Manufacturers - Specialty & Generic,NYSE,105.79,78,71,43,76,18.9,60229466228.23947,3193502878.0,0.0013,-1.05,2512500,2282466,2964024,0.102
1269,ZGN,Consumer Cyclical,Apparel Manufacturing,NYSE,105.79,78,78,81,70,12.64,3422961786.1522064,268889388.0,0.091800004,-20.75,1187510,1167780,1103688,0.064
1270,PAYO,Technology,Software - Infrastructure,NASDAQ,105.76,78,84,77,25,7.14,2429560519.972267,338850836.0,0.047,-0.7,3378850,2793590,3773052,0.052
1271,EHC,Healthcare,Medical Care Facilities,NYSE,105.76,78,64,36,39,124.02,12180733442.906494,98653384.0,0.0343,-3.1,982020,864113,887194,0.096
1272,HST,Real Estate,REIT - Hotel & Motel,NASDAQ,105.71,78,74,84,76,22.66,15360489077.850843,685124399.0,0.0842,-11.86,9540780,8230946,8999634,0.036
1273,ZNTL,Healthcare,Biotechnology,NASDAQ,105.68,78,95,98,94,2.6,255614172.31430864,94671914.0,0.0596,-62.59,1157010,1007423,1081302,
1274,EGBN,Financial Services,Banks - Regional,NASDAQ,105.66,78,77,74,79,28.45,870012617.3289108,30483973.0,0.1177,-2.87,382370,276000,279994,
1275,EFOR,Technology,Information Technology Services,NYSE,105.66,78,35,4,21,32.83,1357919956.2072754,41000000.0,0.1074,-40.24,743910,671756,828336,-0.013
1276,MICC,Consumer Defensive,Packaged Foods,NYSE,105.62,78,84,76,38,18.8,11493238451.463627,605544717.0,11.77,-9.11,681680,777730,805460,0.042
1277,UNF,Industrials,Specialty Business Services,NYSE,105.62,78,86,83,87,259.44,4685428316.3437805,18084173.0,0.0986,-15.4,381870,316066,246106,0.039
1278,LARK,Financial Services,Banks - Regional,NASDAQ,105.59,78,73,73,56,31.95,195035602.35106277,6100582.0,0.020499999,-7.66,10240,8826,9412,0.145
1279,SLP,Healthcare,Health Information Services,NASDAQ,105.59,78,75,76,15,18.48,373350490.9636078,20224838.0,0.2017,-12.04,174980,179076,262412,0.075
1280,CVEO,Consumer Cyclical,Lodging,NYSE,105.55,78,75,73,73,32.19,335637824.3482361,10336859.0,0.1586,-11.81,92910,77823,102148,0.106
1281,CLH,Industrials,Waste Management,NYSE,105.53,78,74,64,83,313.26,16524520564.98291,52787248.0,0.0225,-6.75,422690,405110,441200,0.119
1282,UTMD,Healthcare,Medical Instruments & Supplies,NASDAQ,105.53,78,72,72,67,74.49,235433820.2085724,3173818.0,0.0664,-3.12,35510,37660,35498,-0.143
1283,SEZL,Financial Services,Credit Services,NASDAQ,105.53,78,90,97,61,108.3,3750722966.8288116,33675014.0,0.2644,-44.66,582990,490436,619316,0.517
1284,WELL,Real Estate,REIT - Healthcare Facilities,NYSE,105.51,78,80,80,78,232.96,166718742666.65198,720572011.0,0.0277,-8.71,2954840,2618446,2857176,0.391
1285,AME,Industrials,Specialty Industrial Machinery,NYSE,105.5,78,66,67,73,251.67,57484965579.92963,229261244.0,0.0146,-3.63,1532860,1453153,1360430,0.15
1286,MBWM,Financial Services,Banks - Regional,NASDAQ,105.49,78,78,71,71,59.38,1037674296.7690125,17285929.0,0.0353,-5.67,112813,103637,118148,0.189
1287,WPM,Basic Materials,Gold,NYSE,105.48,78,82,38,86,135.62,64908541794.96826,454159968.0,2.74,-18.18,1888820,2210450,2075334,0.847
1288,ARQT,Healthcare,Biotechnology,NASDAQ,105.47,78,63,75,76,27.33,3383627599.7095356,125691961.0,0.1566,-13.98,4800000,2872633,2324174,0.593
1289,RCUS,Healthcare,Biotechnology,NYSE,105.47,78,92,95,95,25.01,3140555768.7784233,125773162.0,0.17709999,-21.19,1819430,1569343,1396566,-0.744
1290,AEG,Financial Services,Insurance - Diversified,NYSE,105.46,78,75,69,59,8.8,13157117244.37446,1479990634.0,0.0028,-8.43,4778680,4634303,4714668,-0.082
1291,EL,Consumer Defensive,Household & Personal Products,NYSE,105.4,78,69,47,28,95.57,34179111066.13864,361798567.0,0.0322,-21.43,3104700,3692810,3118104,0.063
1292,BCH,Financial Services,Banks - Regional,NYSE,105.4,78,77,70,75,41.45,21233790930.6595,505085406.0,0.0042,-11.37,298900,291496,288434,0.136
1293,JCI,Industrials,Building Products & Equipment,NYSE,105.39,78,65,69,84,148.89,90982366945.42374,605741470.0,0.0211,-5.2,3307750,3160876,3282276,0.093
1294,RXO,Industrials,Trucking,NYSE,105.37,78,76,94,47,20.15,3263888224.11438,164926128.0,0.2566,-32.61,1929960,1607380,1817124,0.25
1295,MMSI,Healthcare,Medical Instruments & Supplies,NASDAQ,105.34,78,79,26,20,87.0,5224661750.0,59710420.0,0.089099996,-8.18,560180,615820,835118,0.095
1296,RIO,Basic Materials,Other Industrial Metals & Mining,NYSE,105.31,78,81,77,88,94.41,153788548458.1958,1626359480.0,0.0092,-16.14,1771260,1976256,2195838,0.155
1297,SJM,Consumer Defensive,Packaged Foods,NYSE,105.31,78,84,68,36,120.63,12925605143.0,106823183.0,0.0454,-11.23,1350470,1386853,1354566,0.05
1298,AZIO,Technology,Software - Infrastructure,NASDAQ,105.3,78,18,93,94,1.27,21078844.96885109,16467848.0,0.0757,-74.13,119000,714373,606586,1.543
1299,MGA,Consumer Cyclical,Auto Parts,NYSE,105.28,78,75,77,77,64.64,17388789990.0,267519846.0,0.028800001,-11.72,1170290,1173020,1235166,0.033
1300,ELV,Healthcare,Healthcare Plans,NYSE,105.28,78,71,79,28,394.59,85899756281.90094,216869290.0,0.0275,-9.55,1283990,1108206,1099882,0.014
1301,CM,Financial Services,Banks - Diversified,NYSE,105.27,78,80,82,83,112.15,103141464257.80048,907935437.0,13.01,-10.18,2109940,1486170,1248872,0.166
1302,DHR,Healthcare,Diagnostics & Research,NYSE,105.27,78,63,33,33,227.33,157813343124.07773,702986054.0,0.013300001,-6.37,5079790,3861776,4896844,0.055
1303,AFCG,Financial Services,Asset Management,NASDAQ,105.25,78,69,35,25,3.59,79988766.51432753,22468755.0,0.0475,-14.52,62300,97936,90616,
1304,ULCC,Industrials,Airlines,NASDAQ,105.24,78,75,95,29,6.08,1425035635.663052,230215771.0,0.4133,-27.66,2560270,2486590,3021482,0.377
1305,ABNB,Consumer Cyclical,Travel Services,NASDAQ,105.24,78,91,65,42,156.08,92842058064.24908,589585682.0,0.035,-19.32,5820180,4984810,4973710,0.165
1306,HQH,Financial Services,Asset Management,NYSE,105.21,78,84,81,70,21.25,1214763079.549736,57192236.0,0.45,-14.49,133872,159524,186202,-0.421
1307,FMBH,Financial Services,Banks - Regional,NASDAQ,105.2,78,80,74,72,49.39,1322647097.113037,26601912.0,0.0218,-7.44,151780,125753,129936,0.26
1308,IAE,Financial Services,Asset Management,NYSE,105.2,78,74,77,68,8.85,95462976.0302782,10750335.0,0.46,-4.53,48975,30955,33819,
1309,HOPE,Financial Services,Banks - Regional,NASDAQ,105.16,78,80,74,68,13.64,1766669582.1340714,127741836.0,0.0729,-6.51,1052340,852636,941094,0.71
1310,ON,Technology,Semiconductors,NASDAQ,105.12,77,53,91,81,75.65,30055395735.49388,389318613.0,0.1043,-43.93,13395520,9828703,9812978,0.092
1311,UNFI,Consumer Defensive,Food Distribution,NYSE,105.12,77,71,79,88,45.75,2765538209.363434,60317084.0,0.0712,-19.76,717160,646376,575376,-0.007
1312,PCTY,Technology,Software - Application,NASDAQ,105.12,77,76,23,15,142.72,7936716437.927246,55366000.0,0.065,-13.12,734150,617703,711824,0.11
1313,SWBI,Industrials,Aerospace & Defense,NASDAQ,105.11,77,75,84,91,14.03,639413847.0629883,44839680.0,0.0634,-20.1,558900,635456,546948,0.323
1314,HQL,Financial Services,Asset Management,NYSE,105.1,77,88,84,81,18.9,576840630.7104511,30408047.0,0.46,-16.63,122698,137159,147791,-0.608
1315,FRAF,Financial Services,Banks - Regional,NASDAQ,105.1,77,74,85,83,62.75,281898819.16581726,4499582.0,0.0504,-4.07,45260,37583,37032,0.053
1316,CDRO,Consumer Cyclical,Gambling,NASDAQ,105.08,77,61,70,69,9.81,455153859.5572376,45469915.0,0.024600001,-4.39,48500,27910,26200,0.066
1317,HMC,Consumer Cyclical,Auto Manufacturers,NYSE,105.07,77,63,45,25,32.49,42732345744.438126,1297672194.0,0.0015,-2.87,936920,847346,983166,0.135
1318,SBH,Consumer Cyclical,Specialty Retail,NYSE,105.07,77,72,54,66,16.92,1608431005.131256,93622292.0,0.3073,-5.58,1395780,1191706,1318096,0.002
1319,VLGEA,Consumer Defensive,Grocery Stores,NASDAQ,105.04,77,66,57,78,46.11,671906590.851757,14809491.0,0.054,-4.36,54490,61500,53950,0.016
1320,RNW,Utilities,Utilities - Renewable,NASDAQ,105.04,77,50,51,20,6.84,2493598362.667618,364561156.0,0.0378,-16.99,1230000,2161250,2365634,0.143
1321,STVN,Healthcare,Medical Instruments & Supplies,NYSE,105.03,77,62,50,13,21.41,5771155890.79339,273126177.0,0.0242,-23.51,335440,374723,398510,0.078
1322,TDACU,Financial Services,Shell Companies,NASDAQ,105.02,77,70,56,48,12.57,,,,-27.3,0,0,18,
1323,GCO,Consumer Cyclical,Apparel Retail,NYSE,105.02,77,46,76,77,34.89,373728059.986145,10820152.0,0.1303,-19.98,186440,232333,212232,-0.03
1324,ZYME,Healthcare,Biotechnology,NASDAQ,105.0,77,84,81,91,27.12,1896425104.0543327,71509241.0,0.1047,-13.47,782820,760760,638548,-0.906
1325,CHOW,Technology,Software - Infrastructure,NYSE ARCA,104.98,77,31,7,2,0.62,23707319.390773773,35490000.0,0.0401,-94.85,468560,5485010,8343304,-0.126
1326,CSX,Industrials,Railroads,NASDAQ,104.97,77,84,81,79,46.76,86658774355.93808,1852474917.0,0.022,-12.76,12137280,10113130,11384334,0.101
1327,LCNB,Financial Services,Banks - Regional,NASDAQ,104.96,77,77,67,67,18.82,268421422.95243073,14254988.0,0.0134000005,-11.73,37820,32063,40250,0.092
1328,RMTI,Healthcare,Drug Manufacturers - Specialty & Generic,NASDAQ,104.96,77,27,9,39,8.63,33734991.588749886,4030465.0,0.0228,-33.1,19570,22970,26362,0.106
1329,ETN,Industrials,Specialty Industrial Machinery,NYSE,104.95,77,61,62,71,431.41,170888236267.08984,388400000.0,0.02,-9.75,2271780,1976766,2124924,0.214
1330,STRD,Technology,Software - Application,NASDAQ,104.94,77,53,20,39,72.55,867293698.361206,11764700.0,8.26,-14.53,105380,103333,110960,0.069
1331,USPH,Healthcare,Medical Care Facilities,NYSE,104.86,77,65,30,40,86.09,1266041643.6714478,14922698.0,0.1038,-7.93,201680,168103,204850,0.085
1332,NFJ,Financial Services,Asset Management,NYSE,104.85,77,75,76,62,15.14,1424700739.2672768,94101764.0,0.002,-3.87,305924,205224,200994,-0.198
1333,VG,Energy,Oil & Gas Midstream,NYSE,104.84,77,86,28,94,12.89,31551171493.50708,2500092851.0,0.8047,-26.84,15226210,14411443,14958778,0.476
1334,ABBV,Healthcare,Drug Manufacturers - General,NYSE,104.84,77,75,74,48,266.28,467119776645.5232,1767117285.0,0.0123000005,-1.15,4000610,4236673,4658182,0.102
1335,PPIH,Industrials,Building Products & Equipment,NASDAQ,104.79,77,27,28,87,31.88,260114979.58427238,8195179.0,0.0557,-13.18,80050,95303,83640,0.244
1336,GSBC,Financial Services,Banks - Regional,NASDAQ,104.79,77,79,78,67,77.99,859922317.2778625,10897507.0,0.075,-5.93,78930,86746,88576,-0.041
1337,PCB,Financial Services,Banks - Regional,NASDAQ,104.79,77,78,81,73,27.59,389175908.56178284,14044602.0,0.026400002,-10.54,36360,32333,37448,0.083
1338,CNI,Industrials,Railroads,NYSE,104.79,77,75,71,62,121.14,73053813184.35669,604100000.0,4.05,-7.91,1286500,1339650,1442074,0.113
1339,DMAC,Healthcare,Biotechnology,NASDAQ,104.78,77,34,80,78,8.32,428170037.26565313,53925697.0,0.1516,-20.15,237440,166986,165620,
1340,DVN,Energy,Oil & Gas E&P,NYSE,104.78,77,71,47,89,46.73,51754999160.7666,1100000000.0,0.030199999,-11.35,15312050,12333136,11429626,0.642
1341,TSBK,Financial Services,Banks - Regional,NASDAQ,104.78,77,82,77,82,45.02,353093082.6935272,7775668.0,0.0207,-8.83,33150,36440,36460,0.061
1342,AU,Basic Materials,Gold,NYSE,104.77,77,88,67,94,92.77,50086328804.28589,505769256.0,0.009,-28.16,2653080,2815733,2733166,0.27
1343,TPCS,Industrials,Metal Fabrication,NASDAQ,104.77,77,86,81,24,5.22,53300955.17931938,10133261.0,0.002,-17.27,12020,30186,41042,0.233
1344,GABC,Financial Services,Banks - Regional,NASDAQ,104.73,77,77,69,69,49.35,1860150996.0,37578808.0,0.0359,-5.51,150430,128583,141878,0.11
1345,VRTX,Healthcare,Biotechnology,NASDAQ,104.72,77,80,71,38,527.67,133368604218.36108,253460924.0,0.021,-5.82,1082290,1033046,1155074,0.125
1346,RY,Financial Services,Banks - Diversified,NYSE,104.72,77,80,82,73,200.95,279627124887.0978,1384429799.0,2.18,-8.06,1071400,1148970,1247748,0.089
1347,RMT,Financial Services,Asset Management,NYSE,104.71,77,78,85,79,13.39,729959600.2906933,54191506.0,0.00029999999,-9.4,90787,98469,105579,0.089
1348,NWBI,Financial Services,Banks - Regional,NASDAQ,104.71,77,78,73,67,15.12,2242289219.2766933,146459122.0,0.0775,-6.44,1323970,998346,1017040,0.232
1349,KPRX,Healthcare,Biotechnology,NASDAQ,104.69,77,63,68,31,2.67,11656002.707195282,4431940.0,0.00090000004,-9.49,16980,14660,16502,
1350,ZS,Technology,Software - Infrastructure,NASDAQ,104.66,77,40,15,12,199.39,31477709946.50345,163054698.0,0.061,-40.83,3621160,3385936,2901974,0.249
1351,FRST,Financial Services,Banks - Regional,NASDAQ,104.66,77,83,80,80,15.54,389097429.27389526,24799072.0,0.0334,-7.94,168460,152543,165736,0.442
1352,BETA,Industrials,Aerospace & Defense,NYSE,104.63,77,29,18,7,22.88,5579494370.241432,233941060.0,0.0733,-42.08,5497720,3358326,2722696,1.457
1353,UVSP,Financial Services,Banks - Regional,NASDAQ,104.61,77,77,84,74,41.6,1162805174.6715088,27580768.0,0.033,-8.49,260848,218276,242711,0.084
1354,DAL,Industrials,Airlines,NYSE,104.59,77,71,89,76,84.03,55858501773.724976,657623030.0,0.0401,-12.18,8944920,6393616,5880382,0.187
1355,ABM,Industrials,Specialty Business Services,NYSE,104.58,77,66,51,29,49.02,2917834318.2089844,58614592.0,0.049200002,-4.43,549060,500583,453630,0.042
1356,CGNX,Technology,Scientific & Technical Instruments,NASDAQ,104.54,77,75,92,88,58.75,9868010546.051079,168223842.0,0.0478,-19.39,1648490,1601053,1903054,0.169
1357,BME,Financial Services,Asset Management,NYSE,104.52,77,76,68,58,44.63,579516780.4920616,12924103.0,0.0026,-3.88,36809,40273,42617,-0.038
1358,GASS,Industrials,Marine Shipping,NASDAQ,104.51,77,70,55,88,8.87,334519031.4587841,37628686.0,0.002,-15.92,138790,137460,119578,-0.092
1359,LIVN,Healthcare,Medical Devices,NASDAQ,104.5,77,77,88,80,77.21,4209556866.0605316,54933538.0,0.111999996,-9.97,737080,621396,655526,0.108
1360,OFG,Financial Services,Banks - Regional,NYSE,104.5,77,80,69,56,51.2,2195269700.317177,42265494.0,0.0713,-6.0,341460,264103,273444,0.104
1361,DCOM,Financial Services,Banks - Regional,NYSE,104.48,77,81,80,79,39.59,1782601692.9856682,44156595.0,0.1146,-5.67,306060,267483,300612,0.12
1362,OXY,Energy,Oil & Gas E&P,NYSE,104.46,77,72,35,88,56.1,56839381525.19023,999637371.0,0.0002,-16.83,10249250,8211753,8318536,0.534
1363,BUSE,Financial Services,Banks - Regional,NASDAQ,104.44,77,77,75,72,29.76,2484740618.6402435,82576956.0,0.0559,-6.12,965700,718236,764350,-0.009
1364,JWEL,Consumer Cyclical,Internet Retail,NASDAQ,104.44,77,58,26,72,2.55,6201701.660733938,2376131.0,0.023599999,-50.68,37460,64723,1779438,0.878
1365,PDLB,Financial Services,Banks - Regional,NASDAQ,104.42,77,78,78,75,20.21,491981910.0307808,24187901.0,0.0185,-4.22,89630,80346,74820,0.184
1366,LITS,Healthcare,Biotechnology,NASDAQ,104.36,77,15,10,11,1.36,48996289.94693756,34025200.0,0.0028,-54.21,1397500,681846,459964,
1367,HG,Financial Services,Insurance - Reinsurance,NYSE,104.32,77,85,83,86,33.23,3282873000.224167,98614386.0,0.020599999,-10.94,454310,369756,391476,0.13
1368,RTB,Technology,Software - Application,NASDAQ,104.31,77,98,94,11,9.36,148550575.6713295,14464515.0,2.28,-54.89,253560,145860,112636,3.503
1369,ANDE,Consumer Defensive,Food Distribution,NASDAQ,104.3,77,67,79,93,66.45,2275343964.3740845,33975570.0,0.0588,-19.07,335580,377840,362104,-0.012
1370,ELPC,Utilities,Utilities - Regulated Electric,NYSE,104.29,77,61,67,89,12.05,9087008241.597519,742402648.0,0.0013,-12.02,500660,475953,466460,0.111
1371,OVID,Healthcare,Biotechnology,NASDAQ,104.29,77,93,98,99,2.46,468714875.425055,195297857.0,0.124,-20.77,2194840,1701293,1627194,-0.883
1372,ADAG,Healthcare,Biotechnology,NASDAQ,104.28,76,85,94,98,3.2,196730002.4023018,67143344.0,0.0368,-34.02,306740,247013,242870,
1373,STBA,Financial Services,Banks - Regional,NASDAQ,104.27,76,77,75,72,49.11,1756926800.677826,35265492.0,0.0734,-8.21,370460,266446,268650,0.061
1374,BCAL,Financial Services,Banks - Regional,NASDAQ,104.26,76,72,72,67,21.59,695737687.6168671,32150541.0,0.0306,-3.66,279070,208313,209732,-0.016
1375,MLKN,Consumer Cyclical,"Furnishings, Fixtures & Appliances",NASDAQ,104.21,76,88,79,23,20.28,1378785207.0725842,68733063.0,0.0789,-17.93,964860,680386,663532,-0.034
1376,MCBS,Financial Services,Banks - Regional,NASDAQ,104.19,76,76,79,70,34.88,1006767377.2449989,28781229.0,0.036,-6.89,89970,75516,78016,0.339
1377,CNSP,Healthcare,Biotechnology,NASDAQ,104.16,76,68,79,3,5.11,7206405.359074116,1461449.0,0.002,-51.74,2630,6766,6858,
1378,WOLF,Technology,Semiconductors,NYSE,104.15,76,30,96,30,27.58,1459295771.1768723,52930569.0,7.69,-65.87,2169600,3028903,3557342,-0.241
1379,GNT,Financial Services,Asset Management,NYSE,104.14,76,80,64,83,8.64,147606923.45078564,16811723.0,0.0,-7.89,45384,55134,76316,
1380,SATA,Financial Services,Asset Management,NASDAQ,104.11,76,67,59,68,100.01,,,0.4,-1.32,613390,480243,339688,0.946
1381,NIC,Financial Services,Banks - Regional,NYSE,104.09,76,80,74,78,166.75,3529245061.285492,20957513.0,0.053200003,-7.36,165660,148336,163518,0.861
1382,PSMT,Consumer Defensive,Discount Stores,NASDAQ,104.09,76,77,90,85,172.97,5392259226.669617,30860524.0,0.104899995,-13.45,229770,216733,234950,0.125
1383,GEV,Industrials,Specialty Industrial Machinery,NYSE,104.07,76,75,92,95,949.77,255049028473.48694,266333581.0,0.032899998,-20.58,2407080,2191036,2349836,0.219
1384,CLPS,Technology,Information Technology Services,NASDAQ,104.07,76,60,28,34,1.02,30587872.988515377,29841828.0,0.0014,-45.74,7050,17726,14624,0.028
1385,CF,Basic Materials,Agricultural Inputs,NYSE,104.04,76,85,62,92,115.51,17353943089.991608,151338130.0,0.0773,-18.63,2708600,2679226,2512892,0.176
1386,KODK,Industrials,Specialty Business Services,NYSE,104.04,76,73,47,92,9.59,931029022.4075317,97900000.0,0.104499996,-35.51,844550,852780,887762,0.183
1387,SG,Consumer Cyclical,Restaurants,NYSE,104.02,76,29,75,12,8.24,980900408.3536053,119041315.0,0.2712,-22.48,5325370,5031416,5748170,0.038
1388,INTA,Technology,Software - Application,NASDAQ,104.0,76,90,19,10,35.39,2762052326.053253,76511148.0,0.059699997,-26.16,596910,596280,680672,0.13
1389,WS,Basic Materials,Steel,NYSE,103.98,76,27,44,55,36.87,1847324319.4277916,50946619.0,0.065799996,-25.02,339300,286066,254958,0.116
1390,AVPT,Technology,Software - Infrastructure,NASDAQ,103.97,76,70,26,17,13.67,2750350538.0,211565426.0,0.0621,-12.26,2000530,1693960,1884672,0.22
1391,BY,Financial Services,Banks - Regional,NYSE,103.93,76,81,77,73,37.18,1691779502.7458954,45186420.0,0.057800002,-7.12,271310,278326,268384,0.117
1392,FNRN,Financial Services,Banks - Regional,NASDAQ,103.93,76,77,85,86,17.24,283455942.7295208,16508791.0,0.0368,-10.44,96150,96423,104552,-0.017
1393,QUIK,Technology,Semiconductors,NASDAQ,103.9,76,79,96,92,10.91,200762442.05876637,18317741.0,0.094399996,-55.16,243490,240050,261194,0.487
1394,GDYN,Technology,Information Technology Services,NASDAQ,103.89,76,48,19,10,7.59,628733327.75,81126881.0,0.0868,-25.66,888180,1015150,1444132,0.07
1395,IDYA,Healthcare,Biotechnology,NASDAQ,103.89,76,87,79,81,38.22,3540199035.4518585,96489484.0,0.1196,-10.45,1091400,844080,785870,
1396,JG,Technology,Software - Application,NASDAQ,103.87,76,33,8,30,6.8,38932304.871273994,5733771.0,0.0026,-24.11,3900,4756,5714,0.126
1397,JBL,Technology,Electronic Components,NYSE,103.87,76,70,86,88,318.93,33190261546.548584,104787089.0,0.0324,-25.65,1440390,1064463,1062558,0.118
1398,WOR,Industrials,Metal Fabrication,NYSE,103.83,76,39,37,41,60.87,3045203118.2819824,48926784.0,0.0429,-9.88,668060,418413,330200,0.132
1399,PACB,Healthcare,Medical Devices,NASDAQ,103.81,76,24,64,32,1.71,503545831.06215656,310830759.0,0.1808,-37.36,8503620,6912733,7146912,-0.019
1400,HSTM,Healthcare,Health Information Services,NASDAQ,103.8,76,74,72,23,29.14,890340323.3714046,30595887.0,0.0617,-6.33,191080,195663,197066,0.125
1401,CAAP,Industrials,Airports & Air Services,NYSE,103.77,76,33,60,77,26.05,3901309611.2932396,163371430.0,0.0542,-14.59,285250,261300,221336,0.12
1402,MGTX,Healthcare,Biotechnology,NASDAQ,103.77,76,94,92,82,11.11,1047829071.7050018,96042996.0,0.0583,-27.62,1207270,889960,721940,86.086
1403,DCBO,Technology,Software - Application,NASDAQ,103.77,76,78,22,16,22.84,569803050.7667007,24947594.0,9.37,-20.47,25280,47553,72602,0.13
1404,EOG,Energy,Oil & Gas E&P,NYSE,103.76,76,72,56,84,140.63,73617673053.07202,524529176.0,0.033,-8.78,3594600,3104713,3048552,0.587
1405,BSRR,Financial Services,Banks - Regional,NASDAQ,103.75,76,73,79,73,39.77,517239560.08057404,12963397.0,0.0376,-7.79,46680,49770,57830,-0.032
1406,PM,Consumer Defensive,Tobacco,NYSE,103.75,76,70,64,52,193.76,296884681201.605,1558613439.0,0.0089,-6.74,4970320,4512043,4732012,0.104
1407,BWA,Consumer Cyclical,Auto Parts,NYSE,103.71,76,75,86,86,61.07,12488820765.125961,203666354.0,0.0359,-22.52,2945370,2183296,2202144,0.003
1408,TLF,Consumer Cyclical,Specialty Retail,NASDAQ,103.71,76,67,49,60,2.59,21417587.401957512,8143569.0,0.0047,-22.92,11080,22123,22194,0.015
1409,MTCH,Communication Services,Internet Content & Information,NASDAQ,103.67,76,77,68,50,39.51,9458957451.331764,233266526.0,0.057800002,-12.07,4074920,3420616,3250752,-0.012
1410,DKL,Energy,Oil & Gas Refining & Marketing,NYSE,103.66,76,73,68,75,53.63,3114696515.613327,57797301.0,0.0117,-12.8,297590,194530,193932,0.562
1411,GCL,Communication Services,Electronic Gaming & Multimedia,NASDAQ,103.65,76,29,4,5,0.76,96390556.04472947,128008703.0,0.0062,-72.87,117120,438540,599600,0.538
1412,TKR,Industrials,Tools & Accessories,NYSE,103.65,76,78,92,82,116.75,8138913529.07283,69296839.0,0.0636,-20.24,1001300,899376,943328,0.075
1413,LNG,Energy,Oil & Gas Midstream,NYSE,103.59,76,80,45,85,269.65,55462684554.138245,206534158.0,0.0189,-10.38,2093630,2013673,1867708,0.227
1414,ADX,Financial Services,Asset Management,NYSE,103.58,76,70,69,66,25.76,3245606728.252899,124927128.0,0.0095999995,-3.01,232642,248764,279278,0.094
1415,MBBC,Financial Services,Banks - Regional,NASDAQ,103.57,76,78,78,81,15.12,45991317.03626919,3009903.0,0.0023999999,-4.24,5690,3200,2692,0.26
1416,NBTB,Financial Services,Banks - Regional,NASDAQ,103.56,76,74,70,62,50.82,2679580329.913048,51960061.0,0.0629,-6.75,419240,314683,339532,0.178
1417,NVA,Basic Materials,Other Industrial Metals & Mining,NYSE ARCA,103.55,76,56,60,93,5.34,213813876.35877132,38181050.0,0.0348,-67.2,663320,448456,365008,
1418,CATY,Financial Services,Banks - Regional,NASDAQ,103.48,76,77,79,69,60.74,4099564289.8986053,66713820.0,0.0674,-6.93,612320,460353,460982,0.138
1419,ITIC,Financial Services,Insurance - Specialty,NASDAQ,103.46,76,80,73,39,289.47,540080131.1506348,1887996.0,0.060399998,-6.49,61180,72356,63896,0.175
1420,QCOM,Technology,Semiconductors,NASDAQ,103.4,76,31,70,23,187.48,215716177863.17477,1068060487.0,0.0401,-27.87,17365210,13353116,12633788,-0.04
1421,THG,Financial Services,Insurance - Property & Casualty,NYSE,103.39,76,82,78,57,217.57,7571308939.250305,34820221.0,0.0241,-7.84,382880,306540,304470,0.043
1422,ASPN,Basic Materials,Specialty Chemicals,NYSE,103.38,76,59,81,22,5.17,433201435.0682602,82988784.0,0.1292,-44.69,1106590,852080,1217022,-0.361
1423,SII,Financial Services,Asset Management,NYSE,103.38,76,83,68,95,120.35,3199601088.2841187,25732678.0,2.88,-29.05,106840,156336,169120,0.231
1424,THFF,Financial Services,Banks - Regional,NASDAQ,103.35,76,82,80,76,74.94,898551632.7270508,11891896.0,0.0354,-10.97,138640,115583,106732,0.155
1425,VVX,Industrials,Aerospace & Defense,NYSE,103.34,76,70,75,83,73.71,2371276380.5292206,31345358.0,0.0871,-21.57,881700,632466,745118,0.165
1426,MKTX,Financial Services,Capital Markets,NASDAQ,103.33,76,57,11,36,163.94,5779027861.360657,35197197.0,0.0865,-16.34,962590,982903,1182380,-0.005
1427,EBF,Industrials,Specialty Business Services,NYSE,103.33,76,69,62,77,22.41,559850738.1288452,25298272.0,0.0954,-2.31,198880,173980,151812,0.034
1428,SPT,Technology,Software - Application,NASDAQ,103.33,76,83,28,5,9.47,578049700.1685905,60592212.0,0.08930001,-33.12,1190050,1249023,1241374,0.108
1429,NREF,Real Estate,REIT - Mortgage,NYSE,103.33,76,80,73,54,15.46,297233425.95794296,18848029.0,0.063,-16.12,81140,61646,57024,-0.137
1430,PEBK,Financial Services,Banks - Regional,NASDAQ,103.32,76,78,77,84,43.15,230094188.41167068,5321327.0,0.0207,-5.74,25658,27476,35313,0.014
1431,SHO,Real Estate,REIT - Hotel & Motel,NYSE,103.3,75,71,78,52,11.3,2080712621.7648172,185943941.0,0.0001,-6.38,2061980,2077370,2271248,0.062
1432,LXRX,Healthcare,Biotechnology,NASDAQ,103.29,75,91,94,95,1.9,800920659.9828477,444955934.0,0.12189999,-29.1,4325770,3140486,3025630,-0.976
1433,GCMG,Financial Services,Asset Management,NASDAQ,103.26,75,80,73,26,12.92,797086545.4282179,61126269.0,0.026199998,-13.09,626630,472210,493590,0.118
1434,CODA,Industrials,Aerospace & Defense,NASDAQ,103.26,75,30,37,87,10.87,121631825.76708698,11283101.0,0.030199999,-37.09,127660,108763,93674,0.092
1435,ET,Energy,Oil & Gas Midstream,NYSE,103.22,75,77,62,75,20.1,69520220783.11038,3443299601.0,0.0101,-7.97,9378350,8283993,8932044,0.784
1436,LH,Healthcare,Diagnostics & Research,NYSE,103.21,75,81,55,61,309.57,25111805187.98828,81100000.0,0.030299999,-9.43,942720,774000,771934,0.058
1437,QCRH,Financial Services,Banks - Regional,NASDAQ,103.18,75,73,70,73,99.98,1652626934.8953552,16375614.0,0.0304,-7.52,108660,125530,122460,0.156
1438,ESEA,Industrials,Marine Shipping,NASDAQ,103.14,75,78,67,88,69.21,491760034.1686859,7055381.0,0.0196,-13.13,48910,38896,42304,-0.013
1439,PNRG,Energy,Oil & Gas E&P,NASDAQ,103.13,75,74,28,87,206.78,330241139.10217285,1582600.0,0.126,-25.86,104060,109003,94236,-0.039
1440,UBSI,Financial Services,Banks - Regional,NASDAQ,103.11,75,76,71,73,46.72,6381082701.79361,136173338.0,0.0466,-5.84,1349470,1001536,964750,0.062
1441,VIVO,Technology,Software - Infrastructure,NASDAQ,103.08,75,56,92,16,3.94,131813442.9386282,31993555.0,0.0661,-42.57,357190,359133,480022,
1442,CRVL,Financial Services,Insurance Brokers,NASDAQ,103.08,75,56,32,16,73.84,3754896814.928604,50516571.0,0.1158,-7.04,215360,195310,187852,0.107
1443,WES,Energy,Oil & Gas Midstream,NYSE,103.05,75,79,64,68,45.27,18840760810.345604,413174593.0,0.0248,-9.59,916080,781630,839790,0.3
1444,COCP,Healthcare,Biotechnology,NASDAQ,103.05,75,35,18,74,1.21,22537943.17331314,19263200.0,0.020399999,-40.39,50070,54970,61768,
1445,AXSM,Healthcare,Biotechnology,NASDAQ,103.01,75,73,93,83,193.89,10218973591.795715,52380818.0,0.0929,-25.48,647490,596813,653194,0.455
1446,BHV,Financial Services,Asset Management,NYSE,102.96,75,74,74,52,12.61,20108599.377635956,1588357.0,0.0049,-16.77,7207,5012,4271,-0.02
1447,REGN,Healthcare,Biotechnology,NASDAQ,102.96,75,77,33,75,752.25,81132646481.32544,102954988.0,0.025999999,-12.46,838460,699300,754246,0.167
1448,NRC,Healthcare,Health Information Services,NASDAQ,102.96,75,86,86,70,20.06,432879899.86964417,22119566.0,0.2848,-15.29,135620,124576,121354,0.04
1449,BPOP,Financial Services,Banks - Regional,NASDAQ,102.95,75,84,82,81,158.85,10235173567.988846,63778501.0,0.032899998,-11.38,577620,506210,480674,0.076
1450,ICLR,Healthcare,Diagnostics & Research,NASDAQ,102.94,75,74,71,13,175.57,13295984978.243576,77154209.0,0.0385,-13.9,1105540,839730,847308,0.012
1451,RMR,Real Estate,Real Estate Services,NASDAQ,102.93,75,74,84,60,18.51,316496599.50806046,17080226.0,0.09770001,-13.71,95450,90460,120708,0.084
1452,SGC,Consumer Cyclical,Apparel Manufacturing,NASDAQ,102.93,75,59,79,59,12.55,205374190.70478344,15945201.0,0.0477,-13.98,40620,38113,48158,0.026
1453,ASYS,Technology,Semiconductor Equipment & Materials,NASDAQ,102.92,75,88,96,92,15.85,276277829.10483265,17508101.0,0.131,-38.35,287940,397810,376002,0.145
1454,CBNK,Financial Services,Banks - Regional,NASDAQ,102.88,75,75,66,59,36.12,587270926.3713684,16290456.0,0.0641,-6.98,56470,49943,52832,0.088
1455,CLST,Financial Services,Banks - Regional,NASDAQ,102.88,75,71,57,80,17.78,72204857.36123085,4033791.0,0.0023,-13.27,2540,3070,2566,0.087
1456,VRT,Industrials,Electrical Equipment & Parts,NYSE,102.87,75,76,92,97,244.04,97509803987.48373,384988173.0,0.0368,-35.77,4850620,5059676,5507686,0.241
1457,ZH,Communication Services,Internet Content & Information,NYSE,102.87,75,21,24,22,3.8,317943335.67357874,84559398.0,0.0189,-27.89,863120,516713,377148,-0.037
1458,TFSL,Financial Services,Banks - Regional,NASDAQ,102.86,75,80,83,70,16.45,4689002671.035242,280442755.0,0.1549,-15.6,716510,751423,854946,0.152
1459,AIFF,Technology,Software - Application,NASDAQ,102.82,75,18,13,60,1.69,31537535.010365486,15690316.0,0.020299999,-46.35,16164550,5434286,3315962,0.719
1460,CLSK,Financial Services,Capital Markets,NASDAQ,102.81,75,27,70,25,13.34,3582598119.3660307,256817073.0,0.42810002,-43.5,18088050,18240610,19692038,-0.305
1461,BOX,Technology,Software - Infrastructure,NYSE,102.79,75,79,36,23,31.34,4306732180.729294,137200773.0,0.1531,-13.76,2920320,2967616,2925536,0.092
1462,HCC,Basic Materials,Coking Coal,NYSE,102.78,75,85,57,90,91.75,4726314920.167427,52802087.0,0.0992,-17.65,796000,616330,648588,0.713
1463,FDSB,Financial Services,Banks - Regional,NASDAQ,102.76,75,81,67,65,17.33,92932929.5,5235658.0,0.0013,-7.29,8290,5976,6270,-0.424
1464,CULP,Consumer Cyclical,Textile Manufacturing,NASDAQ,102.75,75,38,40,18,3.74,45337752.711278915,12735324.0,0.0066000004,-16.89,113760,153930,97760,0.065
1465,ALKS,Healthcare,Drug Manufacturers - Specialty & Generic,NASDAQ,102.74,75,89,93,67,40.15,6853129405.213562,167763272.0,0.1252,-27.88,2839940,1819623,1766958,0.27
1466,STRK,Technology,Software - Application,NASDAQ,102.73,75,34,17,25,75.15,,,0.16,-25.04,127220,104583,95444,0.069
1467,AVAL,Financial Services,Banks - Regional,NYSE,102.71,75,83,85,84,4.79,5888382033.767086,1187173788.0,0.0013,-22.74,144690,131746,139938,0.186
1468,SPNT,Financial Services,Insurance - Reinsurance,NYSE,102.7,75,74,70,77,24.83,2948268008.590439,116165016.0,0.051999997,-6.3,1471600,902950,812370,-0.005
1469,SWK,Industrials,Tools & Accessories,NYSE,102.69,75,84,81,37,88.73,13802921217.833107,151016641.0,0.0543,-15.24,1728060,1621196,1847456,0.004
1470,GPN,Industrials,Specialty Business Services,NYSE,102.68,75,74,55,23,84.7,22886843985.814133,264618390.0,0.0739,-11.66,2593530,2515603,2861044,0.686
1471,NTB,Financial Services,Banks - Diversified,NYSE,102.68,75,75,75,79,58.8,2318308228.653881,39326687.0,0.0229,-8.37,165020,167426,174128,0.082
1472,TAL,Consumer Defensive,Education & Training Services,NYSE,102.64,75,69,26,43,11.89,6656415048.0,554701254.0,0.0945,-11.07,3302920,4912246,5066786,0.319
1473,AFRI,Consumer Defensive,Farm Products,NASDAQ,102.63,75,67,59,58,11.15,295793057.7501154,26963815.0,0.0228,-6.4,26870,24603,20316,-0.222
1474,WSM,Consumer Cyclical,Specialty Retail,NYSE,102.62,75,78,77,54,231.03,27312989499.832977,117779173.0,0.0493,-9.36,1225330,1200250,1057376,0.067
1475,CVLG,Industrials,Trucking,NYSE,102.58,75,79,94,76,32.71,824016482.6387329,25377778.0,0.0738,-34.42,208620,213283,220964,0.099
1476,TPC,Industrials,Engineering & Construction,NYSE,102.58,75,83,69,94,83.98,4418056675.136932,52614703.0,0.0513,-17.91,472940,435670,711486,0.192
1477,BVN,Basic Materials,Other Precious Metals & Mining,NYSE,102.58,75,81,67,94,32.05,8424743913.326157,253986867.0,0.0229,-28.25,1306140,1271496,1069918,0.432
1478,ZBIO,Healthcare,Biotechnology,NASDAQ,102.55,75,91,87,94,27.55,1701444558.3169441,63133377.0,0.2674,-38.23,822380,737920,722884,
1479,INM,Healthcare,Drug Manufacturers - Specialty & Generic,NASDAQ,102.54,75,50,87,6,1.36,7581354.27380383,5493735.0,0.0029,-45.6,82620,78623,1160022,
1480,CFR,Financial Services,Banks - Regional,NYSE,102.53,75,80,68,68,156.42,9783461620.902176,62148785.0,0.0002,-8.42,571480,501426,570746,0.061
1481,NUVB,Healthcare,Biotechnology,NYSE,102.51,75,89,89,87,5.6,2015447277.0542698,351123233.0,0.2728,-42.56,4506550,4911863,5467640,5.556
1482,KOF,Consumer Defensive,Beverages - Non-Alcoholic,NYSE,102.51,75,72,65,64,108.77,23157474707.21544,210083226.0,1.81,-7.11,121730,125306,128318,0.047
1483,XHR,Real Estate,REIT - Hotel & Motel,NYSE,102.5,75,83,88,73,18.42,1676106828.9877987,92245835.0,0.0535,-16.5,1072910,821500,778872,0.028
1484,FSTR,Industrials,Railroads,NASDAQ,102.49,75,70,91,78,37.6,394175532.45150757,10519763.0,0.05,-17.92,42750,45363,60994,-0.035
1485,TRNS,Industrials,Specialty Business Services,NASDAQ,102.49,75,65,73,63,85.95,821136425.9102707,9359813.0,0.0655,-14.05,129780,106100,121020,0.216
1486,NAVN,Technology,Software - Application,NASDAQ,102.49,75,95,92,16,19.98,5055869960.007927,260410493.0,0.2902,-35.3,4665300,4045156,3454386,0.354
1487,BWMX,Consumer Cyclical,Specialty Retail,NYSE,102.44,75,54,86,87,16.96,660979778.1825886,39485053.0,0.0076,-14.3,103980,74133,84778,0.168
1488,STRC,Technology,Software - Application,NASDAQ,102.43,75,57,31,63,99.1,,,1.17,-1.31,1475510,1507716,1416646,0.069
1489,BSET,Consumer Cyclical,"Furnishings, Fixtures & Appliances",NASDAQ,102.42,75,82,83,33,18.18,158273163.2651615,8658269.0,0.0085,-18.33,23450,21213,28182,-0.007
1490,GLBE,Consumer Cyclical,Internet Retail,NASDAQ,102.41,75,69,58,32,39.28,6747249788.912521,167967391.0,0.0353,-10.71,1837260,1372286,1551698,0.391
1491,RGLD,Basic Materials,Gold,NASDAQ,102.39,74,78,29,85,240.32,21392937079.35402,84727857.0,0.0297,-21.53,777450,689296,705362,1.155
1492,DVA,Healthcare,Medical Care Facilities,NYSE,102.39,74,74,93,73,178.07,11386386077.88086,63800000.0,0.1325,-28.05,822850,672310,821236,0.052
1493,URI,Industrials,Rental & Leasing Services,NYSE,102.39,74,69,84,35,1043.92,65171624179.36084,62242489.0,0.028399998,-11.47,448130,428776,466220,0.118
1494,SFNC,Financial Services,Banks - Regional,NASDAQ,102.36,74,69,70,60,22.83,3357055252.3168373,144513789.0,0.0572,-6.13,1565690,1247436,1321924,0.143
1495,FNV,Basic Materials,Gold,NYSE,102.36,74,77,40,86,245.81,49731654579.42261,192855530.0,4.97,-13.95,613050,765260,774408,0.582
1496,AMKR,Technology,Semiconductor Equipment & Materials,NASDAQ,102.33,74,68,96,94,53.18,13319537175.563354,248452472.0,0.1608,-44.99,3675930,4211770,4921804,0.256
1497,MNPR,Healthcare,Biotechnology,NASDAQ,102.32,74,97,94,65,83.72,572111984.5167847,6712172.0,0.1841,-32.93,171220,163423,215870,
1498,FCF,Financial Services,Banks - Regional,NYSE,102.29,74,75,71,69,20.57,2113079376.3300896,101055925.0,0.0535,-7.92,1171550,850880,874634,0.096
1499,ELE,Basic Materials,Gold,NASDAQ,102.28,74,83,35,84,19.69,1590770447.1846256,76700601.0,9.63,-26.97,656530,402703,346942,1.616
1500,EVT,Financial Services,Asset Management,NYSE,102.26,74,73,67,63,27.9,2104342701.7370224,74542782.0,1.44,-5.9,85668,79896,86875,-0.127
1501,HTO,Utilities,Utilities - Regulated Water,NASDAQ,102.24,74,79,70,74,61.37,2606423204.2405243,41856804.0,0.16379999,-8.53,513850,413690,412990,0.062
1502,SVCO,Technology,Software - Application,NASDAQ,102.24,74,81,96,89,8.15,283284925.24624825,33885758.0,0.1401,-43.36,465920,363736,389670,0.478
1503,WABC,Financial Services,Banks - Regional,NASDAQ,102.23,74,69,71,67,59.38,1402153610.192215,23111153.0,0.0623,-6.65,346450,207156,185096,-0.027
1504,NPO,Industrials,Specialty Industrial Machinery,NYSE,102.21,74,71,88,82,307.44,6592250738.793274,21167681.0,0.0355,-21.25,179370,155503,177158,0.176
1505,UNM,Financial Services,Insurance - Life,NYSE,102.2,74,80,72,43,91.12,14578472448.08319,158306798.0,0.0355,-5.84,2489540,1751013,1661580,0.003
1506,CTO,Real Estate,REIT - Diversified,NYSE,102.18,74,74,76,71,20.48,776698581.1407814,37485454.0,0.037,-9.82,528310,407053,382542,0.165
1507,FDX,Industrials,Integrated Freight & Logistics,NYSE,102.18,74,82,83,87,289.65,67652245289.2717,236670435.0,0.020499999,-16.13,1862640,1574320,1572570,0.125
1508,SHOP,Technology,Software - Application,NASDAQ,102.16,74,71,28,36,144.01,183025099184.75,1286643931.0,0.0136,-20.96,11729240,9075026,10128688,0.337
1509,WSBF,Financial Services,Banks - Regional,NASDAQ,102.16,74,83,78,80,20.2,366551589.9476929,17977028.0,0.028399998,-6.74,102240,89070,77234,0.052
1510,SHC,Healthcare,Diagnostics & Research,NASDAQ,102.16,74,76,71,55,18.45,5233773783.844738,285374795.0,0.0496,-7.05,2240870,2238456,2546394,0.092
1511,NSTS,Financial Services,Banks - Regional,NASDAQ,102.14,74,66,64,40,14.13,74174209.11882687,5253131.0,0.0013,-0.42,13920,13040,10968,0.302
1512,M,Consumer Cyclical,Department Stores,NYSE,102.1,74,75,85,71,23.01,5913039106.030426,261176646.0,0.1523,-13.46,6054930,6386393,5707100,0.012
1513,HAFC,Financial Services,Banks - Regional,NASDAQ,102.09,74,70,77,65,31.6,951741040.2588272,29649255.0,0.051,-5.67,272750,218130,238986,0.233
1514,IMMR,Technology,Software - Application,NASDAQ,102.08,74,72,51,25,7.25,241739985.44690466,33206041.0,0.0773,-9.94,458200,388136,514584,0.008
1515,QQQX,Financial Services,Asset Management,NASDAQ,102.08,74,66,64,67,30.33,1498005717.3407516,48826783.0,0.0011,-4.83,86744,79718,83418,
1516,HNVR,Financial Services,Banks - Regional,NASDAQ,102.07,74,78,51,44,25.73,187039291.8548584,7055424.0,0.0117999995,-7.91,36560,35953,46802,0.192
1517,HSIC,Healthcare,Medical Distribution,NASDAQ,102.03,74,74,69,54,85.99,9625638138.63707,111446542.0,0.08229999,-6.72,1368340,1046450,1178926,0.067
1518,ARWR,Healthcare,Biotechnology,NASDAQ,101.98,74,96,97,98,65.46,9311494205.995346,141254467.0,0.0913,-31.45,2947100,1843770,1830836,1.71
1519,FXNC,Financial Services,Banks - Regional,NASDAQ,101.98,74,77,76,80,29.98,265672432.43112373,9042629.0,0.0231,-9.81,33475,32508,31693,0.1
1520,HIW,Real Estate,REIT - Office,NYSE,101.98,74,78,79,23,29.41,3319113905.821392,110306211.0,0.1757,-17.01,1234040,1088306,1228482,0.075
1521,EPSN,Energy,Oil & Gas E&P,NASDAQ,101.95,74,67,32,79,5.96,179374293.61748075,30248617.0,0.16600001,-10.38,167300,165970,155602,0.571
1522,XPRO,Energy,Oil & Gas Equipment & Services,NYSE,101.93,74,76,59,90,16.32,1834661594.5984402,112349149.0,0.089700006,-15.13,864320,809003,864806,-0.07
1523,HGTY,Financial Services,Insurance - Property & Casualty,NYSE,101.91,74,77,57,49,13.53,1512845924.5561638,111320523.0,0.0202,-4.52,362560,481436,348430,-0.065
1524,PRU,Financial Services,Insurance - Life,NYSE,101.88,74,75,61,36,116.09,41210248947.143555,345000000.0,0.05,-9.11,1608980,1568450,1722758,0.141
1525,KWR,Basic Materials,Specialty Chemicals,NYSE,101.88,74,72,78,38,160.38,2812598839.386261,17207702.0,0.158,-12.37,135610,145523,149268,0.102
1526,IKT,Healthcare,Biotechnology,NASDAQ,101.88,74,89,58,36,2.05,287443946.01569176,139535900.0,0.2067,-21.46,749500,518690,594408,
1527,NDRA,Healthcare,Diagnostics & Research,NASDAQ,101.86,74,46,49,62,5.8,9059021.46278572,1499838.0,0.0219,-41.12,52970,47813,35276,
1528,ST,Technology,Scientific & Technical Instruments,NYSE,101.85,74,58,84,77,41.74,6140157817.916908,145535862.0,0.0509,-22.55,1288720,1388150,1501714,0.05
1529,GOOGL,Communication Services,Internet Content & Information,NASDAQ,101.85,74,69,86,86,342.75,4206119351297.8364,12229934831.0,0.0149,-16.12,26850580,24830673,27417910,0.242
1530,PRAA,Financial Services,Credit Services,NASDAQ,101.84,74,77,58,68,20.05,777431309.5384254,37648006.0,0.0348,-11.09,562250,414026,421076,0.294
1531,PFBC,Financial Services,Banks - Regional,NASDAQ,101.83,74,67,69,59,109.02,1297679179.4701233,11853116.0,0.12,-2.89,215560,131640,122904,0.047
1532,PKE,Industrials,Aerospace & Defense,NYSE,101.79,74,85,94,93,29.78,654928976.4858856,21751211.0,0.0692,-25.29,278070,240923,268320,0.189
1533,WTS,Industrials,Specialty Industrial Machinery,NYSE,101.79,74,79,82,72,358.01,11944121744.755554,33383050.0,0.0363,-9.26,208100,190570,193302,0.186
1534,EQIX,Real Estate,REIT - Specialty,NASDAQ,101.78,74,73,68,83,1011.07,99468954909.1637,98671686.0,0.0197,-10.42,530380,528306,561492,0.167
1535,MGYR,Financial Services,Banks - Regional,NASDAQ,101.76,74,70,46,62,19.5,125040774.12757301,6455383.0,0.0014,-2.5,1710,2906,2862,0.135
1536,MPB,Financial Services,Banks - Regional,NASDAQ,101.76,74,75,66,73,36.04,919921691.4426231,25335215.0,0.0297,-7.94,98200,90800,123130,0.447
1537,LYG,Financial Services,Banks - Regional,NYSE,101.73,74,75,79,74,5.72,83198844113.79538,14419210466.0,0.00059999997,-9.78,15139390,13437153,14018028,0.123
1538,KEX,Industrials,Marine Shipping,NYSE,101.72,74,68,64,85,131.59,6804864257.8125,52800000.0,0.044299997,-16.55,491700,407903,471134,0.078
1539,W,Consumer Cyclical,Internet Retail,NYSE,101.67,74,85,76,76,98.63,13443416279.496689,136968070.0,0.1269,-17.79,2527590,2327226,3034686,0.075
1540,COLD,Real Estate,REIT - Industrial,NYSE,101.65,74,70,81,25,14.56,4207983256.3986874,285480551.0,0.09729999,-13.74,3527570,3536006,3674062,0.018
1541,SEER,Healthcare,Biotechnology,NASDAQ,101.64,74,55,22,30,2.03,105760546.8017596,55372015.0,0.0018000001,-15.77,312640,213740,522100,-0.234
1542,NTR,Basic Materials,Agricultural Inputs,NYSE,101.64,74,69,42,84,71.98,34468885246.98253,477210074.0,0.0159,-15.67,2849580,2752320,2686524,0.04
1543,SAP,Technology,Software - Application,NYSE,101.64,74,52,16,15,209.31,243167739144.11572,1154204232.0,0.0044,-25.61,1608530,2087523,2637688,0.094
1544,JOE,Real Estate,Real Estate - Diversified,NYSE,101.63,74,64,56,80,65.99,3717558624.0379486,56930451.0,0.0494,-10.27,372320,261690,241560,0.23
1545,BSAC,Financial Services,Banks - Regional,NYSE,101.59,74,79,66,79,33.88,16192232942.084553,471115317.0,0.0047,-10.18,285510,286463,279856,0.202
1546,ADAMN,Real Estate,REIT - Mortgage,NASDAQ,101.59,74,72,66,62,24.36,,,1.52,-3.18,6360,7343,7194,1.298
1547,MUR,Energy,Oil & Gas E&P,NYSE,101.59,74,67,41,91,36.65,5207890358.560913,143349576.0,0.0994,-15.44,1816740,1648246,1678586,0.356
1548,FUSB,Financial Services,Banks - Regional,NASDAQ,101.58,74,74,70,75,16.45,90497418.89983177,5504709.0,0.0021,-3.18,10567,28322,19647,0.299
1549,MANU,Communication Services,Entertainment,NYSE,101.57,74,75,85,71,20.46,3518824351.3997555,172491393.0,0.115,-16.32,380850,359173,331340,-0.041
1550,ORRF,Financial Services,Banks - Regional,NASDAQ,101.56,73,74,68,72,41.48,821600287.0240402,19669626.0,0.0322,-5.32,122367,97009,101509,0.0
1551,SNDR,Industrials,Trucking,NYSE,101.56,73,78,86,66,31.58,5478153093.75,175300899.0,0.111499995,-19.58,767500,636700,700058,0.104
1552,TUSK,Industrials,Conglomerates,NASDAQ,101.55,73,78,82,70,2.91,143420204.21796083,48127585.0,0.0034999999,-25.77,98610,127220,166806,1.109
1553,FFBC,Financial Services,Banks - Regional,NASDAQ,101.5,73,76,81,73,31.92,3407408562.871994,105166926.0,0.0678,-11.94,1166980,834366,877572,0.165
1554,PLUS,Technology,Software - Application,NASDAQ,101.5,73,61,52,64,89.41,2361443788.915146,26090418.0,0.0655,-8.9,278670,216453,238310,0.01
1555,SMC,Energy,Oil & Gas Midstream,NYSE,101.5,73,83,64,72,30.66,424535423.883934,13783618.0,0.026300002,-15.93,86110,60520,59592,0.106
1556,GO,Consumer Defensive,Grocery Stores,NASDAQ,101.49,73,78,53,12,11.1,1096865296.2018127,99084492.0,0.32840002,-34.67,1832050,2357200,2531894,0.011
1557,MYFW,Financial Services,Banks - Regional,NASDAQ,101.49,73,75,83,69,30.52,298129395.07518196,9765129.0,0.0207,-11.18,41400,46083,50292,0.277
1558,PROV,Financial Services,Banks - Regional,NASDAQ,101.48,73,72,58,64,18.27,114829506.83561325,6233958.0,0.0041,-3.79,14390,18173,14178,0.103
1559,BGDE,Financial Services,Capital Markets,NASDAQ,101.48,73,75,97,6,5.26,33763566.141643524,5861730.0,0.0421,-86.85,90020,61886,66306,-0.355
1560,CLAR,Consumer Cyclical,Leisure,NASDAQ,101.48,73,76,47,22,3.5,137071591.9788456,38288155.0,0.026800001,-12.06,106720,125456,120350,0.016
1561,DXYZ,Financial Services,Asset Management,NYSE,101.47,73,63,20,30,29.86,932858657.2478027,30465664.0,0.0066000004,-59.02,782400,1001533,1087376,
1562,ACT,Financial Services,Insurance - Specialty,NASDAQ,101.46,73,80,66,70,46.94,6457608194.696747,137483671.0,0.1225,-7.16,484370,388613,399170,0.041
1563,NOEMU,Financial Services,Shell Companies,NASDAQ,101.42,73,63,47,58,12.5,,,0.0,-1.19,611,288,197,
1564,INDV,Healthcare,Drug Manufacturers - Specialty & Generic,NASDAQ,101.42,73,66,91,92,36.88,4227903839.8595123,118031934.0,0.1125,-13.85,2099410,2007453,2173110,0.136
1565,IMPP,Energy,Oil & Gas Midstream,NASDAQ,101.4,73,65,68,82,4.99,229233253.8214388,45213658.0,0.1089,-24.05,482390,510016,409166,1.396
1566,ACFN,Technology,Scientific & Technical Instruments,NASDAQ,101.4,73,57,30,39,20.3,53203646.279850006,2534714.0,0.018099999,-32.56,53770,61986,53992,-0.294
1567,TBN,Energy,Oil & Gas E&P,NYSE,101.4,73,88,48,95,33.35,992912186.550766,28280039.0,0.0119,-36.12,132130,142883,132846,
1568,IA,Industrials,Aerospace & Defense,NASDAQ,101.37,73,88,54,95,18.9,338115367.0452118,17899173.0,0.048600003,-38.91,257020,274150,287830,0.107
1569,RUSHA,Consumer Cyclical,Auto & Truck Dealerships,NASDAQ,101.36,73,79,77,81,47.53,5599558150.043182,116730415.0,0.115600005,-14.73,692630,609285,658611,-0.016
1570,NTIP,Industrials,Specialty Business Services,NYSE ARCA,101.34,73,62,58,75,1.55,36352458.553141,22863181.0,0.0043,-11.43,20520,19093,23502,
1571,TEO,Communication Services,Telecom Services,NYSE,101.33,73,63,77,75,12.08,5608203775.216026,430737602.0,0.0031,-26.07,218580,285350,265470,0.004
1572,MVBF,Financial Services,Banks - Regional,NASDAQ,101.33,73,74,70,69,29.67,390581321.72276497,12967507.0,0.031600002,-7.25,48570,57486,51606,0.462
1573,JCE,Financial Services,Asset Management,NYSE,101.25,73,64,60,56,16.79,285815008.0995903,17002678.0,0.002,-3.78,23152,28310,33004,
1574,ALRM,Technology,Software - Application,NASDAQ,101.24,73,71,41,28,53.77,2620436423.0740204,49090228.0,0.090900004,-7.52,505220,414433,409458,0.092
1575,FANG,Energy,Oil & Gas E&P,NASDAQ,101.23,73,72,56,87,185.23,52271294059.90845,280019792.0,0.039300002,-14.6,4689130,2833500,2433642,0.525
1576,MXC,Energy,Oil & Gas E&P,NYSE ARCA,101.22,73,58,23,59,9.97,21094260.858535767,2046000.0,0.0085,-39.5,14690,65920,44116,0.129
1577,GOOD,Real Estate,REIT - Diversified,NASDAQ,101.21,73,66,59,50,12.47,605093762.5,48407501.0,0.0833,-6.1,390090,361526,390622,0.113
1578,CPBI,Financial Services,Banks - Regional,NASDAQ,101.15,73,78,63,65,19.8,76983248.4336586,3888043.0,0.0014,-9.32,6740,3333,3032,0.131
1579,CRVS,Healthcare,Biotechnology,NASDAQ,101.12,73,91,95,98,11.87,977485359.653122,84120944.0,0.2321,-55.96,1448590,994680,927010,
1580,INGM,Technology,Information Technology Services,NYSE,101.12,73,79,62,82,26.46,6206395564.617462,230036904.0,0.1861,-16.5,2583440,2019126,1587580,0.136
1581,BFC,Financial Services,Banks - Regional,NASDAQ,101.11,73,70,70,75,151.06,1686453447.0389404,11085607.0,0.062,-5.05,68381,72997,77578,0.57
1582,CDZIP,Industrials,Pollution & Treatment Controls,NASDAQ,101.1,73,71,76,67,21.9,,,4.73,-11.62,4740,5010,4980,-0.763
1583,GNE,Utilities,Utilities - Regulated Electric,NYSE,101.07,73,56,31,33,16.0,419008400.1680279,26319623.0,0.0345,-3.32,89300,77636,75338,-0.046
1584,BFST,Financial Services,Banks - Regional,NASDAQ,101.07,73,73,69,69,30.67,1004489409.246872,32549883.0,0.0359,-5.7,224880,202910,218778,0.127
1585,IFBD,Technology,Software - Application,NASDAQ,101.06,73,36,66,28,1.27,10972690.773323178,8188575.0,0.0017,-41.61,2582340,864856,521236,-0.458
1586,CIVB,Financial Services,Banks - Regional,NASDAQ,101.06,73,75,78,66,26.71,562692069.1746788,20794238.0,0.031400003,-10.88,155300,160023,146950,0.135
1587,GOOG,Communication Services,Internet Content & Information,NASDAQ,101.05,73,68,85,86,339.16,4171386007937.1636,12229934831.0,3.28,-16.15,18100060,16649346,18251626,0.242
1588,BMRA,Healthcare,Medical Devices,NASDAQ,101.03,73,27,12,18,2.39,10646405.453653336,4588968.0,0.0088,-25.55,36390,142123,87752,0.168
1589,FTDR,Consumer Cyclical,Personal Services,NASDAQ,101.01,73,88,82,54,72.92,5097416303.667999,68893316.0,0.0695,-21.95,728560,537936,537910,0.045
1590,EBAY,Consumer Cyclical,Internet Retail,NASDAQ,101.01,73,65,81,76,107.32,48015500679.01611,445000000.0,0.040999997,-10.05,5899560,5000720,4729802,0.148
1591,RNR,Financial Services,Insurance - Reinsurance,NYSE,101.0,73,79,70,74,324.9,13529296614.412628,41551893.0,0.0496,-4.51,330250,282393,293930,-0.132
1592,COGT,Healthcare,Biotechnology,NASDAQ,101.0,73,86,97,99,31.86,5606592406.720299,173524982.0,0.105,-27.14,2499050,1877923,1871886,
1593,KNX,Industrials,Trucking,NYSE,100.97,73,72,90,81,63.55,10362674221.984863,162756000.0,0.0921,-23.3,4344900,3450770,3625712,0.126
1594,IOT,Technology,Software - Infrastructure,NYSE,100.97,73,71,45,28,37.93,22229573197.50242,585605209.0,0.0913,-20.1,5424010,6831006,6253746,0.299
1595,AOD,Financial Services,Asset Management,NYSE,100.96,73,71,68,67,10.18,1086303394.2161093,105466347.0,3.04,-6.18,402369,397549,417247,0.161
1596,NMAI,Financial Services,Asset Management,NYSE,100.96,73,67,65,62,14.0,470967357.2403488,33425646.0,0.0056,-7.04,79380,80400,82452,
1597,NWSA,Communication Services,Entertainment,NASDAQ,100.91,73,73,39,34,29.1,15373745642.331009,539619016.0,0.032899998,-8.09,5252340,4202643,4071900,0.108
1598,GAIN,Financial Services,Asset Management,NASDAQ,100.91,73,71,63,69,15.71,629585314.9799623,39821967.0,0.0105,-8.34,152830,167993,183018,0.204
1599,GLND,Energy,Oil & Gas E&P,NASDAQ,100.89,73,3,2,33,4.49,242265273.0918255,43730194.0,1.74,-80.48,63544640,21668716,13682904,
1600,CTAS,Industrials,Specialty Business Services,NASDAQ,100.89,73,63,32,31,200.58,79867444933.07495,399517000.0,0.0376,-8.48,2444440,1987426,2078838,0.109
1601,KRP,Energy,Oil & Gas E&P,NYSE,100.87,73,67,61,80,14.46,1470054456.0889893,100895984.0,0.0382,-8.48,1077260,964260,947962,0.378
1602,MX,Technology,Semiconductors,NYSE,100.85,73,22,83,33,3.79,120483364.55906224,36510111.0,0.0369,-61.56,1988170,891286,897192,-0.061
1603,MWYN,Consumer Cyclical,"Furnishings, Fixtures & Appliances",NASDAQ,100.84,73,93,62,11,1.08,19487985.330370188,20194804.0,0.0029,-25.0,59270,146966,228536,25.435
1604,NBBK,Financial Services,Banks - Regional,NASDAQ,100.83,73,69,55,75,22.56,990297890.7154274,43818490.0,0.0405,-3.88,274430,290446,327836,0.486
1605,OUT,Real Estate,REIT - Specialty,NYSE,100.81,73,74,90,89,27.91,4870139622.959734,176135251.0,0.087299995,-20.17,2051870,1636286,1753680,0.135
1606,CLPR,Real Estate,REIT - Residential,NYSE,100.81,73,41,25,29,3.28,53643118.0413661,16157566.0,0.0112,-24.07,63180,67480,61872,-0.012
1607,BLSH,Technology,Software - Infrastructure,NYSE,100.78,73,24,8,17,35.99,5698945120.356415,151648346.0,0.1511,-48.95,1704860,1641100,1624080,0.688
1608,ADP,Technology,Software - Application,NASDAQ,100.77,73,75,37,20,261.8,104479650981.92053,396251548.0,0.0296,-11.06,2497500,2207373,2297492,0.068
1609,LYB,Basic Materials,Specialty Chemicals,NYSE,100.77,73,67,30,91,58.27,18781426332.11328,323037952.0,0.0517,-30.58,3888280,3632050,3987536,0.198
1610,DOC,Real Estate,REIT - Healthcare Facilities,NYSE,100.75,72,74,80,43,20.1,14004298282.352715,689527260.0,0.0478,-12.42,6339130,4897486,5316622,0.111
1611,MUSA,Consumer Cyclical,Specialty Retail,NYSE,100.75,72,73,78,79,520.12,9402282861.43863,18380347.0,0.047,-18.23,280640,271460,283704,0.408
1612,UBS,Financial Services,Banks - Diversified,NYSE,100.72,72,85,80,60,48.62,152076726934.61267,3061742149.0,0.0019,-13.16,2688510,2009943,1889462,0.146
1613,ITT,Industrials,Specialty Industrial Machinery,NYSE,100.72,72,62,50,80,207.18,18530361604.735107,89839824.0,0.0848,-10.05,1036580,768523,848736,0.515
1614,XOS,Industrials,Farm & Heavy Construction Machinery,NASDAQ,100.68,72,89,78,16,2.62,37250770.612895966,14217852.0,0.0766,-68.32,147970,5786670,3584348,-0.742
1615,CHCO,Financial Services,Banks - Regional,NASDAQ,100.68,72,73,60,58,139.97,1993991382.3449707,14045160.0,0.0999,-6.05,156890,116680,119936,0.009
1616,PAY,Technology,Software - Infrastructure,NYSE,100.67,72,83,31,28,29.92,3799599159.5984325,125939647.0,0.077,-33.97,1381190,1212783,1218938,0.288
1617,GLE,Technology,Information Technology Services,NASDAQ,100.67,72,36,23,10,0.5,10225799.748301506,20700000.0,0.0229,-54.13,160350,240196,3279302,-0.634
1618,BCX,Financial Services,Asset Management,NYSE,100.64,72,74,56,81,11.98,920193723.0339813,76238090.0,0.0002,-13.56,143764,156611,158080,
1619,KSS,Consumer Cyclical,Department Stores,NYSE,100.63,72,61,85,60,18.18,2029438322.2503185,113376445.0,0.3475,-27.91,3917950,4511233,4003084,-0.009
1620,IMRN,Healthcare,Biotechnology,NASDAQ,100.63,72,27,56,14,1.16,9362594.050594568,8071202.0,0.0225,-51.46,122040,4361060,2626022,0.072
1621,GWW,Industrials,Industrial Distribution,NYSE,100.61,72,75,79,67,1255.69,58549765442.10425,47100942.0,0.026400002,-11.57,300230,246176,266770,0.103
1622,TRVI,Healthcare,Biotechnology,NASDAQ,100.6,72,91,94,92,14.4,2053076847.069912,142475841.0,0.094,-28.78,1739280,1512543,1603266,
1623,CCO,Communication Services,Advertising Agencies,NYSE,100.6,72,76,81,92,2.36,1201461420.7939303,509093845.0,0.1041,-3.28,4885350,6327473,7117062,0.087
1624,AROW,Financial Services,Banks - Regional,NASDAQ,100.59,72,73,83,80,37.79,697418199.2149582,18523723.0,0.0339,-11.5,97220,91473,90408,0.046
1625,INBK,Financial Services,Banks - Regional,NASDAQ,100.58,72,82,78,45,26.16,230479012.52944946,8733574.0,0.0256,-15.86,45150,52560,50692,0.39
1626,ETSY,Consumer Cyclical,Internet Retail,NYSE,100.55,72,90,84,38,68.92,6281543057.196533,91781748.0,0.1314,-21.66,3608990,3148066,3121672,0.062
1627,RGR,Industrials,Aerospace & Defense,NYSE,100.55,72,56,34,64,42.04,684029161.3027954,15978256.0,0.0352,-12.8,295870,185236,156514,0.193
1628,CWBC,Financial Services,Banks - Regional,NASDAQ,100.53,72,69,74,71,26.34,726298970.4796219,27131078.0,0.060500003,-6.5,240600,212023,225454,0.31
1629,PSO,Communication Services,Publishing,NYSE,100.52,72,77,72,37,15.94,9694046716.465034,600994868.0,0.0067000003,-10.2,696100,623803,683148,0.033
1630,EOD,Financial Services,Asset Management,NYSE,100.51,72,68,68,70,6.36,276052502.168663,43065914.0,0.41,-5.64,107714,97131,95336,
1631,GRND,Technology,Software - Application,NYSE,100.51,72,77,62,24,15.61,2741151367.3587685,173820627.0,0.1588,-15.62,1449870,1258890,1491264,0.325
1632,ITRN,Technology,Scientific & Technical Instruments,NASDAQ,100.48,72,64,84,86,51.73,1022435512.8161087,19780142.0,0.0188,-24.26,103470,105033,131448,0.207
1633,TTC,Industrials,Tools & Accessories,NYSE,100.47,72,73,69,79,97.07,9196547317.144852,94663378.0,0.050300002,-7.72,1039960,925136,764412,0.084
1634,NECB,Financial Services,Banks - Regional,NASDAQ,100.46,72,71,72,70,26.63,368517405.7316017,13766059.0,0.0126,-7.98,41420,39640,40484,-0.058
1635,IHG,Consumer Cyclical,Lodging,NYSE,100.44,72,73,81,63,161.11,23113983108.951782,146143036.0,0.0054,-8.4,139860,174060,212470,0.056
1636,PRGS,Technology,Software - Infrastructure,NASDAQ,100.43,72,70,56,13,39.41,1613449144.5380783,41012942.0,0.16690001,-16.8,540900,487590,494092,0.068
1637,EDSA,Healthcare,Biotechnology,NASDAQ,100.41,72,94,98,99,3.65,38660536.516656876,9641031.0,0.024500001,-82.04,37240,73526,67134,
1638,IGD,Financial Services,Asset Management,NYSE,100.39,72,70,63,61,6.27,502392425.15421486,78868514.0,0.0073,-6.97,260961,254587,257022,-0.066
1639,EDU,Consumer Defensive,Education & Training Services,NYSE,100.39,72,77,24,63,55.87,8754520571.845093,155029580.0,0.0241,-14.01,618640,706966,798516,0.23
1640,MPTI,Technology,Electronic Components,NYSE ARCA,100.38,72,77,92,84,75.44,321856561.0643921,4346476.0,0.0921,-28.05,78500,84983,165004,0.138
1641,ARHS,Consumer Cyclical,Specialty Retail,NASDAQ,100.36,72,66,52,16,9.63,1374354026.839325,141540064.0,0.12020001,-20.28,1628330,1277713,1398208,0.074
1642,UNH,Healthcare,Healthcare Plans,NYSE,100.32,72,76,86,29,377.83,338025240144.6395,897594847.0,0.0164,-18.15,4965600,4836060,4663538,0.004
1643,MAR,Consumer Cyclical,Lodging,NASDAQ,100.31,72,60,75,76,358.57,91797556046.32178,260766288.0,0.030299999,-12.75,1680620,1558293,1623874,0.111
1644,HWBK,Financial Services,Banks - Regional,NASDAQ,100.29,72,70,70,66,38.54,279093805.5240059,7313779.0,0.026099999,-5.07,19730,16210,16314,0.149
1645,SNDA,Healthcare,Medical Care Facilities,NYSE,100.26,72,73,86,75,37.61,1811889658.9107513,48047990.0,0.1191,-15.27,404060,458980,453148,1.371
1646,PHVS,Healthcare,Biotechnology,NASDAQ,100.25,72,84,84,86,31.91,2247948314.2570724,70204506.0,0.0309,-26.22,849330,957620,769466,
1647,ADEA,Technology,Software - Application,NASDAQ,100.23,72,88,90,92,24.92,2809938171.5177536,110280150.0,0.118599996,-27.43,935948,853779,984047,0.121
1648,DBRG,Financial Services,Asset Management,NYSE,100.22,72,79,68,86,15.98,2996174504.5514717,187495281.0,0.087,-0.12,7634400,5312073,4513064,
1649,NOVT,Technology,Scientific & Technical Instruments,NASDAQ,100.21,72,54,84,43,142.08,5443111359.11438,37817770.0,0.1511,-19.45,439510,356040,389554,0.103
1650,KDP,Consumer Defensive,Beverages - Non-Alcoholic,NASDAQ,100.19,72,65,75,32,31.46,43478392952.32787,1360826038.0,0.0647,-6.98,11402250,9719906,11002978,0.756
1651,THW,Financial Services,Asset Management,NYSE,100.17,72,74,74,62,13.19,534013492.1129036,40363833.0,0.001,-9.03,104242,107800,112750,
1652,NML,Financial Services,Asset Management,NYSE ARCA,100.15,72,72,64,81,10.14,579620807.5036011,56658928.0,0.0036000002,-7.65,118939,139359,140175,
1653,JMSB,Financial Services,Banks - Regional,NASDAQ,100.13,72,69,61,68,23.1,325849176.21334076,14112134.0,0.0328,-4.78,69330,73780,57368,0.243
1654,OKE,Energy,Oil & Gas Midstream,NYSE,100.11,72,78,61,79,88.62,55873165930.41941,630409203.0,0.048800003,-11.25,4130820,3639106,3724024,0.528
1655,EMO,Financial Services,Asset Management,NYSE,100.1,72,74,56,75,51.26,1028551669.3140411,20014627.0,0.0023,-9.0,34805,40348,37741,
1656,MAC,Real Estate,REIT - Retail,NYSE,100.09,72,78,86,74,22.57,6419784076.929092,283559375.0,0.1604,-15.4,3486800,3040183,3422086,0.012
1657,BALY,Consumer Cyclical,Resorts & Casinos,NYSE,100.09,72,15,80,23,14.0,706573308.0,50469522.0,0.1095,-32.5,157430,158203,111814,0.205
1658,CSQ,Financial Services,Asset Management,NASDAQ,100.08,72,66,66,54,20.44,3327669926.25,160369635.0,0.0011,-3.45,200222,175877,186078,-0.028
1659,FMNB,Financial Services,Banks - Regional,NASDAQ,100.08,72,71,57,55,15.26,914190054.0409241,59247572.0,0.0377,-7.29,425830,374496,401856,0.564
1660,RVSB,Financial Services,Banks - Regional,NASDAQ,100.07,72,36,40,57,5.94,118721452.8942318,19953186.0,0.014400001,-4.5,69980,60960,57870,0.132
1661,UNP,Industrials,Railroads,NYSE,100.06,72,81,70,63,274.1,162651935673.74872,594075498.0,0.0514,-13.26,2904480,2490890,2713274,0.115
1662,ILPT,Real Estate,REIT - Industrial,NASDAQ,100.04,72,82,93,73,7.27,491917135.3315401,66745881.0,0.0148,-22.91,350160,296373,338820,0.018
1663,BUD,Consumer Defensive,Beverages - Brewers,NYSE,99.98,72,67,74,71,77.1,153592050768.0,1969128856.0,0.008,-10.97,1971140,2283046,2112574,0.11
1664,SMBC,Financial Services,Banks - Regional,NASDAQ,99.97,72,76,79,76,71.5,795819564.0669022,11013279.0,0.037,-10.47,91910,96400,94494,0.077
1665,SYBT,Financial Services,Banks - Regional,NASDAQ,99.95,72,70,62,45,78.02,2440906131.029213,31066643.0,0.043899998,-12.55,170640,151273,164556,0.198
1666,VZ,Communication Services,Telecom Services,NYSE,99.91,72,68,34,77,46.68,195606824117.7806,4154775202.0,0.0202,-9.67,24204390,19779526,21667542,-0.007
1667,WVVIP,Consumer Defensive,Beverages - Wineries & Distilleries,NASDAQ,99.83,72,85,28,39,3.12,,,0.27,-79.18,38040,481653,296178,-0.016
1668,AG,Basic Materials,Silver,NYSE,99.77,71,84,75,96,17.95,9370150453.647318,492906383.0,2.46,-43.98,9273490,9584080,10018164,0.573
1669,WK,Technology,Software - Application,NYSE,99.77,71,79,15,20,68.19,3789564191.1068115,54416488.0,0.0759,-29.77,992980,877546,852504,0.186
1670,FBNC,Financial Services,Banks - Regional,NASDAQ,99.76,71,71,74,76,63.07,2628825260.5,41398823.0,0.0634,-5.56,302490,211973,214242,0.16
1671,LNC,Financial Services,Insurance - Life,NYSE,99.75,71,75,41,36,40.88,7981439174.9270935,191447336.0,0.0001,-14.24,2102220,1921003,2010300,0.126
1672,AIZ,Financial Services,Insurance - Property & Casualty,NYSE,99.73,71,79,79,58,263.53,13070798255.0,49323767.0,0.0355,-13.3,499310,372076,378920,0.094
1673,VRSN,Technology,Software - Infrastructure,NASDAQ,99.72,71,64,34,63,282.07,25967400000.0,90400000.0,0.0218,-9.73,763440,698013,778286,0.06
1674,RDNT,Healthcare,Diagnostics & Research,NASDAQ,99.72,71,70,60,28,71.81,5571014290.079948,78697757.0,0.1454,-16.34,865740,702796,733444,0.25
1675,HCM,Healthcare,Drug Manufacturers - Specialty & Generic,NASDAQ,99.71,71,33,16,58,14.13,2422969428.9846725,173814168.0,0.0022,-13.84,56440,91940,72552,0.002
1676,PERF,Technology,Software - Application,NYSE,99.68,71,64,26,31,1.9,193512472.47173846,101848671.0,0.0038,-11.63,129470,144993,230602,-0.0
1677,FUNC,Financial Services,Banks - Regional,NASDAQ,99.68,71,71,75,69,43.84,279386566.34866333,6453836.0,0.0156,-5.31,38190,24640,24662,0.107
1678,BG,Consumer Defensive,Farm Products,NYSE,99.67,71,60,59,90,109.06,20940984407.0,192119123.0,0.0505,-19.14,2308040,1834786,1651146,0.883
1679,MNSB,Financial Services,Banks - Regional,NASDAQ,99.64,71,71,68,75,24.76,176816316.53670502,7121076.0,0.037100002,-4.29,27900,30046,32746,-0.088
1680,CAAS,Consumer Cyclical,Auto Parts,NASDAQ,99.63,71,71,49,49,4.91,146629615.7482233,30170702.0,0.0043,-12.94,16820,33893,32384,0.17
1681,FULT,Financial Services,Banks - Regional,NASDAQ,99.63,71,75,76,72,22.97,4447638942.35611,191461000.0,0.0617,-8.96,2029020,1594233,1625316,0.137
1682,DNLI,Healthcare,Biotechnology,NASDAQ,99.62,71,81,89,83,20.98,3259288449.606888,159847403.0,0.11310001,-23.15,2080470,1471566,1448532,
1683,SA,Basic Materials,Gold,NYSE,99.62,71,75,63,92,28.49,3268497762.5007935,107871216.0,0.044,-28.88,500950,696103,650892,
1684,FAST,Industrials,Industrial Distribution,NASDAQ,99.62,71,67,59,65,50.49,57868302956.57847,1147497573.0,0.0355,-4.59,7082700,6337250,7027842,0.147
1685,VHI,Basic Materials,Chemicals,NYSE,99.61,71,82,37,36,15.51,452855869.58779335,28321193.0,0.030199999,-19.18,15040,18043,15600,0.122
1686,CHT,Communication Services,Telecom Services,NYSE,99.6,71,47,44,52,45.98,35800617011.942406,775744655.0,0.0062,-1.08,281310,230743,205034,0.082
1687,GTIM,Consumer Cyclical,Restaurants,NASDAQ,99.6,71,67,54,24,1.48,15942422.859312057,10557896.0,0.0023,-29.19,37250,45533,56856,-0.05
1688,ADAML,Real Estate,REIT - Mortgage,NASDAQ,99.6,71,65,61,65,25.06,,,0.3,-0.56,10118,13429,13141,1.298
1689,SFST,Financial Services,Banks - Regional,NASDAQ,99.58,71,73,77,83,59.93,574177777.9830742,9471755.0,0.0462,-7.93,103010,97623,103130,0.248
1690,ENR,Industrials,Electrical Equipment & Parts,NYSE,99.55,71,70,66,21,22.29,1506640014.0,68483637.0,0.1122,-14.73,970370,963043,1022696,0.012
1691,VISN,Technology,Communication Equipment,NASDAQ,99.55,71,61,93,97,6.09,1434496234.2526531,230626412.0,0.1361,-70.36,8558950,9171413,8633466,-0.014
1692,HITI,Healthcare,Pharmaceutical Retailers,NASDAQ,99.55,71,32,25,34,2.81,248707889.65947914,89142614.0,1.8,-27.76,960990,784820,601336,0.328
1693,PKX,Basic Materials,Steel,NYSE,99.53,71,35,31,71,57.84,17226413686.976303,302483116.0,0.0031,-37.4,199510,204213,253688,0.097
1694,NATL,Technology,Software - Application,NYSE,99.5,71,62,67,83,45.75,3405170854.0293274,73896934.0,0.0797,-5.67,770370,690423,683980,0.001
1695,SPCE,Industrials,Aerospace & Defense,NYSE,99.48,71,16,30,37,3.14,483590939.24438715,151595903.0,0.2235,-64.72,6968100,5776690,7089898,-0.67
1696,FUND,Financial Services,Asset Management,NASDAQ,99.47,71,74,62,79,9.68,295174584.9417,29665788.0,0.0023,-11.92,19399,22383,24007,-0.012
1697,STRF,Technology,Software - Application,NASDAQ,99.46,71,54,32,38,103.55,,,6.05,-11.53,65120,68530,71834,0.069
1698,CVBF,Financial Services,Banks - Regional,NASDAQ,99.45,71,68,69,62,22.19,3965222331.397848,175997435.0,0.0738,-5.21,1751330,1220853,1293596,0.42
1699,GRWG,Consumer Cyclical,Specialty Retail,NASDAQ,99.44,71,57,69,27,1.57,93741808.36157084,60090905.0,0.0255,-34.58,271080,281240,362222,0.055
1700,HAS,Consumer Cyclical,Leisure,NASDAQ,99.42,71,65,35,78,89.45,12424606581.509735,141044467.0,0.0585,-16.39,1904680,1532653,1901330,0.162
1701,VCEL,Healthcare,Biotechnology,NASDAQ,99.38,71,71,82,29,40.24,2033414595.0589447,51206614.0,0.1379,-18.41,554580,512670,499310,0.225
1702,CCCC,Healthcare,Biotechnology,NASDAQ,99.38,71,74,96,89,3.12,366614907.62651825,123025136.0,0.32860002,-39.65,2275510,2136766,2314742,0.028
1703,WSBC,Financial Services,Banks - Regional,NASDAQ,99.38,71,79,71,67,38.25,3707721654.1059227,95905889.0,0.066300005,-11.09,1130780,958670,943254,0.035
1704,C,Financial Services,Banks - Diversified,NYSE,99.37,71,76,82,83,131.31,225246209173.58768,1677436783.0,0.0002,-11.25,10791610,9382543,9531624,0.155
1705,EWBC,Financial Services,Banks - Regional,NASDAQ,99.36,71,72,71,65,126.72,17432018898.819702,137011856.0,0.0341,-7.82,971160,789076,747798,0.163
1706,FDS,Financial Services,Financial Data & Stock Exchanges,NYSE,99.36,71,68,26,17,267.67,9712238004.875336,35565543.0,0.1243,-16.48,697070,840116,854030,0.064
1707,MRDN,Consumer Cyclical,Gambling,NASDAQ,99.35,71,85,85,10,12.26,169036286.77613735,12652417.0,0.056500003,-23.8,54050,66763,71868,0.161
1708,CNNE,Consumer Cyclical,Restaurants,NYSE,99.35,71,59,37,18,15.58,682710323.0524273,43374227.0,0.1321,-18.04,632820,521140,502142,-0.073
1709,SRBK,Financial Services,Banks - Regional,NASDAQ,99.34,71,73,77,78,19.08,139561003.94565582,7268802.0,0.039100002,-8.93,25050,20180,22164,0.093
1710,ASTH,Healthcare,Medical Care Facilities,NASDAQ,99.33,71,82,95,46,35.13,1804110738.436821,49604366.0,0.1257,-31.92,557740,394363,466388,0.485
1711,DSP,Technology,Software - Application,NASDAQ,99.33,71,72,69,38,12.24,258234182.30079746,21184101.0,0.084,-17.3,827990,409936,373922,0.339
1712,NGVT,Basic Materials,Specialty Chemicals,NYSE,99.33,71,66,73,88,72.74,2509588306.0,34377922.0,0.059299998,-8.26,281280,245490,246656,-0.052
1713,RVI,Financial Services,Asset Management,NYSE,99.32,71,38,88,77,28.33,760742244.8787975,27247215.0,1.47,-63.39,139790,152796,198848,
1714,TTEK,Industrials,Engineering & Construction,NASDAQ,99.31,71,68,27,35,33.89,8682466514.41072,256044428.0,0.048699997,-21.44,2341870,2377910,2609538,-0.039
1715,STRL,Industrials,Engineering & Construction,NASDAQ,99.3,71,54,96,94,498.36,15670191214.109009,30588518.0,0.0456,-50.45,552040,551303,662174,0.901
1716,V,Financial Services,Credit Services,NYSE,99.29,71,72,59,31,367.74,689702784218.1937,1877355259.0,0.0109,-4.62,7289000,6539000,6591216,0.144
1717,FLS,Industrials,Specialty Industrial Machinery,NYSE,99.29,71,69,64,86,74.09,9383465380.808258,127112780.0,0.062800005,-19.82,1655720,1611343,1737910,-0.016
1718,FSBC,Financial Services,Banks - Regional,NASDAQ,99.29,71,78,86,79,43.38,1075439836.547882,24536614.0,0.0462,-13.69,250900,191573,207240,0.276
1719,NEXN,Communication Services,Advertising Agencies,NASDAQ,99.28,71,85,77,33,8.78,495477438.8373766,56951431.0,0.044099998,-22.3,406180,473566,482908,0.105
1720,PDM,Real Estate,REIT - Office,NYSE,99.28,71,71,78,27,9.1,1147468014.796877,125132825.0,0.0512,-10.17,2601340,1682786,1341852,0.027
1721,HQ,Technology,Software - Infrastructure,NASDAQ,99.27,71,89,97,28,14.27,841424735.4354858,53972080.0,0.10479999,-68.29,642730,448123,380728,
1722,CSTM,Basic Materials,Aluminum,NYSE,99.27,71,78,90,95,24.63,3373285067.2004395,135527728.0,0.0531,-33.41,1702860,1529186,1563682,0.307
1723,CEPO,Financial Services,Shell Companies,NASDAQ,99.24,71,50,35,43,10.76,274507508.7547302,25500000.0,0.0007,-1.91,83710,241566,191674,
1724,INFQ,Technology,Software - Infrastructure,NYSE,99.24,71,22,30,14,14.13,3269930876.100136,225357052.0,2.52,-33.6,9233310,8656206,9082868,1.565
1725,PH,Industrials,Specialty Industrial Machinery,NYSE,99.23,71,73,67,79,969.55,123379561122.19147,126112415.0,0.0116,-11.85,616720,620616,629804,0.098
1726,GM,Consumer Cyclical,Auto Manufacturers,NYSE,99.18,71,73,64,77,80.64,74734828348.67966,904451541.0,0.023699999,-12.2,8480980,6712196,6819578,0.019
1727,LAMR,Real Estate,REIT - Specialty,NASDAQ,99.18,71,65,78,65,145.03,14621123068.452942,101549684.0,0.0764,-12.81,588280,497100,580056,0.065
1728,JBHT,Industrials,Integrated Freight & Logistics,NASDAQ,99.17,71,82,92,84,226.07,21174062777.472427,93914939.0,0.0321,-24.58,1575950,1057090,1005110,0.194
1729,QGEN,Healthcare,Diagnostics & Research,NYSE,99.16,70,51,27,32,45.01,9122949163.017273,206495000.0,0.042,-22.15,1898650,2386816,2490514,0.003
1730,YJ,Consumer Cyclical,Internet Retail,NASDAQ,99.15,70,96,29,43,1.74,8964483.058354855,4925540.0,0.126,-87.54,105120,5078333,4184082,-0.392
1731,OTLY,Consumer Defensive,Packaged Foods,NASDAQ,99.14,70,80,23,32,11.86,377841139.58942413,31912258.0,0.029000001,-32.92,47470,66020,130466,0.152
1732,CRESY,Industrials,Conglomerates,NASDAQ,99.12,70,37,37,74,11.93,901459243.8655815,70925196.0,0.0809,-16.05,346680,286363,265042,0.083
1733,CCBG,Financial Services,Banks - Regional,NASDAQ,99.12,70,75,68,70,49.24,853268998.8651276,17113297.0,0.044099998,-8.13,91300,73000,78872,0.021
1734,EGP,Real Estate,REIT - Industrial,NYSE,99.11,70,62,70,68,202.44,10836399071.584396,53773317.0,0.073,-10.71,671420,457193,489508,0.091
1735,CCEP,Consumer Defensive,Beverages - Non-Alcoholic,NASDAQ,99.1,70,74,68,63,102.87,44769793491.404305,440084459.0,0.0804,-9.5,2151620,1685740,1844666,0.044
1736,ALSN,Consumer Cyclical,Auto Parts,NYSE,99.09,70,79,65,81,113.66,9402335457.081635,82578038.0,0.040599998,-17.41,932580,802750,830076,0.924
1737,CNS,Financial Services,Asset Management,NYSE,99.09,70,78,72,34,73.77,3815477591.673935,51421533.0,0.0544,-14.78,326670,275276,262868,0.122
1738,CURB,Real Estate,REIT - Retail,NYSE,99.08,70,72,78,74,28.35,3273982086.1795425,115038025.0,0.2292,-11.82,1659230,1539813,1429402,0.529
1739,CECO,Industrials,Pollution & Treatment Controls,NASDAQ,98.98,70,71,92,91,72.26,4304882505.0,58569830.0,0.0377,-28.63,758410,709673,852672,0.537
1740,DAAQU,Financial Services,Shell Companies,NASDAQ,98.98,70,38,39,47,11.54,,,4.13,-3.43,11,193,250,
1741,COCO,Consumer Defensive,Beverages - Non-Alcoholic,NASDAQ,98.96,70,68,88,77,57.66,3390260733.099369,57864153.0,0.12550001,-32.82,1583440,1278003,1226352,0.281
1742,OVLY,Financial Services,Banks - Regional,NASDAQ,98.95,70,66,63,77,34.28,287462216.9558716,8412708.0,0.0123000005,-4.7,21452,24007,25832,0.05
1743,THQ,Financial Services,Asset Management,NYSE,98.93,70,69,62,41,18.49,773637661.4114285,41437475.0,0.0011999999,-9.32,115716,121078,136785,
1744,WFG,Basic Materials,Lumber & Wood Production,NYSE,98.92,70,48,50,35,71.47,5612817984.85643,78303822.0,12.5,-7.17,236700,219056,233172,-0.064
1745,VLN,Technology,Semiconductors,NYSE,98.92,70,25,84,14,1.81,203566504.76368046,108280056.0,0.0195,-51.21,672850,705960,807700,0.061
1746,BHVN,Healthcare,Biotechnology,NYSE,98.89,70,86,83,20,13.27,1962058680.618822,151043781.0,0.1732,-28.53,3271690,3488966,2810228,
1747,AKAM,Technology,Software - Infrastructure,NASDAQ,98.89,70,45,73,86,108.99,16375070780.330627,143716609.0,0.1537,-34.13,7338300,4498220,4207590,0.054
1748,NWS,Communication Services,Entertainment,NASDAQ,98.88,70,72,36,35,32.24,17132903758.0,539619016.0,0.0868,-9.84,1396600,1173596,1157252,0.108
1749,Q,Technology,Semiconductor Equipment & Materials,NYSE,98.88,70,59,86,81,124.91,26086213737.433044,209208543.0,0.024500001,-29.54,1703550,1707660,1750502,0.221
1750,CQP,Energy,Oil & Gas Midstream,NYSE,98.87,70,78,57,80,62.8,30703780312.442688,484057704.0,0.0153,-11.86,122540,111896,119960,0.052
1751,TAYD,Industrials,Specialty Industrial Machinery,NASDAQ,98.86,70,61,57,63,65.14,203917696.9737053,3225015.0,0.0452,-27.92,49660,49526,42262,-0.425
1752,MCHP,Technology,Semiconductors,NASDAQ,98.84,70,52,79,70,77.97,42729355220.49481,543008691.0,0.080299996,-26.38,9127240,8425830,9499938,0.38
1753,HL,Basic Materials,Other Precious Metals & Mining,NYSE,98.82,70,89,81,97,17.01,12219468118.653048,671768431.0,0.0,-50.22,45862560,36719556,38715730,0.524
1754,MMM,Industrials,Conglomerates,NYSE,98.79,70,65,54,39,169.48,87440737376.20992,515722417.0,0.0194,-8.34,3117240,2858303,3214906,0.025
1755,FVR,Real Estate,REIT - Diversified,NYSE,98.79,70,81,89,78,17.64,436783335.5067291,24455953.0,0.025799999,-20.86,190020,194360,179646,0.015
1756,LAUR,Consumer Defensive,Education & Training Services,NASDAQ,98.77,70,80,75,80,37.62,5151826274.188843,137749360.0,0.0414,-8.08,981400,930053,956372,0.175
1757,AEM,Basic Materials,Gold,NYSE,98.77,70,72,28,89,184.15,98477836587.2959,506364864.0,0.0136,-27.85,1854420,2670070,2800884,0.35
1758,CLF,Basic Materials,Steel,NYSE,98.76,70,32,37,28,11.22,6949177946.575005,570540047.0,0.1421,-32.81,16128690,14915276,18976876,0.059
1759,VOXR,Basic Materials,Other Precious Metals & Mining,NASDAQ,98.74,70,69,61,87,5.11,378054348.93655205,69495284.0,0.030199999,-23.73,420610,428753,431096,1.226
1760,CGO,Financial Services,Asset Management,NASDAQ,98.74,70,61,72,62,12.84,127165180.23630333,9827294.0,0.0039,-9.58,19808,22219,25407,-0.273
1761,SPXX,Financial Services,Asset Management,NYSE,98.74,70,66,63,41,18.4,335442326.9569969,17976545.0,0.0112,-5.11,200710,200553,212804,3.76
1762,NDAQ,Financial Services,Financial Data & Stock Exchanges,NASDAQ,98.71,70,62,31,44,92.62,52292334856.46356,558977372.0,0.0197,-9.01,3614400,3064393,3139780,0.149
1763,HESM,Energy,Oil & Gas Midstream,NYSE,98.71,70,63,56,74,38.48,4909421198.25,128350881.0,0.0756,-7.14,1486640,1396240,1276678,-0.037
1764,IGA,Financial Services,Asset Management,NYSE,98.7,70,68,55,56,10.13,158016340.5261383,15341392.0,0.0047,-5.94,78432,89434,78256,-0.066
1765,WSBK,Financial Services,Banks - Regional,NASDAQ,98.68,70,71,73,82,12.71,114159863.76904869,8960743.0,0.0036000002,-5.04,6060,7480,8026,0.322
1766,WHG,Financial Services,Asset Management,NYSE,98.67,70,76,75,48,19.2,181606189.11276245,9543152.0,0.0136,-8.44,18440,19356,18820,0.096
1767,ARQQ,Technology,Software - Infrastructure,NASDAQ,98.64,70,37,62,9,24.64,428099317.23849297,17402411.0,0.1919,-60.26,407720,350086,329162,8.299
1768,SSNC,Technology,Software - Application,NASDAQ,98.61,70,62,22,26,78.0,18446229378.782043,234654996.0,0.033800002,-13.27,1669980,1551953,1733672,0.103
1769,ABOS,Healthcare,Biotechnology,NASDAQ,98.6,70,89,88,94,2.3,161990719.08967137,72317285.0,0.0556,-36.11,489640,409860,375166,
1770,TCBX,Financial Services,Banks - Regional,NYSE,98.6,70,71,54,67,43.18,720327452.5,16654970.0,0.034,-6.85,106950,103483,112646,0.321
1771,BWB,Financial Services,Banks - Regional,NASDAQ,98.56,70,75,73,70,20.63,579147016.4742012,27883823.0,0.033,-8.8,116920,113846,148176,0.184
1772,CBAN,Financial Services,Banks - Regional,NYSE,98.56,70,72,61,77,20.58,438860688.51628876,21221503.0,0.0525,-8.37,198940,144893,169850,0.253
1773,ORBS,Consumer Cyclical,Packaging & Containers,NASDAQ,98.55,70,12,7,8,1.16,489946229.851985,429777400.0,0.0621,-91.04,15124250,15507696,13966390,-0.727
1774,TRNO,Real Estate,REIT - Industrial,NYSE,98.54,70,61,65,66,66.57,7199668348.4449005,108970310.0,0.1035,-15.67,917000,711816,697022,0.111
1775,KURA,Healthcare,Biotechnology,NASDAQ,98.51,70,88,83,72,10.61,957216280.8014698,88960619.0,0.171,-23.67,1892490,2185506,1849624,0.365
1776,NBN,Financial Services,Banks - Regional,NASDAQ,98.47,70,74,78,77,126.26,1120222288.8478851,8601215.0,0.059499998,-11.28,131400,110990,114974,0.113
1777,CP,Industrials,Railroads,NYSE,98.46,70,70,63,62,86.56,76400778577.12427,879079224.0,0.0231,-10.67,2526770,2145823,2416208,0.126
1778,CPF,Financial Services,Banks - Regional,NYSE,98.44,70,75,76,71,36.36,948792829.9125366,25747432.0,0.0327,-11.3,219080,171373,164376,0.077
1779,BVFL,Financial Services,Banks - Regional,NASDAQ,98.43,70,70,73,75,20.88,176781512.58881378,8470604.0,0.018,-5.82,23750,17600,16306,0.055
1780,HWC,Financial Services,Banks - Regional,NASDAQ,98.41,70,73,71,67,72.83,5924472710.889328,80223058.0,0.104899995,-9.11,964550,770300,802806,0.076
1781,IT,Technology,Information Technology Services,NYSE,98.4,70,50,10,9,185.73,11865692204.969238,63148976.0,0.1865,-30.08,1093010,1155603,1313068,-0.006
1782,PYPL,Financial Services,Credit Services,NASDAQ,98.39,70,54,20,18,54.28,47084567288.15782,855460874.0,0.038399998,-31.48,13998390,13038300,12843444,0.048
1783,BLMN,Consumer Cyclical,Restaurants,NASDAQ,98.37,70,90,82,23,7.91,674692835.7585363,85620917.0,0.1254,-37.37,2497390,2024263,2093310,0.013
1784,AMZN,Consumer Cyclical,Internet Retail,NASDAQ,98.36,70,67,60,44,246.15,2693018889770.91,10786313572.0,0.0083,-14.29,38090810,34230636,39724986,0.196
1785,MPLX,Energy,Oil & Gas Midstream,NYSE,98.36,70,68,62,70,57.66,57587147883.28754,1013858251.0,0.018099999,-5.4,1561580,1269150,1423204,0.106
1786,SW,Consumer Cyclical,Packaging & Containers,NYSE,98.34,70,73,63,38,45.07,24343108080.244156,524522908.0,0.051999997,-14.4,4899010,4434820,4740344,0.011
1787,ADAM,Real Estate,REIT - Mortgage,NASDAQ,98.33,70,84,83,74,8.01,731621488.8977757,89879786.0,0.0427,-22.68,1582770,1037423,987580,1.298
1788,ETV,Financial Services,Asset Management,NYSE,98.33,70,64,61,59,14.92,1773501854.1178331,116754569.0,1.28,-3.68,151897,148609,148195,-0.061
1789,CET,Financial Services,Asset Management,NYSE ARCA,98.32,69,60,56,60,55.22,1666283035.31456,29549265.0,0.0004,-3.78,26474,25654,28318,0.659
1790,OVBC,Financial Services,Banks - Regional,NASDAQ,98.31,69,63,58,82,44.69,207990745.48841858,4711002.0,0.0138,-18.69,29410,33163,37952,-0.087
1791,ETG,Financial Services,Asset Management,NYSE,98.31,69,67,64,53,23.08,1779063634.7197037,76321908.0,0.15,-6.6,82778,82422,90879,-0.035
1792,AHR,Real Estate,REIT - Healthcare Facilities,NYSE,98.28,69,73,77,80,51.9,11340296375.29192,217998775.0,0.1296,-11.58,3941060,2966170,2940504,0.247
1793,YIBO,Technology,Computer Hardware,NASDAQ,98.23,69,80,29,24,1.12,65749986.15735233,59234221.0,0.0018000001,-38.46,1600,3506,50384,-0.07
1794,HYNE,Financial Services,Banks - Regional,NASDAQ,98.2,69,64,65,60,16.4,122638385.55792236,7464296.0,0.033800002,-2.73,6990,7953,8754,0.361
1795,ETO,Financial Services,Asset Management,NYSE,98.2,69,66,64,59,30.15,498691044.3412628,16388138.0,0.19,-6.8,19688,18649,23383,0.314
1796,GTES,Industrials,Specialty Industrial Machinery,NYSE,98.19,69,46,66,58,26.67,6799640580.711212,253151170.0,0.0561,-12.1,1735330,1768553,1896842,0.066
1797,USB,Financial Services,Banks - Regional,NYSE,98.19,69,80,74,72,58.78,92439195144.0574,1558051446.0,0.01,-11.05,9114010,7278310,7212882,0.104
1798,IHS,Real Estate,Real Estate Services,NYSE,98.19,69,61,63,82,8.38,2852212490.873398,338340734.0,0.024,-6.37,588680,1064233,1110416,0.104
1799,MF,Communication Services,Advertising Agencies,NASDAQ,98.19,69,99,0,13,13.91,24374354.274993896,1818032.0,0.0063,-83.34,69600,127163,241932,-0.326
1800,SUIG,Financial Services,Credit Services,NASDAQ,98.18,69,7,16,12,1.6,122116569.04357243,76802872.0,0.0148,-66.03,1484010,966870,692866,-0.617
1801,MSI,Technology,Communication Equipment,NYSE,98.17,69,70,36,65,452.08,75610802669.51514,165493788.0,0.0223,-8.64,886680,962546,934644,0.133
1802,KFY,Industrials,Staffing & Employment Services,NYSE,98.17,69,82,50,38,71.31,3913506565.3804398,54558851.0,0.054,-18.51,660200,508686,441376,0.068
1803,HBCP,Financial Services,Banks - Regional,NASDAQ,98.15,69,72,72,75,67.06,532062687.9901886,7870750.0,0.043,-9.99,71570,71803,87300,0.038
1804,NOW,Technology,Software - Application,NYSE,98.13,69,51,17,13,131.45,140212359391.8457,1033862000.0,0.0279,-31.88,11808090,15156570,19151222,0.24
1805,ESQ,Financial Services,Banks - Regional,NASDAQ,98.12,69,60,66,73,119.69,1057648621.4416504,8649400.0,0.0928,-11.22,258070,193700,174148,0.214
1806,JOB,Industrials,Staffing & Employment Services,NYSE ARCA,98.1,69,73,49,76,0.23,26368964.05060771,109870686.0,0.0062,-17.86,189450,204086,250574,-0.153
1807,BLX,Financial Services,Banks - Regional,NYSE,98.09,69,66,80,83,54.97,2037981648.409668,37230208.0,0.0239,-13.02,183080,172160,164992,0.062
1808,R,Industrials,Rental & Leasing Services,NYSE,98.09,69,72,84,77,233.93,9033371975.62085,38346868.0,0.0306,-17.7,264430,257560,289660,0.05
1809,ACLS,Technology,Semiconductor Equipment & Materials,NASDAQ,98.08,69,69,92,85,124.01,3801820129.638565,30881489.0,0.067,-36.0,366630,334660,361062,0.106
1810,ETW,Financial Services,Asset Management,NYSE,98.07,69,66,60,62,9.54,1042538787.0267677,108597786.0,0.32,-4.12,233445,253305,271111,-0.014
1811,NOVTU,Technology,Scientific & Technical Instruments,NASDAQ,98.07,69,60,82,58,60.49,,,4.88,-21.39,89152,37277,31120,0.103
1812,FCAP,Financial Services,Banks - Regional,NASDAQ,98.07,69,80,81,69,60.63,201702067.0529251,3345531.0,0.0448,-14.61,28270,20400,18382,0.144
1813,MHK,Consumer Cyclical,"Furnishings, Fixtures & Appliances",NYSE,98.06,69,68,60,30,124.43,8478106476.264496,67738145.0,0.12550001,-11.31,1210400,1020646,1021236,0.068
1814,BELFA,Technology,Electronic Components,NASDAQ,98.06,69,79,92,95,200.5,2932652383.1314087,14439450.0,0.1004,-31.69,80110,95113,132886,0.252
1815,PGNY,Healthcare,Healthcare Plans,NASDAQ,98.06,69,65,89,19,25.52,1951929782.096531,76726798.0,0.0867,-22.82,1202980,1094410,1113788,0.053
1816,CSW,Industrials,Specialty Industrial Machinery,NYSE,98.04,69,71,43,37,295.41,4835906742.704895,16293487.0,0.079,-16.9,138310,125076,142924,0.33
1817,COFS,Financial Services,Banks - Regional,NASDAQ,98.03,69,65,70,55,32.95,494429511.73828125,14955520.0,0.036199998,-6.92,77240,72680,78712,-0.026
1818,PRK,Financial Services,Banks - Regional,NYSE ARCA,98.03,69,76,66,63,181.5,3281896638.1741333,18064161.0,0.0481,-15.58,120850,106973,107004,0.257
1819,GPC,Consumer Cyclical,Auto Parts,NYSE,98.02,69,79,64,28,128.13,17868003318.52292,137859758.0,0.0657,-15.46,1034790,1037100,1204740,0.06
1820,HTGC,Financial Services,Asset Management,NYSE,98.01,69,67,37,31,16.91,3176172951.48468,187164000.0,0.0512,-11.79,1207190,1431250,1515242,0.085
1821,IRM,Real Estate,REIT - Specialty,NYSE,98.0,69,68,72,75,111.05,33158138382.894806,297702812.0,0.036199998,-17.55,1656880,1555316,1659884,0.185
1822,GGN,Financial Services,Asset Management,NYSE ARCA,97.99,69,69,37,74,5.29,846738216.5390034,156224761.0,0.0004,-10.03,503120,536196,562588,0.143
1823,DTIL,Healthcare,Biotechnology,NASDAQ,97.97,69,90,92,85,6.24,171681660.0889635,27601554.0,0.0825,-35.14,310650,276486,271214,
1824,VTR,Real Estate,REIT - Healthcare Facilities,NYSE,97.96,69,73,76,77,87.04,44416023347.34433,512946359.0,0.0442,-14.33,4439240,3492840,3461178,0.217
1825,NVRI,Industrials,Waste Management,NYSE,97.96,69,89,91,95,19.35,539840768.096323,28190119.0,10.45,-20.04,316320,319136,357846,-0.667
1826,GYRE,Healthcare,Biotechnology,NASDAQ,97.94,69,31,37,42,7.49,779348147.9378324,106033763.0,0.0582,-20.49,292690,143040,106846,-0.021
1827,FMX,Consumer Defensive,Beverages - Brewers,NYSE,97.94,69,74,75,73,118.85,40752318137.8696,340681468.0,4.79,-15.99,430840,377290,432230,0.093
1828,DB,Financial Services,Banks - Regional,NYSE,97.93,69,78,65,43,36.08,68715029426.57471,1879000000.0,0.0027,-13.31,2035010,1952640,1864638,0.087
1829,HBNC,Financial Services,Banks - Regional,NASDAQ,97.92,69,69,73,65,19.04,989922361.5754833,51344519.0,0.0398,-9.51,606660,501543,558376,0.169
1830,CAH,Healthcare,Medical Distribution,NYSE,97.91,69,79,78,81,220.29,50993999238.565216,231559345.0,0.033299997,-14.72,2234640,1724603,1860418,0.058
1831,NBXG,Financial Services,Asset Management,NYSE,97.91,69,58,70,48,15.33,1229466925.5193863,78761496.0,0.0005,-12.05,122063,133331,158368,
1832,BSM,Energy,Oil & Gas E&P,NYSE,97.9,69,68,51,68,14.46,3067286450.0485287,212710571.0,0.0147,-6.65,371610,349060,398468,0.132
1833,B,Basic Materials,Gold,NYSE,97.9,69,76,64,88,41.09,70575525644.71422,1645884419.0,1.61,-24.87,8759360,9739160,9895742,0.438
1834,GLNG,Energy,Oil & Gas Midstream,NASDAQ,97.89,69,67,60,89,48.79,5065032232.315063,102097000.0,0.105,-15.57,1537450,1326246,1369356,0.724
1835,VCYT,Healthcare,Diagnostics & Research,NASDAQ,97.89,69,59,93,35,45.23,3652150933.863304,80390731.0,0.123500004,-25.74,1826480,1430723,1394038,0.155
1836,OMDA,Healthcare,Health Information Services,NASDAQ,97.89,69,87,87,16,19.39,1203520371.6390724,61216703.0,0.1244,-27.96,1625580,1257266,1419554,0.431
1837,API,Technology,Software - Application,NASDAQ,97.87,69,38,53,36,4.15,355954602.2853184,84549786.0,0.0091,-24.48,171520,143040,205710,0.18
1838,HMY,Basic Materials,Gold,NYSE,97.82,69,74,34,37,17.74,11877349085.372831,626112257.0,0.0226,-31.93,4489960,4214793,3635830,0.492
1839,MSA,Industrials,Security & Protection Services,NYSE,97.8,69,66,47,54,182.32,7038994869.949509,38578289.0,0.0229,-12.73,281610,236163,269998,0.062
1840,AIO,Financial Services,Asset Management,NYSE,97.8,69,67,76,62,24.99,853055011.794941,34439039.0,0.3,-12.62,68658,65776,68559,
1841,BKR,Energy,Oil & Gas Equipment & Services,NASDAQ,97.8,69,67,54,87,57.12,57406343343.57051,992674071.0,0.028299998,-18.88,9510520,7676123,8098586,-0.024
1842,GL,Financial Services,Insurance - Life,NYSE,97.79,69,76,81,67,166.69,12836931110.92302,76849447.0,0.0005,-12.98,472610,437933,540950,0.08
1843,PDS,Energy,Oil & Gas Drilling,NYSE,97.78,69,77,57,93,80.41,1030536203.4725189,12587470.0,8.24,-22.53,89080,93363,109736,0.114
1844,CDLR,Industrials,Engineering & Construction,NYSE,97.78,69,63,48,77,22.9,2268037534.4105015,96471183.0,0.015800001,-23.69,57970,67446,64752,0.213
1845,FLGT,Healthcare,Diagnostics & Research,NASDAQ,97.77,69,47,48,20,22.36,610839525.5925026,27515293.0,0.1353,-27.96,344600,302786,307070,0.044
1846,BEKE,Real Estate,Real Estate Services,NYSE,97.75,69,60,30,27,16.95,17970209464.072975,1100441491.0,0.0479,-17.92,6017860,5225323,4300916,-0.057
1847,CACC,Financial Services,Credit Services,NASDAQ,97.72,68,72,87,35,550.0,5768280618.370361,10380580.0,0.2868,-17.77,146930,118200,122404,0.095
1848,MCK,Healthcare,Medical Distribution,NYSE,97.72,68,68,34,70,856.29,101041873898.18665,116590363.0,0.0249,-14.29,948130,912470,947420,0.077
1849,PXLW,Technology,Semiconductors,NASDAQ,97.72,68,33,26,18,6.98,41922292.45155287,6049393.0,0.013200001,-54.73,27800,32036,33992,-0.597
1850,PVL,Energy,Oil & Gas E&P,NYSE,97.71,68,54,31,71,1.82,59729998.11172485,33000000.0,0.0037,-9.45,49650,64873,55536,2.732
1851,EPR,Real Estate,REIT - Specialty,NYSE,97.69,68,64,63,57,56.98,4353685177.535126,76608922.0,0.1329,-12.3,956380,843903,808092,0.106
1852,EG,Financial Services,Insurance - Reinsurance,NYSE,97.68,68,72,60,40,369.8,14203298674.789429,38342734.0,0.0582,-7.8,490280,366043,363694,-0.113
1853,GAP,Consumer Cyclical,Apparel Retail,NYSE,97.67,68,48,20,64,22.95,7664714282.1408615,351270137.0,0.1392,-21.83,6306530,8000053,7058646,-0.02
1854,LECO,Industrials,Tools & Accessories,NASDAQ,97.67,68,67,60,65,271.18,14809214842.253479,54505757.0,0.0226,-12.52,459090,463150,456536,0.12
1855,CTSH,Technology,Information Technology Services,NASDAQ,97.67,68,42,9,26,56.75,25823967326.75798,450444209.0,0.0801,-34.79,6822360,5925740,7507968,0.045
1856,RYAM,Basic Materials,Chemicals,NYSE,97.66,68,69,56,90,8.15,579710841.916626,67644208.0,0.0752,-31.22,818220,766990,872310,0.106
1857,SIRI,Communication Services,Entertainment,NASDAQ,97.62,68,76,84,67,25.94,8716550006.989304,337066891.0,0.1835,-20.58,5115340,3994320,4130106,0.01
1858,TFII,Industrials,Trucking,NYSE,97.62,68,72,84,77,122.37,9953575928.683388,82193031.0,7.26,-27.03,264850,212296,268558,0.124
1859,KYN,Financial Services,Asset Management,NYSE,97.62,68,72,61,78,13.78,2339013092.6367073,169126038.0,0.0015,-9.16,303820,297716,305410,0.179
1860,ONB,Financial Services,Banks - Regional,NASDAQ,97.62,68,69,68,59,25.21,9751709212.436676,382570000.0,0.070300005,-7.86,4764500,3767640,4007500,0.288
1861,EPD,Energy,Oil & Gas Midstream,NYSE,97.59,68,71,62,80,36.65,79360785960.75,2159477169.0,0.024,-8.76,3087400,2658233,2975000,0.608
1862,CRCL,Financial Services,Capital Markets,NYSE,97.57,68,27,9,32,85.8,22594953409.0,253875881.0,0.0958,-46.2,16697330,15867310,14151492,0.066
1863,AMBP,Consumer Cyclical,Packaging & Containers,NYSE,97.56,68,86,73,61,4.4,2617953723.7220592,597706314.0,0.065,-19.56,1967030,1682163,2315882,0.177
1864,AVBH,Financial Services,Banks - Regional,NASDAQ,97.54,68,68,78,76,31.41,344991105.12405396,10983480.0,0.041100003,-8.1,75017,65305,77447,0.289
1865,CNOB,Financial Services,Banks - Regional,NASDAQ,97.54,68,73,78,68,30.6,1562933955.0463104,50319832.0,0.0382,-10.37,454220,361736,397428,1.342
1866,RSVR,Communication Services,Entertainment,NASDAQ,97.53,68,62,72,82,9.55,625682735.9796505,65930743.0,0.0298,-28.68,127830,78843,70866,0.116
1867,SOBO,Energy,Oil & Gas Midstream,NYSE,97.53,68,78,70,83,34.01,7089910786.838245,208588127.0,18.15,-12.84,760820,672370,600454,0.042
1868,CMCO,Industrials,Farm & Heavy Construction Machinery,NASDAQ,97.52,68,65,26,28,16.37,485785224.31783295,28864244.0,0.3341,-32.91,460960,405796,564108,1.253
1869,ISTR,Financial Services,Banks - Regional,NASDAQ,97.51,68,71,69,80,29.33,404631265.18214035,13777026.0,0.0222,-7.68,95220,98813,119632,0.662
1870,GENB,Healthcare,Biotechnology,NASDAQ,97.48,68,77,82,36,14.91,1944539356.4374313,128352436.0,0.096,-34.23,1404060,1513706,1107242,-0.377
1871,KINS,Financial Services,Insurance - Property & Casualty,NASDAQ,97.47,68,87,82,36,17.98,264189427.25,14476133.0,0.0241,-13.97,120140,93953,101864,0.259
1872,FSBW,Financial Services,Banks - Regional,NASDAQ,97.44,68,57,59,48,44.47,347349701.03933716,7862148.0,0.0248,-3.01,33920,25193,24088,0.025
1873,MS,Financial Services,Capital Markets,NYSE,97.44,68,78,82,73,193.64,308317864948.12964,1570566292.0,0.0,-16.62,5742680,4608650,4790498,0.28
1874,WHF,Financial Services,Asset Management,NASDAQ,97.44,68,54,33,59,6.97,151194355.02073765,21476471.0,0.015700001,-11.1,144810,86436,71974,-0.237
1875,GGT,Financial Services,Asset Management,NYSE,97.42,68,60,63,59,3.98,196758839.06293392,49436894.0,0.005,-8.92,362722,409207,363440,0.415
1876,HFRO,Financial Services,Asset Management,NYSE,97.4,68,77,83,59,6.64,374933504.253582,55218484.0,0.0005,-14.21,81389,95213,111137,
1877,GROW,Financial Services,Asset Management,NASDAQ,97.4,68,82,74,63,2.92,36648624.31456947,12298196.0,0.0013,-20.0,14670,20263,19910,0.391
1878,ICFI,Industrials,Consulting Services,NASDAQ,97.39,68,71,31,22,83.0,1498555303.2561035,17933884.0,0.0347,-15.33,206330,170213,198226,-0.003
1879,GHM,Industrials,Specialty Industrial Machinery,NYSE,97.38,68,76,94,93,87.23,1023586637.1844254,11737033.0,0.0881,-30.67,170490,173380,183654,0.286
1880,SGP,Healthcare,Biotechnology,NASDAQ,97.37,68,73,17,24,25.98,905436781.3224869,33447979.0,0.1107,-19.91,196040,122756,106406,
1881,AES,Utilities,Utilities - Diversified,NYSE,97.37,68,58,57,72,14.87,10608832346.453428,713438630.0,0.025999999,-15.75,8253640,7760686,7234346,0.199
1882,AIR,Industrials,Aerospace & Defense,NYSE,97.33,68,88,90,90,115.09,4674453936.972046,40258840.0,0.040999997,-25.27,541530,434866,433268,0.23
1883,BNED,Consumer Cyclical,Specialty Retail,NYSE,97.31,68,83,77,59,11.18,392754220.7552719,34664980.0,0.0692,-24.2,214270,274466,255800,0.008
1884,ULTA,Consumer Cyclical,Specialty Retail,NASDAQ,97.3,68,34,22,56,549.13,23437772881.971863,42989311.0,0.0572,-23.2,520430,640940,613672,0.089
1885,UHAL,Industrials,Rental & Leasing Services,NYSE,97.3,68,81,79,29,60.72,11919282405.250397,195494213.0,0.14,-20.58,142810,141726,152078,0.032
1886,BZUN,Consumer Cyclical,Internet Retail,NASDAQ,97.29,68,63,37,31,3.09,170942446.0470085,58143688.0,0.0146,-27.63,227230,187196,204310,0.075
1887,WBI,Energy,Oil & Gas Equipment & Services,NYSE,97.29,68,79,81,77,28.95,1652502874.0926285,55453118.0,0.1099,-21.52,915550,634550,624288,1.28
1888,INN,Real Estate,REIT - Hotel & Motel,NYSE,97.28,68,72,87,35,5.82,619078852.9343014,107853463.0,0.0001,-18.83,933420,843596,899164,0.032
1889,CZWI,Financial Services,Banks - Regional,NASDAQ,97.28,68,72,84,83,21.12,205935931.0125084,9650231.0,0.0229,-13.55,56630,52820,50692,-0.203
1890,CZR,Consumer Cyclical,Resorts & Casinos,NASDAQ,97.28,68,67,65,60,29.59,6029853900.254379,203780124.0,0.1076,-4.18,6570370,3803183,3961188,0.03
1891,CEE,Financial Services,Asset Management,NYSE,97.27,68,57,75,75,19.46,125448531.06764603,6520194.0,0.0004,-11.46,20399,25396,23443,3.178
1892,NOG,Energy,Oil & Gas E&P,NYSE,97.26,68,66,13,81,23.21,2481529288.66864,106549128.0,0.2441,-25.54,2325180,2155643,2313526,0.16
1893,KMT,Industrials,Tools & Accessories,NYSE,97.26,68,47,72,90,31.8,2370382714.3828716,76390031.0,0.16409999,-27.41,1344290,1458600,1461316,0.426
1894,HOG,Consumer Cyclical,Recreational Vehicles,NYSE,97.26,68,78,60,36,24.67,2648645382.5510216,104072507.0,0.24159999,-15.57,1923490,1755313,2137074,-0.059
1895,OPBK,Financial Services,Banks - Regional,NASDAQ,97.26,68,65,61,59,15.21,226677100.25707245,14932615.0,0.0134000005,-9.63,60950,49953,52166,0.151
1896,CAMT,Technology,Semiconductor Equipment & Materials,NASDAQ,97.23,68,57,71,93,142.61,6862555570.269974,46668177.0,0.0866,-33.97,336360,354276,438700,0.025
1897,CHW,Financial Services,Asset Management,NASDAQ,97.23,68,63,73,66,8.14,527519851.23739815,63864387.0,0.001,-11.33,193708,146529,179849,-0.236
1898,HKD,Technology,Software - Application,NYSE,97.21,68,47,34,59,1.69,527989291.51539207,314279350.0,0.0033000002,-69.1,87710,95320,101616,3.409
1899,TRMK,Financial Services,Banks - Regional,NASDAQ,97.2,68,66,66,73,45.62,2673569418.245201,58070577.0,0.0806,-6.9,454890,360843,389752,0.09
1900,NEPH,Healthcare,Medical Instruments & Supplies,NASDAQ,97.2,68,65,29,19,4.03,45938307.80714035,10860120.0,0.0069,-37.23,17050,29016,24640,0.362
1901,CSWC,Financial Services,Asset Management,NASDAQ,97.18,68,75,63,65,22.99,1474164290.2224102,63733867.0,0.0646,-10.72,614340,601140,633356,0.091
1902,FCCO,Financial Services,Banks - Regional,NASDAQ,97.17,68,73,68,73,32.57,309721143.6214256,9399731.0,0.0221,-8.87,101770,66676,60390,0.265
1903,CDP,Real Estate,REIT - Office,NYSE,97.17,68,77,79,71,33.76,3842346438.175438,113410458.0,0.0892,-13.21,938730,843366,838096,0.039
1904,AUPH,Healthcare,Biotechnology,NASDAQ,97.16,68,67,78,89,16.52,2187361272.9769897,133051168.0,0.0712,-14.18,867860,908976,1004034,0.189
1905,ZIP,Communication Services,Internet Content & Information,NYSE,97.16,68,85,84,7,3.48,288613831.3458302,82226163.0,0.045300003,-37.97,683390,986893,898402,0.052
1906,DTSQU,Financial Services,Shell Companies,NASDAQ,97.15,68,49,50,55,11.89,,,,-31.27,80,26,18,
1907,MCHPP,Technology,Semiconductors,NASDAQ,97.14,67,46,73,61,66.78,,,0.03,-24.11,133476,247062,250311,0.38
1908,GRPN,Communication Services,Internet Content & Information,NASDAQ,97.14,67,64,90,12,19.74,866170773.7748413,40665296.0,0.525,-33.98,1448400,1157353,1310252,-0.008
1909,DD,Basic Materials,Specialty Chemicals,NYSE,97.12,67,62,75,85,130.98,17786511143.9106,135042975.0,0.041199997,-17.09,1121680,1165116,1399566,0.04
1910,BDJ,Financial Services,Asset Management,NYSE,97.11,67,66,62,59,9.44,1700438400.540862,176944689.0,0.0008,-5.13,449303,414664,420928,-0.198
1911,PLRZ,Healthcare,Biotechnology,NASDAQ,97.09,67,96,94,74,10.36,25882271.00868416,2402067.0,0.023699999,-43.08,28590,74570,70934,
1912,EXLS,Technology,Information Technology Services,NASDAQ,97.08,67,66,14,18,34.6,5268534340.25,151612499.0,0.075100005,-21.93,1946000,2000083,2215288,0.156
1913,REX,Basic Materials,Chemicals,NYSE,97.07,67,59,80,93,42.61,1421244422.662201,33175640.0,0.0403,-20.15,264210,205723,189374,0.179
1914,FOXA,Communication Services,Entertainment,NASDAQ,97.07,67,63,29,40,63.06,26594955210.855423,421673622.0,0.26450002,-17.45,5308760,5140283,4927410,0.281
1915,MO,Consumer Defensive,Tobacco,NYSE,97.07,67,60,70,74,69.13,114911776477.7546,1669743926.0,0.0234,-10.29,8403810,8495260,8833466,0.012
1916,SIDU,Industrials,Aerospace & Defense,NASDAQ,97.06,67,89,79,96,2.01,214597679.53568077,101225326.0,0.16549999,-70.4,3960650,3529570,4714012,-0.538
1917,HFWA,Financial Services,Banks - Regional,NASDAQ,97.06,67,68,71,70,28.16,1168957479.5735626,40915558.0,0.0856,-9.89,444360,384496,411364,0.531
1918,BRBS,Financial Services,Banks - Regional,NYSE ARCA,97.06,67,72,52,69,3.83,345296974.2467308,89687528.0,0.0508,-19.96,1295070,1536586,1025342,-0.4
1919,KEN,Utilities,Utilities - Independent Power Producers,NYSE,97.06,67,41,69,95,64.1,3321910308.75,52108397.0,0.0031,-33.18,12840,16236,17796,0.934
1920,CR,Industrials,Specialty Industrial Machinery,NYSE,97.04,67,64,73,43,206.92,11954847737.315613,57800356.0,0.0217,-10.23,446000,410266,439498,0.256
1921,ASTL,Basic Materials,Steel,NASDAQ,97.04,67,23,24,43,4.35,450117877.8639908,105661468.0,0.051999997,-26.27,698480,1133083,1127160,-0.546
1922,FR,Real Estate,REIT - Industrial,NYSE,97.04,67,61,65,71,61.26,8109486864.071686,132572946.0,0.0461,-12.34,1269940,923220,949148,0.084
1923,DG,Consumer Defensive,Discount Stores,NYSE,97.03,67,58,45,62,124.37,27541799255.677185,220616790.0,0.0309,-21.4,2502900,2619690,2345796,0.052
1924,SOTK,Technology,Scientific & Technical Instruments,NASDAQ,97.01,67,71,78,48,5.1,78740785.82727242,15716723.0,0.0068,-18.27,78160,54000,48526,0.103
1925,FPI,Real Estate,REIT - Specialty,NYSE,96.97,67,36,27,69,10.74,473829625.94058037,43630722.0,0.106300004,-18.79,542870,581150,515536,-0.055
1926,ESLT,Industrials,Aerospace & Defense,NASDAQ,96.96,67,63,81,94,704.27,34441764105.0,46859543.0,0.0086,-30.69,68400,74433,77716,0.159
1927,EEIQ,Consumer Defensive,Education & Training Services,NASDAQ,96.96,67,14,4,71,4.58,7936723.1426615715,1646623.0,0.0175,-63.94,22060,15326,14030,0.168
1928,LOCO,Consumer Cyclical,Restaurants,NASDAQ,96.94,67,81,87,85,14.1,428800086.97369766,30432937.0,0.0747,-18.97,214040,220566,229780,0.03
1929,JPM,Financial Services,Banks - Diversified,NYSE,96.93,67,77,60,60,336.59,911917349566.9875,2658186195.0,0.0091,-8.16,10027590,7202473,6963648,0.304
1930,AVO,Consumer Defensive,Food Distribution,NASDAQ,96.93,67,58,34,83,13.1,1152094258.6619911,87678404.0,0.088,-15.65,977060,741246,752490,0.258
1931,FOX,Communication Services,Entertainment,NASDAQ,96.93,67,61,28,40,56.55,23841426973.93373,421673622.0,0.0776,-17.05,1379470,1159766,1147762,0.281
1932,LAND,Real Estate,REIT - Specialty,NASDAQ,96.93,67,34,26,66,9.37,408934692.29364395,43136573.0,0.1022,-27.92,529600,733393,701598,0.042
1933,UG,Consumer Defensive,Household & Personal Products,NASDAQ,96.93,67,65,55,40,7.1,32527778.169481277,4594319.0,0.0061000003,-15.98,5210,7260,9414,0.095
1934,EIG,Financial Services,Insurance - Specialty,NYSE,96.92,67,75,73,39,47.76,849531920.0972214,17960506.0,0.112799995,-9.18,213430,158856,173154,-0.106
1935,PMA,Industrials,Engineering & Construction,NASDAQ,96.91,67,23,35,13,1.3,216756756.99412823,162975000.0,0.00090000004,-54.7,48610,56673,178836,-0.623
1936,HIVE,Financial Services,Capital Markets,NASDAQ,96.91,67,24,83,22,3.04,866716411.6214128,274277338.0,2.53,-61.22,13170180,19064576,18367636,0.735
1937,IDCC,Technology,Software - Application,NASDAQ,96.84,67,68,31,76,327.14,8624625378.959686,25806007.0,0.1371,-20.71,232110,204810,223588,-0.134
1938,DRK,Technology,Software - Infrastructure,NASDAQ,96.83,67,13,31,3,2.9,32448352.01441002,10569496.0,0.033299997,-76.98,444840,543216,722760,-0.188
1939,SKYA,Technology,Software - Infrastructure,NASDAQ,96.83,67,10,7,5,1.77,81305311.07377982,43247506.0,0.0185,-75.04,516190,455986,333302,16.075
1940,DAN,Consumer Cyclical,Auto Parts,NYSE,96.83,67,64,50,95,27.12,2919631002.400406,107576679.0,0.0624,-31.45,1689540,1438276,1431654,0.039
1941,ADUS,Healthcare,Medical Care Facilities,NASDAQ,96.81,67,67,46,29,111.91,2113744062.5915527,18674300.0,0.056799997,-10.07,238280,205060,214316,0.08
1942,MLI,Industrials,Metal Fabrication,NYSE,96.8,67,64,59,76,60.97,13385897703.008804,221181388.0,0.0248,-14.27,2420790,1650736,1492004,0.255
1943,ENS,Industrials,Electrical Equipment & Parts,NYSE,96.8,67,73,90,91,177.98,6451707899.347534,36065224.0,0.097399995,-27.15,581810,539596,525136,0.048
1944,MTUS,Basic Materials,Steel,NYSE,96.8,67,61,51,51,18.97,780904516.8846588,41449284.0,0.070700005,-15.99,333600,329850,369002,0.12
1945,CUZ,Real Estate,REIT - Office,NYSE,96.79,67,71,75,28,28.06,4715848898.909298,164602058.0,0.1,-14.84,1736630,1421570,1533748,0.116
1946,GRX,Financial Services,Asset Management,NYSE,96.78,67,66,54,45,9.61,140647569.21967506,14544733.0,0.0005,-5.78,26196,25995,22051,
1947,URBN,Consumer Cyclical,Apparel Retail,NASDAQ,96.75,67,69,40,39,75.44,6454494507.642937,85660181.0,0.1254,-11.69,1016200,1238130,1114752,0.104
1948,BANR,Financial Services,Banks - Regional,NASDAQ,96.75,67,68,55,50,68.17,2529222707.434082,36639472.0,0.0496,-8.91,284030,289666,323390,0.069
1949,PBA,Energy,Oil & Gas Midstream,NYSE,96.75,67,70,66,76,45.05,25966887011.28006,581435000.0,15.99,-12.66,1130750,1025243,952966,0.201
1950,FDUS,Financial Services,Asset Management,NASDAQ,96.74,67,61,56,38,19.13,761607070.5787182,39770605.0,0.043,-9.55,288170,324753,330524,0.088
1951,SGU,Energy,Oil & Gas Refining & Marketing,NYSE,96.71,67,57,59,62,12.78,420967898.7767029,32811216.0,0.0017,-5.54,19660,18640,21900,0.172
1952,FLR,Industrials,Engineering & Construction,NYSE,96.69,67,73,57,70,49.22,6737875098.310871,133741067.0,0.108,-15.65,2329840,2317126,2529678,0.088
1953,PKG,Consumer Cyclical,Packaging & Containers,NYSE,96.67,67,65,67,50,234.52,21132333904.244568,89098299.0,0.0437,-9.79,593950,579770,633642,0.147
1954,GLP,Energy,Oil & Gas Midstream,NYSE,96.66,67,61,53,61,47.17,1609180492.6496658,33848979.0,0.010299999,-13.11,57000,57810,69280,0.468
1955,MCRI,Consumer Cyclical,Resorts & Casinos,NASDAQ,96.64,67,70,83,68,117.26,2110197584.2533646,17922521.0,0.048899997,-13.74,232920,176420,157814,0.042
1956,CII,Financial Services,Asset Management,NYSE,96.63,67,64,75,71,23.87,1062883917.5425644,43704109.0,0.0089,-8.79,65170,66616,80790,0.418
1957,PFS,Financial Services,Banks - Regional,NYSE,96.62,67,71,71,74,22.53,2978852615.020912,130422618.0,0.066599995,-11.61,990440,813496,898248,0.038
1958,FFA,Financial Services,Asset Management,NYSE,96.61,67,62,59,57,22.11,445134684.36981964,19988086.0,0.00090000004,-7.18,19718,20846,23959,0.055
1959,GAM,Financial Services,Asset Management,NYSE,96.61,67,66,62,68,63.98,1537647850.7571793,23832113.0,0.0001,-6.69,18544,15418,16608,0.009
1960,HEQ,Financial Services,Asset Management,NYSE,96.6,67,62,59,64,11.2,133480738.05457115,11928574.0,0.17,-6.67,22364,22248,20938,
1961,AEIS,Industrials,Electrical Equipment & Parts,NASDAQ,96.59,67,69,88,97,277.84,11201307325.221802,40050442.0,0.0623,-30.09,592200,533203,609378,0.3
1962,ADAMM,Real Estate,REIT - Mortgage,NASDAQ,96.58,67,60,55,61,25.4,,,0.15,-1.55,10859,11456,12251,1.298
1963,MA,Financial Services,Credit Services,NYSE,96.54,67,68,39,33,568.26,497267063827.9614,876009940.0,0.0083,-5.48,2901790,2740833,2828160,0.141
1964,TRT,Technology,Semiconductor Equipment & Materials,NASDAQ,96.53,67,97,97,94,6.42,64592819.38120365,10384698.0,0.0,-69.97,677190,328010,317436,0.399
1965,WLKP,Basic Materials,Chemicals,NYSE,96.53,67,53,59,66,21.55,761311021.4452362,35245880.0,0.0064,-9.76,21350,23110,29592,-0.0
1966,RDWR,Technology,Software - Infrastructure,NASDAQ,96.52,67,60,59,69,29.46,1243958381.9255257,42082490.0,0.026300002,-10.16,458100,303963,278670,0.109
1967,ETD,Consumer Cyclical,"Furnishings, Fixtures & Appliances",NYSE,96.51,66,59,27,28,21.2,536602039.71533203,25204416.0,0.1527,-28.4,522280,625833,564502,-0.085
1968,EXG,Financial Services,Asset Management,NYSE,96.51,66,67,63,59,9.45,2930867105.7389336,305936026.0,0.99,-6.99,343143,367607,389194,
1969,DWSN,Energy,Oil & Gas Equipment & Services,NASDAQ,96.49,66,82,98,96,2.9,89750739.27786398,31055618.0,0.0442,-63.06,52310,126370,135098,0.818
1970,UMBF,Financial Services,Banks - Regional,NASDAQ,96.48,66,76,77,61,133.42,10315533630.874634,75950030.0,0.056799997,-12.98,802140,590966,605772,0.122
1971,KNOP,Energy,Oil & Gas Midstream,NYSE,96.48,66,67,61,78,10.49,364879958.4990263,34553025.0,0.0047,-10.95,36620,44263,45650,0.072
1972,ITUB,Financial Services,Banks - Regional,NYSE,96.47,66,46,64,84,7.99,89387382531.56036,11021872542.0,0.0043,-16.77,19629350,21116293,20885248,0.175
1973,EBC,Financial Services,Banks - Regional,NASDAQ,96.45,66,76,74,73,21.13,4894717461.274048,228511552.0,0.0744,-11.13,2831270,2223043,2408918,0.276
1974,AMCR,Consumer Cyclical,Packaging & Containers,NYSE,96.45,66,70,59,34,42.79,19654314505.86811,462345690.0,0.050100002,-16.0,3434250,3441293,3647748,0.259
1975,BKHAU,Financial Services,Shell Companies,NASDAQ,96.43,66,50,59,61,12.5,,,0.1,-22.36,287,403,464,
1976,CFG,Financial Services,Banks - Regional,NYSE,96.41,66,79,79,81,64.8,27599714403.50818,421176788.0,0.0002,-13.98,4156930,3478100,3503070,0.147
1977,NRP,Energy,Thermal Coal,NYSE,96.4,66,57,27,78,109.71,1441379801.1851807,13250412.0,0.0353,-14.69,26620,29630,39566,0.131
1978,SRTA,Healthcare,Medical Care Facilities,NASDAQ,96.39,66,74,72,37,5.23,471528069.23051834,88466806.0,0.0625,-19.54,646670,786786,935384,0.607
1979,PTRN,Consumer Cyclical,Internet Retail,NASDAQ,96.39,66,88,95,28,16.77,3019332575.9868584,177399089.0,0.1274,-43.72,2159010,1628493,1695502,0.466
1980,EME,Industrials,Engineering & Construction,NYSE,96.38,66,53,68,86,765.52,33621008610.42169,44109901.0,0.0215,-19.58,387760,357883,385552,0.198
1981,OIS,Energy,Oil & Gas Equipment & Services,NYSE,96.37,66,67,47,96,8.31,499471269.2121229,60322619.0,0.0434,-42.69,579750,525390,581336,-0.053
1982,EONR,Energy,Oil & Gas E&P,NYSE ARCA,96.37,66,60,20,96,0.51,24634393.627740145,49968344.0,0.0582,-67.72,730390,727706,667506,-0.16
1983,EXPE,Consumer Cyclical,Travel Services,NASDAQ,96.35,66,91,74,62,264.23,31706233692.71457,120022077.0,0.0675,-22.74,2823610,2036126,1880670,0.14
1984,BBDC,Financial Services,Asset Management,NYSE,96.35,66,64,50,45,8.64,907808692.2685013,104706884.0,0.0276,-9.43,476000,676750,678824,-0.124
1985,FHI,Financial Services,Asset Management,NYSE,96.34,66,76,58,78,57.56,4316857424.63549,74660281.0,0.062,-14.35,793250,630693,594424,0.183
1986,ESI,Basic Materials,Specialty Chemicals,NYSE,96.34,66,60,90,87,35.12,8702202315.834305,243690914.0,0.0388,-28.69,4812560,4947306,4718020,0.564
1987,IBCP,Financial Services,Banks - Regional,NASDAQ,96.34,66,65,61,64,35.59,795400780.4981232,22199295.0,0.0361,-9.3,222972,183110,192254,0.112
1988,AKA,Consumer Cyclical,Apparel Retail,NYSE,96.32,66,39,53,30,11.22,123319684.91492939,10991059.0,0.012,-31.5,2860,3883,3652,-0.003
1989,SKY,Consumer Cyclical,Residential Construction,NYSE,96.31,66,70,62,36,86.82,4761453420.739929,54280134.0,0.0639,-12.45,609600,579606,615652,0.013
1990,PRPO,Healthcare,Diagnostics & Research,NASDAQ,96.31,66,88,80,97,24.11,42337945.51709747,1790188.0,0.045300003,-28.31,119060,154253,138174,0.242
1991,ASB,Financial Services,Banks - Regional,NYSE,96.3,66,72,71,65,28.96,5546514643.318941,188849659.0,0.0,-10.78,2596160,1987726,1858542,0.235
1992,UYSCU,Financial Services,Shell Companies,NASDAQ,96.3,66,38,48,52,11.25,75121875.0,6677500.0,10.29,-20.1,0,20,12,
1993,BOE,Financial Services,Asset Management,NYSE,96.3,66,64,59,57,11.84,670537530.8307409,55600125.0,0.0016,-5.88,132045,105771,102897,0.013
1994,KRNT,Industrials,Specialty Industrial Machinery,NASDAQ,96.29,66,63,45,41,16.0,721057841.565238,46340477.0,0.0165,-19.11,342070,284150,304448,0.112
1995,XRPNU,Financial Services,Shell Companies,NASDAQ,96.28,66,55,45,63,11.41,,,1.25,-17.56,192,417,610,
1996,ROK,Industrials,Specialty Industrial Machinery,NYSE,96.27,66,57,80,68,431.22,48211782007.61267,111048676.0,0.038900003,-13.3,699520,682970,766740,0.079
1997,GFR,Energy,Oil & Gas E&P,NYSE,96.27,66,65,52,85,5.76,1411228344.5268364,240413692.0,0.0307,-19.55,1362130,1331840,926638,0.219
1998,OHI,Real Estate,REIT - Healthcare Facilities,NYSE,96.26,66,55,71,73,46.68,14023441270.111084,303013000.0,0.0477,-10.9,2114850,1917170,1941406,0.112
1999,AER,Industrials,Rental & Leasing Services,NYSE,96.24,66,62,62,73,146.51,23453435393.962936,157184065.0,0.0222,-7.75,1178490,1113766,1092570,0.149
2000,BNTX,Healthcare,Biotechnology,NASDAQ,96.22,66,52,38,33,99.08,24748653295.043625,251204366.0,0.0348,-20.1,800450,1447283,1241712,-0.595
2001,RDNW,Consumer Cyclical,Auto & Truck Dealerships,NASDAQ,96.22,66,39,86,94,6.2,233838284.35202408,38587176.0,0.123100005,-27.49,82510,69036,70960,-0.01
2002,WWW,Consumer Cyclical,Footwear & Accessories,NYSE,96.17,66,60,26,36,19.13,1565005059.685341,82066339.0,0.120799996,-33.3,669930,716936,777030,0.068
2003,BLK,Financial Services,Asset Management,NYSE,96.14,66,66,33,36,1071.25,168236033818.66064,154869259.0,0.0134000005,-12.19,575700,561163,600562,0.306
2004,AWR,Utilities,Utilities - Regulated Water,NYSE,96.12,66,77,64,60,81.35,3281829953.7583313,39635626.0,0.037,-11.31,260980,215230,238158,0.112
2005,TCBK,Financial Services,Banks - Regional,NASDAQ,96.12,66,68,71,71,51.89,1674412113.5440445,31966630.0,0.048499998,-15.91,330890,267320,282234,0.104
2006,ATEN,Technology,Software - Infrastructure,NYSE,96.08,66,75,94,87,25.5,1868230077.092228,72609021.0,0.18969999,-33.75,1305220,1233976,1303434,0.155
2007,ICE,Financial Services,Financial Data & Stock Exchanges,NYSE,96.07,66,54,19,50,152.91,86628781918.37799,561394487.0,0.0128999995,-13.14,2875160,3184736,3557024,0.048
2008,HLT,Consumer Cyclical,Lodging,NYSE,96.06,66,57,69,72,320.28,70661377220.43793,225064910.0,0.026500002,-10.54,1839250,1746880,1877010,0.025
2009,FNWB,Financial Services,Banks - Regional,NASDAQ,96.06,66,79,78,63,10.04,95591732.56419659,9511615.0,0.0044,-19.81,29750,26106,24954,-0.0
2010,UPC,Healthcare,Drug Manufacturers - Specialty & Generic,NASDAQ,96.05,66,92,93,19,4.8,23865852.5,5024390.0,0.0152,-73.27,36340,230893,978604,-0.013
2011,COTY,Consumer Defensive,Household & Personal Products,NYSE,96.05,66,62,19,10,2.68,2333819213.588806,880686464.0,0.1291,-40.04,5331630,6449063,7280526,0.013
2012,NTWOU,Financial Services,Shell Companies,NASDAQ,96.04,66,65,38,47,11.4,,,0.0,-8.8,307,946,567,
2013,IMKTA,Consumer Defensive,Grocery Stores,NASDAQ,96.04,66,48,69,85,85.09,1591158813.757141,18994376.0,0.1113,-11.01,118870,110136,117560,0.016
2014,MORN,Financial Services,Financial Data & Stock Exchanges,NASDAQ,96.02,66,57,18,20,191.56,7351909484.304733,37513571.0,0.0639,-18.61,328660,300396,346682,0.096
2015,NEWTP,Financial Services,Banks - Regional,NASDAQ,96.0,66,62,58,57,24.39,,,1.94,-12.83,5072,3480,3016,0.147
2016,RCG,Financial Services,Asset Management,NYSE ARCA,95.98,66,63,53,77,3.03,21187673.5861845,7015786.0,0.002,-8.46,7892,5984,6094,-0.471
2017,RICK,Consumer Cyclical,Restaurants,NASDAQ,95.96,66,71,51,23,27.57,210682415.91739655,7644500.0,0.1137,-13.9,49040,56783,52744,0.039
2018,ETB,Financial Services,Asset Management,NYSE,95.93,66,60,58,61,15.35,454720574.7533226,29374715.0,0.51,-2.97,49219,49153,49113,-0.095
2019,HTH,Financial Services,Financial Conglomerates,NYSE,95.92,66,58,65,72,38.12,2208964318.190922,57286417.0,0.0771,-5.67,456430,304493,280494,0.052
2020,SBRA,Real Estate,REIT - Healthcare Facilities,NASDAQ,95.91,66,63,57,68,19.82,5070935804.051308,255462756.0,0.112799995,-12.96,2630210,2261616,2577988,0.253
2021,CALY,Consumer Cyclical,Leisure,NYSE,95.9,66,76,91,89,14.31,2577691848.3340044,178510521.0,0.048299998,-29.44,2665840,1910623,1962628,0.02
2022,COSO,Financial Services,Banks - Regional,NYSE,95.88,66,71,66,69,26.56,318107815.3564148,11954446.0,0.0217,-7.0,163560,120883,101762,0.161
2023,BHRB,Financial Services,Banks - Regional,NASDAQ,95.88,66,69,64,63,69.06,1409862310.7928772,20187033.0,0.0418,-8.03,154750,116603,118650,0.223
2024,BKHA,Financial Services,Shell Companies,NASDAQ,95.87,66,52,52,60,12.31,50964403.96135712,4153578.0,0.11,-6.03,18010,6330,4092,
2025,UMH,Real Estate,REIT - Residential,NYSE,95.86,66,66,49,38,15.55,1311559370.511675,85166195.0,0.0,-7.27,772550,709006,668904,0.077
2026,BPYPO,Real Estate,Real Estate Services,NASDAQ,95.85,65,57,53,66,14.75,,,1.07,-9.28,96057,47729,32315,0.053
2027,AAT,Real Estate,REIT - Diversified,NYSE,95.85,65,63,83,53,21.63,1325102911.8552303,61404213.0,0.0715,-16.71,479570,457060,439984,0.014
2028,TOWN,Financial Services,Banks - Regional,NASDAQ,95.84,65,66,59,54,36.09,3361019375.419235,92437275.0,5.28,-7.53,548640,518196,562196,1.178
2029,WNEB,Financial Services,Banks - Regional,NASDAQ,95.84,65,62,74,80,13.97,280040837.1928253,20045872.0,0.016900001,-6.93,55680,54306,53686,-0.024
2030,BGY,Financial Services,Asset Management,NYSE,95.8,65,59,52,49,5.73,522845403.62166643,90614455.0,0.0022,-8.03,229257,194855,203697,-0.037
2031,JTAI,Technology,Software - Application,NASDAQ,95.8,65,24,1,0,1.6,2217884.678648472,1421721.0,0.1707,-97.71,975280,409163,376968,1.39
2032,TY,Financial Services,Asset Management,NYSE,95.77,65,59,60,55,34.38,1849487758.4385872,53422525.0,0.1,-5.94,45381,33020,31428,0.027
2033,IIPR,Real Estate,REIT - Industrial,NYSE,95.75,65,65,80,58,55.21,1530761309.101162,27571349.0,0.2092,-15.56,398920,335050,329576,0.007
2034,OPRA,Communication Services,Internet Content & Information,NASDAQ,95.7,65,79,75,43,17.4,1569391793.6807098,88917384.0,0.0615,-17.38,349990,387806,353848,0.246
2035,AZZ,Industrials,Specialty Business Services,NYSE,95.7,65,67,82,83,135.13,4122164337.144058,30051501.0,0.040599998,-16.69,292660,238656,241228,0.063
2036,BPYPN,Real Estate,Real Estate Services,NASDAQ,95.7,65,57,50,66,13.35,,,0.16,-10.28,99985,45631,32131,0.053
2037,CIFR,Technology,Information Technology Services,NASDAQ,95.7,65,53,95,97,16.74,7358494511.074013,415030722.0,0.2134,-44.46,35310490,34852723,34919950,-0.43
2038,ARDT,Healthcare,Medical Care Facilities,NYSE,95.69,65,67,53,24,10.47,1486623854.3995256,141045907.0,0.14770001,-32.36,452760,398176,440560,-0.014
2039,XPO,Industrials,Trucking,NYSE,95.68,65,59,83,90,176.66,20275862929.65828,117086465.0,0.0548,-23.87,1255580,1030236,1020012,0.132
2040,WGS,Healthcare,Diagnostics & Research,NASDAQ,95.68,65,68,17,14,85.93,2636312669.9055862,29822541.0,0.3777,-49.71,919590,623966,714386,0.114
2041,AGNCP,Real Estate,REIT - Mortgage,NASDAQ,95.67,65,58,53,50,25.2,,,0.25,-1.33,51454,43671,46742,
2042,IAF,Financial Services,Asset Management,NYSE ARCA,95.66,65,62,42,55,12.68,120929546.16338444,9582373.0,0.52,-12.79,21941,21467,18638,0.102
2043,BSBR,Financial Services,Banks - Regional,NYSE,95.61,65,54,27,65,5.71,43128159739.359024,7487527435.0,1.89,-21.99,2890040,3743553,3896964,0.288
2044,ECCC,Financial Services,Asset Management,NYSE,95.61,65,61,56,59,25.15,,,0.74,-1.37,1894,2851,2918,-0.218
2045,XYZ,Technology,Software - Infrastructure,NYSE,95.6,65,72,71,34,73.31,45912752799.9115,600795000.0,0.028800001,-15.66,4167960,4007906,4398302,0.093
2046,AMP,Financial Services,Asset Management,NYSE,95.58,65,77,48,31,496.16,43548276967.0,88333219.0,0.041300002,-13.34,813810,559133,531416,0.116
2047,USFD,Consumer Defensive,Food Distribution,NYSE,95.57,65,85,78,77,93.72,20190146773.703384,216330723.0,0.0554,-15.89,3069090,2272930,2330400,0.045
2048,LEE,Communication Services,Publishing,NASDAQ,95.56,65,84,84,90,6.8,151362977.909626,22292044.0,0.080699995,-42.76,43970,37376,42714,-0.108
2049,BLCO,Healthcare,Medical Instruments & Supplies,NYSE,95.56,65,60,58,63,16.95,6021806265.556366,357165246.0,0.0694,-10.39,320380,388650,402266,0.091
2050,MCHB,Financial Services,Banks - Regional,NASDAQ,95.55,65,73,73,72,14.92,3359040158.423502,221426509.0,0.0988,-14.15,554630,467550,571598,0.357
2051,TCPC,Financial Services,Asset Management,NASDAQ,95.55,65,34,16,15,3.98,336450146.9538212,83902775.0,0.0582,-36.62,897100,718766,751272,-0.222
2052,RGT,Financial Services,Asset Management,NYSE,95.55,65,68,59,68,14.26,95030108.43576431,6562853.0,0.0005,-9.69,12588,20106,19501,
2053,YAAS,Technology,Software - Application,NASDAQ,95.55,65,95,5,3,1.21,19486150.029866457,15714637.0,0.01,-75.7,21460,1034430,682862,4.443
2054,EFOI,Consumer Cyclical,"Furnishings, Fixtures & Appliances",NASDAQ,95.54,65,65,78,36,2.75,17324284.022224903,6369222.0,0.038399998,-72.05,15870,10390,9994,2.28
2055,EQBK,Financial Services,Banks - Regional,NYSE,95.54,65,68,64,66,48.03,995852828.9686584,20592490.0,0.028299998,-8.11,107030,102256,102174,0.381
2056,BPYPP,Real Estate,Real Estate Services,NASDAQ,95.5,65,62,50,71,15.25,,,2.18,-8.85,20232,14284,13022,0.053
2057,MARA,Financial Services,Capital Markets,NASDAQ,95.49,65,23,60,17,12.11,4848056251.030744,386299297.0,0.3098,-48.36,48860680,50477326,48602010,-0.267
2058,ABEV,Consumer Defensive,Beverages - Brewers,NYSE,95.48,65,50,71,80,2.87,44861977108.04765,15416486524.0,4.53,-16.81,17219840,27168123,28312036,0.003
2059,AGRO,Consumer Defensive,Farm Products,NYSE,95.47,65,63,32,94,10.07,1505132129.4192963,144307966.0,0.0419,-36.63,632900,856003,815646,0.39
2060,ATLCP,Financial Services,Credit Services,NASDAQ,95.47,65,54,61,46,24.0,,,0.31,-3.61,2769,3309,3849,0.833
2061,JANX,Healthcare,Biotechnology,NASDAQ,95.47,65,51,26,26,16.58,996529353.2563438,61136773.0,0.1234,-53.08,1050020,944350,846448,
2062,EDHL,Communication Services,Advertising Agencies,NASDAQ,95.46,65,60,13,3,5.14,8331375.0,1666275.0,0.12810001,-76.2,375050,326236,211600,-0.134
2063,BMRC,Financial Services,Banks - Regional,NASDAQ,95.46,65,58,64,66,27.47,451981459.20895386,16194248.0,0.056199998,-11.16,202200,159403,156780,2.754
2064,REXR,Real Estate,REIT - Industrial,NYSE,95.45,65,43,32,32,37.19,8355365278.4823,222988124.0,0.0655,-16.2,3317250,2625710,2700952,-0.016
2065,CVS,Healthcare,Healthcare Plans,NYSE,95.42,65,70,87,65,87.85,113994625476.17297,1278970369.0,0.0127,-20.63,9875860,7203173,7676652,0.071
2066,AXTA,Basic Materials,Specialty Chemicals,NYSE,95.42,65,76,72,28,32.68,7039117570.70256,214019997.0,0.0432,-15.36,2381030,1852060,1775442,0.031
2067,MSBIP,Financial Services,Banks - Regional,NASDAQ,95.41,65,60,55,63,25.3,,,0.53,-6.52,1882,6894,5246,0.18
2068,ARCC,Financial Services,Asset Management,NASDAQ,95.41,65,57,38,35,19.13,13786039171.807957,718022845.0,0.0586,-9.51,4686130,4137086,4304858,0.031
2069,IBAC,Financial Services,Shell Companies,NASDAQ,95.39,65,48,43,53,11.3,56592988.65524387,5008229.0,0.00090000004,-2.92,3920,1753,1298,
2070,CNOBP,Financial Services,Banks - Regional,NASDAQ,95.37,65,58,53,63,25.21,,,0.45,-1.18,2208,3426,5391,1.342
2071,VIP,Financial Services,Capital Markets,NASDAQ,95.35,65,79,83,24,1.61,30040740.17211938,18429902.0,0.0255,-52.08,138450,129453,537414,-0.737
2072,AGNCL,Real Estate,REIT - Mortgage,NASDAQ,95.35,65,57,52,46,25.41,,,0.52,-0.35,17760,13743,12494,
2073,BSEM,Healthcare,Biotechnology,NASDAQ,95.35,65,15,10,48,4.05,74254387.6253066,17935843.0,1.2,-51.79,222800,147976,130742,-0.279
2074,GDV,Financial Services,Asset Management,NYSE,95.35,65,64,61,64,28.59,2509850424.1438293,86696040.0,0.0001,-7.77,89500,93923,90502,0.07
2075,PAACU,Financial Services,Shell Companies,NASDAQ,95.35,65,51,39,45,10.64,,,105.33,1.33,69,59,41,
2076,MDT,Healthcare,Medical Devices,NYSE,95.34,65,59,29,37,89.5,113382781788.87619,1279137890.0,0.0135,-15.83,12245330,9413686,8381230,0.137
2077,CAPL,Energy,Oil & Gas Refining & Marketing,NYSE,95.33,65,71,63,59,21.59,819961499.9256706,38173255.0,0.0025,-12.34,25030,32693,39994,0.259
2078,HASI,Financial Services,Asset Management,NYSE,95.33,65,73,72,83,36.25,4682386411.137886,128495790.0,0.1492,-17.86,1154010,1104863,1036672,8.044
2079,FLNT,Communication Services,Advertising Agencies,NASDAQ,95.3,65,93,90,80,3.09,99878394.47285795,31607086.0,0.0033000002,-31.18,30920,37796,32838,0.084
2080,SSB,Financial Services,Banks - Regional,NYSE,95.3,65,68,52,50,101.69,9936010664.857162,96974534.0,0.035099998,-9.37,698490,656283,765690,-0.001
2081,IMPPP,Energy,Oil & Gas Midstream,NASDAQ,95.3,65,51,53,65,26.05,,,2.74,-6.23,800,1116,1048,1.396
2082,SBUX,Consumer Cyclical,Restaurants,NASDAQ,95.29,65,74,69,66,95.27,108140400695.80078,1140000000.0,0.038900003,-13.79,8148460,6633316,7045334,-0.014
2083,BLKB,Technology,Software - Application,NASDAQ,95.29,65,65,9,13,42.36,1960398227.0961876,45390097.0,0.1258,-40.09,523290,422116,544320,0.03
2084,ASPCU,Financial Services,Shell Companies,NASDAQ,95.28,65,56,25,31,11.99,,,0.71,-75.53,0,310,231,
2085,ELWT,Communication Services,Telecom Services,NASDAQ,95.27,65,38,57,62,6.7,47166046.5,6619796.0,0.0047,-31.07,11530,11156,11506,-0.464
2086,DLX,Industrials,Conglomerates,NYSE,95.26,64,58,64,89,23.88,1115683532.2014427,45856290.0,0.1225,-25.54,454840,455263,432300,-0.042
2087,ARLP,Energy,Thermal Coal,NASDAQ,95.25,64,65,31,74,24.83,3235768796.0705624,128658801.0,0.0154,-15.69,257020,237913,299550,0.007
2088,KGS,Energy,Oil & Gas Equipment & Services,NYSE,95.24,64,80,92,94,52.72,5349414264.782749,101104031.0,0.0975,-32.13,2244340,1894026,1817142,0.211
2089,MED,Consumer Cyclical,Personal Services,NYSE,95.21,64,45,30,25,11.71,136069156.36301994,11180703.0,0.1725,-17.24,139450,120750,154610,-0.276
2090,ZVRA,Healthcare,Biotechnology,NASDAQ,95.2,64,73,89,64,11.3,655596939.9746885,59383781.0,0.097799994,-24.84,884900,857373,1101910,0.533
2091,J,Industrials,Engineering & Construction,NYSE,95.2,64,70,31,39,138.37,16194632032.592407,117038611.0,0.0313,-17.85,865480,816653,843784,0.345
2092,SRI,Consumer Cyclical,Auto Parts,NYSE,95.2,64,38,67,24,6.67,197663511.92372417,28522874.0,0.040700004,-31.31,188050,136163,143654,0.151
2093,SLG,Real Estate,REIT - Office,NYSE,95.18,64,84,71,19,49.32,3614053637.1507835,70849907.0,0.23799999,-19.05,925120,813013,909642,0.273
2094,FGBI,Financial Services,Banks - Regional,NASDAQ,95.16,64,70,78,74,8.13,132478146.7254982,16539094.0,0.074200004,-26.19,28550,22513,20918,1.768
2095,T,Communication Services,Telecom Services,NYSE,95.16,64,47,16,67,24.9,173913542046.2491,6852385650.0,0.0191,-15.42,39751620,35151686,48048626,0.023
2096,HRI,Industrials,Rental & Leasing Services,NYSE,95.15,64,68,70,16,133.9,4525280280.244934,33431444.0,0.0975,-28.91,1167510,709410,629910,0.202
2097,DEO,Consumer Defensive,Beverages - Wineries & Distilleries,NYSE,95.14,64,58,34,23,86.24,48652436062.35793,555900799.0,0.0056,-16.06,888010,928166,1102692,-0.017
2098,ENIC,Utilities,Utilities - Renewable,NYSE,95.14,64,66,66,66,4.26,5934490554.990105,1383331144.0,2.42,-10.13,886390,741323,654234,-0.113
2099,FRBA,Financial Services,Banks - Regional,NASDAQ,95.13,64,68,58,61,17.68,440621750.71417236,24754032.0,0.0177,-8.54,82085,90101,98077,0.017
2100,AGNCO,Real Estate,REIT - Mortgage,NASDAQ,95.13,64,57,52,56,25.54,,,0.46,-0.78,26685,21021,22307,
2101,RVT,Financial Services,Asset Management,NYSE,95.12,64,66,68,71,17.2,2145775520.3565521,124248724.0,0.0067000003,-10.04,198136,181508,197957,0.15
2102,GME,Consumer Cyclical,Specialty Retail,NYSE,95.12,64,20,33,58,23.96,11800277848.177032,504500990.0,0.084,-14.73,10105670,8390620,7701364,-0.187
2103,MSN,Technology,Consumer Electronics,NYSE ARCA,95.11,64,76,25,57,0.41,9048340.510508776,21042652.0,0.0219,-51.76,262540,466990,290894,-0.371
2104,EDD,Financial Services,Asset Management,NYSE,95.1,64,69,69,64,5.58,360953857.05299234,64456047.0,2.64,-9.71,400760,304733,323058,
2105,ITW,Industrials,Specialty Industrial Machinery,NYSE,95.09,64,63,56,59,273.83,78126338085.9375,284800000.0,0.0309,-9.67,1274510,1136620,1250340,0.061
2106,OPLN,Consumer Cyclical,Auto & Truck Dealerships,NYSE,95.09,64,69,86,72,34.68,4250472662.0472336,122069865.0,0.027999999,-19.16,1188040,1260440,1238934,0.151
2107,CLPT,Healthcare,Medical Devices,NASDAQ,95.08,64,86,91,13,15.31,452377684.0827122,30504227.0,0.1468,-49.14,558430,559876,594534,0.181
2108,BCS,Financial Services,Banks - Diversified,NYSE,95.05,64,75,81,70,24.61,82982973126.24666,3344739013.0,1.92,-14.22,4766620,3738143,4090374,0.156
2109,ATHM,Communication Services,Internet Content & Information,NYSE,95.03,64,70,24,18,21.21,2456595522.843157,115170911.0,0.0478,-28.1,477140,692286,716168,-0.319
2110,CME,Financial Services,Financial Data & Stock Exchanges,NASDAQ,95.03,64,57,22,76,263.24,95101527428.69577,359579263.0,0.018,-20.03,1844840,1868216,2018776,0.008
2111,MRBK,Financial Services,Banks - Regional,NASDAQ,95.02,64,68,70,83,19.11,229872760.4206848,11929048.0,0.024400001,-11.81,70730,83333,90160,0.037
2112,OGC,Basic Materials,Gold,NYSE,95.02,64,70,61,95,26.93,6257448635.304609,222447523.0,4.97,-37.85,802650,650303,586804,0.497
2113,SFBC,Financial Services,Banks - Regional,NASDAQ,95.02,64,62,46,39,46.36,109706800.09481812,2568043.0,0.0029,-5.79,9868,5279,10183,0.102
2114,PFAI,Consumer Defensive,Farm Products,NASDAQ,95.02,64,76,89,93,2.77,35177649.11220074,11765100.0,0.0025,-43.81,370,906,7856,-0.033
2115,APPF,Technology,Software - Application,NASDAQ,95.01,64,71,23,16,197.91,7232858149.473633,35416992.0,0.097399995,-30.1,303920,315020,379606,0.193
2116,MBINM,Financial Services,Banks - Regional,NASDAQ,94.98,64,56,50,59,25.35,,,1.32,-2.35,8624,6464,5984,0.371
2117,NWE,Utilities,Utilities - Regulated Electric,NASDAQ,94.97,64,63,69,77,68.06,4234888568.714905,61517850.0,0.0429,-9.47,558650,429583,400640,0.146
2118,RACE,Consumer Cyclical,Auto Manufacturers,NYSE,94.96,64,65,35,24,398.0,72211456994.60034,175556024.0,0.0293,-21.11,421230,380173,432704,0.084
2119,MNST,Consumer Defensive,Beverages - Non-Alcoholic,NASDAQ,94.96,64,76,85,64,41.86,84454722741.7503,1959051764.0,0.030199999,-16.56,10616770,10025683,10304648,0.202
2120,RIBBU,Financial Services,Shell Companies,NASDAQ,94.95,64,51,36,69,11.49,,,0.69,-30.78,190,863,564,
2121,GSM,Basic Materials,Other Industrial Metals & Mining,NASDAQ,94.94,64,30,16,35,3.99,760522336.2667336,186860517.0,0.0402,-30.49,999510,1241190,1451036,-0.021
2122,GRVY,Communication Services,Electronic Gaming & Multimedia,NASDAQ,94.91,64,74,50,49,66.81,462171353.8444519,6948900.0,0.0081,-12.09,18060,28080,36000,-0.046
2123,LFMDP,Healthcare,Health Information Services,NASDAQ,94.9,64,57,54,60,23.15,,,1.8,-4.34,940,1293,1470,-0.035
2124,XRN,Real Estate,REIT - Healthcare Facilities,NYSE,94.89,64,61,66,47,35.42,474576185.30067444,13237830.0,0.0756,-8.36,100430,93420,93318,0.048
2125,NSC,Industrials,Railroads,NYSE,94.89,64,74,64,65,313.05,70302420749.0,224608373.0,0.034,-12.7,1020530,1138343,1192896,0.114
2126,SUNB,Industrials,Rental & Leasing Services,NYSE,94.88,64,38,50,29,74.89,30756952168.41742,409764897.0,1.12,-13.6,4872450,6865850,4894300,0.112
2127,SPG,Real Estate,REIT - Retail,NYSE,94.87,64,68,77,71,204.53,66271462232.12067,323559515.0,0.0,-14.24,1262700,1196523,1286150,0.195
2128,POET,Technology,Semiconductors,NASDAQ,94.86,64,43,87,62,7.41,1344661340.459179,173058088.0,0.132,-64.39,7659160,8175186,10132884,1.123
2129,LYV,Communication Services,Entertainment,NYSE,94.86,64,70,73,68,171.89,39805789481.85242,232959505.0,0.147,-9.17,2056900,1864056,1973210,0.094
2130,ABUS,Healthcare,Biotechnology,NASDAQ,94.85,64,73,65,69,4.86,960812834.6571641,198105743.0,0.13859999,-10.83,7791330,5999233,4116618,-0.906
2131,XFLT,Financial Services,Asset Management,NYSE,94.84,64,52,26,19,19.16,293499141.6521454,15230884.0,0.0017,-27.83,77817,67059,75583,
2132,UYSC,Financial Services,Shell Companies,NASDAQ,94.81,64,55,49,56,11.0,84241828.0,7658348.0,0.006,-6.38,0,1806,1250,
2133,ALX,Real Estate,REIT - Retail,NYSE,94.8,64,76,75,63,249.08,1262113479.8620605,5107290.0,0.1117,-13.94,41270,39443,37204,0.061
2134,SRRK,Healthcare,Biotechnology,NASDAQ,94.79,64,88,80,86,49.13,5922418393.740715,121785282.0,0.1989,-20.45,3026550,1878230,1540674,
2135,AGNCM,Real Estate,REIT - Mortgage,NASDAQ,94.79,64,56,53,49,25.11,,,1.17,-1.68,14550,13923,13250,
2136,AGNCN,Real Estate,REIT - Mortgage,NASDAQ,94.78,64,57,52,57,25.67,,,2.13,-1.69,20960,16126,17500,
2137,VTOL,Energy,Oil & Gas Equipment & Services,NYSE,94.77,64,59,50,86,42.16,1263342008.3389282,29642000.0,0.0448,-16.32,371990,293763,256596,0.094
2138,BJ,Consumer Defensive,Discount Stores,NYSE,94.77,64,37,28,40,96.81,11847055078.324554,126314692.0,0.078099996,-8.48,1606700,1869056,1699076,0.157
2139,FITB,Financial Services,Banks - Regional,NYSE,94.74,64,74,77,69,51.57,47249101200.59177,906892564.0,0.0,-13.33,7279620,5604410,5440154,0.518
2140,RMNI,Technology,Software - Application,NASDAQ,94.74,64,89,71,29,4.21,393962300.4131317,93356000.0,0.048600003,-25.88,336110,441076,423094,0.067
2141,FIBK,Financial Services,Banks - Regional,NASDAQ,94.74,64,67,74,64,36.33,3517693029.827671,95304607.0,0.1611,-10.52,1529520,1102780,1142128,0.074
2142,CENT,Consumer Defensive,Packaged Foods,NASDAQ,94.73,64,73,78,64,39.68,2473033441.9204025,62592598.0,0.069699995,-15.52,86780,102773,101726,-0.082
2143,SIEB,Financial Services,Capital Markets,NASDAQ,94.72,64,40,11,10,2.23,90070061.15221596,40940936.0,0.015700001,-46.14,36580,131533,87766,1.094
2144,SXI,Industrials,Specialty Industrial Machinery,NYSE,94.72,64,74,89,84,278.47,3440898213.9622498,12281465.0,0.0756,-23.47,138570,123510,131776,0.028
2145,FTAIM,Industrials,Aerospace & Defense,NASDAQ,94.7,64,58,51,61,27.11,,,4.01,-2.52,1604,1874,2086,0.409
2146,NAAS,Consumer Cyclical,Specialty Retail,NASDAQ,94.68,63,60,34,15,3.23,55600479.95734739,17055362.0,0.0037,-25.85,15520,17080,18470,-0.317
2147,INDB,Financial Services,Banks - Regional,NASDAQ,94.68,63,64,69,74,79.54,3846370694.240982,47369099.0,0.062800005,-9.1,435690,330543,328724,0.415
2148,PLD,Real Estate,REIT - Industrial,NYSE,94.67,63,62,65,75,132.44,126441858044.7873,950333372.0,0.0227,-13.64,3459090,3170983,4044822,0.123
2149,RMBI,Financial Services,Banks - Regional,NASDAQ,94.66,63,70,60,54,15.11,244682109.30994034,16034214.0,0.0173,-8.92,207190,119786,90088,0.156
2150,EMBC,Healthcare,Medical Instruments & Supplies,NASDAQ,94.66,63,25,2,21,5.93,334291639.50348043,56659599.0,0.1177,-60.23,1021150,1235080,1411000,-0.081
2151,FCNCA,Financial Services,Banks - Regional,NASDAQ,94.61,63,68,54,47,2098.23,23606687536.328125,11293120.0,0.0529,-8.63,70120,62373,64274,0.085
2152,PEN,Healthcare,Medical Devices,NYSE,94.61,63,55,58,75,319.18,12560893358.573486,39389422.0,0.052699998,-11.93,513040,343673,342866,0.149
2153,RKLB,Industrials,Aerospace & Defense,NASDAQ,94.61,63,35,94,93,72.19,47276361130.405945,639301732.0,0.0731,-52.19,21891300,18291130,18704570,0.62
2154,BBDO,Financial Services,Banks - Regional,NYSE,94.6,63,39,38,80,3.04,32826446843.837414,10589176727.0,1.08,-20.0,69900,73036,85046,0.072
2155,OCSL,Financial Services,Asset Management,NASDAQ,94.59,63,64,50,39,12.0,1065834861.9019604,88085523.0,0.0364,-16.14,420120,454290,500340,-0.078
2156,BMRN,Healthcare,Biotechnology,NASDAQ,94.59,63,70,49,39,59.46,11664754392.432873,193573759.0,0.052199997,-16.23,2169610,1916816,2066258,0.199
2157,MCY,Financial Services,Insurance - Property & Casualty,NYSE,94.58,63,69,82,80,98.85,5506183612.90921,55388627.0,0.0352,-12.57,326730,284146,284092,0.138
2158,DOW,Basic Materials,Chemicals,NYSE,94.52,63,60,32,92,27.89,20239987052.881336,722340711.0,0.0554,-34.74,9278170,8705920,9150284,0.197
2159,GTN,Communication Services,Broadcasting,NYSE,94.52,63,55,24,62,4.59,471668466.2829151,102984383.0,0.0,-28.73,1062080,966210,1106126,0.087
2160,KZIA,Healthcare,Biotechnology,NASDAQ,94.5,63,88,95,93,9.6,109355419.94278717,11426899.0,0.0495,-44.83,359810,337610,288856,3.124
2161,INTG,Consumer Cyclical,Lodging,NASDAQ,94.48,63,85,96,96,32.9,71619907.89459229,2148812.0,0.08930001,-36.73,50170,84293,98188,0.211
2162,IEP,Energy,Oil & Gas Refining & Marketing,NASDAQ,94.48,63,41,49,63,6.87,4947969074.399259,710915093.0,0.107700005,-26.29,764830,1035466,1044936,0.257
2163,DFIN,Technology,Software - Application,NYSE,94.47,63,52,27,40,47.68,1202716891.3428192,24585383.0,0.0531,-15.25,242640,222113,230552,0.028
2164,CHD,Consumer Defensive,Household & Personal Products,NYSE,94.46,63,61,57,50,95.62,22861711905.16001,237203907.0,0.052399997,-9.83,1666200,1758230,1800578,0.016
2165,EURKU,Financial Services,Shell Companies,NASDAQ,94.44,63,60,52,50,11.72,,,0.54,-15.07,0,26,20,
2166,VLYPP,Financial Services,Banks - Regional,NASDAQ,94.43,63,54,46,58,25.01,,,2.15,-2.99,3369,5299,5093,0.15
2167,CAPNU,Financial Services,Shell Companies,NASDAQ,94.43,63,51,51,58,11.35,,,,-3.47,70,23,14,
2168,UCB,Financial Services,Banks - Regional,NYSE,94.4,63,64,64,65,33.99,4099515743.386471,119763827.0,0.0575,-8.58,949930,790866,845010,0.244
2169,OMSE,Energy,Oil & Gas Equipment & Services,NASDAQ,94.4,63,31,20,27,4.23,185076355.10751343,42448704.0,0.00090000004,-40.42,15550,30480,26314,-0.017
2170,BSAA,Financial Services,Shell Companies,NASDAQ,94.39,63,54,68,51,11.3,83614351.41134262,7399500.0,0.0007,-34.3,2300,8773,8128,
2171,TFX,Healthcare,Medical Instruments & Supplies,NYSE,94.38,63,69,60,35,127.38,5172398488.858971,42372397.0,0.14819999,-12.15,1001510,724880,671434,0.289
2172,NODK,Financial Services,Insurance - Property & Casualty,NASDAQ,94.37,63,66,74,39,14.91,301989904.29189205,20404723.0,0.0117,-10.72,38750,29986,27510,-0.077
2173,HAL,Energy,Oil & Gas Equipment & Services,NYSE,94.35,63,74,66,91,32.43,27293349424.53834,833130367.0,0.056700002,-25.6,11050160,10907953,11590824,0.037
2174,CCD,Financial Services,Asset Management,NASDAQ,94.35,63,70,76,68,22.41,658536059.1404972,28619559.0,0.0026,-16.97,65204,56681,59604,
2175,CPA,Industrials,Airlines,NYSE,94.34,63,48,83,55,131.07,5458373293.388397,40819423.0,0.0499,-18.32,376480,297723,296718,0.257
2176,MDLZ,Consumer Defensive,Confectioners,NASDAQ,94.33,63,57,48,42,60.18,76897560434.25,1276308057.0,0.024400001,-9.71,8416580,7648996,8161776,0.041
2177,UGI,Utilities,Utilities - Regulated Gas,NYSE,94.32,63,63,37,65,36.24,7831210885.14732,214494967.0,0.078099996,-12.34,2192360,2447616,2042162,-0.045
2178,AIXC,Technology,Software - Infrastructure,NASDAQ,94.31,63,8,7,5,1.66,36518369.72262001,21108884.0,0.0392,-73.05,641620,2903643,1758282,
2179,GATX,Industrials,Rental & Leasing Services,NYSE,94.3,63,57,46,63,181.26,6486598155.500519,35305058.0,0.1145,-11.82,309790,223933,222444,0.348
2180,ESTA,Healthcare,Medical Devices,NASDAQ,94.29,63,71,92,81,65.34,1966030785.6492615,29801891.0,0.1839,-33.05,281630,336443,432420,0.317
2181,DLR,Real Estate,REIT - Specialty,NYSE,94.26,63,60,45,73,177.18,66264082855.90965,370998727.0,0.0,-14.87,2009660,1969366,2280438,0.299
2182,GSBD,Financial Services,Asset Management,NYSE,94.26,63,68,54,46,9.46,1073908894.8858309,112569067.0,0.0573,-13.29,854480,820130,866502,-0.08
2183,EXK,Basic Materials,Silver,NYSE,94.26,63,78,58,91,8.96,2780796759.483138,296144479.0,2.13,-40.86,7894000,8975746,8433848,1.394
2184,VALU,Financial Services,Financial Data & Stock Exchanges,NASDAQ,94.26,63,55,53,37,39.79,376785054.24840546,9382098.0,0.0219,-3.38,3340,4043,3886,-0.064
2185,RNST,Financial Services,Banks - Regional,NYSE,94.24,63,60,68,64,39.86,3688170023.277855,91404465.0,0.061,-10.51,891140,643326,618062,0.453
2186,ZKH,Consumer Cyclical,Internet Retail,NYSE,94.24,63,34,12,40,2.85,451222572.4092541,157770136.0,0.0002,-26.92,201910,407946,292884,0.128
2187,COLM,Consumer Cyclical,Apparel Manufacturing,NASDAQ,94.24,63,37,64,37,58.69,2948727896.285385,51193194.0,0.17459999,-15.02,738870,685616,703454,0.015
2188,LLYVA,Communication Services,Entertainment,NASDAQ,94.23,63,61,69,78,97.07,8861957788.242188,92005376.0,0.0656,-8.47,172500,137986,140670,0.061
2189,COIN,Financial Services,Financial Data & Stock Exchanges,NASDAQ,94.23,63,22,14,17,191.79,51477222207.56328,263836923.0,0.114700004,-52.31,11378280,10571233,9461078,-0.173
2190,MOH,Healthcare,Healthcare Plans,NYSE,94.22,63,76,83,15,189.64,9962892031.860352,52200000.0,0.0715,-22.56,594870,595903,922268,-0.057
2191,MTDR,Energy,Oil & Gas E&P,NYSE,94.19,63,67,36,89,51.45,6379529740.383026,123754216.0,0.115100004,-23.03,1897010,1878130,2043356,0.268
2192,USAC,Energy,Oil & Gas Equipment & Services,NYSE,94.17,63,58,57,77,25.33,3701853163.9995956,144943345.0,0.018099999,-17.09,626630,419573,357994,0.368
2193,LANDP,Real Estate,REIT - Specialty,NASDAQ,94.17,63,62,55,63,19.77,,,0.19,-8.05,23959,23436,24059,0.042
2194,SKWD,Financial Services,Insurance - Property & Casualty,NASDAQ,94.16,63,80,79,32,53.59,2432039832.3450623,44396493.0,0.0517,-18.42,385610,397300,437362,0.53
2195,HRB,Consumer Cyclical,Personal Services,NYSE,94.15,63,88,37,16,40.34,5200589079.900017,123265922.0,0.2316,-31.24,2295530,1852530,2182544,0.03
2196,MDB,Technology,Software - Infrastructure,NASDAQ,94.14,63,82,79,39,334.68,33012480314.24701,80431927.0,0.0367,-29.26,3023380,2323733,1977580,0.305
2197,NIE,Financial Services,Asset Management,NYSE,94.12,63,58,65,60,25.05,695495032.0701313,27708965.0,0.0018000001,-8.04,66500,67186,59860,
2198,CB,Financial Services,Insurance - Property & Casualty,NYSE,94.12,63,66,69,68,331.37,128614097111.04163,385799859.0,0.0093,-9.44,1853300,1672926,1753720,0.061
2199,KVUE,Consumer Defensive,Household & Personal Products,NYSE,94.11,63,60,66,37,17.88,34189766247.16614,1920773467.0,0.0348,-11.18,22928710,24854620,22621310,0.03
2200,HTLD,Industrials,Trucking,NASDAQ,94.1,63,68,91,71,11.44,873858519.050025,77332611.0,0.0776,-31.25,958040,754910,767550,-0.125
2201,BAC,Financial Services,Banks - Diversified,NYSE,94.09,63,79,67,62,55.47,396488837630.54364,6992748365.0,0.0,-14.96,40391000,34986423,32598014,0.168
2202,HIPO,Financial Services,Insurance - Property & Casualty,NYSE,94.08,63,70,40,31,30.85,807778968.5167999,26389381.0,0.0382,-20.34,223280,192056,185278,0.234
2203,HXL,Industrials,Aerospace & Defense,NYSE,94.07,63,74,86,81,84.14,6488492412.38446,75623452.0,0.0664,-24.7,966390,812190,928284,0.08
2204,CCC,Technology,Software - Application,NASDAQ,94.07,63,77,15,16,6.62,4064063513.770912,588994704.0,0.0863,-30.64,14659290,11936416,10963356,0.098
2205,ALL,Financial Services,Insurance - Property & Casualty,NYSE,94.06,62,82,74,61,227.55,57550470963.32245,252857950.0,0.0001,-17.92,2611740,1884116,1803614,0.118
2206,RWAY,Financial Services,Asset Management,NASDAQ,94.06,62,31,13,20,6.69,284149157.9130478,41909904.0,0.1037,-35.17,275980,392780,480472,0.053
2207,RANI,Healthcare,Biotechnology,NASDAQ,94.06,62,29,54,40,0.78,87607545.02527237,115424960.0,0.0633,-79.84,681050,655870,765840,
2208,YHNA,Financial Services,Shell Companies,NASDAQ,94.05,62,53,46,55,11.2,47315463.6765089,4285821.0,0.0,-6.67,2190,23246,14758,
2209,IPM,Technology,Software - Application,NASDAQ,94.03,62,38,34,41,1.81,23333954.412726402,13035729.0,0.0053,-19.91,7740,6573,6746,0.129
2210,EOI,Financial Services,Asset Management,NYSE,94.02,62,54,45,49,19.74,817574877.0172958,41001748.0,1.21,-6.45,65854,60524,67368,-0.051
2211,MH,Consumer Defensive,Education & Training Services,NYSE,94.01,62,31,14,34,12.5,2435361114.645775,191308814.0,0.0921,-30.56,621420,584720,608592,0.026
2212,AGCO,Industrials,Farm & Heavy Construction Machinery,NYSE,94.01,62,39,53,69,117.61,8265144421.488136,70031729.0,0.060599998,-18.2,1086800,1200950,1080266,-0.01
2213,SPKLU,Financial Services,Shell Companies,NASDAQ,94.0,62,64,63,60,12.42,,,0.07,-29.83,0,10,6,
2214,MAGN,Consumer Defensive,Household & Personal Products,NYSE,93.99,62,42,63,16,11.91,431828004.0740967,35600000.0,0.056799997,-23.26,388170,375493,419094,0.021
2215,TT,Industrials,Building Products & Equipment,NYSE,93.98,62,50,64,69,452.06,99987333093.04596,220023177.0,0.0152,-10.64,1237390,1041056,1098740,0.106
2216,OCCIN,Financial Services,Asset Management,NASDAQ,93.97,62,55,48,58,24.95,,,0.0,-4.04,4761,3510,3068,-0.102
2217,CBFV,Financial Services,Banks - Regional,NASDAQ,93.93,62,64,66,70,37.04,188272683.32305908,5081584.0,0.0184,-4.68,5421,5070,5188,0.15
2218,RSF,Financial Services,Asset Management,NYSE,93.93,62,57,53,60,14.28,49472016.634898186,3464427.0,1.35,-5.24,12314,8378,8794,
2219,USA,Financial Services,Asset Management,NYSE,93.92,62,56,39,35,5.83,1809247566.8370943,308219353.0,0.0004,-9.89,1217137,1116332,1229959,-0.058
2220,DMAAU,Financial Services,Shell Companies,NASDAQ,93.91,62,47,41,50,10.99,,,0.02,-12.08,10,3,30,
2221,DLO,Technology,Software - Infrastructure,NASDAQ,93.91,62,75,67,62,13.82,4143309370.189047,294269133.0,0.1391,-17.64,1551860,2141700,2072346,0.558
2222,EE,Energy,Oil & Gas Midstream,NYSE,93.91,62,81,79,79,32.84,1038387897.2283173,31380716.0,0.1236,-23.94,544950,438963,391614,0.61
2223,OTTR,Industrials,Conglomerates,NASDAQ,93.9,62,63,60,69,88.51,3750991563.444214,41985580.0,0.16219999,-6.92,318170,234700,232990,0.004
2224,EBMT,Financial Services,Banks - Regional,NASDAQ,93.9,62,73,76,77,21.36,171495734.8994274,7965431.0,0.0296,-13.38,29020,36386,37732,0.087
2225,LLYVK,Communication Services,Entertainment,NASDAQ,93.87,62,62,70,79,99.92,9141654215.515625,92005376.0,0.033,-8.96,328680,283150,287762,0.061
2226,PONOU,Financial Services,Shell Companies,NASDAQ,93.85,62,55,42,48,10.47,,,165.9,-19.46,0,0,20,
2227,HOMB,Financial Services,Banks - Regional,NYSE,93.85,62,62,49,45,28.86,5839448806.538029,200049630.0,0.0695,-8.96,1686560,1465546,1499542,0.086
2228,LANDO,Real Estate,REIT - Specialty,NASDAQ,93.84,62,64,55,66,19.83,,,0.43,-10.21,20568,15432,16013,0.042
2229,SCHW,Financial Services,Capital Markets,NYSE,93.83,62,76,48,57,98.3,171256113646.4145,1729335714.0,0.01,-14.17,10011340,8322816,8073142,0.209
2230,DTSQ,Financial Services,Shell Companies,NASDAQ,93.82,62,53,51,62,11.5,42014203.5,3653409.0,0.0004,-10.85,90,536,1380,
2231,WFRD,Energy,Oil & Gas Equipment & Services,NASDAQ,93.81,62,64,59,90,82.8,6084249939.262573,71512104.0,0.0659,-26.82,1111770,1002556,1064086,-0.082
2232,VALE,Basic Materials,Other Industrial Metals & Mining,NYSE,93.81,62,69,71,89,13.59,57920930342.16979,4255762807.0,0.0108,-24.25,26615470,28767256,26365768,0.064
2233,AVY,Consumer Cyclical,Packaging & Containers,NYSE,93.81,62,58,33,40,171.89,12909751830.735535,75788142.0,0.0327,-13.86,918110,1016940,967768,0.109
2234,GLAD,Financial Services,Asset Management,NASDAQ,93.8,62,45,36,28,19.26,437401829.62971497,22593069.0,0.048,-13.4,165730,155616,165734,0.131
2235,STRW,Real Estate,REIT - Healthcare Facilities,NYSE ARCA,93.79,62,66,66,68,13.1,189708296.9994049,14157336.0,0.013300001,-11.19,49840,41166,44276,0.058
2236,LOGI,Technology,Computer Hardware,NASDAQ,93.76,62,27,33,51,100.33,14474907957.508667,143188332.0,0.0841,-22.62,747250,736270,919692,0.069
2237,PSNYW,Consumer Cyclical,Auto Manufacturers,NASDAQ,93.75,62,86,5,22,4.02,689976510.466052,164280129.0,0.05,-72.08,293840,504710,328082,-0.044
2238,HLIO,Industrials,Specialty Industrial Machinery,NYSE,93.72,62,62,90,90,68.91,2268301992.9501038,33046358.0,0.0311,-27.5,411960,329500,324824,0.091
2239,EML,Industrials,Tools & Accessories,NASDAQ,93.72,62,83,84,44,24.39,145345029.7006111,6030914.0,0.0301,-18.46,10940,12206,12946,-0.119
2240,UNTY,Financial Services,Banks - Regional,NASDAQ,93.71,62,65,64,68,55.93,562886489.238121,10042578.0,0.0223,-10.51,68730,57076,59214,-0.057
2241,OXLCO,Financial Services,Asset Management,NASDAQ,93.7,62,54,52,57,23.6,,,0.09,-5.52,1379,3693,2593,-0.102
2242,POWWP,Industrials,Aerospace & Defense,NASDAQ,93.7,62,47,51,70,24.1,,,0.32,-5.47,3558,5616,4231,0.221
2243,VMI,Industrials,Conglomerates,NYSE,93.67,62,57,87,72,467.84,9012086600.919495,19304858.0,0.026800001,-20.12,207250,177853,195098,0.065
2244,ZION,Financial Services,Banks - Regional,NASDAQ,93.67,62,74,74,67,63.19,9316202916.898575,145953355.0,0.0479,-13.84,1932960,1474310,1518592,0.352
2245,BOKF,Financial Services,Banks - Regional,NASDAQ,93.67,62,71,71,77,130.59,8007250324.214066,60766867.0,0.103999995,-11.07,291290,251400,253244,0.101
2246,NGVC,Consumer Defensive,Grocery Stores,NYSE,93.66,62,32,57,29,30.7,684692212.1108932,23045851.0,0.094799995,-25.38,168900,153576,152554,0.018
2247,VANI,Healthcare,Biotechnology,NASDAQ,93.65,62,66,49,31,1.25,111852162.30024624,90203356.0,0.0146,-34.9,224590,240376,204464,
2248,LSTR,Industrials,Integrated Freight & Logistics,NASDAQ,93.62,62,66,87,77,165.41,5557850352.244186,33936925.0,0.0623,-27.6,341490,348243,428620,0.181
2249,QSEAU,Financial Services,Shell Companies,NASDAQ,93.62,62,45,46,51,10.98,,,0.0,-4.85,0,6,4,
2250,MCB,Financial Services,Banks - Regional,NYSE,93.61,62,65,77,79,88.64,1110840889.882492,12397778.0,0.053000003,-13.13,136880,115836,134632,0.14
2251,LGI,Financial Services,Asset Management,NYSE,93.61,62,60,66,56,17.09,223562347.53123474,13012942.0,0.0021,-14.03,32168,30472,32903,0.059
2252,AUBN,Financial Services,Banks - Regional,NASDAQ,93.61,62,61,63,41,26.81,94877269.5650177,3484292.0,0.0018000001,-7.17,2420,1710,1572,0.124
2253,SPMA,Financial Services,Asset Management,NYSE,93.6,62,55,49,59,24.91,,,0.01,-2.08,6352,6557,5250,-0.353
2254,UNIT,Real Estate,REIT - Specialty,NASDAQ,93.59,62,80,84,88,8.65,2162680915.8130836,242725135.0,0.1879,-33.14,2287580,1966436,2110440,2.025
2255,CCK,Consumer Cyclical,Packaging & Containers,NYSE,93.59,62,76,60,57,107.47,11752660553.131409,108760511.0,0.0269,-12.56,1255690,904163,995388,0.165
2256,EDF,Financial Services,Asset Management,NYSE,93.59,62,63,70,67,4.98,162479630.2867384,32174183.0,0.0085,-12.17,142685,121935,111299,
2257,DIS,Communication Services,Entertainment,NYSE,93.57,62,52,29,32,105.59,183287817282.01514,1726686902.0,0.0114,-9.82,9582750,8223233,9559370,0.068
2258,MKLYU,Financial Services,Shell Companies,NASDAQ,93.56,62,54,45,50,10.58,,,4.97,-7.27,70,126,3316,
2259,GNW,Financial Services,Insurance - Life,NYSE,93.55,62,72,62,62,9.38,3563135394.2209854,377851037.0,0.0388,-12.25,5190040,3826003,3417806,0.053
2260,SBCF,Financial Services,Banks - Regional,NASDAQ,93.55,62,68,59,63,32.55,3198056932.7781067,96822799.0,0.0631,-10.26,886360,805073,879466,0.383
2261,LRHC,Real Estate,Real Estate Services,NASDAQ,93.5,62,1,0,0,2.53,8626368.083586693,3317834.0,0.0037,-99.67,302540,358723,894526,-0.256
2262,CAPN,Financial Services,Shell Companies,NASDAQ,93.5,62,55,48,59,11.25,59491035.0,5288092.0,0.00090000004,-4.21,4610,1660,1708,
2263,SLMBP,Financial Services,Credit Services,NASDAQ,93.5,62,54,50,62,74.0,,,1.8,-3.07,1162,1947,2464,0.081
2264,ECL,Basic Materials,Specialty Chemicals,NYSE,93.49,62,58,53,45,280.23,78349038514.88599,280328603.0,0.0214,-9.39,1182590,1378850,1318322,0.097
2265,AUR,Consumer Cyclical,Auto Parts,NASDAQ,93.48,61,55,88,26,5.29,12105097742.267544,2004155268.0,0.17979999,-38.24,39767480,34424220,30695036,1.0
2266,CCEC,Industrials,Marine Shipping,NASDAQ,93.47,61,54,52,33,21.75,1309613131.5,60212098.0,0.0022,-9.38,3660,4756,7238,0.085
2267,SIMAU,Financial Services,Shell Companies,NASDAQ,93.43,61,25,43,51,11.25,,,0.66,-37.47,0,93,424,
2268,RJF,Financial Services,Asset Management,NYSE,93.43,61,73,54,35,161.16,30752865798.303833,192361711.0,0.0446,-11.8,1583530,1290903,1214354,0.151
2269,CION,Financial Services,Asset Management,NYSE,93.41,61,38,21,24,7.07,352291353.1322632,49202704.0,0.037100002,-32.02,341390,354853,465836,-0.047
2270,ACTG,Industrials,Business Equipment & Supplies,NASDAQ,93.4,61,66,62,88,4.3,416695655.4886794,97586805.0,0.058000002,-18.41,213240,189013,222402,1.236
2271,MTB,Financial Services,Banks - Regional,NYSE,93.4,61,72,69,68,220.44,31943433344.358765,144416262.0,0.0417,-13.87,1141840,1043310,1026290,0.062
2272,KRSP,Financial Services,Shell Companies,NYSE,93.4,61,51,42,44,10.8,506028611.0,46002601.0,0.0007,-9.17,227000,85886,60088,
2273,KE,Industrials,Electrical Equipment & Parts,NASDAQ,93.39,61,26,39,65,27.53,653579964.6212196,23966995.0,0.0787,-13.97,206780,202266,203258,-0.023
2274,LSE,Energy,Oil & Gas Equipment & Services,NASDAQ,93.38,61,53,25,67,4.8,81720003.24726105,17025000.0,0.0029,-31.23,6300,4500,6888,-0.256
2275,SFBS,Financial Services,Banks - Regional,NYSE,93.37,61,65,65,42,41.02,4517042926.362534,109345020.0,0.0647,-10.9,861290,619396,576634,0.301
2276,EICA,Financial Services,Asset Management,NYSE,93.37,61,53,48,58,24.99,,,0.32,-3.59,2571,3120,2792,-0.204
2277,CCAQ,Financial Services,Shell Companies,NASDAQ,93.36,61,51,45,52,10.69,216288762.4799738,20232813.0,0.0001,-0.09,480,916,13118,
2278,VLYPO,Financial Services,Banks - Regional,NASDAQ,93.36,61,53,47,58,24.77,,,1.07,-3.39,3850,4850,6046,0.15
2279,ALLE,Industrials,Security & Protection Services,NYSE,93.36,61,57,29,34,155.38,13135632437.22467,85036786.0,0.0354,-15.14,1163890,1283326,1331042,0.127
2280,BSBK,Financial Services,Banks - Regional,NASDAQ,93.35,61,59,51,60,9.1,116319365.07416725,12761313.0,0.0046,-4.71,2120,6546,8058,0.118
2281,SPME,Financial Services,Asset Management,NYSE,93.35,61,53,50,54,24.85,,,0.94,-4.42,4996,4775,3347,-0.353
2282,OXLCN,Financial Services,Asset Management,NASDAQ,93.35,61,55,50,57,24.5,,,0.59,-2.39,1420,2406,2384,-0.102
2283,RANGU,Financial Services,Shell Companies,NASDAQ,93.35,61,56,36,47,11.31,,,10.67,-4.96,0,0,56,
2284,MTN,Consumer Cyclical,Resorts & Casinos,NYSE,93.32,61,55,47,34,138.09,4850079245.608978,35633526.0,0.2916,-15.46,1096350,803610,721798,-0.07
2285,DMAA,Financial Services,Shell Companies,NASDAQ,93.32,61,51,46,54,10.88,263161740.62436295,24276913.0,0.0047,0.23,1050,33346,22246,
2286,BCPC,Basic Materials,Specialty Chemicals,NASDAQ,93.31,61,64,51,66,168.68,5352000926.2332,31878021.0,0.026700001,-8.28,245680,194716,192918,0.112
2287,LUV,Industrials,Airlines,NYSE,93.31,61,44,85,67,42.28,20879406167.974495,489208201.0,0.059699997,-23.28,7359060,5524706,5433362,0.164
2288,VATE,Industrials,Engineering & Construction,NYSE,93.29,61,58,98,90,7.4,105997298.55980206,13641866.0,0.1012,-65.26,128920,127626,466714,0.742
2289,GNRC,Industrials,Specialty Industrial Machinery,NYSE,93.29,61,26,89,85,205.21,12293567394.850235,59063935.0,0.0424,-30.78,2061610,1314290,1267180,0.106
2290,CHAR,Financial Services,Shell Companies,NASDAQ,93.29,61,53,47,54,10.99,120505347.49031067,10965000.0,0.46,-4.23,18623,7547,12070,
2291,CBSH,Financial Services,Banks - Regional,NASDAQ,93.28,61,65,57,33,55.88,8095311929.345879,143432178.0,0.0456,-8.27,1198150,1005366,1011448,0.142
2292,AGD,Financial Services,Asset Management,NYSE,93.27,61,63,58,57,11.55,308984775.01729774,26118747.0,0.68,-17.38,89566,80842,85075,0.187
2293,ELLO,Utilities,Utilities - Renewable,NYSE ARCA,93.27,61,31,21,80,20.71,302955389.090538,13783230.0,0.00029999999,-31.74,1520,2486,3154,0.101
2294,RTX,Industrials,Aerospace & Defense,NYSE,93.25,61,76,64,81,187.66,255265384247.5371,1347758144.0,0.0101,-17.29,4365440,4151780,4564678,0.145
2295,MNSBP,Financial Services,Banks - Regional,NASDAQ,93.25,61,61,52,61,24.94,,,3.08,-10.09,1180,1270,1030,-0.088
2296,MACIU,Financial Services,Shell Companies,NASDAQ,93.24,61,35,49,53,11.25,,,5.55,-43.75,0,13,82,
2297,VLY,Financial Services,Banks - Regional,NASDAQ,93.23,61,72,82,80,12.78,7228076313.919567,552605226.0,0.113299996,-15.92,8502750,6705503,6783780,0.15
2298,SONY,Technology,Consumer Electronics,NYSE,93.23,61,43,23,26,23.33,137657590257.31476,5845333109.0,0.0021,-23.1,2987030,3652203,4438718,0.082
2299,PDPA,Financial Services,Asset Management,NYSE,93.21,61,53,51,59,24.95,,,0.44,-6.31,2775,4538,5071,
2300,FSHPU,Financial Services,Shell Companies,NASDAQ,93.21,61,53,42,43,11.25,,,0.07,-16.04,0,30,20,
2301,GGZ,Financial Services,Asset Management,NYSE,93.2,61,65,65,71,15.42,118928594.38217926,7707621.0,0.0005,-9.72,5257,6282,6337,
2302,CMRE,Industrials,Marine Shipping,NYSE,93.19,61,55,53,89,14.72,1756569547.4281912,120892607.0,0.0557,-18.49,348420,362186,355140,-0.04
2303,HPP,Real Estate,REIT - Office,NYSE,93.19,61,64,94,6,11.5,632230811.9481182,54268741.0,0.0098,-42.76,574320,585976,682200,-0.013
2304,LIEN,Financial Services,Asset Management,NASDAQ,93.17,61,58,53,38,9.57,229118722.72946358,22820590.0,0.010299999,-15.08,71230,60190,55036,0.068
2305,BHC,Healthcare,Drug Manufacturers - Specialty & Generic,NYSE,93.15,61,59,18,24,5.77,2128006313.4899116,373990561.0,0.028800001,-27.88,1800590,2499873,3653224,0.127
2306,EDTK,Consumer Defensive,Education & Training Services,NASDAQ,93.14,61,28,39,60,1.03,17009422.777549982,16199451.0,0.0001,-11.97,2880,5560,8290,-0.984
2307,CHI,Financial Services,Asset Management,NASDAQ,93.12,61,73,77,72,11.36,962368605.750042,80871314.0,0.0104,-15.85,185065,151978,156169,-0.454
2308,VMD,Healthcare,Medical Devices,NASDAQ,93.12,61,58,89,85,9.11,339366105.66819763,38088228.0,0.0403,-27.76,276730,330126,369632,0.239
2309,GSK,Healthcare,Drug Manufacturers - General,NYSE,93.11,61,60,63,83,49.7,98618152238.16273,2002805623.0,0.0073,-19.45,3332620,2943663,3497666,0.053
2310,RAPP,Healthcare,Biotechnology,NASDAQ,93.11,61,96,92,96,33.44,1626943670.9390945,47978286.0,0.074200004,-36.82,634520,401923,357204,
2311,BAFN,Financial Services,Banks - Regional,NASDAQ,93.11,61,34,10,15,6.44,183212329.98209953,26962815.0,0.0148,-43.21,271380,136756,92124,
2312,CDE,Basic Materials,Gold,NYSE,93.1,61,75,62,94,17.87,19756909955.73305,1027934998.0,0.050100002,-35.65,40688130,35826796,36981716,1.259
2313,IREN,Financial Services,Capital Markets,NASDAQ,93.08,61,23,80,96,41.72,17387837843.0,394058648.0,0.2171,-45.73,35958040,40107973,43906200,-0.267
2314,AUB,Financial Services,Banks - Regional,NYSE,93.07,61,70,73,69,38.55,5538361492.54541,142814896.0,0.0773,-11.62,1378880,1161510,1095714,0.358
2315,VTMX,Real Estate,Real Estate - Diversified,NYSE,93.07,61,57,64,80,32.73,3059223737.2967224,92788099.0,3.51,-12.51,65830,64566,71810,0.168
2316,SPFI,Financial Services,Banks - Regional,NASDAQ,93.06,61,63,56,74,42.32,810081515.0,18839105.0,0.0369,-9.84,122420,113033,123908,0.23
2317,MSIF,Financial Services,Asset Management,NYSE,93.06,61,51,26,34,12.08,554118710.4884825,45345229.0,0.010299999,-16.46,170970,199263,249770,0.002
2318,COLB,Financial Services,Banks - Regional,NASDAQ,93.05,61,62,72,67,29.06,8385223050.850159,282902268.0,0.0375,-13.72,2810400,2874520,2931194,0.351
2319,WTG,Financial Services,Shell Companies,NASDAQ,93.04,61,52,46,52,10.62,77618846.940279,7336375.0,0.0004,0.0,6320,52710,38590,
2320,YETI,Consumer Cyclical,Leisure,NYSE,93.04,61,37,83,42,43.33,3085966205.7823486,72988796.0,0.1455,-19.74,2094640,1758600,1739270,0.085
2321,HNNA,Financial Services,Asset Management,NASDAQ,93.03,61,46,36,40,10.03,80466896.2122345,7904410.0,0.0011999999,-8.98,9180,7883,7028,0.042
2322,NXG,Financial Services,Asset Management,NYSE,93.03,61,68,81,74,53.76,399529792.13679886,7332167.0,1.31,-18.27,51034,74414,83006,
2323,DLTR,Consumer Defensive,Discount Stores,NASDAQ,93.02,61,69,67,63,116.02,21402988149.669777,187630299.0,0.048,-18.53,3155800,2815616,2528708,0.07
2324,CNEY,Basic Materials,Specialty Chemicals,NASDAQ,93.01,61,7,12,4,0.57,3149303.373408079,5623756.0,0.031600002,-80.68,63220,65730,120828,0.082
2325,ECAT,Financial Services,Asset Management,NYSE,92.99,60,62,67,52,14.01,1399519049.1346817,99468307.0,0.0044,-16.26,553257,531735,531957,
2326,LAD,Consumer Cyclical,Auto & Truck Dealerships,NYSE,92.99,60,80,48,27,303.07,6955897859.903442,21983116.0,0.1336,-31.04,375250,251433,298058,0.022
2327,INTT,Technology,Semiconductor Equipment & Materials,NYSE ARCA,92.97,60,55,92,94,11.71,148394340.10588074,12825786.0,0.0418,-41.45,122660,119586,135640,0.255
2328,RGS,Consumer Cyclical,Personal Services,NASDAQ,92.95,60,62,53,59,28.05,70929456.18821526,2500157.0,0.0211,-10.95,5940,8270,7484,-0.073
2329,CUBI,Financial Services,Banks - Regional,NYSE,92.95,60,64,63,70,75.79,2603379468.460022,33783799.0,0.1091,-10.18,319040,257580,267396,0.101
2330,MAIN,Financial Services,Asset Management,NYSE,92.95,60,60,30,37,55.07,5152316058.417412,93508461.0,0.1038,-15.58,455150,436110,515458,0.039
2331,VLYPN,Financial Services,Banks - Regional,NASDAQ,92.94,60,54,48,57,25.37,,,1.59,-4.41,10678,10099,10211,0.15
2332,CMC,Industrials,Metal Fabrication,NYSE,92.94,60,39,47,63,64.49,7271337910.908546,110624335.0,0.0739,-24.01,1203360,1115586,1084596,0.229
2333,WTFCN,Financial Services,Banks - Regional,NASDAQ,92.94,60,53,50,56,26.05,,,0.32,-4.61,12945,25981,23421,0.102
2334,HLXC,Financial Services,Shell Companies,NASDAQ,92.92,60,56,46,43,10.75,241336390.74325562,22060000.0,0.0001,-4.27,79097,33209,29785,
2335,CCNEP,Financial Services,Banks - Regional,NASDAQ,92.92,60,54,49,56,24.83,,,1.69,-2.63,1656,1358,1193,0.51
2336,HBANL,Financial Services,Banks - Regional,NASDAQ,92.9,60,51,47,51,25.18,,,2.38,-3.08,28298,21629,20785,0.476
2337,DBCAU,Financial Services,Shell Companies,NASDAQ,92.9,60,52,42,46,10.38,,,4.1,-3.89,120,443,538,
2338,PRM,Basic Materials,Specialty Chemicals,NYSE,92.89,60,70,89,86,27.88,4764926428.436569,163686923.0,0.056700002,-26.96,1286140,1131310,1368260,0.315
2339,VLTO,Industrials,Pollution & Treatment Controls,NYSE,92.89,60,57,32,33,96.2,23682085287.36035,243793344.0,0.031,-10.84,1965960,1649080,1629324,0.075
2340,MXF,Financial Services,Asset Management,NYSE,92.89,60,62,62,79,20.7,298639532.9480362,14420065.0,0.0019,-10.0,28450,29680,33306,-0.073
2341,PNC,Financial Services,Banks - Regional,NYSE,92.88,60,74,74,69,223.67,90017648778.38411,398943667.0,0.0194,-13.63,2034710,1669173,1590672,0.236
2342,SVIVU,Financial Services,Shell Companies,NASDAQ,92.88,60,49,46,48,10.55,,,5.04,-4.09,540,226,482,
2343,UUU,Industrials,Building Products & Equipment,NYSE ARCA,92.88,60,66,23,95,4.88,15475446.334343433,3028463.0,0.0168,-37.6,13720,41576,30364,-0.971
2344,QSR,Consumer Cyclical,Restaurants,NYSE,92.87,60,68,55,73,71.43,24985027563.73497,348758065.0,0.0635,-12.85,4062460,3137860,2787188,0.046
2345,ONBPO,Financial Services,Banks - Regional,NASDAQ,92.86,60,52,47,57,24.75,,,2.48,-2.75,6380,5183,5204,0.288
2346,NVS,Healthcare,Drug Manufacturers - General,NYSE,92.85,60,64,67,78,146.88,276477993387.547,1900714840.0,0.0027,-13.83,1883900,2212826,1987956,0.008
2347,MACI,Financial Services,Shell Companies,NASDAQ,92.85,60,51,44,54,11.09,238918927.22399712,21621622.0,0.00059999997,-2.51,3590,2860,2120,
2348,ONBPP,Financial Services,Banks - Regional,NASDAQ,92.85,60,52,46,57,24.79,,,1.46,-2.78,6617,6495,7049,0.288
2349,GIWWU,Financial Services,Shell Companies,NASDAQ,92.85,60,48,44,51,10.59,,,0.76,-1.12,0,416,278,
2350,LPAAU,Financial Services,Shell Companies,NASDAQ,92.84,60,52,41,52,11.11,,,,-3.22,0,0,50,
2351,MXE,Financial Services,Asset Management,NYSE,92.82,60,58,58,79,12.9,57202717.0,4400209.0,1.47,-9.79,3598,3606,3187,0.285
2352,DEA,Real Estate,REIT - Office,NYSE,92.82,60,66,72,50,22.78,1084138238.2492943,47321617.0,0.0629,-12.25,433940,348206,354702,0.092
2353,TEL,Technology,Electronic Components,NYSE,92.82,60,34,32,71,214.71,63284695448.29089,289513228.0,0.033099998,-14.99,1958140,2010996,2285832,0.138
2354,RANG,Financial Services,Shell Companies,NASDAQ,92.81,60,52,46,53,10.86,72739962.76043415,6697971.0,0.0011999999,-6.9,974,2654,1976,
2355,PMVP,Healthcare,Biotechnology,NASDAQ,92.8,60,26,32,59,1.36,71099219.43417096,53458058.0,0.056500003,-27.66,565400,706363,547292,
2356,HIFS,Financial Services,Banks - Regional,NASDAQ,92.78,60,54,64,59,295.88,657373238.9068604,2197250.0,0.1472,-12.46,40710,43130,46270,1.08
2357,CLDX,Healthcare,Biotechnology,NASDAQ,92.77,60,90,86,86,31.49,2442268475.156639,78529532.0,0.1353,-30.24,2886800,1435546,1257560,-0.97
2358,FSHP,Financial Services,Shell Companies,NASDAQ,92.77,60,54,49,56,11.29,39685971.860523224,3518260.0,0.0014,-5.92,1480,5150,3092,
2359,CAL,Consumer Cyclical,Apparel Retail,NYSE,92.77,60,34,35,23,12.53,432002327.83512497,34504977.0,0.1252,-16.69,540700,565320,530358,0.056
2360,PVH,Consumer Cyclical,Apparel Manufacturing,NYSE,92.77,60,29,37,70,75.73,3506013831.1089554,46137833.0,0.139,-24.83,906900,1027493,960020,-0.032
2361,RNGTU,Financial Services,Shell Companies,NASDAQ,92.76,60,41,40,49,10.46,,,71.94,-4.91,0,60,136,
2362,ZM,Technology,Software - Application,NASDAQ,92.75,60,63,52,61,87.3,26175916446.674034,291783711.0,0.0269,-23.91,3194070,3237443,3175720,0.049
2363,AGNCZ,Real Estate,REIT - Mortgage,NASDAQ,92.75,60,56,51,50,25.02,,,0.22,-5.12,51250,37350,36218,
2364,BEAGU,Financial Services,Shell Companies,NASDAQ,92.74,60,52,43,53,11.22,,,0.0,-11.93,0,150,92,
2365,SVAQU,Financial Services,Shell Companies,NASDAQ,92.74,60,55,50,49,10.48,,,59.26,-2.96,0,36,28,
2366,HLF,Consumer Defensive,Packaged Foods,NYSE,92.73,60,42,65,84,12.6,1315282438.9896584,104803380.0,0.1004,-38.24,1516690,1652546,1580456,0.054
2367,ALISU,Financial Services,Shell Companies,NASDAQ,92.72,60,52,50,56,10.79,,,0.0,-9.25,0,0,348,
2368,BXSL,Financial Services,Asset Management,NYSE,92.72,60,52,34,34,24.39,5745041718.0315895,232970063.0,0.0473,-14.69,1293090,1279056,1441414,-0.071
2369,GS,Financial Services,Capital Markets,NYSE,92.71,60,73,76,76,916.28,272376297167.93848,291171408.0,0.0239,-20.6,2532020,2045230,1978526,0.425
2370,UPXI,Communication Services,Internet Content & Information,NASDAQ,92.69,60,16,7,4,1.19,100986044.58598042,82102474.0,0.1917,-84.65,6169980,4833363,3273372,-0.266
2371,AACIU,Financial Services,Shell Companies,NASDAQ,92.69,60,45,40,46,10.32,,,0.0,-4.0,20,6,38,
2372,OCCIM,Financial Services,Asset Management,NASDAQ,92.69,60,55,51,59,24.85,,,1.61,-4.64,3671,4220,3408,-0.102
2373,OLP,Real Estate,REIT - Diversified,NYSE,92.68,60,64,69,58,22.06,492541205.4473839,21900454.0,0.0291,-14.76,98870,72913,81458,0.103
2374,NPCE,Healthcare,Medical Devices,NASDAQ,92.68,60,54,78,70,14.15,482599306.84303856,34324274.0,0.0321,-27.81,150620,138296,181978,0.171
2375,BCV,Financial Services,Asset Management,NYSE ARCA,92.67,60,62,73,67,23.05,133878515.63214111,5627512.0,0.0011,-15.66,8283,9731,14972,-0.293
2376,ALIS,Financial Services,Shell Companies,NASDAQ,92.66,60,49,44,49,10.33,86718974.67851639,8427500.0,0.00029999999,-0.67,36400,27390,34662,
2377,ESS,Real Estate,REIT - Residential,NYSE,92.66,60,61,67,38,273.01,17455949775.357788,64268439.0,0.054,-10.0,636960,536206,495990,0.031
2378,PRI,Financial Services,Insurance - Life,NYSE,92.66,60,65,63,42,275.45,8481929773.789978,30777350.0,0.0517,-15.84,236780,192863,187236,0.087
2379,PG,Consumer Defensive,Household & Personal Products,NYSE,92.65,60,37,48,39,149.03,339644362260.2333,2322672312.0,0.0104,-10.89,7550710,8808306,8571956,0.015
2380,CGBD,Financial Services,Asset Management,NASDAQ,92.65,60,59,33,32,11.2,774051536.25,68804581.0,0.0433,-15.66,336650,435626,510980,-0.077
2381,TEI,Financial Services,Asset Management,NYSE,92.64,60,68,66,65,6.15,297539042.40810585,47228418.0,0.0016,-12.14,168115,161145,141121,0.115
2382,SKYH,Real Estate,Real Estate - Development,NYSE,92.63,60,68,46,47,9.95,396227360.5798645,39583152.0,0.122200005,-14.93,156630,146563,165712,0.496
2383,EW,Healthcare,Medical Devices,NYSE,92.63,60,55,68,56,86.83,49737556527.70996,576400000.0,0.0179,-9.82,3812500,3135516,3674514,0.136
2384,LAWR,Industrials,Consulting Services,NASDAQ,92.62,59,72,51,62,3.75,172350000.0,45960000.0,0.0231,-1.32,0,0,0,0.112
2385,AIN,Consumer Cyclical,Textile Manufacturing,NYSE,92.62,59,41,82,34,60.08,1730072531.0727196,28371147.0,0.051599998,-21.97,240160,260153,285130,0.058
2386,WSBCO,Financial Services,Banks - Regional,NASDAQ,92.62,59,53,48,55,25.16,,,0.0013,-3.34,6935,11635,11587,0.035
2387,ASA,Financial Services,Asset Management,NYSE,92.61,59,71,59,91,54.6,1040464336.4820557,18356816.0,0.00029999999,-34.37,66999,57233,54893,2.43
2388,DYNC,Financial Services,Shell Companies,NASDAQ,92.61,59,50,49,54,10.9,241142673.16683578,22133333.0,0.0005,-0.77,13510,19593,34668,
2389,KMI,Energy,Oil & Gas Midstream,NYSE,92.61,59,61,58,80,30.63,68474164236.75,2226802089.0,0.0239,-12.01,14127090,12378590,11613372,0.108
2390,QSEA,Financial Services,Shell Companies,NASDAQ,92.6,59,51,47,54,10.66,107831274.99941063,10134518.0,0.0002,-1.8,6057,2559,5223,
2391,FSK,Financial Services,Asset Management,NYSE,92.6,59,56,21,18,11.16,3108828150.0,276340280.0,0.0511,-31.58,1787690,1602300,2008276,-0.271
2392,NTWO,Financial Services,Shell Companies,NASDAQ,92.6,59,56,46,53,10.82,261903824.22029972,24116375.0,0.0011,-10.87,188850,614983,369278,
2393,ECG,Industrials,Engineering & Construction,NYSE,92.59,59,57,89,95,116.66,5968805530.253296,51041606.0,0.0454,-32.01,439870,467096,505808,0.337
2394,ILLUU,Financial Services,Shell Companies,NASDAQ,92.57,59,52,40,48,10.27,,,0.0,-0.0,0,3,164,
2395,FOXF,Consumer Cyclical,Auto Parts,NASDAQ,92.56,59,66,21,19,18.74,779675036.4828911,42031001.0,0.0955,-27.96,527340,435966,509992,-0.045
2396,PGAC,Financial Services,Shell Companies,NASDAQ,92.55,59,50,45,54,10.78,118083105.42058945,11025500.0,0.0066000004,-5.36,20,980,990,
2397,HYPD,Healthcare,Biotechnology,NASDAQ,92.54,59,19,11,62,3.91,62779312.767217636,15539434.0,0.082399994,-67.12,573650,663276,482536,
2398,NRGV,Utilities,Utilities - Renewable,NYSE,92.54,59,59,95,95,4.05,800094125.3415728,181839570.0,0.2001,-39.05,4657970,3920360,4605632,1.041
2399,EMN,Basic Materials,Specialty Chemicals,NYSE,92.54,59,58,37,63,66.47,7656454081.868866,114326623.0,0.0675,-20.37,1267740,1032073,1099434,0.099
2400,TXNM,Utilities,Utilities - Regulated Electric,NYSE,92.54,59,41,37,62,58.27,6444559350.051571,110125757.0,0.0661,-2.12,2153530,1546276,1249216,0.092
2401,CPSS,Financial Services,Credit Services,NASDAQ,92.53,59,60,64,30,8.97,206063074.88471794,21554714.0,0.017,-14.49,30470,25733,22828,0.189
2402,BKH,Utilities,Utilities - Regulated Gas,NYSE,92.53,59,60,65,75,69.73,5372796245.048164,76253141.0,0.189,-11.39,1252650,939653,859796,0.031
2403,JACS,Financial Services,Shell Companies,NYSE,92.53,59,49,44,53,10.83,320459697.74246216,29590000.0,0.00029999999,0.0,36770,33823,24530,
2404,TREX,Industrials,Building Products & Equipment,NYSE,92.52,59,59,67,22,44.44,4562541953.360367,101865190.0,0.100200005,-18.16,1668070,1474213,1785342,0.078
2405,CHSCL,Consumer Defensive,Farm Products,NASDAQ,92.49,59,50,47,57,25.04,,,0.19,-3.51,34702,27557,25982,0.186
2406,CHSCO,Consumer Defensive,Farm Products,NASDAQ,92.47,59,51,46,56,25.61,,,0.67,-5.25,15062,15047,16988,0.186
2407,FPS,Industrials,Electrical Equipment & Parts,NYSE,92.47,59,20,91,55,36.59,10698321188.296082,274527094.0,0.165,-44.56,14540630,8618486,8258102,0.943
2408,ACN,Technology,Information Technology Services,NYSE,92.46,59,26,8,18,174.47,107769125189.48982,611942109.0,0.045300003,-40.06,5407900,4960556,5732788,0.056
2409,TDAC,Financial Services,Shell Companies,NASDAQ,92.44,59,51,45,54,10.85,209886686.40028286,19308803.0,0.001,-0.91,5840,11846,34662,
2410,TACT,Technology,Computer Hardware,NASDAQ,92.42,59,79,80,27,4.71,50280172.58845806,10324471.0,0.0062,-21.76,16830,18426,18108,0.011
2411,BANX,Financial Services,Asset Management,NASDAQ,92.41,59,61,40,39,19.74,192939961.4589634,9685741.0,0.0073,-12.27,47741,42990,39166,-0.002
2412,CL,Consumer Defensive,Household & Personal Products,NYSE,92.41,59,56,64,53,86.52,68604691717.51727,797172829.0,0.025799999,-12.9,6206660,4936533,4786930,0.049
2413,WTGUU,Financial Services,Shell Companies,NASDAQ,92.41,59,38,42,65,10.78,,,73.19,-12.0,30,1750,1114,
2414,CTRM,Industrials,Marine Shipping,NASDAQ,92.4,59,70,63,27,2.09,20677438.573621273,9662354.0,0.001,-21.43,67280,60350,49852,0.425
2415,SKYW,Industrials,Airlines,NASDAQ,92.39,59,52,36,38,100.72,3971749399.7983932,38828325.0,0.065799996,-14.44,411370,320876,372158,0.065
2416,ESE,Technology,Scientific & Technical Instruments,NYSE,92.38,59,65,87,90,266.04,6945559542.153656,25907567.0,0.0359,-26.54,313850,234056,219030,0.144
2417,GLSI,Healthcare,Biotechnology,NASDAQ,92.37,59,37,88,94,18.59,267436939.6812744,14678208.0,0.2131,-45.48,142540,125720,140910,
2418,XYF,Financial Services,Credit Services,NYSE,92.37,59,31,19,7,5.13,194269576.73337936,36933378.0,0.005,-65.48,62390,73030,62308,-0.563
2419,FMACU,Financial Services,Shell Companies,NASDAQ,92.36,59,51,43,47,10.31,,,1.92,-0.39,0,0,164,
2420,ENVA,Financial Services,Credit Services,NYSE,92.32,59,94,94,73,170.02,4319369294.7026825,24898371.0,0.1024,-36.43,579620,372693,360626,0.311
2421,GTERA,Financial Services,Shell Companies,NASDAQ,92.32,59,50,43,55,10.45,247235341.81022644,23727000.0,0.0005,0.14,7150,11330,9092,
2422,AIRTP,Industrials,Conglomerates,NASDAQ,92.32,59,50,58,69,18.8,,,0.37,-10.48,1030,1816,3046,0.629
2423,PGACU,Financial Services,Shell Companies,NASDAQ,92.31,59,49,43,48,10.85,,,0.0,-32.19,0,855,632,
2424,RYZ,Industrials,Metal Fabrication,NYSE,92.31,59,42,50,38,24.29,1237782893.847765,51898653.0,0.0328,-24.09,558610,465223,490692,0.716
2425,HCSG,Healthcare,Medical Care Facilities,NASDAQ,92.3,59,73,87,80,20.78,1444707799.7377853,68632202.0,0.0539,-19.3,800880,652693,732232,0.027
2426,WENNU,Financial Services,Shell Companies,NASDAQ,92.3,59,42,38,44,10.64,,,0.0,-5.3,470,286,452,
2427,WERN,Industrials,Trucking,NASDAQ,92.3,59,72,88,56,33.53,1972648624.2328491,59977156.0,0.11359999,-29.4,963090,859486,1083686,0.24
2428,NBRGU,Financial Services,Shell Companies,NASDAQ,92.3,59,48,44,46,10.39,,,0.22,-5.89,220,593,594,
2429,SVCC,Financial Services,Shell Companies,NASDAQ,92.29,59,49,44,53,10.72,231712001.77180767,21614925.0,0.00029999999,-0.0,4120,15373,11136,
2430,GSRFU,Financial Services,Shell Companies,NASDAQ,92.27,59,49,43,50,10.58,278894087.98885345,26360500.0,,-8.4,0,0,160,
2431,HTHT,Consumer Cyclical,Lodging,NASDAQ,92.27,59,62,37,83,43.29,13247051454.0,315405987.0,0.045500003,-23.57,1247450,1621023,1563780,0.108
2432,TROW,Financial Services,Asset Management,NASDAQ,92.26,59,66,76,35,103.81,22506955789.19182,213315850.0,0.14930001,-14.91,1641150,1402153,1615500,0.107
2433,WMB,Energy,Oil & Gas Midstream,NYSE,92.26,59,68,64,81,68.98,84716581723.68762,1223167472.0,0.0222,-13.86,7444550,7575373,7061196,0.078
2434,ACGCU,Financial Services,Shell Companies,NASDAQ,92.25,59,45,41,46,10.25,,,0.02,-4.65,250,83,282,
2435,NMP,Financial Services,Shell Companies,NASDAQ,92.25,59,50,44,52,10.38,165617546.7522831,15970834.0,0.0011,-0.1,8730,14560,28646,
2436,LGN,Industrials,Engineering & Construction,NASDAQ,92.23,59,51,94,90,53.41,4039016287.124016,76904346.0,0.059,-50.19,845890,874330,1063292,1.107
2437,ZBH,Healthcare,Medical Devices,NYSE,92.22,59,63,30,37,91.62,17364759381.18557,190737689.0,0.059299998,-14.28,2399980,1826146,2136050,0.048
2438,FRT,Real Estate,REIT - Retail,NYSE,92.2,59,63,73,70,109.83,9602986687.47895,86889133.0,0.0002,-14.34,1101540,803076,859798,0.072
2439,FSUN,Financial Services,Banks - Regional,NASDAQ,92.2,59,67,49,36,39.27,1746587618.60923,43950366.0,0.0328,-7.25,488440,337696,323264,0.422
2440,LWAC,Financial Services,Shell Companies,NASDAQ,92.19,59,47,43,53,10.38,312238649.08218384,30075000.0,0.03,-0.1,74080,32910,24200,
2441,JVA,Consumer Defensive,Packaged Foods,NASDAQ,92.19,59,28,20,70,3.92,23176915.673351288,5708600.0,0.0054,-22.07,57270,64776,59462,-0.093
2442,XCBEU,Financial Services,Shell Companies,NASDAQ,92.19,59,43,38,45,10.25,,,2.96,-5.62,0,73,286,
2443,ALDF,Financial Services,Shell Companies,NASDAQ,92.18,58,49,44,52,10.83,323472755.3412361,29868214.0,0.0001,0.0,18630,43873,37320,
2444,ECF,Financial Services,Asset Management,NYSE ARCA,92.18,58,56,68,64,11.82,162802204.8020153,13657903.0,0.0,-14.66,33289,27853,23147,-0.289
2445,PUSA,Consumer Cyclical,Leisure,NASDAQ,92.18,58,25,96,99,3.65,102834125.83088923,27643582.0,0.089099996,-55.76,529620,571703,618248,0.176
2446,COPL,Financial Services,Shell Companies,NYSE,92.18,58,47,44,52,10.56,234124694.32422638,22181401.0,0.00029999999,-1.22,4370,5370,28666,
2447,PFX,Financial Services,Asset Management,NASDAQ,92.17,58,74,35,29,44.67,88046736.36468887,1931273.0,0.0002,-20.91,4440,8280,13934,0.048
2448,CHEC,Financial Services,Shell Companies,NASDAQ,92.15,58,48,43,49,10.3,177583572.14716625,17274667.0,0.24,-2.46,6520,3943,7176,
2449,CCID,Financial Services,Asset Management,NYSE,92.15,58,52,50,55,24.9,,,0.65,-2.47,3358,4576,3231,
2450,IPHA,Healthcare,Biotechnology,NASDAQ,92.14,58,78,60,21,1.7,189890595.2262876,111700347.0,0.0007,-37.27,77810,48123,189988,0.165
2451,MBINL,Financial Services,Banks - Regional,NASDAQ,92.14,58,62,59,64,23.28,,,2.6,-8.13,16960,12703,11282,0.371
2452,GFL,Industrials,Waste Management,NYSE,92.14,58,56,20,45,41.4,18430423234.232574,436016632.0,0.0765,-13.13,3142620,2581026,2402684,0.163
2453,KFII,Financial Services,Shell Companies,NASDAQ,92.14,58,50,44,53,10.67,418862163.1949997,39256060.0,0.02,-0.0,50150,36960,25992,
2454,FRME,Financial Services,Banks - Regional,NASDAQ,92.13,58,61,63,62,40.37,2556645872.83358,62801423.0,0.043,-10.94,598580,439396,445688,0.028
2455,ATOM,Technology,Semiconductor Equipment & Materials,NASDAQ,92.13,58,32,96,80,4.15,169754578.97837734,39024042.0,0.1717,-66.44,413170,434136,500608,
2456,AFG,Financial Services,Insurance - Property & Casualty,NYSE,92.12,58,64,58,55,138.18,11461405131.742493,82921466.0,0.025,-7.89,502390,364286,366178,0.058
2457,QETAU,Financial Services,Shell Companies,NASDAQ,92.11,58,36,49,56,11.51,,,0.0,-16.53,0,0,2,
2458,SZZL,Financial Services,Shell Companies,NASDAQ,92.11,58,48,44,52,10.49,327987329.67362785,31266667.0,0.01,-0.1,12110,54123,66894,
2459,ONL,Real Estate,REIT - Office,NYSE,92.1,58,60,74,53,2.51,143182231.5959792,57044714.0,0.0346,-17.7,289090,274966,277390,-0.074
2460,NMIH,Financial Services,Insurance - Specialty,NASDAQ,92.1,58,75,50,46,40.97,3101231962.2980003,75217851.0,0.0321,-12.34,663820,524516,490238,0.081
2461,NICE,Technology,Software - Application,NASDAQ,92.09,58,38,16,27,109.09,6610348635.220459,58597188.0,0.0211,-26.93,673480,490270,591816,0.076
2462,EVAC,Financial Services,Shell Companies,NYSE,92.09,58,49,41,50,10.32,602597440.5056973,58447858.0,0.0001,-0.1,243450,129123,96280,
2463,HAVA,Financial Services,Shell Companies,NASDAQ,92.09,58,50,42,50,10.24,211484397.1056776,20693189.0,0.0,0.2,78210,71153,46526,
2464,GSHR,Financial Services,Shell Companies,NASDAQ,92.07,58,48,44,53,10.57,216199925.8879013,20454109.0,0.05,-5.62,43180,20850,37526,
2465,SOUL,Financial Services,Shell Companies,NYSE,92.06,58,49,44,52,10.48,355491405.57651806,33953333.0,0.0014,-4.73,13370,41836,54842,
2466,BOC,Industrials,Conglomerates,NYSE,92.06,58,59,67,37,13.23,405804852.064661,30126566.0,0.0834,-13.07,182360,157103,133832,0.024
2467,DXR,Healthcare,Medical Instruments & Supplies,NASDAQ,92.05,58,30,29,25,11.35,64278847.57626343,5838224.0,0.0008,-23.1,38040,31093,19242,0.255
2468,SON,Consumer Cyclical,Packaging & Containers,NYSE,92.05,58,77,73,78,49.97,4949682785.964153,98875003.0,0.1416,-17.64,1161520,1117496,1120948,-0.013
2469,AIRG,Technology,Communication Equipment,NASDAQ,92.05,58,49,83,85,5.15,67335201.01093006,13100234.0,0.0126,-32.75,33800,49246,60272,0.006
2470,QNME,Industrials,Integrated Freight & Logistics,NASDAQ,92.05,58,6,7,22,0.65,25441966.87256795,34427559.0,0.0322,-61.31,54493170,18743890,15846780,-0.637
2471,GPAT,Financial Services,Shell Companies,NASDAQ,92.05,58,47,41,54,11.02,179066405.00699615,16161228.0,0.0001,-8.17,10504,6851,13120,
2472,TNDM,Healthcare,Medical Devices,NASDAQ,92.04,58,75,25,43,16.42,1093777292.6195192,69578707.0,0.2401,-44.62,2668620,1886366,2021330,0.058
2473,CCXIU,Financial Services,Shell Companies,NASDAQ,92.03,58,90,95,44,12.67,,,0.42,-42.08,6230,4803,11730,
2474,BIXI,Financial Services,Shell Companies,NASDAQ,92.03,58,47,41,48,10.15,305548818.4664898,30103333.0,0.0001,-1.74,39110,25336,21732,
2475,QUMS,Financial Services,Shell Companies,NASDAQ,92.03,58,50,43,51,10.34,117944762.74051666,11406650.0,0.00029999999,-0.1,23270,21533,27248,
2476,LCCC,Financial Services,Shell Companies,NASDAQ,92.03,58,50,45,53,10.52,93680604.0763855,8905000.0,0.41,-0.38,0,433,3248,
2477,AKTX,Healthcare,Biotechnology,NASDAQ,92.02,58,16,71,1,9.81,18992809.632814407,1946982.0,0.0095999995,-77.91,61860,84733,66902,
2478,DRDB,Financial Services,Shell Companies,NASDAQ,92.02,58,49,41,52,10.7,328440004.7398405,30666667.0,0.0001,-0.28,8350,10966,35254,
2479,TDY,Technology,Scientific & Technical Instruments,NYSE,92.02,58,59,65,78,610.83,28469337704.680298,46355673.0,0.0226,-12.45,328320,266503,333436,0.098
2480,EGHA,Financial Services,Shell Companies,NASDAQ,92.02,58,49,44,52,10.42,213199992.1798706,20500000.0,0.03,-3.47,5080,17870,45780,
2481,TACHU,Financial Services,Shell Companies,NASDAQ,92.01,58,48,48,51,10.75,,,0.0,-2.18,0,40,148,
2482,YHNAU,Financial Services,Shell Companies,NASDAQ,92.01,58,46,48,49,10.91,,,0.0,-9.54,0,30,34,
2483,SSEA,Financial Services,Shell Companies,NASDAQ,92.01,58,49,44,52,10.35,79031278.112854,7635872.0,0.0011,-0.38,15230,15743,14152,
2484,BCAT,Financial Services,Asset Management,NYSE,92.0,58,73,72,68,13.56,1450079891.111621,105845249.0,2.91,-16.3,1374954,1017988,865356,
2485,ULH,Industrials,Trucking,NASDAQ,92.0,58,66,13,58,17.4,440078679.5319271,26367805.0,0.118599996,-32.56,74860,52460,51374,-0.037
2486,OBA,Financial Services,Shell Companies,NASDAQ,91.99,58,48,43,50,10.34,327002504.82559204,31625000.0,0.05,-0.0,70040,24670,17454,
2487,SDHI,Financial Services,Shell Companies,NASDAQ,91.99,58,49,42,54,10.55,366844130.69725037,34838000.0,0.01,-0.09,67110,58533,42730,
2488,SPEG,Financial Services,Shell Companies,NASDAQ,91.99,58,50,44,52,10.38,159159998.2947607,15333333.0,0.0001,-5.89,42740,23023,17394,
2489,KT,Communication Services,Telecom Services,NYSE,91.99,58,41,23,69,19.16,9382393598.560303,476263616.0,0.0104,-22.05,1198380,1229446,1429240,-0.101
2490,TAVI,Financial Services,Shell Companies,NASDAQ,91.98,58,48,44,55,10.77,171387772.71098423,15920833.0,0.01,-9.57,970,5520,4108,
2491,MKLY,Financial Services,Shell Companies,NASDAQ,91.98,58,48,44,50,10.26,250259942.33935642,24344353.0,0.0002,-0.39,12970,49683,73808,
2492,EMIS,Financial Services,Shell Companies,NASDAQ,91.97,58,48,43,49,10.27,162017812.13160324,15775833.0,0.0004,-0.0,66810,27910,17498,
2493,CMPR,Industrials,Specialty Business Services,NASDAQ,91.97,58,71,89,84,80.05,1942844712.332611,24349476.0,0.1512,-24.89,187010,190496,189564,0.087
2494,CRAC,Financial Services,Shell Companies,NASDAQ,91.97,58,47,42,49,10.24,229055994.88019943,22368750.0,0.0001,0.0,9830,9866,14100,
2495,PCYO,Utilities,Utilities - Regulated Water,NASDAQ,91.95,58,60,38,54,10.93,261938409.14227486,24097370.0,0.0251,-12.14,109490,88290,81786,0.6
2496,EFSC,Financial Services,Banks - Regional,NASDAQ,91.95,58,63,70,59,60.15,2205210254.6450806,36192520.0,0.039100002,-12.48,424260,268286,255638,0.012
2497,OYSE,Financial Services,Shell Companies,NASDAQ,91.95,58,47,44,51,10.4,352640373.87689877,33914251.0,0.01,0.0,72810,63286,38896,
2498,FAF,Financial Services,Insurance - Specialty,NYSE,91.95,58,70,66,48,64.72,6766166657.25708,102100000.0,0.0687,-18.97,1019540,787946,774390,0.15
2499,PAMT,Industrials,Trucking,NASDAQ,91.94,58,55,80,17,12.11,246071519.75,20942257.0,0.0178,-31.77,21558,21129,20789,0.089
2500,VNME,Financial Services,Shell Companies,NASDAQ,91.93,57,48,43,51,10.31,256750011.4440918,25000000.0,0.0023,0.1,2271,22090,15258,
2501,LPBB,Financial Services,Shell Companies,NASDAQ,91.93,57,49,42,53,10.83,311362497.8065491,28750000.0,0.0001,-0.18,116440,47920,57690,
2502,LEA,Consumer Cyclical,Auto Parts,NYSE,91.93,57,43,70,70,120.24,8169389229.488983,66574764.0,0.060500003,-20.02,806260,637563,677410,0.03
2503,ENTA,Healthcare,Biotechnology,NASDAQ,91.93,57,67,80,90,12.61,345451157.7277565,29078380.0,0.106800005,-26.47,261920,255546,218414,-0.216
2504,KHC,Consumer Defensive,Packaged Foods,NYSE,91.92,57,59,54,37,23.56,28021014406.357098,1185823758.0,0.109799996,-16.13,15292050,19932346,17966258,-0.014
2505,CRAQ,Financial Services,Shell Companies,NASDAQ,91.92,57,48,45,50,10.4,405514705.1258087,38991800.0,0.01,0.0,56000,56790,34220,
2506,NOEM,Financial Services,Shell Companies,NASDAQ,91.91,57,52,41,53,10.58,39320199.41645622,3716465.0,0.0001,-16.16,40,86,3652,
2507,CPK,Utilities,Utilities - Regulated Gas,NYSE,91.91,57,56,35,58,127.3,3104188313.3438873,24106455.0,0.050100002,-9.61,217540,173563,178204,0.047
2508,MBNKO,Financial Services,Banks - Regional,NASDAQ,91.91,57,57,55,59,24.5,,,0.61,-6.47,49994,19188,11942,0.042
2509,KCHV,Financial Services,Shell Companies,NASDAQ,91.91,57,49,45,51,10.45,357989656.26592255,34257384.0,0.01,-0.1,5970,29130,24936,
2510,PDX,Financial Services,Asset Management,NYSE,91.9,57,63,51,70,20.26,912021701.7456532,44706947.0,0.88,-19.6,149557,106705,116291,
2511,JCAP,Financial Services,Credit Services,NASDAQ,91.9,57,71,39,61,19.32,1117500877.9853516,57425536.0,0.0535,-20.95,281360,277523,326806,0.115
2512,SBSW,Basic Materials,Other Precious Metals & Mining,NYSE,91.9,57,63,20,92,10.14,7674958984.780505,723370333.0,0.014400001,-52.37,6094400,5777643,5372274,0.643
2513,SYY,Consumer Defensive,Food Distribution,NYSE,91.9,57,58,65,44,78.57,37626926888.202126,479568281.0,0.0293,-14.46,6158260,3758983,3709002,0.047
2514,ATNM,Healthcare,Biotechnology,NYSE ARCA,91.89,57,18,19,26,1.18,37729724.6992445,31441436.0,0.0226,-32.18,83170,146070,148154,
2515,FVAV,Financial Services,Shell Companies,NASDAQ,91.89,57,46,41,46,10.28,371493490.3502464,36137500.0,0.42,-0.68,390,7386,28752,
2516,MAYS,Real Estate,Real Estate Services,NASDAQ,91.89,57,48,37,54,40.0,80631200.0,2015780.0,0.0161,-35.47,1080,1173,1672,-0.056
2517,HHH,Real Estate,Real Estate - Development,NYSE,91.89,57,29,50,27,73.95,4086602802.8849335,59719462.0,0.1268,-18.8,1084310,671690,567852,3.302
2518,TACH,Financial Services,Shell Companies,NASDAQ,91.88,57,47,44,51,10.52,361888883.0210457,34432814.0,0.04,-0.66,35570,19873,35154,
2519,ETJ,Financial Services,Asset Management,NYSE,91.88,57,50,45,42,8.18,557258778.388484,67301787.0,1.72,-9.91,117755,113018,115341,
2520,CHY,Financial Services,Asset Management,NASDAQ,91.88,57,69,76,66,11.61,960406474.8876877,80436056.0,0.0018000001,-16.53,200369,155003,169767,-0.449
2521,QETA,Financial Services,Shell Companies,NASDAQ,91.87,57,48,52,56,11.81,44410815.229652405,3747748.0,0.0001,-9.64,196,158,95,
2522,BACCU,Financial Services,Shell Companies,NASDAQ,91.86,57,58,58,49,10.91,,,0.01,-7.15,58,692,467,
2523,ASAN,Technology,Software - Application,NYSE,91.86,57,52,18,7,8.64,2065310560.1542015,228970117.0,0.2451,-44.19,10711390,7250020,6559710,0.099
2524,ACIW,Technology,Software - Infrastructure,NASDAQ,91.85,57,75,71,29,49.0,4998293812.45998,100955241.0,0.092,-19.78,746020,757863,885252,0.073
2525,APAC,Financial Services,Shell Companies,NASDAQ,91.85,57,49,41,50,10.26,82597280.26259422,8050417.0,0.0036000002,-0.0,890,3336,9102,
2526,PAII,Financial Services,Shell Companies,NYSE,91.85,57,48,43,51,10.33,355273714.47894,34492593.0,0.02,0.24,114920,53153,36520,
2527,LAFA,Financial Services,Shell Companies,NASDAQ,91.84,57,46,42,49,10.2,160118856.67642307,15713333.0,0.02,0.0,48642,17894,12580,
2528,ORIQ,Financial Services,Shell Companies,NASDAQ,91.84,57,48,43,51,10.41,90044996.38080597,8625000.0,0.0005,-0.38,10648,14046,10279,
2529,STAG,Real Estate,REIT - Industrial,NYSE,91.83,57,41,58,60,37.01,7093418600.431297,192808329.0,0.053200003,-13.14,1899920,1619626,1640592,0.081
2530,WENN,Financial Services,Shell Companies,NASDAQ,91.83,57,48,40,46,10.41,390570181.7750931,37518750.0,0.01,-0.29,47280,46480,31874,
2531,LMT,Industrials,Aerospace & Defense,NYSE,91.82,57,65,50,82,518.1,119909643065.22601,230790753.0,0.0125,-25.13,1259210,1136590,1182708,0.105
2532,ENSG,Healthcare,Medical Care Facilities,NASDAQ,91.82,57,35,31,80,176.36,10209916361.246704,58282434.0,0.0306,-19.1,382970,330210,361876,0.173
2533,SOR,Financial Services,Asset Management,NYSE,91.81,57,55,53,58,45.25,373686095.959465,8230971.0,0.0011,-10.24,6320,10220,9834,-0.047
2534,CENTA,Consumer Defensive,Packaged Foods,NASDAQ,91.81,57,69,75,63,34.2,2131903973.8378525,62592598.0,0.0421,-16.18,319550,310193,304970,-0.082
2535,DRI,Consumer Cyclical,Restaurants,NYSE,91.81,57,63,51,40,197.02,22679965761.0,113541756.0,0.0723,-14.25,1557640,1169423,1195506,0.051
2536,LAKE,Consumer Cyclical,Apparel Manufacturing,NASDAQ,91.8,57,50,72,20,10.27,104279133.0,9931346.0,0.142,-42.94,54570,61883,61668,-0.045
2537,TDAY,Communication Services,Publishing,NYSE,91.8,57,61,93,93,6.37,942571192.42132,146817941.0,0.1933,-30.84,2049670,2329770,2389082,-0.083
2538,SIMA,Financial Services,Shell Companies,NASDAQ,91.79,57,50,45,55,10.93,89838427.0583725,8219435.0,0.0011,-15.27,4380,3703,2474,
2539,XRPN,Financial Services,Shell Companies,NASDAQ,91.79,57,49,43,50,10.57,334222197.58987427,31590000.0,0.0029,-3.08,338060,168990,119278,
2540,INKT,Healthcare,Biotechnology,NASDAQ,91.79,57,32,62,70,12.11,62154565.91731262,5103002.0,0.0224,-28.46,10940,12780,11096,
2541,FIGX,Financial Services,Shell Companies,NASDAQ,91.79,57,47,44,49,10.33,200253132.89099693,19385589.0,0.03,-0.48,49320,20553,19018,
2542,PACH,Financial Services,Shell Companies,NASDAQ,91.78,57,47,43,51,10.33,326686247.587204,31625000.0,0.0001,-0.67,102700,55100,45364,
2543,WTRG,Utilities,Utilities - Regulated Water,NYSE,91.78,57,63,45,61,38.96,11212011471.758331,283632983.0,0.0305,-8.35,2484370,2363523,2212628,0.031
2544,APD,Basic Materials,Specialty Chemicals,NYSE,91.78,57,67,65,66,278.75,62743877107.46338,222685530.0,0.0186,-11.47,1426020,1129800,1090890,0.046
2545,BNL,Real Estate,REIT - Diversified,NYSE,91.77,57,70,74,70,18.84,3868997390.4204254,204600604.0,0.1409,-18.44,2232410,1940656,2046768,0.083
2546,HCA,Healthcare,Medical Care Facilities,NYSE,91.76,57,37,29,75,432.6,94310215243.59131,216501500.0,0.046,-22.27,1660880,1446983,1431620,0.087
2547,KOYN,Financial Services,Shell Companies,NASDAQ,91.76,57,48,42,50,10.24,322837476.46393204,31557917.0,0.0001,-0.05,88409,40796,43383,
2548,AACPU,Financial Services,Shell Companies,NASDAQ,91.76,57,58,44,46,10.3,,,7.64,-3.92,0,126,152,
2549,FERA,Financial Services,Shell Companies,NASDAQ,91.76,57,47,43,51,10.53,329550668.9872713,31266667.0,0.05,-0.09,20455,21251,42735,
2550,LKSP,Financial Services,Shell Companies,NASDAQ,91.75,57,47,42,50,10.24,160856663.25,15693333.0,0.23,-0.1,1487,18665,17165,
2551,ARTNA,Utilities,Utilities - Regulated Water,NASDAQ,91.75,57,65,56,49,32.89,343376773.25,10327121.0,0.0066000004,-11.06,32490,30180,30942,0.074
2552,GRDX,Healthcare,Biotechnology,NASDAQ,91.74,57,73,94,28,3.47,24459752.36605382,7131123.0,0.007900001,-49.92,71820,108200,108732,
2553,DSGX,Technology,Software - Application,NASDAQ,91.74,57,46,24,21,78.85,6724971803.544693,85548553.0,2.51,-19.83,658390,716740,622042,0.118
2554,SSACU,Financial Services,Shell Companies,NASDAQ,91.74,57,46,42,48,10.31,,,0.75,-3.46,1832,1014,940,
2555,CUB,Financial Services,Shell Companies,NASDAQ,91.73,57,47,42,54,10.9,284913238.5722952,26162831.0,0.0002,-2.9,106790,86883,147158,
2556,LCCCU,Financial Services,Shell Companies,NASDAQ,91.73,57,47,44,51,10.61,,,,-33.23,0,0,112,
2557,NPAC,Financial Services,Shell Companies,NASDAQ,91.73,57,46,41,47,10.49,402719745.4630375,38390825.0,0.0001,-0.19,91200,35110,49926,
2558,AVGO,Technology,Semiconductors,NASDAQ,91.73,57,37,65,82,349.57,1684184341016.2803,4773629865.0,0.0111,-29.38,24541510,25449106,22510808,0.855
2559,JQC,Financial Services,Asset Management,NYSE,91.73,57,47,45,45,4.69,696216563.7287588,147816679.0,0.0014,-12.34,855793,661527,618396,-0.009
2560,MMTX,Financial Services,Shell Companies,NASDAQ,91.73,57,48,42,50,10.2,90046618.31617355,8828100.0,0.0002,-0.1,3660,17516,12372,
2561,APACU,Financial Services,Shell Companies,NASDAQ,91.72,56,45,46,53,10.39,,,0.68,-4.59,110,86,1108,
2562,SORNU,Financial Services,Shell Companies,NASDAQ,91.72,56,49,37,45,10.2,,,2.33,-2.3,70,73,396,
2563,SSAC,Financial Services,Shell Companies,NASDAQ,91.72,56,47,39,47,10.12,243365696.5279255,24047994.0,0.0011,0.0,18600,42993,48406,
2564,NCZ,Financial Services,Asset Management,NYSE,91.71,56,65,72,71,13.91,273445851.25231075,19028939.0,0.0082,-13.98,60106,46598,49917,-0.104
2565,AIIA,Financial Services,Shell Companies,NYSE,91.7,56,49,46,50,10.27,197915404.41513062,19290000.0,0.0013,-0.68,50890,35060,26820,
2566,WSTNU,Financial Services,Shell Companies,NASDAQ,91.7,56,44,36,48,10.28,,,0.0,-8.21,0,16,20,
2567,SOCA,Financial Services,Shell Companies,NASDAQ,91.69,56,47,43,51,10.34,243924936.05961227,23590419.0,0.0001,-0.19,26380,15633,17968,
2568,TVAI,Financial Services,Shell Companies,NASDAQ,91.69,56,47,45,52,10.4,282836652.825613,27195833.0,0.0001,0.0,71230,37336,35724,
2569,NXPI,Technology,Semiconductors,NASDAQ,91.69,56,29,79,33,236.32,60035247007.64639,252164174.0,0.0322,-30.48,3848410,3384506,3809466,0.195
2570,UL,Consumer Defensive,Household & Personal Products,NYSE,91.68,56,54,46,29,62.53,134665179811.61276,2153264756.0,1.17,-16.6,2424700,3457216,3914076,0.005
2571,SUMAU,Financial Services,Shell Companies,NASDAQ,91.68,56,48,38,45,10.24,,,30.96,-0.1,50,33,134,
2572,CHARU,Financial Services,Shell Companies,NASDAQ,91.68,56,43,43,54,10.93,,,0.0,-12.21,0,13,8,
2573,LFVN,Consumer Defensive,Packaged Foods,NASDAQ,91.68,56,23,44,7,6.19,78809922.32149506,12589444.0,0.114300005,-47.14,35370,47593,53428,-0.231
2574,WMK,Consumer Defensive,Grocery Stores,NYSE,91.67,56,48,65,56,72.89,1782105792.874031,24744597.0,0.24069999,-12.96,288730,194910,182486,0.046
2575,AFL,Financial Services,Insurance - Life,NYSE,91.67,56,58,61,56,113.55,57012760460.55133,501343298.0,0.0299,-12.8,2369590,2201443,2097398,-0.01
2576,GDL,Financial Services,Asset Management,NYSE,91.67,56,49,49,58,8.34,89810966.3517046,10742939.0,0.00090000004,-3.81,11969,12493,10739,
2577,CUBWU,Financial Services,Shell Companies,NASDAQ,91.67,56,51,38,49,11.02,,,0.0,-14.57,0,31,20,
2578,TMTSU,Financial Services,Shell Companies,NASDAQ,91.67,56,54,41,46,10.3,,,11.66,-2.28,0,116,100,
2579,HVMC,Financial Services,Shell Companies,NASDAQ,91.66,56,46,41,49,10.26,301746606.7314148,29410000.0,0.0002,-0.1,61490,28793,78698,
2580,ADAC,Financial Services,Shell Companies,NASDAQ,91.66,56,47,43,48,10.12,290949996.7098236,28750000.0,0.00029999999,-5.68,60570,35510,21416,
2581,EEA,Financial Services,Asset Management,NYSE,91.65,56,61,62,44,10.54,72564407.2155571,6852163.0,0.00029999999,-7.79,22695,13621,13969,-0.167
2582,MTG,Financial Services,Insurance - Specialty,NYSE,91.65,56,74,47,51,28.35,5841955349.3013,205124840.0,0.059499998,-11.1,2734720,1912276,1823788,-0.029
2583,ALCO,Consumer Defensive,Farm Products,NASDAQ,91.65,56,59,61,83,39.15,289843176.00603485,7418561.0,0.0327,-13.02,26970,19643,20686,0.077
2584,BCML,Financial Services,Banks - Regional,NASDAQ,91.63,56,50,67,68,30.87,337104020.9545269,10920117.0,0.0201,-11.75,63040,55803,55710,-0.184
2585,ARCI,Financial Services,Shell Companies,NASDAQ,91.63,56,50,41,48,10.1,356146213.4513855,35262000.0,0.09,-0.98,30600,18876,30136,
2586,TDWD,Financial Services,Shell Companies,NASDAQ,91.63,56,46,42,49,10.13,238510852.6945114,23545000.0,0.0001,-0.2,82390,35680,22132,
2587,CCAQU,Financial Services,Shell Companies,NASDAQ,91.63,56,43,48,54,10.68,,,0.46,-16.69,0,80,48,
2588,OBAWU,Financial Services,Shell Companies,NASDAQ,91.63,56,47,41,48,10.42,,,4.67,-7.34,61,87,68,
2589,BIXIU,Financial Services,Shell Companies,NASDAQ,91.62,56,48,40,47,10.23,,,0.27,-2.57,0,130,514,
2590,INAC,Financial Services,Shell Companies,NASDAQ,91.62,56,48,44,51,10.33,152419148.87428284,14755000.0,0.06,-0.67,5250,2246,2404,
2591,BALL,Consumer Cyclical,Packaging & Containers,NYSE,91.62,56,73,63,69,57.13,15043092262.996323,264703357.0,0.0348,-16.34,2137590,1859763,1890822,0.197
2592,GNL,Real Estate,REIT - Diversified,NYSE,91.61,56,63,61,78,8.49,1977767721.4703798,231317857.0,0.0,-15.4,2890220,2132790,2400734,-0.1
2593,CTVA,Basic Materials,Agricultural Inputs,NYSE,91.61,56,66,66,82,77.74,52388227680.267334,667196000.0,0.0353,-14.54,4726930,4767140,4728822,-0.012
2594,ATIIU,Financial Services,Shell Companies,NASDAQ,91.61,56,40,54,42,11.3,,,1.41,-77.84,50,326,238,
2595,TACOU,Financial Services,Shell Companies,NASDAQ,91.6,56,43,48,43,10.77,,,5.64,-13.84,10,76,204,
2596,SCII,Financial Services,Shell Companies,NASDAQ,91.6,56,46,39,48,10.17,252713239.0522213,24897857.0,0.05,0.2,35250,22916,21258,
2597,EGHAU,Financial Services,Shell Companies,NASDAQ,91.6,56,35,47,54,10.66,,,0.0,-43.89,0,23,14,
2598,MESHU,Financial Services,Shell Companies,NASDAQ,91.6,56,45,39,45,10.24,,,0.31,-2.48,10020,3966,9234,
2599,OTGA,Financial Services,Shell Companies,NASDAQ,91.58,56,45,40,47,10.26,361921508.07380676,35275000.0,0.01,-0.0,9260,32466,52790,
2600,DMII,Financial Services,Shell Companies,NASDAQ,91.58,56,47,42,50,10.16,666241989.9940491,65575000.0,0.0021,-1.65,84700,61396,52998,
2601,CHPG,Financial Services,Shell Companies,NASDAQ,91.58,56,50,43,53,10.45,104367136.79507637,9987286.0,0.00059999997,-0.48,2212,6167,4048,
2602,VHCPU,Financial Services,Shell Companies,NASDAQ,91.57,56,42,39,44,10.24,,,0.0,-0.49,110,313,558,
2603,DAAQ,Financial Services,Shell Companies,NASDAQ,91.57,56,47,42,46,10.46,239645713.67397308,22910680.0,0.0002,-0.29,31440,54426,45918,
2604,GIW,Financial Services,Shell Companies,NASDAQ,91.57,56,46,41,48,10.17,370556093.55480576,36472057.0,0.01,-0.1,76260,76916,72190,
2605,HCACU,Financial Services,Shell Companies,NASDAQ,91.56,56,43,43,56,10.38,263907755.72961903,25424639.0,0.14,-12.77,0,480,988,
2606,GHC,Industrials,Conglomerates,NYSE,91.56,56,59,61,57,1140.01,4890876059.955078,4234928.0,0.1329,-9.69,37880,37563,32022,0.071
2607,RDAG,Financial Services,Shell Companies,NASDAQ,91.56,56,45,40,45,10.44,391125011.4440918,37500000.0,0.0,-0.1,84850,47203,38044,
2608,TAVIU,Financial Services,Shell Companies,NASDAQ,91.56,56,40,42,52,10.8,,,0.07,-32.79,200,1466,881,
2609,ALDFU,Financial Services,Shell Companies,NASDAQ,91.55,56,40,39,50,10.94,,,0.02,-16.49,760,286,238,
2610,SSEAU,Financial Services,Shell Companies,NASDAQ,91.54,56,51,40,52,10.43,,,0.0,-0.67,0,343,426,
2611,IGAC,Financial Services,Shell Companies,NASDAQ,91.54,56,44,41,47,10.11,242041808.19511414,23870000.0,0.0001,-0.3,51510,20870,33804,
2612,KTWO,Financial Services,Shell Companies,NASDAQ,91.54,56,44,39,46,10.08,202014901.35098076,20041161.0,0.0001,-0.2,4990,49953,30224,
2613,LPBBU,Financial Services,Shell Companies,NASDAQ,91.54,56,46,45,51,10.87,,,0.65,-6.86,80,26,256,
2614,CNR,Energy,Thermal Coal,NYSE,91.53,56,76,25,81,88.4,4418619431.514381,49636257.0,0.066599995,-23.0,566490,514693,536530,0.035
2615,OACCU,Financial Services,Shell Companies,NASDAQ,91.53,56,50,47,49,11.0,,,,-11.79,0,0,20,
2616,RMCO,Financial Services,Asset Management,NASDAQ,91.53,56,68,60,89,2.56,39600766.28831959,15172708.0,0.0011999999,-48.8,8210,9793,12250,0.38
2617,JENA,Financial Services,Shell Companies,NYSE,91.51,56,49,43,48,10.43,301050259.9477768,28975000.0,0.02,-1.7,45180,22596,14970,
2618,ACNT,Basic Materials,Specialty Chemicals,NASDAQ,91.51,56,64,63,37,14.52,132438957.38158321,9009453.0,0.018099999,-18.97,26080,35000,43268,0.376
2619,KTWOU,Financial Services,Shell Companies,NASDAQ,91.51,56,46,40,48,10.26,,,0.0,-8.64,0,273,232,
2620,BTO,Financial Services,Asset Management,NYSE,91.51,56,70,65,69,36.02,727674944.1634369,19833060.0,0.11,-14.24,40060,34606,38048,-0.001
2621,LATAU,Financial Services,Shell Companies,NASDAQ,91.51,56,43,41,51,10.3,,,65.26,-20.71,0,90,126,
2622,RZLT,Healthcare,Biotechnology,NASDAQ,91.49,55,52,83,72,4.18,377217107.9241605,96722333.0,0.2629,-63.52,1835340,1542830,1405078,
2623,PLMK,Financial Services,Shell Companies,NASDAQ,91.49,55,49,45,54,10.72,114730706.37787342,10702491.0,0.0001,-10.67,330,12660,13552,
2624,AXIN,Financial Services,Shell Companies,NASDAQ,91.48,55,45,46,51,10.34,281937340.9405632,27266667.0,0.0,-1.05,140640,73546,67156,
2625,PATH,Technology,Software - Infrastructure,NYSE,91.48,55,92,28,23,12.19,6493596416.020501,521155409.0,0.2574,-38.56,50836320,60632413,66625942,0.134
2626,PMTRU,Financial Services,Shell Companies,NASDAQ,91.48,55,48,45,50,11.0,,,0.0,-11.29,60,133,100,
2627,GSHRU,Financial Services,Shell Companies,NASDAQ,91.48,55,49,42,51,10.61,,,1.4,-13.74,0,0,2,
2628,HAVAU,Financial Services,Shell Companies,NASDAQ,91.47,55,44,43,50,10.3,187617823.32463074,18339964.0,0.0,-6.6,2180,776,654,
2629,BSL,Financial Services,Asset Management,NYSE,91.46,55,50,40,39,12.89,167957195.2332878,13019938.0,0.0014,-8.65,43805,54001,47659,-0.127
2630,BBT,Financial Services,Banks - Regional,NYSE,91.46,55,71,63,78,27.81,2362775509.102619,83816086.0,0.0552,-15.29,1358520,978280,900324,1.445
2631,CRACU,Financial Services,Shell Companies,NASDAQ,91.46,55,43,41,47,10.34,,,2.7,-3.9,60,20,146,
2632,IEAG,Financial Services,Shell Companies,NASDAQ,91.46,55,49,43,45,10.22,444774411.62109375,43520000.0,0.00029999999,-0.78,29420,17870,47998,
2633,GTENU,Financial Services,Shell Companies,NASDAQ,91.45,55,52,47,45,10.65,,,0.82,-2.29,0,103,148,
2634,LKSPU,Financial Services,Shell Companies,NASDAQ,91.45,55,51,46,49,10.37,,,0.97,-0.72,680,226,188,
2635,EVOX,Financial Services,Shell Companies,NASDAQ,91.44,55,45,41,49,10.12,323519989.0136719,32000000.0,0.03,-0.3,89265,49501,51071,
2636,OMC,Communication Services,Advertising Agencies,NYSE,91.44,55,73,51,48,75.1,20891445805.668724,274345967.0,0.095699996,-16.15,3951390,2886873,2965862,0.634
2637,GTEN,Financial Services,Shell Companies,NASDAQ,91.44,55,53,46,45,10.49,472836739.68315125,45075000.0,0.0001,-4.55,1060,5660,33680,
2638,APXT,Financial Services,Shell Companies,NASDAQ,91.44,55,46,41,49,10.14,466034415.77911377,45960000.0,0.0004,-0.49,147940,151480,284998,
2639,WLIIU,Financial Services,Shell Companies,NASDAQ,91.44,55,51,45,48,10.44,,,1.44,-5.09,0,0,144,
2640,SCPQU,Financial Services,Shell Companies,NASDAQ,91.43,55,47,46,46,10.28,,,16.03,-11.61,60,70,2586,
2641,ATII,Financial Services,Shell Companies,NASDAQ,91.43,55,40,51,53,10.69,316317087.58354187,29590000.0,0.0011,-6.23,546020,276293,234724,
2642,YCY,Financial Services,Shell Companies,NYSE,91.43,55,48,44,49,10.23,151625721.93789482,14735250.0,0.0001,-0.58,16440,32840,24300,
2643,CRANU,Financial Services,Shell Companies,NASDAQ,91.42,55,50,43,47,10.31,,,0.36,-8.19,140,120,554,
2644,YSXT,Industrials,Specialty Business Services,NASDAQ,91.42,55,17,14,14,1.3,41447248.47972393,31882500.0,0.0042,-58.6,9570,30116,39332,0.137
2645,DCI,Industrials,Specialty Industrial Machinery,NYSE,91.42,55,61,57,66,87.48,10131704800.36557,115910129.0,0.0307,-22.47,777040,695726,675072,0.08
2646,TSHA,Healthcare,Biotechnology,NASDAQ,91.41,55,83,94,93,4.99,1521642680.0091267,325833545.0,0.1603,-31.64,4811860,3261313,2959838,
2647,TONT,Financial Services,Shell Companies,NYSE ARCA,91.4,55,45,41,52,10.91,154339994.29852867,14159633.0,0.0016,-8.66,8515,52545,68121,
2648,ADACU,Financial Services,Shell Companies,NASDAQ,91.39,55,49,45,46,10.25,,,,-5.53,10,3,2,
2649,WSTN,Financial Services,Shell Companies,NASDAQ,91.39,55,49,42,49,10.15,82040178.38001251,8055000.0,1.73,-0.49,3860,11296,25570,
2650,ALF,Financial Services,Shell Companies,NASDAQ,91.38,55,46,44,55,10.92,392437502.74181366,35937500.0,7.55,-0.64,460,273,486,
2651,EURK,Financial Services,Shell Companies,NASDAQ,91.38,55,54,49,60,11.54,25055247.82325077,2170601.0,0.0001,-19.19,3110,13010,10032,
2652,FRMEP,Financial Services,Banks - Regional,NASDAQ,91.37,55,52,46,61,25.2,,,1.12,-6.98,410,1006,1430,0.028
2653,MXCT,Healthcare,Medical Devices,NASDAQ,91.37,55,50,53,5,1.16,120751256.59087014,103206206.0,0.0115,-37.8,322980,440423,639156,-0.145
2654,EVI,Industrials,Industrial Distribution,NYSE ARCA,91.37,55,15,12,34,19.98,261820554.57744598,12878532.0,0.026600001,-39.27,61450,53486,85488,0.108
2655,STHO,Real Estate,Real Estate Services,NASDAQ,91.35,55,70,63,45,8.47,99490579.7961998,12088771.0,0.0095,-14.79,23280,17233,16334,-0.599
2656,SQM,Basic Materials,Specialty Chemicals,NYSE,91.35,55,75,79,92,65.16,19106312802.780518,285637808.0,2.42,-33.51,1040870,1011203,964024,1.367
2657,VZLA,Basic Materials,Other Industrial Metals & Mining,NYSE ARCA,91.35,55,36,26,35,3.82,1402474661.330431,355056872.0,0.1016,-46.87,4429970,5133390,5137328,
2658,COLA,Financial Services,Shell Companies,NASDAQ,91.35,55,46,45,55,10.64,46966886.69275379,4494439.0,0.008,-17.13,35110,37220,26172,
2659,HVMCU,Financial Services,Shell Companies,NASDAQ,91.34,55,45,43,50,10.43,,,0.0,-5.18,0,60,36,
2660,GCV,Financial Services,Asset Management,NYSE,91.33,55,64,68,72,4.17,86634193.64282799,20147486.0,0.001,-13.13,46545,36331,35853,-0.398
2661,ASND,Healthcare,Biotechnology,NASDAQ,91.32,55,70,81,76,230.05,14840728673.509827,65783370.0,0.0713,-18.47,1180210,733946,651896,1.147
2662,PCAP,Financial Services,Shell Companies,NASDAQ,91.32,55,45,37,43,10.39,328838403.6254883,31680000.0,0.001,-0.57,41745,28068,49201,
2663,BBD,Financial Services,Banks - Regional,NYSE,91.32,55,33,49,79,3.35,36109093547.94633,10589176727.0,0.003,-22.09,25288270,27667896,28558722,0.072
2664,SOCAU,Financial Services,Shell Companies,NASDAQ,91.31,55,45,42,51,10.4,,,0.15,-13.33,120,133,300,
2665,BLRK,Financial Services,Shell Companies,NASDAQ,91.31,55,45,38,44,10.11,232529992.10357666,23000000.0,0.0001,-5.34,14050,119143,89068,
2666,OACC,Financial Services,Shell Companies,NASDAQ,91.31,55,44,43,50,10.78,265002232.47569275,24582768.0,0.01,-0.87,11090,27990,28574,
2667,MBVI,Financial Services,Shell Companies,NASDAQ,91.31,55,44,40,46,10.24,441599990.1294708,43125000.0,0.0001,-2.48,37940,32400,24716,
2668,CHPGU,Financial Services,Shell Companies,NASDAQ,91.29,55,49,45,50,10.48,,,,-0.1,0,0,0,
2669,RES,Energy,Oil & Gas Equipment & Services,NYSE,91.29,55,66,37,86,5.73,1294476983.902176,221657012.0,0.3305,-29.78,2441780,1769816,1634418,0.095
2670,ZDGE,Communication Services,Internet Content & Information,NYSE ARCA,91.28,55,37,44,35,3.09,39205893.0,13068631.0,0.0064,-34.26,46790,87876,81062,0.03
2671,GPAC,Financial Services,Shell Companies,NASDAQ,91.28,55,45,40,47,10.09,296746904.48760986,29410000.0,0.00029999999,-0.1,35864,18074,65334,
2672,BACC,Financial Services,Shell Companies,NASDAQ,91.27,55,50,54,51,10.48,293462897.4849844,27962163.0,0.0004,-5.59,228460,103740,76686,
2673,JOUT,Consumer Cyclical,Leisure,NASDAQ,91.27,55,59,55,86,44.24,465611741.2981415,10479670.0,0.1441,-17.37,42950,44970,45080,0.05
2674,GIX,Financial Services,Shell Companies,NASDAQ,91.27,55,45,40,47,10.01,365833586.4749012,36546811.0,0.00029999999,-0.3,37550,21373,43792,
2675,LWACU,Financial Services,Shell Companies,NASDAQ,91.27,55,46,42,50,10.36,,,0.0,-2.95,30,20,18,
2676,LPCV,Financial Services,Shell Companies,NASDAQ,91.26,55,43,41,47,10.08,289799997.8065491,28750000.0,0.01,-0.49,46590,46566,32234,
2677,CHSCN,Consumer Defensive,Farm Products,NASDAQ,91.26,55,51,47,57,24.25,,,0.54,-5.2,23453,19804,18618,0.186
2678,INACU,Financial Services,Shell Companies,NASDAQ,91.26,55,45,42,50,10.37,,,0.7,-22.55,0,23,14,
2679,BLRKU,Financial Services,Shell Companies,NASDAQ,91.25,55,48,39,47,10.2,,,794.75,-7.19,1350,453,518,
2680,DMA,Financial Services,Asset Management,NYSE,91.25,55,42,32,38,7.58,68120615.54519892,8963239.0,0.0033000002,-17.16,18498,19129,19793,
2681,QADRU,Financial Services,Shell Companies,NASDAQ,91.24,54,46,40,46,10.1,,,0.78,-3.81,0,0,622,
2682,IACO,Financial Services,Shell Companies,NASDAQ,91.24,54,45,40,46,10.0,437500000.0,43750000.0,0.02,-0.1,41494,48634,38228,
2683,FACTU,Financial Services,Shell Companies,NASDAQ,91.24,54,43,46,57,10.83,,,,-27.8,0,0,10,
2684,DYOR,Financial Services,Shell Companies,NASDAQ,91.24,54,45,40,46,10.13,232990002.6321411,23000000.0,0.0,-3.25,37920,26353,47450,
2685,IRHO,Financial Services,Shell Companies,NASDAQ,91.23,54,44,43,47,10.07,294959212.3031616,29320000.0,0.0,-0.69,45596,80192,75325,
2686,GSRF,Financial Services,Shell Companies,NASDAQ,91.23,54,46,40,45,10.23,300818251.53923035,29405500.0,0.04,-0.1,3290,7283,11250,
2687,LFAC,Financial Services,Shell Companies,NASDAQ,91.21,54,44,39,47,10.09,198159198.02669907,19639167.0,0.02,-0.0,50241,46703,29234,
2688,PACHU,Financial Services,Shell Companies,NASDAQ,91.2,54,46,41,53,10.38,,,43.69,-7.32,0,50,72,
2689,OTGAU,Financial Services,Shell Companies,NASDAQ,91.2,54,47,44,49,10.36,,,0.0,-0.72,1198,449,2867,
2690,WAY,Healthcare,Health Information Services,NASDAQ,91.19,54,34,17,15,25.74,4736186021.492432,191748416.0,0.091000006,-36.21,2338550,2141563,2525244,0.181
2691,VIK,Consumer Cyclical,Travel Services,NYSE,91.18,54,72,89,82,79.3,35865042720.231384,446638124.0,0.037,-27.97,5376610,4628576,3658260,0.165
2692,TVAIU,Financial Services,Shell Companies,NASDAQ,91.18,54,34,43,51,10.5,,,0.36,-28.33,0,16,74,
2693,RAC,Financial Services,Shell Companies,NYSE,91.17,54,46,42,54,10.55,309215594.21369076,29267923.0,0.02,-0.47,7222,18470,14396,
2694,APXTU,Financial Services,Shell Companies,NASDAQ,91.17,54,46,43,48,10.3,,,21.93,-1.9,90,173,5192,
2695,ACAAU,Financial Services,Shell Companies,NASDAQ,91.16,54,43,40,48,10.16,,,0.02,-14.12,0,193,3810,
2696,CRAQU,Financial Services,Shell Companies,NASDAQ,91.15,54,46,40,49,10.5,,,11.79,-8.7,60,86,58,
2697,IEAGU,Financial Services,Shell Companies,NASDAQ,91.15,54,43,43,43,10.37,,,8.61,-11.29,70,160,486,
2698,KBONU,Financial Services,Shell Companies,NASDAQ,91.15,54,45,41,51,10.3,,,1.49,-7.17,0,46,130,
2699,SVAQ,Financial Services,Shell Companies,NASDAQ,91.15,54,44,43,46,10.11,296434804.54345036,29320951.0,0.0001,-0.49,90040,44610,66392,
2700,AACI,Financial Services,Shell Companies,NASDAQ,91.14,54,46,41,46,10.05,341999838.19067574,34029834.0,0.04,-0.4,50307,23395,29961,
2701,SNA,Industrials,Tools & Accessories,NYSE,91.14,54,65,71,66,369.21,19097654812.23462,51727124.0,0.081599995,-12.72,335540,284046,323002,0.042
2702,RFAM,Financial Services,Shell Companies,NASDAQ,91.14,54,45,38,49,9.99,139472666.51908684,13933333.0,0.0001,-0.3,62960,25690,16970,
2703,TWLV,Financial Services,Shell Companies,NASDAQ,91.14,54,49,40,47,10.06,235781259.8347664,23437500.0,0.0001,-3.08,21690,25193,27410,
2704,FERAU,Financial Services,Shell Companies,NASDAQ,91.14,54,48,45,46,10.74,,,0.0,-6.61,10000,3350,2016,
2705,MUZE,Financial Services,Shell Companies,NASDAQ,91.13,54,45,42,46,10.0,273202080.0,27320208.0,0.0,-0.4,45630,41906,28858,
2706,DMIIU,Financial Services,Shell Companies,NASDAQ,91.13,54,44,41,48,10.2,,,14.28,-5.56,810,330,430,
2707,RFAMU,Financial Services,Shell Companies,NASDAQ,91.13,54,42,39,47,10.08,,,0.0,-7.44,1171,530,7986,
2708,NBRG,Financial Services,Shell Companies,NASDAQ,91.12,54,45,39,45,10.06,75915278.16653252,7546250.0,0.0004,-0.3,150,2746,24946,
2709,BLZR,Financial Services,Shell Companies,NASDAQ,91.12,54,43,38,44,10.22,351312509.1791153,34375000.0,0.0,-0.2,17830,51313,44440,
2710,ALOV,Financial Services,Shell Companies,NASDAQ,91.11,54,46,41,48,10.0,375187500.0,37518750.0,0.01,-0.4,72000,70226,44424,
2711,ALLT,Technology,Software - Infrastructure,NASDAQ,91.11,54,33,38,25,8.53,428443866.17159843,49303094.0,0.0419,-28.44,363420,309446,278792,0.153
2712,NATH,Consumer Cyclical,Restaurants,NASDAQ,91.11,54,40,40,60,101.48,416117487.05506897,4097661.0,0.056599997,-10.87,44470,30273,27444,0.15
2713,WPRT,Consumer Cyclical,Auto Parts,NASDAQ,91.11,54,28,47,23,2.05,38561339.47652769,18995734.0,0.0253,-19.61,49660,56986,65066,-0.783
2714,CTRE,Real Estate,REIT - Healthcare Facilities,NYSE,91.11,54,55,70,75,37.42,8839728538.53452,236293199.0,0.082100004,-14.21,2391630,2257536,2178412,0.435
2715,HCAC,Financial Services,Shell Companies,NASDAQ,91.11,54,43,39,46,10.11,295476601.818635,29197293.0,0.02,-0.2,97095,62018,48211,
2716,AM,Energy,Oil & Gas Midstream,NYSE,91.1,54,70,65,84,20.7,9934926964.859009,474674000.0,0.0366,-13.15,2958050,2495786,2405270,0.083
2717,LATA,Financial Services,Shell Companies,NASDAQ,91.1,54,45,39,45,10.19,234369990.34881592,23000000.0,0.01,-0.18,40360,18306,11800,
2718,LFACU,Financial Services,Shell Companies,NASDAQ,91.1,54,46,38,49,10.18,,,37.38,-2.96,0,16,2652,
2719,MESH,Financial Services,Shell Companies,NASDAQ,91.1,54,46,40,45,10.08,434699996.7098236,43125000.0,0.0,-0.49,150840,212366,167540,
2720,BLUW,Financial Services,Shell Companies,NASDAQ,91.1,54,48,42,51,10.37,335098567.61932373,32308000.0,0.0001,-0.38,13060,50490,36106,
2721,AEAQ,Financial Services,Shell Companies,NASDAQ,91.1,54,46,39,47,10.08,315621600.9711094,31311667.0,0.0001,-0.2,92600,36420,38454,
2722,ITHA,Financial Services,Shell Companies,NASDAQ,91.1,54,44,41,46,10.06,308506692.948246,30666668.0,0.0001,-0.49,29400,22046,14208,
2723,DBCA,Financial Services,Shell Companies,NASDAQ,91.1,54,43,41,46,10.03,434012421.31528187,43271429.0,0.0,-0.69,12470,70963,54198,
2724,RNGT,Financial Services,Shell Companies,NASDAQ,91.09,54,44,40,48,10.17,318592215.9500351,31326668.0,0.11,-0.26,53170,22450,13796,
2725,UAL,Industrials,Airlines,NASDAQ,91.09,54,53,86,52,111.51,36997702601.36426,324569728.0,0.056599997,-19.64,4098260,3601586,3573746,0.16
2726,PSA,Real Estate,REIT - Industrial,NYSE,91.08,54,62,70,51,284.79,53807855619.24118,186852295.0,0.0429,-15.13,960990,827726,984612,0.033
2727,BCSS,Financial Services,Shell Companies,NYSE,91.08,54,45,43,46,10.29,602104024.5056152,58400000.0,0.0001,-1.81,24210,17980,25734,
2728,THRM,Consumer Cyclical,Auto Parts,NASDAQ,91.08,54,67,57,28,33.61,1082320830.8475876,30739019.0,0.0915,-30.49,558660,359756,437192,0.11
2729,WPAC,Financial Services,Shell Companies,NYSE,91.08,54,44,41,46,10.06,157604584.1139078,15666459.0,0.0002,-15.39,9470,20176,13924,
2730,UTL,Utilities,Utilities - Diversified,NYSE,91.08,54,63,54,65,50.35,929705632.1719131,18236674.0,0.0479,-12.07,158950,134773,119876,0.14
2731,XSLL,Financial Services,Shell Companies,NASDAQ,91.07,54,46,40,48,9.98,276246806.48908234,27680042.0,0.00029999999,-0.2,52250,44786,30204,
2732,BHAVU,Financial Services,Shell Companies,NASDAQ,91.07,54,46,41,47,10.15,,,1.11,-17.81,1350,533,446,
2733,QUMSU,Financial Services,Shell Companies,NASDAQ,91.07,54,44,44,53,10.38,,,0.0,-5.55,0,120,92,
2734,LGL,Technology,Scientific & Technical Instruments,NYSE ARCA,91.07,54,67,46,66,6.71,84508095.89423275,12613149.0,0.0022,-14.85,30150,20966,15694,0.248
2735,HR,Real Estate,REIT - Healthcare Facilities,NYSE,91.06,54,56,74,64,17.98,6186091406.525574,342719760.0,0.0861,-18.42,4964110,3669046,3742728,-0.043
2736,SZZLU,Financial Services,Shell Companies,NASDAQ,91.06,54,47,40,57,10.54,,,1.62,-6.97,0,66,144,
2737,VNMEU,Financial Services,Shell Companies,NASDAQ,91.06,54,44,43,50,10.34,,,0.0,-8.66,130,43,26,
2738,DRDBU,Financial Services,Shell Companies,NASDAQ,91.06,54,40,37,46,10.72,,,0.0,-12.13,0,13,8,
2739,GPATU,Financial Services,Shell Companies,NASDAQ,91.06,54,48,43,53,10.99,,,0.0,-11.8,10,3,6,
2740,LAFAU,Financial Services,Shell Companies,NASDAQ,91.05,53,43,39,47,10.22,139843666.9138441,13683333.0,15.88,-9.48,0,30,182,
2741,ESNT,Financial Services,Insurance - Specialty,NYSE,91.05,53,71,53,47,63.44,5727797438.858032,89876000.0,0.0469,-9.85,970500,707753,631138,0.136
2742,ALUB,Financial Services,Shell Companies,NYSE,91.05,53,44,40,47,10.13,363687495.8872795,35937500.0,0.0002,-0.39,115330,81973,70256,
2743,MLAA,Financial Services,Shell Companies,NASDAQ,91.05,53,44,39,45,10.01,261261005.97381592,26100000.0,,-10.62,42590,69336,63088,
2744,BDCIU,Financial Services,Shell Companies,NASDAQ,91.04,53,43,40,45,10.3,,,0.0,-2.37,0,150,538,
2745,CRSP,Healthcare,Biotechnology,NASDAQ,91.04,53,56,62,40,54.09,5243642527.927616,96692653.0,0.2258,-31.08,2037860,1679163,1576480,10.414
2746,ZOOZ,Industrials,Electrical Equipment & Parts,NASDAQ,91.04,53,13,8,5,7.6,61754077.9855423,8009608.0,0.0017,-84.36,16530,33163,21460,
2747,KOYNU,Financial Services,Shell Companies,NASDAQ,91.04,53,42,43,48,10.33,,,6.32,-2.55,240,213,302,
2748,HCMA,Financial Services,Shell Companies,NASDAQ,91.04,53,44,44,46,10.29,347453336.33412266,33733333.0,0.0001,-1.91,24350,24043,17608,
2749,FGII,Financial Services,Shell Companies,NASDAQ,91.03,53,44,38,46,10.03,289978813.24768066,28940000.0,0.0001,-0.1,48541,30303,26674,
2750,BIP,Utilities,Utilities - Diversified,NYSE,91.03,53,56,56,68,34.84,15993601076.992035,460115128.0,2.37,-20.89,796110,763126,926268,0.194
2751,DSAC,Financial Services,Shell Companies,NASDAQ,91.02,53,47,42,43,10.14,345286066.9730358,34018333.0,0.0,-3.15,30165,134038,96923,
2752,FIGXU,Financial Services,Shell Companies,NASDAQ,91.02,53,45,44,49,10.36,,,0.0,-8.36,80,50,110,
2753,CPHC,Consumer Cyclical,Resorts & Casinos,NASDAQ,91.02,53,47,36,35,15.74,81793955.93588448,5183394.0,0.0066000004,-9.54,2040,1863,1694,0.032
2754,GWRS,Utilities,Utilities - Regulated Water,NASDAQ,91.01,53,66,21,27,7.95,232985446.3724556,28763634.0,0.0306,-28.83,95340,93446,98132,0.248
2755,XFLH,Financial Services,Shell Companies,NYSE,91.01,53,44,40,46,10.04,144458571.61112976,14388304.0,0.0022,-1.86,11900,6340,6184,
2756,SORN,Financial Services,Shell Companies,NASDAQ,91.01,53,42,39,46,10.02,348028022.5796585,34733334.0,0.0002,-7.9,108330,37810,24720,
2757,KIM,Real Estate,REIT - Retail,NYSE,91.0,53,59,70,69,22.49,15052513888.360174,670789373.0,0.0641,-15.61,5468510,5163396,4929776,0.049
2758,HTB,Financial Services,Banks - Regional,NYSE,91.0,53,61,70,68,45.5,763691857.4344101,16533706.0,0.0714,-13.33,226190,249993,202932,-0.01
2759,AACOU,Financial Services,Shell Companies,NASDAQ,91.0,53,50,38,45,10.1,,,1.7,-10.06,50,196,5758,
2760,AXINU,Financial Services,Shell Companies,NASDAQ,90.99,53,42,50,51,10.53,,,0.91,-10.38,40,413,346,
2761,SCPQ,Financial Services,Shell Companies,NASDAQ,90.99,53,44,39,45,10.05,137517509.30988884,13683334.0,0.01,-0.1,33110,20526,13976,
2762,MEVO,Financial Services,Shell Companies,NASDAQ,90.99,53,45,39,45,10.0,400000000.0,40000000.0,0.01,-10.23,65800,157710,96462,
2763,NNDM,Technology,Computer Hardware,NASDAQ,90.98,53,32,27,53,1.56,331017258.32894623,210839011.0,0.048299998,-32.76,1558610,1670950,2095996,0.121
2764,NPACU,Financial Services,Shell Companies,NASDAQ,90.98,53,49,38,48,10.51,,,0.07,-2.69,1388,472,1479,
2765,KFIIU,Financial Services,Shell Companies,NASDAQ,90.98,53,48,40,56,10.69,276112000.0,,,-16.48,0,0,14,
2766,HMH,Energy,Oil & Gas Equipment & Services,NASDAQ,90.96,53,32,30,37,19.28,230736693.16244125,12042625.0,0.0713,-21.31,237310,184030,205146,-0.16
2767,ARCIU,Financial Services,Shell Companies,NASDAQ,90.96,53,52,40,42,10.24,,,1.22,-3.94,590,446,2308,
2768,SCD,Financial Services,Asset Management,NYSE,90.96,53,59,55,56,14.62,340159113.1880741,22906337.0,0.34,-9.64,66209,67946,73131,0.13
2769,GIXXU,Financial Services,Shell Companies,NASDAQ,90.96,53,44,44,44,10.21,,,20.22,-4.67,0,0,76,
2770,EVOXU,Financial Services,Shell Companies,NASDAQ,90.96,53,43,39,46,10.28,,,0.02,-0.29,752,673,504,
2771,ASG,Financial Services,Asset Management,NYSE,90.96,53,50,59,41,5.06,324960146.6234088,63717677.0,0.00029999999,-11.07,256140,232576,256072,-0.011
2772,JFR,Financial Services,Asset Management,NYSE,90.95,53,56,51,43,7.26,1179891212.96916,160967425.0,0.0033000002,-11.36,939174,698091,633612,0.043
2773,GALT,Healthcare,Biotechnology,NASDAQ,90.95,53,77,89,32,3.93,393313621.21777153,100849644.0,0.121300004,-44.88,297110,313026,341532,
2774,FGBIP,Financial Services,Banks - Regional,NASDAQ,90.95,53,63,70,48,17.35,,,0.2,-19.15,5143,5101,4512,1.768
2775,BEAG,Financial Services,Shell Companies,NASDAQ,90.95,53,48,42,51,10.69,335415781.1946869,31318000.0,0.0004,-3.78,1494260,503646,304876,
2776,ORIO,Technology,Software - Infrastructure,NASDAQ,90.94,53,33,12,27,1.02,24062301.390047073,23590492.0,0.0112,-50.72,83720,101413,78014,0.063
2777,GPACU,Financial Services,Shell Companies,NASDAQ,90.93,53,45,39,46,10.15,,,0.0,-3.33,140,90,830,
2778,POWI,Technology,Semiconductors,NASDAQ,90.93,53,39,91,76,51.84,2917703689.7647095,55873298.0,0.14899999,-43.15,780390,791116,724972,0.027
2779,PCAPU,Financial Services,Shell Companies,NASDAQ,90.93,53,44,37,43,10.46,,,0.26,-4.91,1023,1447,4914,
2780,DNMX,Financial Services,Shell Companies,NASDAQ,90.93,53,44,39,46,10.06,269809171.50388336,26833333.0,0.0004,-0.2,68700,55860,35838,
2781,PCRX,Healthcare,Drug Manufacturers - Specialty & Generic,NASDAQ,90.93,53,63,52,36,25.39,1001330609.773426,39861886.0,0.2727,-8.21,551310,513086,598350,0.062
2782,DUOT,Technology,Software - Application,NASDAQ,90.91,53,38,81,32,8.99,287658651.665225,31472499.0,0.2401,-41.16,579660,1127820,962930,0.295
2783,CEPV,Financial Services,Shell Companies,NASDAQ,90.9,53,45,42,42,10.36,329344389.08576965,31790000.0,0.0002,-1.33,1270,1630,13118,
2784,BLZRU,Financial Services,Shell Companies,NASDAQ,90.9,53,47,39,47,10.35,,,0.0,-5.91,1780,1840,1776,
2785,WLII,Financial Services,Shell Companies,NASDAQ,90.9,53,45,41,42,10.25,206526348.0,20148912.0,0.0001,-2.38,950,10350,23574,
2786,IPXG,Financial Services,Shell Companies,NASDAQ,90.9,53,47,47,47,10.05,314883259.3260412,31331667.0,0.0001,-1.66,95560,105943,91228,
2787,SPHL,Consumer Cyclical,Residential Construction,NASDAQ,90.89,53,25,24,20,2.74,7057380.461136818,2261981.0,0.016900001,-89.09,1335690,452780,283766,0.384
2788,APT,Industrials,Building Products & Equipment,NYSE ARCA,90.89,53,53,70,42,5.04,52459959.15732288,10206218.0,0.012200001,-32.8,25360,27920,31694,0.12
2789,BRC,Industrials,Security & Protection Services,NYSE,90.89,53,65,70,65,84.1,3940471802.842453,46899214.0,0.0238,-15.3,320140,250986,217270,0.1
2790,OIM,Financial Services,Shell Companies,NASDAQ,90.89,53,42,42,45,10.15,366795611.21463776,36137500.0,0.0001,-1.74,37690,16693,21304,
2791,SBXE,Financial Services,Shell Companies,NYSE,90.89,53,44,42,45,10.1,350419513.23509216,34695000.0,0.0,-1.37,46470,35130,23726,
2792,STRRP,Industrials,Staffing & Employment Services,NASDAQ,90.89,53,56,57,66,9.26,,,8.16,-15.2,3475,6178,4505,0.546
2793,ARTCU,Financial Services,Shell Companies,NASDAQ,90.88,53,46,40,44,10.09,,,10.48,-2.93,0,133,384,
2794,CRAN,Financial Services,Shell Companies,NASDAQ,90.88,53,47,45,46,10.1,473690017.8909302,46900000.0,0.0001,-1.08,63990,54633,44608,
2795,BIII,Financial Services,Shell Companies,NYSE,90.88,53,44,38,42,10.05,231150004.38690186,23000000.0,0.0001,-1.86,20396,254932,154369,
2796,FNB,Financial Services,Banks - Regional,NYSE,90.88,53,63,68,68,17.43,6279203843.096848,355963949.0,0.081599995,-11.03,4962990,3871693,4181744,0.068
2797,BCO,Industrials,Security & Protection Services,NYSE,90.88,53,43,32,42,104.75,4398957398.392548,41181028.0,0.2051,-23.19,453510,408213,476388,0.071
2798,IRAB,Financial Services,Shell Companies,NYSE,90.88,53,41,39,44,10.0,229046670.0,22904667.0,0.01,-0.99,56730,43356,26120,
2799,AEAQU,Financial Services,Shell Companies,NASDAQ,90.87,52,48,41,49,10.19,,,25.75,-8.69,0,13,240,
2800,ABCB,Financial Services,Banks - Regional,NYSE,90.87,52,62,73,74,81.44,5522254758.748512,67107239.0,0.0591,-12.64,620560,425696,433356,0.036
2801,UAC,Financial Services,Shell Companies,NYSE ARCA,90.87,52,42,39,43,10.0,138398260.0291443,13853680.0,0.0011999999,0.0,14324,52034,31270,
2802,SCIIU,Financial Services,Shell Companies,NASDAQ,90.87,52,43,41,50,10.27,156668856.9831848,15255000.0,27.79,-9.07,0,10,164,
2803,EXPO,Industrials,Engineering & Construction,NASDAQ,90.87,52,59,24,33,64.35,3051507685.6299133,47546084.0,0.0865,-21.48,626460,460636,491430,0.12
2804,HCMAU,Financial Services,Shell Companies,NASDAQ,90.86,52,46,44,48,10.47,,,0.0,-4.73,140,60,70,
2805,MBVIU,Financial Services,Shell Companies,NASDAQ,90.86,52,46,41,49,10.3,0.0,0.0,0.07,-1.9,0,66,418,
2806,CHECU,Financial Services,Shell Companies,NASDAQ,90.86,52,43,45,50,10.25,0.0,0.0,,-1.49,0,0,212,
2807,KRG,Real Estate,REIT - Retail,NYSE,90.86,52,59,75,70,24.8,4964597137.307322,200346933.0,0.1021,-17.11,2272600,2068423,2346254,-0.08
2808,DSACU,Financial Services,Shell Companies,NASDAQ,90.86,52,49,48,49,10.3,,,0.0,-6.36,0,0,450,
2809,ONCH,Financial Services,Shell Companies,NASDAQ,90.85,52,43,39,43,10.33,222309996.86600494,21541667.0,0.0001,-2.09,16440,27713,66652,
2810,STEW,Financial Services,Asset Management,NYSE,90.83,52,58,50,47,17.57,1708943313.7788773,96441500.0,0.0001,-7.77,53300,56330,65932,0.035
2811,TACO,Financial Services,Shell Companies,NASDAQ,90.82,52,45,45,45,10.45,392258528.38754654,37518750.0,0.0002,-1.88,61490,41196,40402,
2812,VHCP,Financial Services,Shell Companies,NASDAQ,90.82,52,43,38,44,10.06,308506682.8882456,30666667.0,0.05,-0.4,51950,26416,21404,
2813,PECO,Real Estate,REIT - Retail,NASDAQ,90.82,52,57,69,68,37.59,4812092921.447754,128700000.0,0.051799998,-15.29,1264430,953260,910028,0.067
2814,AWX,Industrials,Waste Management,NYSE ARCA,90.82,52,52,34,45,2.56,10099528.545309067,3899432.0,0.0045,-52.85,5240,8463,55230,0.032
2815,FORTY,Technology,Information Technology Services,NASDAQ,90.81,52,47,23,39,114.99,1763333325.5716171,15334667.0,0.89,-39.66,1720,736,640,0.053
2816,XCBE,Financial Services,Shell Companies,NASDAQ,90.81,52,43,40,45,10.02,281531256.43730164,28125000.0,0.0001,-0.0,21342,28297,39456,
2817,XSLLU,Financial Services,Shell Companies,NASDAQ,90.81,52,42,40,47,10.06,,,9.73,-11.68,1650,576,2182,
2818,POLE,Financial Services,Shell Companies,NASDAQ,90.81,52,44,45,53,10.73,147363775.0131607,13733810.0,0.0001,-10.58,3050,99156,76324,
2819,ZKP,Financial Services,Shell Companies,NASDAQ,90.81,52,44,38,44,10.03,392106119.55095387,39093333.0,0.0001,-0.2,68860,26940,19348,
2820,LPCVU,Financial Services,Shell Companies,NASDAQ,90.8,52,42,39,46,10.13,,,1.48,-11.45,300,313,4394,
2821,CCIIU,Financial Services,Shell Companies,NASDAQ,90.8,52,43,40,49,10.48,,,3.88,-16.76,200,126,78,
2822,TPVG,Financial Services,Asset Management,NYSE,90.8,52,48,28,31,4.78,196627958.98409462,40709723.0,0.0629,-31.22,284670,228236,224780,-0.052
2823,BEBE,Financial Services,Shell Companies,NYSE,90.79,52,42,38,44,10.04,200799999.23706055,20000000.0,0.0001,-0.1,12610,7440,6456,
2824,ZKPU,Financial Services,Shell Companies,NASDAQ,90.78,52,42,37,45,10.08,,,4.29,-3.72,30,30,452,
2825,MUZEU,Financial Services,Shell Companies,NASDAQ,90.78,52,45,38,44,10.1,,,6.83,-9.82,30,86,336,
2826,PMTR,Financial Services,Shell Companies,NASDAQ,90.78,52,41,44,48,10.42,321201712.351799,30825500.0,0.0,-2.34,143720,85256,60616,
2827,TLNCU,Financial Services,Shell Companies,NASDAQ,90.78,52,44,48,55,10.46,,,0.56,-12.76,90,236,14438,
2828,PAAC,Financial Services,Shell Companies,NASDAQ,90.77,52,41,36,43,10.07,178473957.901268,17723333.0,0.0037,-0.79,25482,16814,10176,
2829,VPV,Financial Services,Asset Management,NYSE,90.76,52,64,62,61,10.38,189703642.69149113,17879703.0,0.0058,-9.74,40042,30194,29240,-0.105
2830,BDCI,Financial Services,Shell Companies,NASDAQ,90.76,52,42,38,43,10.15,352852394.1066389,34746667.0,0.0001,-1.07,1290,8426,20884,
2831,RMD,Healthcare,Medical Instruments & Supplies,NYSE,90.76,52,59,23,35,222.1,32024011932.0,144252306.0,0.11350001,-22.03,1360960,1338280,1367354,0.086
2832,IRHOU,Financial Services,Shell Companies,NASDAQ,90.75,52,43,45,45,10.16,,,0.15,-10.01,0,270,162,
2833,RL,Consumer Cyclical,Apparel Manufacturing,NYSE,90.75,52,49,73,76,357.16,21276817910.561127,59582239.0,0.0853,-15.28,717070,666493,641492,0.14
2834,NKTR,Healthcare,Biotechnology,NASDAQ,90.75,52,88,89,99,60.4,1948199284.528267,34142994.0,0.1852,-44.59,1898010,1045326,901818,-0.093
2835,PC,Industrials,Specialty Business Services,NASDAQ,90.74,52,59,52,68,9.4,30497781.762342453,3244445.0,,-32.86,0,0,0,-0.079
2836,AQST,Healthcare,Drug Manufacturers - Specialty & Generic,NASDAQ,90.74,52,72,26,36,4.75,587185482.3021641,125466988.0,0.22649999,-37.09,2207380,2781966,2893622,0.381
2837,ITHAU,Financial Services,Shell Companies,NASDAQ,90.72,52,43,43,46,10.13,,,372.91,-7.91,0,23,68,
2838,GTERU,Financial Services,Shell Companies,NASDAQ,90.72,52,46,42,50,10.45,,,0.15,-4.13,191,1337,1008,
2839,MMI,Real Estate,Real Estate Services,NYSE,90.72,52,66,64,33,28.95,1126662339.25,37871003.0,0.073699996,-13.71,210080,145010,139346,0.178
2840,BLUWU,Financial Services,Shell Companies,NASDAQ,90.72,52,46,44,50,10.5,,,8.08,-18.29,0,0,42,
2841,BKSY,Industrials,Specialty Business Services,NYSE,90.72,52,36,68,96,22.95,951502669.5,40924846.0,0.1754,-56.6,943090,896620,959524,0.501
2842,OIMAU,Financial Services,Shell Companies,NASDAQ,90.7,52,44,39,47,10.21,,,4.2,-6.81,0,6,16,
2843,MHH,Industrials,Staffing & Employment Services,NYSE ARCA,90.7,52,64,71,26,7.26,88292469.204391,12012581.0,0.0099,-13.26,6860,8866,10274,-0.156
2844,HCIC,Financial Services,Shell Companies,NASDAQ,90.7,52,44,41,44,9.98,354424863.443203,35513515.0,0.04,-0.4,53590,38133,24496,
2845,SVCCU,Financial Services,Shell Companies,NASDAQ,90.69,52,46,47,54,10.71,,,0.0,-15.6,0,6,4,
2846,IACOU,Financial Services,Shell Companies,NASDAQ,90.68,52,43,40,45,10.05,,,0.11,-2.52,34,2111,9090,
2847,SAC,Financial Services,Shell Companies,NYSE,90.68,52,43,38,44,10.1,316176000.9669132,31366667.0,0.01,-8.31,147594,120848,73638,
2848,IOR,Financial Services,Mortgage Finance,NYSE ARCA,90.68,52,64,40,55,18.23,74126423.07865143,4066178.0,0.0058,-15.41,340,256,334,
2849,MBINN,Financial Services,Banks - Regional,NASDAQ,90.67,52,52,52,60,19.08,,,1.21,-10.72,8086,8358,7549,0.371
2850,VIRC,Consumer Cyclical,"Furnishings, Fixtures & Appliances",NASDAQ,90.66,52,27,29,26,6.5,102464797.5,15763815.0,0.0174,-16.99,27650,22673,26448,-0.05
2851,MLAAU,Financial Services,Shell Companies,NASDAQ,90.66,52,42,38,45,10.08,,,8.31,-9.35,0,73,122,
2852,OSS,Technology,Computer Hardware,NASDAQ,90.65,52,69,98,95,8.91,231491337.97891617,24945188.0,0.19370002,-57.33,628170,732300,847222,0.623
2853,HOS,Industrials,Marine Shipping,NYSE,90.65,52,82,64,88,7.94,2678129862.7853394,327000000.0,3.27,-28.66,2434780,2226926,1926318,-0.113
2854,LEGO,Financial Services,Shell Companies,NYSE ARCA,90.65,52,42,37,44,10.0,312666670.0,31266667.0,0.0084,0.0,45510,50500,33360,
2855,OYSEU,Financial Services,Shell Companies,NASDAQ,90.64,52,53,54,48,10.66,,,13.37,-9.58,0,0,14,
2856,BCC,Basic Materials,Lumber & Wood Production,NYSE,90.64,52,55,35,34,76.59,2691518794.8440094,34891351.0,0.0678,-16.72,405140,309580,328210,0.052
2857,CUBE,Real Estate,REIT - Industrial,NYSE,90.63,52,54,58,43,37.39,8529230398.256241,225521694.0,0.0548,-13.57,3159890,2434566,2371554,0.015
2858,PTOR,Financial Services,Shell Companies,NASDAQ,90.63,52,44,40,44,9.95,337873907.9740629,33923083.0,0.0002,-0.9,51720,26050,34400,
2859,CBOE,Financial Services,Financial Data & Stock Exchanges,BATS,90.61,51,67,32,80,253.26,26946335705.09073,104431019.0,0.0298,-31.77,1032850,1035053,1007680,0.229
2860,NMPAU,Financial Services,Shell Companies,NASDAQ,90.61,51,42,43,53,10.35,,,0.86,-9.29,0,0,240,
2861,CAQ,Financial Services,Shell Companies,NASDAQ,90.61,51,42,38,43,10.01,311621670.0,31162167.0,0.01,-0.89,13190,45050,28980,
2862,HCICU,Financial Services,Shell Companies,NASDAQ,90.6,51,45,39,43,10.12,,,5.75,-1.41,0,274,234,
2863,CEPS,Financial Services,Shell Companies,NASDAQ,90.6,51,49,46,44,10.3,151152502.79903412,14675000.0,0.0001,-1.44,2830,17313,10458,
2864,EOS,Financial Services,Asset Management,NYSE,90.6,51,38,44,39,21.2,1143095390.073824,53316015.0,0.12,-12.94,116182,129004,135868,0.169
2865,JELD,Industrials,Building Products & Equipment,NYSE,90.6,51,53,16,3,1.77,159644625.77604032,86763382.0,0.113800004,-65.09,1417680,1648020,1625076,-0.007
2866,BGT,Financial Services,Asset Management,NYSE,90.6,51,57,36,44,10.36,312861305.97366333,29824720.0,0.015,-15.64,134512,127860,131818,-0.079
2867,PTORU,Financial Services,Shell Companies,NASDAQ,90.59,51,49,42,45,10.08,,,4.26,-8.78,110,286,1116,
2868,UHS,Healthcare,Medical Care Facilities,NYSE,90.59,51,36,21,33,177.48,10541385108.871994,58936515.0,0.065799996,-27.95,944940,742136,821754,0.083
2869,MCGA,Financial Services,Shell Companies,NASDAQ,90.58,51,39,35,39,10.35,244183843.31035995,23581251.0,0.0023,-4.43,37400,81800,81978,
2870,BGB,Financial Services,Asset Management,NYSE,90.57,51,41,41,41,11.08,496380786.06077194,44678740.0,0.0011999999,-9.48,191770,176860,159012,
2871,ALFUU,Financial Services,Shell Companies,NASDAQ,90.57,51,42,40,49,10.91,,,,-14.7,0,0,8,
2872,MEVOU,Financial Services,Shell Companies,NASDAQ,90.57,51,43,42,45,10.19,,,0.0,-7.36,0,473,860,
2873,IGACU,Financial Services,Shell Companies,NASDAQ,90.56,51,42,41,49,10.18,,,0.0,-8.6,0,66,194,
2874,KRAQ,Financial Services,Shell Companies,NASDAQ,90.56,51,42,39,44,10.01,432112519.74105835,43125000.0,0.0004,-4.12,48527,42595,34323,
2875,GBDC,Financial Services,Asset Management,NASDAQ,90.55,51,49,46,41,12.49,3235258808.844922,259651589.0,0.0535,-13.32,1368070,1213153,1166670,-0.14
2876,HACQ,Financial Services,Shell Companies,NASDAQ,90.55,51,44,40,44,10.04,375244998.5742569,37375000.0,0.0,-0.5,52880,44820,28222,
2877,SPEGU,Financial Services,Shell Companies,NASDAQ,90.55,51,43,47,52,10.48,,,0.73,-23.28,0,0,2506,
2878,TLNC,Financial Services,Shell Companies,NASDAQ,90.54,51,42,47,54,10.24,347944952.2228241,33979000.0,0.00059999997,-9.38,110910,69456,51324,
2879,TMTS,Financial Services,Shell Companies,NASDAQ,90.54,51,44,39,47,10.02,307586661.82111645,30666667.0,0.03,-4.11,45254,33841,59084,
2880,SMP,Consumer Cyclical,Auto Parts,NYSE,90.53,51,36,53,63,37.84,842005612.4902763,22340293.0,0.0626,-17.74,191020,188336,168008,0.016
2881,CAQUU,Financial Services,Shell Companies,NASDAQ,90.52,51,45,40,47,10.07,,,24.06,-6.33,30,43,114,
2882,CLBR,Financial Services,Shell Companies,NYSE,90.51,51,41,45,44,10.2,408169995.7674265,40016667.0,0.0002,-1.92,131703,110324,82118,
2883,FGIIU,Financial Services,Shell Companies,NASDAQ,90.5,51,42,37,45,10.07,,,,-8.74,290,96,1850,
2884,SKIL,Consumer Defensive,Education & Training Services,NYSE,90.49,51,29,38,5,6.01,54147640.06422806,9100444.0,0.1671,-67.43,93090,84080,71616,-0.029
2885,JLL,Real Estate,Real Estate Services,NYSE,90.49,51,81,58,64,314.1,14810339841.21524,46007703.0,0.0214,-20.25,372330,332866,343222,0.108
2886,SD,Energy,Oil & Gas E&P,NYSE,90.48,51,38,45,85,13.6,514234351.2770691,37075296.0,0.0623,-26.29,455570,356840,333546,0.48
2887,MDGL,Healthcare,Biotechnology,NASDAQ,90.48,51,65,65,81,517.04,11934667270.153442,23104126.0,0.114700004,-15.93,251630,229663,289578,0.712
2888,LPAA,Financial Services,Shell Companies,NASDAQ,90.47,51,44,45,55,10.76,80954056.0820179,7523611.0,0.0005,-7.8,0,190,8548,
2889,TWFG,Financial Services,Insurance Brokers,NASDAQ,90.47,51,87,57,14,24.16,1305350804.480877,54051794.0,0.0915,-22.81,202970,180710,170666,0.451
2890,LPLA,Financial Services,Capital Markets,NASDAQ,90.45,51,76,27,31,312.68,24753425130.948486,78742290.0,0.0226,-21.86,915610,684330,691884,0.364
2891,COR,Healthcare,Medical Distribution,NYSE,90.44,51,57,30,56,303.81,58568676044.17648,190827165.0,0.0257,-19.53,1278010,1185493,1315688,0.051
2892,FMS,Healthcare,Medical Care Facilities,NYSE,90.44,51,53,37,34,22.95,12076057789.535809,532219370.0,4.46,-16.97,744770,665500,717758,0.014
2893,ETY,Financial Services,Asset Management,NYSE,90.44,51,41,44,40,14.07,2253820542.43927,159280608.0,0.14,-11.68,288091,289160,282846,0.021
2894,HACQU,Financial Services,Shell Companies,NASDAQ,90.44,51,42,38,44,10.15,,,0.0,-0.49,0,756,654,
2895,CBT,Basic Materials,Specialty Chemicals,NYSE,90.43,51,62,68,53,78.45,4066458221.6157303,51631007.0,0.1232,-17.01,438040,373783,416780,0.064
2896,FTV,Technology,Scientific & Technical Instruments,NYSE,90.43,51,61,66,64,55.76,16940136492.764145,302017052.0,0.057600003,-13.63,2319860,2198366,2456388,0.079
2897,ATTT,Consumer Defensive,Household & Personal Products,NASDAQ,90.42,51,15,15,27,2.96,16038048.39,5874743.0,0.0005,-65.09,950610,319460,194872,1.96
2898,CCII,Financial Services,Shell Companies,NASDAQ,90.41,51,43,42,48,10.3,357341336.5172281,34693333.0,0.0005,-1.9,140940,80680,56130,
2899,CTAAU,Financial Services,Shell Companies,NASDAQ,90.41,51,43,40,47,10.07,,,1.18,-2.99,100,93,452,
2900,MUX,Basic Materials,Other Precious Metals & Mining,NYSE,90.4,51,66,61,93,18.12,1167039953.4077225,61358566.0,0.21059999,-38.99,1113130,1079580,1022396,0.268
2901,VNOM,Energy,Oil & Gas Midstream,NASDAQ,90.4,51,60,41,82,40.53,7956998714.897713,194405049.0,0.0481,-20.73,2501240,1712920,1666274,1.152
2902,TRGSU,Financial Services,Shell Companies,NASDAQ,90.39,51,41,38,46,10.06,,,0.17,-8.55,0,0,182,
2903,VLOSU,Financial Services,Shell Companies,NASDAQ,90.39,51,42,33,48,10.81,,,2.78,-37.84,1005,455,359,
2904,TBLD,Financial Services,Asset Management,NASDAQ,90.39,51,61,59,71,20.31,656876566.6632671,32081883.0,0.1,-11.77,89066,68625,59461,
2905,FCRS,Financial Services,Shell Companies,NYSE,90.37,51,42,41,42,10.24,368179683.3872795,35937500.0,0.0,-6.23,61780,81976,60188,
2906,ONCHU,Financial Services,Shell Companies,NASDAQ,90.36,51,42,40,43,10.43,,,0.9,-8.14,380,2593,2084,
2907,NVST,Healthcare,Medical Instruments & Supplies,NYSE,90.36,51,72,73,80,23.73,3846794253.091587,160617709.0,0.0714,-21.99,3694340,2691023,2872590,0.071
2908,MGRC,Industrials,Rental & Leasing Services,NASDAQ,90.35,51,51,54,53,114.86,2765717903.4853287,24425663.0,0.024300002,-8.72,172600,139366,152312,-0.062
2909,MCI,Financial Services,Asset Management,NYSE,90.35,51,57,30,33,17.73,378389869.82266426,20587045.0,0.0028,-17.53,27856,49812,40425,-0.052
2910,IGIC,Financial Services,Insurance - Diversified,NASDAQ,90.35,51,68,66,67,24.42,1045105537.5296173,42466701.0,0.0186,-17.46,114070,86183,94440,0.08
2911,VOR,Healthcare,Biotechnology,NASDAQ,90.34,51,94,43,57,18.31,1095685711.962349,59162294.0,0.15720001,-63.34,1836460,1101580,986352,
2912,TWLVU,Financial Services,Shell Companies,NASDAQ,90.34,51,43,40,50,10.16,,,0.0,-2.4,0,13,8,
2913,ALV,Consumer Cyclical,Auto Parts,NYSE,90.34,51,44,47,37,114.03,8606837495.987526,73237217.0,0.0722,-13.72,808110,640040,627436,0.033
2914,ALOVU,Financial Services,Shell Companies,NASDAQ,90.33,51,42,38,45,10.06,,,23.14,-3.73,0,0,276,
2915,FLOC,Energy,Oil & Gas Equipment & Services,NYSE,90.31,51,60,63,71,18.98,841637240.6212006,43972689.0,0.0939,-32.84,578420,546206,542186,0.221
2916,RDAGU,Financial Services,Shell Companies,NASDAQ,90.3,51,41,38,48,10.53,41580000.0,3960000.0,0.18,-1.72,257,105,261,
2917,FWONK,Communication Services,Entertainment,NASDAQ,90.29,51,61,47,33,94.86,23719529918.870316,250708485.0,0.0402,-13.26,2568320,2006420,2025548,0.183
2918,CI,Healthcare,Healthcare Plans,NYSE,90.27,51,40,45,35,271.83,71876057177.3335,264240486.0,0.0277,-13.83,1575360,1464790,1628416,0.067
2919,MMTXU,Financial Services,Shell Companies,NASDAQ,90.26,50,42,38,51,10.1,77710412.93506622,7694100.0,,-9.58,0,0,0,
2920,AB,Financial Services,Asset Management,NYSE,90.26,50,40,34,51,35.13,3331945675.0484886,93175219.0,0.0097,-20.36,332420,307416,288390,
2921,TDC,Technology,Software - Infrastructure,NYSE,90.26,50,37,85,58,28.55,2691420049.6673584,93000000.0,0.2328,-31.67,1449900,1764376,2411268,0.005
2922,CKX,Energy,Oil & Gas E&P,NYSE ARCA,90.25,50,61,52,58,10.7,22214855.153434753,2053129.0,0.003,-13.99,3800,3366,3956,0.238
2923,KCHVU,Financial Services,Shell Companies,NASDAQ,90.23,50,43,38,52,10.52,,,0.51,-4.36,0,1173,842,
2924,SIGI,Financial Services,Insurance - Property & Casualty,NASDAQ,90.22,50,67,76,37,85.08,5130092691.891472,59569119.0,0.0334,-15.26,660300,438030,484570,0.045
2925,GLQ,Financial Services,Asset Management,NYSE ARCA,90.22,50,57,72,69,7.5,144658290.18858576,18738121.0,0.0050999997,-14.29,48007,42759,45935,-0.003
2926,ORIQU,Financial Services,Shell Companies,NASDAQ,90.21,50,42,42,46,10.35,146763005.40924072,14180000.0,0.0,-3.18,0,0,0,
2927,WTM,Financial Services,Insurance - Property & Casualty,NYSE,90.18,50,55,61,73,2014.97,4841749943.366089,2386721.0,0.0585,-13.63,19790,20716,20414,0.225
2928,TDWDU,Financial Services,Shell Companies,NASDAQ,90.17,50,43,37,52,10.15,,,1.24,-15.42,0,0,32,
2929,DNMXU,Financial Services,Shell Companies,NASDAQ,90.17,50,41,38,45,10.14,,,0.0,-7.82,1604,761,838,
2930,SDHIU,Financial Services,Shell Companies,NASDAQ,90.17,50,43,48,50,10.62,,,6.06,-5.43,120,63,38,
2931,DYORU,Financial Services,Shell Companies,NASDAQ,90.17,50,43,37,49,10.22,204400005.34057617,20000000.0,0.0,-11.21,0,500,300,
2932,VRDN,Healthcare,Biotechnology,NASDAQ,90.17,50,62,33,19,20.57,2319092668.6383724,113292269.0,0.17809999,-40.01,2123340,1524863,1671862,2.787
2933,SVIV,Financial Services,Shell Companies,NASDAQ,90.16,50,46,47,42,10.08,310039992.84143543,30666667.0,0.01,-6.67,34137,26499,24527,
2934,TBCH,Technology,Consumer Electronics,NASDAQ,90.15,50,30,39,24,12.69,228169714.04079247,17909711.0,0.2952,-27.01,287840,354486,347488,-0.007
2935,CMCL,Basic Materials,Gold,NYSE ARCA,90.15,50,41,18,68,23.3,460948286.3102989,19335079.0,0.137,-39.87,205330,190623,191466,0.165
2936,NCV,Financial Services,Asset Management,NYSE,90.14,50,64,73,72,15.07,347034508.7231741,22593393.0,0.0007,-14.62,85984,65521,64064,-0.105
2937,TFC,Financial Services,Banks - Regional,NYSE,90.14,50,62,60,65,47.09,58222703933.67464,1221626188.0,0.0216,-16.21,9538400,6906776,6925732,0.082
2938,BULL,Technology,Software - Application,NASDAQ,90.14,50,77,34,7,7.05,3879870706.877327,539620400.0,0.0806,-56.05,14720660,17574723,13965862,0.519
2939,PALOU,Financial Services,Shell Companies,NASDAQ,90.14,50,41,39,45,10.05,,,,-14.47,0,0,222,
2940,CRAI,Industrials,Consulting Services,NASDAQ,90.13,50,56,19,28,165.22,1017290746.1730957,6276860.0,0.0493,-27.31,124130,116223,130918,0.128
2941,BORR,Energy,Oil & Gas Drilling,NYSE,90.13,50,57,77,97,4.01,1295753453.3558645,308512741.0,0.123900004,-39.74,6446940,5558403,5477672,-0.132
2942,WULF,Financial Services,Capital Markets,NASDAQ,90.12,50,35,96,98,15.12,7853766861.775133,498968677.0,0.2855,-49.33,28239680,29262316,30499284,-0.06
2943,IGI,Financial Services,Asset Management,NYSE,90.1,50,46,38,49,15.8,94400003.25,5993651.0,0.001,-6.67,29278,17842,15585,
2944,UMBFO,Financial Services,Banks - Regional,NASDAQ,90.1,50,52,49,51,25.91,,,1.88,-7.63,13410,11933,10374,0.122
2945,PED,Energy,Oil & Gas E&P,NYSE ARCA,90.1,50,64,29,89,13.1,174258285.8665495,13292013.0,0.017,-30.65,35680,30140,28010,5.614
2946,KRAQU,Financial Services,Shell Companies,NASDAQ,90.1,50,41,39,44,10.12,,,0.0,-3.62,140,563,604,
2947,LOB,Financial Services,Banks - Regional,NYSE,90.1,50,64,73,61,36.77,1734710056.4130402,46283620.0,0.0714,-17.43,215640,205010,215662,0.122
2948,BWBBP,Financial Services,Banks - Regional,NASDAQ,90.1,50,51,52,62,19.3,,,3.83,-10.23,1970,1956,2100,0.184
2949,REG,Real Estate,REIT - Retail,NASDAQ,90.09,50,51,62,69,73.33,13409918271.533516,183120547.0,0.045100003,-12.35,1461330,1265693,1328670,0.089
2950,SLDB,Healthcare,Biotechnology,NASDAQ,90.09,50,93,94,92,7.28,781671980.9296818,107225238.0,0.18129998,-36.42,1680230,1123826,1051218,
2951,GFS,Technology,Semiconductors,NASDAQ,90.08,50,30,94,74,47.78,27313511547.0,557418603.0,0.1504,-48.37,4419070,3966170,4200696,0.058
2952,SHW,Basic Materials,Specialty Chemicals,NYSE,90.07,50,56,54,36,332.79,79891708975.77817,242758151.0,0.026500002,-11.91,1845870,1672376,1827818,0.075
2953,PCAR,Industrials,Farm & Heavy Construction Machinery,NASDAQ,90.06,50,71,61,72,111.65,58589681633.359314,526364953.0,0.0271,-19.81,4487040,3077113,3411848,0.005
2954,EFTY,Industrials,Consulting Services,NASDAQ,90.05,50,86,85,94,15.02,302052209.20562744,20110000.0,0.1073,-17.47,0,0,0,-0.259
2955,FWONA,Communication Services,Entertainment,NASDAQ,90.05,50,62,49,34,86.62,21676255383.569527,250708485.0,0.0462,-12.96,220720,162313,157044,0.183
2956,SAAQ,Financial Services,Shell Companies,NASDAQ,90.03,50,39,45,52,10.05,315318547.1341324,31312667.0,0.0001,-9.46,119780,69163,44358,
2957,CING,Healthcare,Biotechnology,NASDAQ,90.03,50,85,59,85,4.82,65055442.852394104,13469036.0,0.11229999,-59.46,101690,120603,130318,
2958,HRZN,Financial Services,Asset Management,NASDAQ,90.0,50,32,31,18,4.54,310367006.3414221,67033909.0,0.0444,-33.72,390350,638013,643574,0.021
2959,TVA,Financial Services,Shell Companies,NASDAQ,90.0,50,44,41,43,10.57,317099990.84472656,30000000.0,0.0,-13.85,121230,389346,242242,
2960,FFIN,Financial Services,Banks - Regional,NASDAQ,89.99,50,53,59,36,32.05,4650977711.50021,143327507.0,0.0837,-12.24,924750,728146,711988,0.098
2961,DERM,Healthcare,Drug Manufacturers - Specialty & Generic,NASDAQ,89.99,50,59,65,17,6.43,173297781.53163671,28224395.0,0.1847,-32.71,232810,179453,193716,0.233
2962,LTM,Industrials,Airlines,NYSE,89.97,50,40,70,69,51.5,15354419823.8959,292743939.0,0.020299999,-26.87,613910,773886,743584,0.272
2963,HCI,Financial Services,Insurance - Property & Casualty,NYSE,89.97,50,70,61,39,175.29,2176055423.3483276,12438867.0,0.0544,-16.73,193420,154610,159290,0.111
2964,KBON,Financial Services,Shell Companies,NASDAQ,89.97,50,42,39,47,10.07,443231036.567688,44015000.0,0.01,-0.79,70293,42524,36144,
2965,NP,Financial Services,Insurance Brokers,NYSE,89.96,50,88,79,37,27.8,3775282337.3101616,137233090.0,0.0664,-20.91,654010,482863,584054,0.328
2966,BOSC,Technology,Communication Equipment,NASDAQ,89.96,50,52,27,56,4.67,33464398.38409424,7060000.0,0.0008,-30.51,25760,38256,33700,0.289
2967,BHFAN,Financial Services,Insurance - Life,NASDAQ,89.94,50,32,32,49,11.72,,,0.8,-18.89,88096,66285,69635,0.867
2968,CEPF,Financial Services,Shell Companies,NASDAQ,89.94,50,42,44,43,10.3,588645010.9004974,57150000.0,0.0001,-3.47,139600,101430,71516,
2969,BHFAP,Financial Services,Insurance - Life,NASDAQ,89.93,50,32,31,51,14.28,,,0.71,-20.45,38340,41850,39382,0.867
2970,CHSCM,Consumer Defensive,Farm Products,NASDAQ,89.93,50,44,46,56,23.55,,,0.28,-7.28,29393,25674,25022,0.186
2971,TOST,Technology,Software - Infrastructure,NYSE,89.92,50,67,25,19,30.38,17686800220.489502,578000000.0,0.0623,-23.52,8974170,8479993,9261040,0.231
2972,RF,Financial Services,Banks - Regional,NYSE,89.92,50,69,68,66,27.26,23530293670.687695,851929506.0,0.0859,-16.05,10318490,8159913,8341524,0.034
2973,COLAU,Financial Services,Shell Companies,NASDAQ,89.92,50,42,49,51,10.8,,,4.7,-21.17,110,93,56,
2974,OST,Technology,Electronic Components,NASDAQ,89.92,50,40,26,18,1.7,10108844.712820053,5963920.0,0.0296,0.29,0,0,0,-0.16
2975,CWT,Utilities,Utilities - Regulated Water,NYSE,89.91,50,69,62,55,45.66,2855111179.9392242,61839101.0,0.0546,-15.16,435240,490496,480100,0.165
2976,WTW,Financial Services,Insurance Brokers,NASDAQ,89.87,50,75,29,31,292.11,27303419851.67749,92871937.0,0.030199999,-17.2,637630,500440,540030,0.091
2977,CMT,Basic Materials,Specialty Chemicals,NYSE ARCA,89.87,50,77,66,80,22.5,205386071.0384674,8849034.0,0.029000001,-21.58,46280,32206,29310,-0.208
2978,NSYS,Healthcare,Medical Devices,NASDAQ,89.86,50,65,88,90,11.0,31522342.773778915,2794534.0,0.0031,-38.92,11830,14353,15744,0.093
2979,ALGM,Technology,Semiconductors,NASDAQ,89.86,50,40,94,72,36.94,6852138898.090355,186402046.0,0.10609999,-48.53,2654300,2295796,2267868,0.275
