Rank,Ticker,Sector,Industry,Exchange,Relative Strength,Percentile,1M_RS_Percentile,3M_RS_Percentile,6M_RS_Percentile,Price,MarketCap,Float,ShortFloatPct,PctFrom52WkHigh,AvgVol10,AvgVol30,AvgVol50,RevenueGrowth
2917,NRIM,Financial Services,Banks - Regional,NASDAQ,88.81,49,65,70,59,24.65,550780411.2514229,22244766.0,0.0421,-20.02,129770,145396,138708,0.083
2918,AXSM,Healthcare,Biotechnology,NASDAQ,88.8,49,81,93,85,170.08,9389261626.5,52380818.0,0.0929,-34.63,998630,733203,720390,0.455
2919,TSLX,Financial Services,Asset Management,NYSE,88.79,49,38,27,30,17.57,1717129955.2123127,95343139.0,0.0548,-24.23,510750,440086,460588,-0.149
2920,CWT,Utilities,Utilities - Regulated Water,NYSE,88.78,49,68,64,34,45.6,2842125025.344612,61839101.0,0.0546,-15.27,456180,484953,501032,0.165
2921,AMT,Real Estate,REIT - Specialty,NYSE,88.77,49,35,33,30,166.73,75578718363.60278,465960048.0,0.015,-14.97,2808170,2632656,2505048,0.047
2922,MBNKO,Financial Services,Banks - Regional,NASDAQ,88.77,49,61,57,56,23.6,,,0.61,-9.91,39604,25178,16500,0.042
2923,KT,Communication Services,Telecom Services,NYSE,88.76,49,47,24,69,18.55,9020433141.392212,476263616.0,0.0104,-24.53,1837560,1416880,1555726,-0.101
2924,EVF,Financial Services,Asset Management,NYSE,88.74,49,44,38,34,4.83,88307606.96599531,18170289.0,0.54,-12.82,55484,61351,56838,-0.237
2925,COLM,Consumer Cyclical,Apparel Manufacturing,NASDAQ,88.71,49,38,67,58,56.76,2931834243.8143845,51193194.0,0.17459999,-17.81,693160,669540,719228,0.015
2926,BUI,Financial Services,Asset Management,NYSE,88.7,49,54,66,61,25.46,660269250.290659,26548823.0,0.0022,-17.34,103981,85453,80438,
2927,CBT,Basic Materials,Specialty Chemicals,NYSE,88.7,49,59,78,49,75.61,3973005831.084671,51631007.0,0.1232,-20.01,439940,402543,433500,0.064
2928,CURI,Communication Services,Broadcasting,NASDAQ,88.7,49,26,17,34,2.94,172673666.5730238,59338028.0,0.0598,-45.35,477750,729750,1260572,0.223
2929,GENI,Communication Services,Internet Content & Information,NYSE,88.69,49,27,29,6,6.63,1611114276.035421,267626957.0,0.15609999,-46.49,8823730,7375716,7024750,0.647
2930,LEA,Consumer Cyclical,Auto Parts,NYSE,88.67,49,62,80,76,118.53,8045560127.814972,66574764.0,0.060500003,-21.15,575020,639283,674472,0.03
2931,LTM,Industrials,Airlines,NYSE,88.67,49,52,65,77,50.44,14028289020.849838,292743939.0,0.020299999,-28.37,821390,782570,778198,0.272
2932,AB,Financial Services,Asset Management,NYSE,88.66,49,48,50,48,35.3,3261132665.0,93175219.0,0.0097,-19.97,314720,314573,297798,
2933,SFBC,Financial Services,Banks - Regional,NASDAQ,88.65,49,69,52,36,43.77,118669264.67888641,2568043.0,0.0029,-11.05,3130,5240,9738,0.102
2934,HHH,Real Estate,Real Estate - Development,NYSE,88.65,49,27,48,25,71.93,4242470635.1548004,59719462.0,0.1268,-21.02,981990,788113,644734,3.302
2935,WTFC,Financial Services,Banks - Regional,NASDAQ,88.63,49,62,73,68,144.2,9783914822.585709,67465967.0,0.039300002,-13.77,596580,487843,518542,0.102
2936,BSY,Technology,Software - Application,NASDAQ,88.61,49,24,19,19,34.82,9736453674.18285,302092889.0,0.086899996,-39.18,2493470,2640360,2587782,0.128
2937,SKYA,Technology,Software - Infrastructure,NASDAQ,88.61,49,16,6,7,1.69,79575412.48354125,43247506.0,0.0185,-75.33,381690,401533,378052,16.075
2938,TPG,Financial Services,Asset Management,NASDAQ,88.61,49,45,28,21,45.24,7447159682.805679,166715021.0,0.075100005,-35.72,2530130,2643160,2934258,1.102
2939,VVR,Financial Services,Asset Management,NYSE,88.59,49,43,36,39,2.87,444843349.95737815,153925029.0,0.0008,-15.84,694795,747438,689407,-0.188
2940,DYNCU,Financial Services,Shell Companies,NASDAQ,88.58,49,46,42,36,10.95,,,0.0,-23.43,67,31,18,
2941,MRSH,Financial Services,Insurance Brokers,NYSE,88.56,49,49,34,28,176.67,81154547071.01343,477211268.0,0.0123000005,-14.99,2766010,2700623,2418400,0.062
2942,BLSH,Technology,Software - Infrastructure,NYSE,88.55,49,36,8,24,31.41,5190922814.160896,151648346.0,0.1511,-55.45,932230,1369100,1522394,0.688
2943,PSA,Real Estate,REIT - Industrial,NYSE,88.54,49,47,62,56,285.52,53030549387.76764,186852295.0,0.0429,-14.91,926450,908906,867688,0.033
2944,SWX,Utilities,Utilities - Regulated Gas,NYSE,88.54,49,59,64,66,83.51,5990547761.439758,72445853.0,0.0398,-11.6,688800,719773,604228,-0.096
2945,VIV,Communication Services,Telecom Services,NYSE,88.53,49,34,62,87,12.65,18438648590.088646,1597803176.0,0.0083,-26.71,1255560,1417460,1533398,0.076
2946,OMSE,Energy,Oil & Gas Equipment & Services,NASDAQ,88.52,49,34,41,25,4.32,186349804.89248657,42448704.0,0.00090000004,-39.15,17690,31163,27236,-0.017
2947,SHAZ,Technology,Information Technology Services,NASDAQ,88.5,49,94,97,68,39.05,1819176138.2186317,35803505.0,0.0919,-59.94,1489820,1525713,1732608,4.123
2948,CEG,Utilities,Utilities - Independent Power Producers,NASDAQ,88.49,49,43,22,43,285.07,91230603558.677,354307379.0,0.037,-30.93,4915860,3556913,3202586,0.23
2949,ACDC,Energy,Oil & Gas Equipment & Services,NASDAQ,88.48,49,34,34,77,4.7,834122236.065136,182122762.0,0.0517,-42.82,1294700,1259086,1547844,-0.008
2950,AIN,Consumer Cyclical,Textile Manufacturing,NYSE,88.47,49,48,81,33,59.43,1727235459.6636543,28371147.0,0.051599998,-22.82,238880,264256,294206,0.058
2951,WMT,Consumer Defensive,Discount Stores,NASDAQ,88.47,49,32,43,73,110.56,827172400034.9705,7933746241.0,0.0183,-18.2,21972730,22801450,24688114,0.059
2952,BOSC,Technology,Communication Equipment,NASDAQ,88.47,49,54,28,37,4.43,32686921.107931137,7059810.0,0.0008,-34.08,17750,26453,33832,0.289
2953,MCGAU,Financial Services,Shell Companies,NASDAQ,88.47,49,44,38,34,10.2,,,1.91,-9.33,510,340,718,
2954,AEP,Utilities,Utilities - Regulated Electric,NASDAQ,88.47,49,55,65,71,122.32,65093591212.50311,544397352.0,0.047,-12.99,3637830,3823120,3840204,0.07
2955,WTW,Financial Services,Insurance Brokers,NASDAQ,88.47,49,66,32,30,297.86,26803768377.141235,92871937.0,0.030199999,-15.57,554250,519696,540740,0.091
2956,MBINN,Financial Services,Banks - Regional,NASDAQ,88.46,49,56,51,53,18.75,,,1.21,-12.01,14127,10455,9247,0.371
2957,ALTG,Industrials,Industrial Distribution,NYSE,88.45,49,30,39,70,6.32,211681331.18307114,32666872.0,0.0366,-27.27,253830,224760,200136,-0.012
2958,EP,Energy,Oil & Gas E&P,NYSE ARCA,88.45,49,19,18,19,2.96,108582105.64574075,41602341.0,0.0001,-35.37,32690,37230,33840,0.27
2959,PGP,Financial Services,Asset Management,NYSE,88.42,49,57,54,66,8.19,97604640.88439941,11592000.0,0.22,-12.96,38128,55269,56581,0.061
2960,BETA,Industrials,Aerospace & Defense,NYSE,88.39,49,34,18,9,20.5,5186473318.048286,233941060.0,0.0733,-48.1,1877570,3267996,2793862,1.457
2961,LYFT,Technology,Software - Application,NASDAQ,88.39,49,38,39,32,16.13,5852232263.980165,378540249.0,0.2021,-36.84,8694710,9607890,10304020,0.161
2962,WTM,Financial Services,Insurance - Property & Casualty,NYSE,88.38,49,59,53,74,2059.77,4823372308.2052,2386721.0,0.0585,-11.71,16160,19960,20620,0.225
2963,SUZ,Basic Materials,Paper & Paper Products,NYSE,88.35,49,59,28,51,8.51,10468266137.0,1231560722.0,0.0113,-26.22,2905120,2856833,3195864,-0.128
2964,SSTI,Technology,Software - Application,NASDAQ,88.35,49,14,36,13,8.26,110293463.9498291,13240512.0,0.04,-31.96,641080,272606,236458,-0.077
2965,BUSEP,Financial Services,Banks - Regional,NASDAQ,88.35,49,52,42,41,25.15,,,1.57,-5.63,16028,9896,10511,-0.009
2966,DB,Financial Services,Banks - Regional,NYSE,88.34,49,81,64,53,33.63,65708632293.70117,1879000000.0,0.0027,-19.2,2372950,2072023,1938502,0.087
2967,SIGI,Financial Services,Insurance - Property & Casualty,NASDAQ,88.33,49,67,68,36,85.13,5098520677.061371,59569119.0,0.0334,-15.21,474570,464890,432486,0.045
2968,JXG,Consumer Cyclical,Apparel Manufacturing,NASDAQ,88.33,49,76,96,7,7.08,92861050.59976101,12059877.0,0.0002,-55.05,33850,23936,32604,1.667
2969,BCC,Basic Materials,Lumber & Wood Production,NYSE,88.32,49,55,36,41,74.22,2616502336.954033,34891351.0,0.0678,-19.3,352300,337893,332144,0.052
2970,FINS,Financial Services,Asset Management,NYSE,88.32,49,51,53,51,11.89,399665539.2347517,33416851.0,0.0023,-11.6,51704,49198,44476,0.181
2971,GYRE,Healthcare,Biotechnology,NASDAQ,88.32,49,35,24,49,6.76,753900069.0870347,106033763.0,0.0582,-28.24,134790,164153,120604,-0.021
2972,ADSK,Technology,Software - Application,NASDAQ,88.31,49,25,20,25,233.6,44308000000.0,209000000.0,0.044499997,-28.39,2165010,2368213,2120634,0.161
2973,MX,Technology,Semiconductors,NYSE,88.28,49,21,70,41,3.16,134357210.91731286,36510111.0,0.0369,-67.95,2573990,1281486,1052898,-0.061
2974,RTAC,Financial Services,Shell Companies,NASDAQ,88.28,49,44,37,28,10.44,325323833.6442032,31161288.0,0.0037,-10.77,73630,236410,179904,
2975,EEA,Financial Services,Asset Management,NYSE,88.27,49,60,59,52,10.19,70988406.32749653,6852163.0,0.00029999999,-10.85,19366,18425,14287,-0.167
2976,AD,Communication Services,Telecom Services,NYSE,88.23,48,58,40,68,33.66,2974011175.2774353,86478954.0,0.081999995,-44.66,244880,265503,225602,0.895
2977,SWIM,Industrials,Building Products & Equipment,NASDAQ,88.23,48,44,31,42,6.06,754111393.3086319,117646086.0,0.0608,-32.41,921860,882406,921346,0.144
2978,NNDM,Technology,Computer Hardware,NASDAQ,88.23,48,35,26,55,1.56,343667586.92464125,210839011.0,0.048299998,-32.76,1527580,1729746,1776700,0.121
2979,RCL,Consumer Cyclical,Travel Services,NYSE,88.21,48,32,38,55,281.41,74282139198.32324,267452084.0,0.0556,-21.04,3065590,2914933,2376006,0.065
2980,NEXT,Energy,Oil & Gas Equipment & Services,NASDAQ,88.2,48,61,61,49,6.75,1724881610.9170842,266185433.0,0.14729999,-26.95,2619640,2493653,2501720,
2981,BZ,Communication Services,Internet Content & Information,NASDAQ,88.18,48,44,26,19,15.18,6492637438.998184,437804280.0,0.066,-38.42,5199860,8055653,7048910,0.141
2982,RELX,Industrials,Specialty Business Services,NYSE,88.17,48,35,23,20,35.24,58091532696.75188,1738226687.0,0.0039,-25.37,2134480,2101810,2211390,0.027
2983,PYXS,Healthcare,Biotechnology,NASDAQ,88.17,48,96,86,62,1.99,178493235.74985266,83408050.0,0.07,-64.14,1903510,1245210,1327488,
2984,SNA,Industrials,Tools & Accessories,NYSE,88.16,48,61,72,60,358.88,19082135727.88269,51727124.0,0.081599995,-15.16,272830,285916,291410,0.042
2985,AMPY,Energy,Oil & Gas E&P,NYSE,88.13,48,59,27,85,4.58,180750127.53503323,41456450.0,0.1016,-32.55,493920,538933,705932,-0.229
2986,RTB,Technology,Software - Application,NASDAQ,88.13,48,91,98,16,8.36,133941412.21066475,14464515.0,2.28,-59.71,53580,139086,106320,3.503
2987,CHNR,Basic Materials,Other Industrial Metals & Mining,NASDAQ,88.12,48,40,28,35,3.97,4849657.548199654,1256388.0,0.0054,-51.59,3970,4463,7794,
2988,FELE,Industrials,Specialty Industrial Machinery,NASDAQ,88.11,48,50,60,56,96.87,4361460991.06134,44211464.0,0.019299999,-16.36,324690,305510,270548,0.06
2989,AWK,Utilities,Utilities - Regulated Water,NYSE,88.11,48,64,37,32,128.18,25884450817.25,198728989.0,0.085200004,-11.99,1920350,1951630,2095544,0.062
2990,ADV,Communication Services,Advertising Agencies,NASDAQ,88.1,48,70,83,62,30.58,354406429.3739319,12822230.0,0.1188,-35.55,69300,60926,80428,0.018
2991,MSCI,Financial Services,Financial Data & Stock Exchanges,NYSE,88.1,48,40,63,41,561.67,38963565887.45117,72700000.0,0.022,-12.89,533440,529513,568838,0.122
2992,UNB,Financial Services,Banks - Regional,NASDAQ,88.09,48,57,55,34,23.0,113903343.43605804,4945868.0,0.0026,-12.91,3210,3613,5066,0.131
2993,JATT,Financial Services,Shell Companies,NASDAQ,88.09,48,75,45,38,10.56,83928001.78527832,7800000.0,0.001,-55.56,58240,29246,25486,
2994,ATHM,Communication Services,Internet Content & Information,NYSE,88.09,48,64,45,17,20.37,2367913868.6520977,115170911.0,0.0478,-29.93,388600,498930,643418,-0.319
2995,WIW,Financial Services,Asset Management,NYSE,88.07,48,45,42,49,7.9,488861224.64606285,61184135.0,0.56,-12.42,363619,352229,319025,-0.0
2996,NAAS,Consumer Cyclical,Specialty Retail,NASDAQ,88.07,48,74,79,13,3.04,56282693.786736965,17055362.0,0.0037,-28.55,17090,16906,17908,-0.317
2997,AROC,Energy,Oil & Gas Equipment & Services,NYSE,88.06,48,63,85,87,30.34,5318007137.672758,175338185.0,0.0608,-28.16,1479610,1769356,1805802,-0.031
2998,EPM,Energy,Oil & Gas E&P,NYSE ARCA,88.04,48,31,34,53,3.64,143816566.0151024,40172226.0,0.08270001,-27.63,334700,507150,543198,0.147
2999,AGD,Financial Services,Asset Management,NYSE,88.03,48,61,64,67,11.1,296447788.4135113,26118747.0,0.68,-20.6,104705,90751,89125,0.187
3000,LXEH,Consumer Defensive,Education & Training Services,NASDAQ,88.02,48,20,8,6,1.79,3009167.290533185,1916667.0,0.0058999998,-93.5,33740,994700,635560,-0.008
3001,DLY,Financial Services,Asset Management,NYSE,88.0,48,48,43,44,13.24,652364919.1522007,48539058.0,0.77,-13.24,333812,250374,230340,
3002,ENSG,Healthcare,Medical Care Facilities,NASDAQ,87.99,48,58,35,77,171.49,10011756441.37445,58282434.0,0.0306,-21.33,368990,365573,341354,0.173
3003,SBSI,Financial Services,Banks - Regional,NYSE,87.99,48,57,70,66,30.47,915999211.7549896,29807980.0,0.036199998,-15.83,150890,138950,130472,0.083
3004,HESM,Energy,Oil & Gas Midstream,NYSE,87.98,48,67,68,59,34.0,4845245757.75,128350881.0,0.0756,-17.95,2830100,1835880,1642838,-0.037
3005,FSCO,Financial Services,Asset Management,NYSE,87.98,48,47,26,23,4.98,1033597912.9559112,202269645.0,0.0101,-30.35,1224311,1017687,958898,
3006,CI,Healthcare,Healthcare Plans,NYSE,87.98,48,45,58,34,281.03,71484978355.02081,264240486.0,0.0277,-9.98,1834360,1594466,1695960,0.067
3007,NPFD,Financial Services,Asset Management,NYSE,87.97,48,46,50,52,17.56,424563949.9956894,24164141.0,0.0064,-12.64,65131,61550,65094,0.068
3008,WVVIP,Consumer Defensive,Beverages - Wineries & Distilleries,NASDAQ,87.95,48,73,34,32,2.79,,,0.27,-81.39,11290,87066,297852,-0.016
3009,ELAN,Healthcare,Drug Manufacturers - Specialty & Generic,NYSE,87.95,48,60,79,88,22.54,11057813462.780167,499449583.0,0.1012,-19.44,5528840,5410610,6679608,0.102
3010,WIA,Financial Services,Asset Management,NYSE,87.93,48,44,45,48,7.59,178182040.36614275,23322257.0,0.49,-11.12,69867,48665,39003,-0.013
3011,ABCB,Financial Services,Banks - Regional,NYSE,87.93,48,62,74,76,79.66,5465213707.996033,67107239.0,0.0591,-14.55,444900,458323,401848,0.036
3012,VNO,Real Estate,REIT - Office,NYSE,87.92,48,43,75,22,33.81,6298083425.156124,186720531.0,0.0,-19.21,1417150,1347203,1355138,0.05
3013,RF,Financial Services,Banks - Regional,NYSE,87.92,48,70,76,69,27.07,23087289937.585316,851929506.0,0.0859,-16.63,11035260,9062216,8440774,0.034
3014,MGY,Energy,Oil & Gas E&P,NYSE,87.91,48,64,61,76,24.48,6478960137.295349,269171592.0,0.1144,-25.27,5593440,4679843,4212460,0.501
3015,PB,Financial Services,Banks - Regional,NYSE,87.9,48,60,57,49,66.69,8097510499.90464,120176771.0,0.0424,-13.61,1051690,1090126,998098,0.259
3016,ATNM,Healthcare,Biotechnology,NYSE ARCA,87.9,48,64,14,30,1.08,36786478.77067995,31441436.0,0.0226,-37.93,119310,136616,155364,
3017,GVA,Industrials,Engineering & Construction,NYSE,87.89,48,35,62,74,113.83,5327672927.211929,44426893.0,0.1377,-29.77,699760,591286,696702,0.293
3018,IPM,Technology,Software - Application,NASDAQ,87.88,48,42,40,28,1.78,23203597.2470448,13035729.0,0.0053,-21.24,5180,6826,6044,0.129
3019,VTEX,Technology,Software - Application,NYSE,87.88,48,33,32,46,3.95,603462301.2173009,165332133.0,0.047,-14.5,690890,711803,779588,0.095
3020,DNP,Financial Services,Asset Management,NYSE,87.87,48,62,67,62,9.72,3625140909.948616,378802615.0,0.0023999999,-12.9,1079888,902709,767743,0.043
3021,MDXG,Healthcare,Biotechnology,NASDAQ,87.87,48,39,25,9,4.62,669838459.267807,145934300.0,0.0933,-42.03,1067280,1124770,1275288,-0.347
3022,ADVB,Healthcare,Diagnostics & Research,NASDAQ,87.85,48,95,14,8,6.12,11118855.121511936,1652133.0,0.0113,-74.74,21150,75733,142416,
3023,POLEU,Financial Services,Shell Companies,NASDAQ,87.84,48,42,36,55,10.71,,,0.62,-12.64,70,95,59,
3024,AMH,Real Estate,REIT - Residential,NYSE,87.83,48,52,58,30,30.49,10888002557.295122,359815019.0,0.0467,-13.06,3246220,3012110,2666512,0.028
3025,EPAM,Technology,Information Technology Services,NYSE,87.8,48,32,10,18,113.86,5586354219.719292,51586981.0,0.1752,-48.83,1016790,1086596,1317318,0.045
3026,SKT,Real Estate,REIT - Retail,NYSE,87.78,48,54,75,66,34.61,4033401373.9065704,114878989.0,0.0991,-18.62,1020100,910920,920810,0.115
3027,ATR,Healthcare,Medical Instruments & Supplies,NYSE,87.78,48,49,38,34,121.81,7624013411.231049,63581129.0,0.0347,-17.09,498870,450426,455514,0.063
3028,ETX,Financial Services,Asset Management,NYSE,87.77,48,41,50,48,17.63,190683813.0246277,10902448.0,0.0018000001,-11.85,33918,27669,23981,
3029,GRF,Financial Services,Asset Management,NYSE ARCA,87.77,48,56,53,48,9.85,40313213.154556274,3967836.0,0.0011999999,-16.88,1888,3276,2859,-0.191
3030,SBSW,Basic Materials,Other Precious Metals & Mining,NYSE,87.76,48,79,17,86,9.91,7204768544.274388,723370333.0,0.014400001,-53.45,4787660,5368613,5339190,0.643
3031,EMN,Basic Materials,Specialty Chemicals,NYSE,87.76,48,54,40,57,63.76,7416368348.017448,114326623.0,0.0675,-23.61,1426340,1211760,1143478,0.099
3032,ALGM,Technology,Semiconductors,NASDAQ,87.75,48,43,90,84,36.27,7368472650.83844,186402046.0,0.10609999,-49.46,3026540,2528866,2424920,0.275
3033,GCV,Financial Services,Asset Management,NYSE,87.74,47,68,71,70,4.06,83209119.4856968,20147486.0,0.001,-15.42,72011,43827,43264,-0.398
3034,SSD,Basic Materials,Lumber & Wood Production,NYSE,87.74,47,34,64,51,171.95,7113301307.859741,40984682.0,0.0296,-19.46,293380,298240,273270,0.063
3035,CEPU,Utilities,Utilities - Regulated Electric,NYSE,87.73,47,58,69,77,12.66,1751302025.5981293,149940238.0,0.0025,-31.58,253090,259983,251506,2.247
3036,NXPI,Technology,Semiconductors,NASDAQ,87.72,47,35,81,46,231.07,61442323560.292786,252164174.0,0.0322,-32.03,2725160,3316286,3512262,0.195
3037,BIRD,Technology,Software - Infrastructure,NASDAQ,87.71,47,13,4,96,2.88,39737934.55762124,11809193.0,0.1415,-88.15,914010,726353,570944,-0.931
3038,ESE,Technology,Scientific & Technical Instruments,NYSE,87.7,47,62,86,90,254.06,7123285862.90448,25907567.0,0.0359,-29.85,255960,251250,231988,0.144
3039,LKFN,Financial Services,Banks - Regional,NASDAQ,87.69,47,53,51,53,57.45,1468352601.2139893,24857840.0,0.1192,-12.2,204560,195250,174748,0.092
3040,MIY,Financial Services,Asset Management,NYSE,87.68,47,59,61,54,11.27,323536259.70983505,28964750.0,0.0037,-12.64,92243,81814,70986,0.039
3041,SABA,Financial Services,Asset Management,NYSE,87.68,47,45,45,52,7.8,212159215.40737152,26754000.0,0.00059999997,-15.03,79293,65321,56012,-0.232
3042,KZIA,Healthcare,Biotechnology,NASDAQ,87.68,47,56,93,93,8.82,105927358.96081924,11426899.0,0.0495,-49.31,191160,352900,284418,3.124
3043,BDC,Technology,Communication Equipment,NYSE,87.65,47,39,25,68,107.94,4394733324.082848,39078191.0,0.16700001,-32.53,347420,411350,417856,0.116
3044,WAFDP,Financial Services,Banks - Regional,NASDAQ,87.65,47,55,52,53,15.18,,,0.67,-13.21,24757,21165,16521,0.056
3045,TFIN,Financial Services,Banks - Regional,NYSE,87.65,47,59,83,63,62.78,1485762317.952034,23894537.0,0.126,-24.83,250540,232403,205390,0.119
3046,HMH,Energy,Oil & Gas Equipment & Services,NASDAQ,87.65,47,53,49,33,18.74,218754489.00947,11947269.0,0.0713,-23.51,252870,212456,207312,-0.16
3047,INVH,Real Estate,REIT - Residential,NYSE,87.64,47,48,62,30,26.48,15379829345.771713,590623226.0,0.0361,-14.28,5574260,5550023,4794224,0.101
3048,ALIS,Financial Services,Shell Companies,NASDAQ,87.62,47,54,47,42,9.7,87056074.35703278,8427500.0,0.00029999999,-6.73,103370,60616,49596,
3049,BTT,Financial Services,Asset Management,NYSE,87.62,47,43,45,51,21.67,1395941551.3196354,63625411.0,0.0004,-6.76,143254,119501,97996,0.006
3050,OIA,Financial Services,Asset Management,NYSE,87.62,47,44,56,55,5.73,268418282.6288638,47931837.0,0.001,-10.47,380434,217161,181968,0.044
3051,VTOL,Energy,Oil & Gas Equipment & Services,NYSE,87.6,47,62,57,82,40.64,1193386870.2468872,29642000.0,0.0448,-19.33,191320,281116,263214,0.094
3052,SHW,Basic Materials,Specialty Chemicals,NYSE,87.56,47,40,39,43,321.03,77563659196.69507,242758151.0,0.026500002,-15.02,1607070,1662726,1676724,0.075
3053,MAGN,Consumer Defensive,Household & Personal Products,NYSE,87.55,47,36,71,23,11.65,415452002.71606445,35600000.0,0.056799997,-24.94,370000,373603,423026,0.021
3054,EXR,Real Estate,REIT - Industrial,NYSE,87.54,47,41,52,44,133.12,28151668603.5,211269558.0,0.0315,-16.21,1453770,1493636,1272042,0.038
3055,HLN,Healthcare,Drug Manufacturers - Specialty & Generic,NYSE,87.54,47,42,50,46,9.26,38699225121.1831,4397639123.0,0.005,-17.91,18909010,18888933,14578716,0.022
3056,REG,Real Estate,REIT - Retail,NASDAQ,87.53,47,52,63,67,71.48,13111430885.78022,183120547.0,0.045100003,-14.56,1221160,1332266,1305588,0.089
3057,INMD,Healthcare,Medical Devices,NASDAQ,87.52,47,62,56,45,14.08,810797392.2605438,57544172.0,0.0464,-15.89,444620,503346,470136,-0.0
3058,KEY,Financial Services,Banks - Regional,NYSE,87.52,47,64,76,76,20.1,21427941282.904552,1067128554.0,0.0001,-16.49,15133440,14463530,12325206,0.101
3059,TFII,Industrials,Trucking,NYSE,87.52,47,72,87,84,115.14,9772751511.316612,82193031.0,7.26,-31.34,416950,281843,282900,0.124
3060,JKHY,Technology,Information Technology Services,NASDAQ,87.51,47,66,31,26,149.05,9993850673.593262,70112608.0,0.07,-22.93,792420,966153,972088,0.047
3061,SFBS,Financial Services,Banks - Regional,NYSE,87.5,47,65,65,47,38.6,4390202719.8472595,109345020.0,0.0647,-16.16,640520,665056,570916,0.301
3062,FSS,Industrials,Farm & Heavy Construction Machinery,NYSE,87.5,47,49,53,60,112.61,7101580800.198944,61041611.0,0.0876,-16.28,476580,440880,425306,0.187
3063,SDHY,Financial Services,Asset Management,NYSE,87.49,47,45,45,49,15.14,377251025.2987976,24673056.0,0.42,-11.05,79685,68431,65117,
3064,CDLR,Industrials,Engineering & Construction,NYSE,87.49,47,76,55,72,21.51,2139730868.3806686,96471183.0,0.015800001,-28.32,81660,68053,65920,0.213
3065,VTVT,Healthcare,Biotechnology,NASDAQ,87.49,47,70,75,91,30.08,120871577.75335693,3953928.0,0.0668,-31.64,42220,41856,58556,
3066,PRDO,Consumer Defensive,Education & Training Services,NASDAQ,87.47,47,44,39,72,33.43,1996833815.5014992,62577055.0,0.076799996,-13.17,729750,682803,685288,0.018
3067,RDN,Financial Services,Insurance - Specialty,NYSE,87.45,47,63,67,58,34.17,4309053886.884842,132301318.0,0.0505,-16.76,2704110,1669223,1399422,0.935
3068,ZH,Communication Services,Internet Content & Information,NYSE,87.45,47,21,23,33,3.42,285657297.76971745,84264687.0,0.0189,-32.82,473230,580556,411904,-0.037
3069,STAG,Real Estate,REIT - Industrial,NYSE,87.45,47,44,61,62,35.88,6950740113.348919,192808329.0,0.053200003,-15.79,1963080,1684440,1581746,0.081
3070,SCI,Consumer Cyclical,Personal Services,NYSE,87.43,47,60,38,49,76.77,10513532937.994217,136291587.0,0.04,-15.63,1090190,958010,936546,0.036
3071,AVK,Financial Services,Asset Management,NYSE,87.42,47,55,60,56,11.52,510800977.74687195,44148746.0,0.0014,-13.25,223164,179821,158038,0.04
3072,DASH,Consumer Cyclical,Internet Retail,NASDAQ,87.42,47,66,29,24,191.71,81957870309.4732,433295654.0,0.0401,-32.85,3920100,3934030,4198066,0.356
3073,TM,Consumer Cyclical,Auto Manufacturers,NYSE,87.42,47,46,28,59,186.0,214917445600.2535,1184183366.0,0.00090000004,-25.27,287940,321056,335708,0.104
3074,SKYH,Real Estate,Real Estate - Development,NYSE,87.4,47,67,37,59,9.54,367727480.5700226,39583152.0,0.122200005,-18.43,228020,170836,185742,0.496
3075,KRC,Real Estate,REIT - Office,NYSE,87.38,47,38,72,27,34.19,3911471390.671402,116308988.0,0.125,-21.55,1417760,1402976,1270098,-0.06
3076,NGG,Utilities,Utilities - Regulated Electric,NYSE,87.38,47,41,59,67,77.11,76529665225.12358,1005381798.0,0.0014,-18.52,911850,933443,860336,0.02
3077,LYTS,Technology,Electronic Components,NASDAQ,87.36,47,29,78,58,20.44,791803390.0,37261336.0,0.081199996,-25.29,318150,394233,398312,0.513
3078,MSLE,Healthcare,Biotechnology,NASDAQ,87.36,47,94,83,81,7.34,180339731.5,21216439.0,3.09,-45.2,95770,51863,40610,
3079,LMT,Industrials,Aerospace & Defense,NYSE,87.34,47,51,36,67,507.89,116643955318.91098,230790753.0,0.0125,-26.61,1082940,1131463,1106602,0.105
3080,KRG,Real Estate,REIT - Retail,NYSE,87.34,47,59,78,74,24.08,4886461573.587936,200346933.0,0.1021,-19.52,2241850,2176656,2376880,-0.08
3081,TOL,Consumer Cyclical,Residential Construction,NYSE,87.34,47,34,69,71,134.83,12588201726.242065,92147000.0,0.0519,-19.92,1194740,1074033,1001356,-0.097
3082,STNE,Technology,Software - Infrastructure,NASDAQ,87.34,47,26,29,54,11.6,2202188329.5826263,230595632.0,0.0887,-40.94,8450980,6939643,6060244,0.016
3083,AHRT,Real Estate,REIT - Diversified,NYSE,87.33,47,44,68,30,6.05,449795757.41023254,74592992.0,0.045300003,-17.46,1833980,1105623,921102,0.039
3084,FFIN,Financial Services,Banks - Regional,NASDAQ,87.3,47,55,62,36,31.43,4607979568.75042,143327507.0,0.0837,-13.94,911220,805593,736304,0.098
3085,PMA,Industrials,Engineering & Construction,NASDAQ,87.29,47,23,47,12,1.25,200459253.10850143,162975000.0,0.00090000004,-53.7,8520,47083,170070,-0.623
3086,CTRE,Real Estate,REIT - Healthcare Facilities,NYSE,87.29,47,63,68,73,35.79,8577442943.422596,236293199.0,0.082100004,-17.95,3108560,2438113,2401890,0.435
3087,JMM,Financial Services,Asset Management,NYSE,87.26,47,41,39,39,5.56,52799912.27807999,9462350.0,0.0043,-12.99,12129,9223,8989,-0.01
3088,SPAI,Industrials,Aerospace & Defense,NASDAQ,87.25,47,23,25,50,4.26,90003851.59356308,20362862.0,0.0385,-52.93,706410,305530,393544,13.362
3089,VBF,Financial Services,Asset Management,NYSE,87.24,47,40,41,47,14.21,161779258.49666977,11425089.0,0.0047999998,-10.4,38553,73117,65950,-0.042
3090,FMY,Financial Services,Asset Management,NYSE,87.22,47,46,39,47,11.06,46639181.76425934,4213115.0,1.33,-10.52,3453,3841,3454,-0.27
3091,BNTX,Healthcare,Biotechnology,NASDAQ,87.22,47,56,28,34,92.06,24341703448.707443,251204366.0,0.0348,-25.76,882850,992703,1282572,-0.595
3092,H,Consumer Cyclical,Lodging,NYSE,87.2,46,42,75,72,159.43,14974216775.22461,94236736.0,0.2868,-22.93,758390,779593,811114,-0.066
3093,TKO,Communication Services,Entertainment,NYSE,87.18,46,34,39,50,181.63,12836846720.710419,73111098.0,0.1257,-19.97,1009270,1092973,1137358,0.182
3094,FHN,Financial Services,Banks - Regional,NYSE,87.16,46,62,61,67,23.31,11095861076.506329,473777158.0,0.0001,-12.24,5475550,5043063,4951152,0.09
3095,APO,Financial Services,Asset Management,NYSE,87.15,46,50,35,29,115.3,67333729006.76583,590543159.0,0.0434,-24.78,3201850,2846066,3197972,0.638
3096,DTM,Energy,Oil & Gas Midstream,NYSE,87.15,46,56,78,76,123.76,12343850816.0,102015296.0,0.070700005,-19.05,838280,880750,972236,0.11
3097,PSBD,Financial Services,Asset Management,NYSE,87.13,46,38,32,30,9.69,299462443.2010155,30651221.0,0.0197,-26.09,121150,113890,115276,
3098,CSL,Industrials,Building Products & Equipment,NYSE,87.13,46,38,37,44,321.25,13079452416.782501,39714133.0,0.0695,-25.79,441950,626066,546756,0.083
3099,MMT,Financial Services,Asset Management,NYSE,87.13,46,44,39,49,4.18,236188738.82529688,54673317.0,1.13,-13.99,371004,291588,287460,0.021
3100,TR,Consumer Defensive,Confectioners,NYSE,87.13,46,44,41,71,37.59,2855444623.598694,75163056.0,0.078200005,-16.58,197480,168683,157266,-0.006
3101,ACV,Financial Services,Asset Management,NYSE,87.1,46,59,71,64,24.28,251895753.68107605,10396028.0,0.65,-16.4,42585,29295,32717,
3102,STRO,Healthcare,Biotechnology,NASDAQ,87.1,46,80,97,99,15.32,254356244.97112083,16570439.0,0.12560001,-65.06,241890,290466,289268,-0.846
3103,CTOR,Healthcare,Drug Manufacturers - Specialty & Generic,NASDAQ,87.09,46,40,12,21,0.83,100471031.63925469,105758982.0,0.0172,-63.11,101820,97043,111962,
3104,RBC,Industrials,Tools & Accessories,NYSE,87.07,46,37,80,86,490.99,16322240274.906921,31659245.0,0.0175,-26.46,250250,295136,279586,0.192
3105,CTRM,Industrials,Marine Shipping,NASDAQ,87.06,46,68,40,23,1.92,19324708.0,9662354.0,0.001,-27.82,34750,50660,49102,0.425
3106,PPT,Financial Services,Asset Management,NYSE,87.05,46,42,40,48,3.23,312505844.1671939,95567537.0,0.0008,-13.64,178599,127053,129859,-0.191
3107,ESLT,Industrials,Aerospace & Defense,NASDAQ,87.04,46,61,68,91,665.09,32627141512.875,46862592.0,0.0086,-34.54,86920,74983,79418,0.159
3108,ERC,Financial Services,Asset Management,NYSE ARCA,87.02,46,56,51,53,8.54,237896219.63798904,28053801.0,0.87,-12.68,95416,72378,63931,-0.047
3109,KEEL,Technology,Information Technology Services,NASDAQ,87.02,46,76,96,93,3.15,2235614956.7643547,617573212.0,0.18100001,-57.26,23711760,31296866,34252230,-0.5
3110,GS,Financial Services,Capital Markets,NYSE,87.01,46,74,87,78,882.59,262799665293.6123,291171408.0,0.0239,-23.52,1973860,2025550,1975850,0.425
3111,F,Consumer Cyclical,Auto Manufacturers,NYSE,87.01,46,65,71,63,12.25,48249909091.84703,3987595667.0,0.0,-31.1,42974590,47032866,45217896,-0.038
3112,BRX,Real Estate,REIT - Retail,NYSE,87.01,46,48,71,73,27.08,8405232547.940002,306872316.0,0.0932,-17.59,3786500,3348003,2853030,0.043
3113,FE,Utilities,Utilities - Regulated Electric,NYSE,87.0,46,52,58,65,44.85,25078254741.173447,578639932.0,0.069299996,-14.31,5003120,4397650,4389616,0.088
3114,RFL,Real Estate,Real Estate Services,NYSE,87.0,46,91,94,25,1.48,80079991.85635757,51999996.0,0.0366,-62.63,361260,220160,170258,-0.506
3115,RTACU,Financial Services,Shell Companies,NASDAQ,87.0,46,42,37,26,10.68,,,0.0,-14.83,960,2150,2660,
3116,KBDC,Financial Services,Asset Management,NYSE,87.0,46,35,40,51,12.51,836699057.7382851,66037810.0,0.0083,-21.17,406960,368136,389454,
3117,MEGI,Financial Services,Asset Management,NYSE,86.99,46,60,66,68,13.48,694834598.7545586,52047534.0,0.24,-15.17,185813,149154,138702,
3118,FRA,Financial Services,Asset Management,NYSE,86.97,46,45,37,33,10.25,371710603.30962753,35434758.0,0.0018000001,-21.4,191673,158477,156630,-0.206
3119,VST,Utilities,Utilities - Independent Power Producers,NYSE,86.97,46,30,30,40,156.14,46995641437.88826,335635195.0,0.0335,-28.08,9199420,5999986,5491552,-0.055
3120,ARI,Real Estate,REIT - Mortgage,NYSE,86.97,46,47,54,75,6.24,796974964.0821104,128544353.0,0.0368,-44.48,3539790,2778353,2964446,5.249
3121,LNN,Industrials,Farm & Heavy Construction Machinery,NYSE,86.97,46,38,37,23,114.6,1162811984.2335129,10168885.0,0.111099996,-22.57,135510,166303,144996,-0.051
3122,GLRE,Financial Services,Insurance - Reinsurance,NASDAQ,86.95,46,57,63,85,14.97,481459824.0,32641344.0,0.032,-22.8,116580,134746,133700,-0.103
3123,ARQT,Healthcare,Biotechnology,NASDAQ,86.94,46,46,81,81,24.49,3162409719.580929,125691961.0,0.1566,-22.91,2306490,2997073,2516078,0.593
3124,GEG,Financial Services,Asset Management,NASDAQ,86.94,46,32,40,37,2.15,64224371.19204712,29733504.0,0.0539,-24.03,8120,18413,13326,0.883
3125,FRMM,Technology,Software - Application,NASDAQ,86.94,46,19,91,7,4.49,63750917.83300018,13198948.0,0.3752,-83.4,85790,112650,141150,
3126,IR,Industrials,Specialty Industrial Machinery,NYSE,86.93,46,35,35,53,78.0,29515116445.62197,387999429.0,0.0397,-22.74,4847090,4550690,4329368,0.085
3127,TVACU,Financial Services,Shell Companies,NASDAQ,86.92,46,51,39,44,10.7,,,0.39,-15.88,920,950,584,
3128,AEMD,Healthcare,Medical Devices,NASDAQ,86.91,46,1,1,6,6.01,4586827.064361572,711136.0,0.105399996,-85.16,78110,5409870,3272682,
3129,NYT,Communication Services,Publishing,NYSE,86.9,46,38,67,82,66.6,10112480965.24961,161283586.0,0.0859,-23.54,2704850,3014246,2770370,0.113
3130,PLMKU,Financial Services,Shell Companies,NASDAQ,86.9,46,40,56,41,10.76,,,0.26,-15.48,0,216,144,
3131,AX,Financial Services,Banks - Regional,NYSE,86.88,46,62,63,74,88.46,5045358994.883858,56734049.0,0.0804,-16.34,373970,381936,351640,0.181
3132,KHC,Consumer Defensive,Packaged Foods,NYSE,86.86,46,58,63,28,22.48,26313429823.31821,1185823758.0,0.109799996,-19.97,15672980,20997150,18428548,-0.014
3133,EQX,Basic Materials,Gold,NYSE ARCA,86.86,46,56,24,90,11.12,12970478221.604479,1167459822.0,3.36,-41.35,10936040,12373090,13907100,1.693
3134,REGCP,Real Estate,REIT - Retail,NASDAQ,86.83,46,50,49,49,21.86,,,0.66,-11.68,7190,4260,3868,0.089
3135,FOF,Financial Services,Asset Management,NYSE,86.83,46,52,58,61,12.44,347819300.0,27825544.0,0.0005,-17.29,84196,71072,61469,
3136,JLL,Real Estate,Real Estate Services,NYSE,86.77,46,70,58,74,303.14,14115623245.106506,46007703.0,0.0214,-23.03,522630,395830,368482,0.108
3137,BOBS,Consumer Cyclical,Specialty Retail,NYSE,86.76,46,43,65,18,14.27,1854449553.6015205,130687076.0,0.20979999,-39.25,840420,854036,932914,0.088
3138,DOX,Technology,Software - Infrastructure,NASDAQ,86.76,46,32,15,21,60.25,6068599688.472748,104415000.0,0.104499996,-29.64,981840,983310,1066516,0.027
3139,MHO,Consumer Cyclical,Residential Construction,NYSE,86.73,46,46,74,45,130.17,3407141118.6761627,25283031.0,0.074,-20.46,187240,203323,203858,-0.085
3140,BCDA,Healthcare,Biotechnology,NASDAQ,86.71,46,40,11,16,1.06,15744332.702501297,15138782.0,0.0651,-41.11,126880,287843,276298,
3141,BR,Technology,Information Technology Services,NYSE,86.71,46,36,19,16,165.21,17717401194.85547,112900032.0,0.0294,-30.8,820300,992693,1154556,0.075
3142,UHT,Real Estate,REIT - Healthcare Facilities,NYSE,86.7,46,57,63,65,37.54,508969793.2346039,13898684.0,0.0438,-18.92,211190,138670,124594,0.007
3143,WFC,Financial Services,Banks - Diversified,NYSE,86.7,46,68,59,48,82.03,243280737352.6864,3023999336.0,0.0,-16.09,13609560,14161800,13150806,0.095
3144,NBIX,Healthcare,Drug Manufacturers - Specialty & Generic,NASDAQ,86.68,46,60,82,54,141.25,14554128991.079163,101649181.0,0.0634,-24.11,1521930,1280323,1350826,0.395
3145,EDIT,Healthcare,Biotechnology,NASDAQ,86.66,46,62,53,91,2.84,402379674.1241598,153580035.0,0.19540001,-37.4,2653200,2979930,2762650,2.323
3146,NWTG,Consumer Cyclical,Leisure,NASDAQ,86.66,46,38,14,18,1.14,6898463.321775913,5654478.0,0.0081,-41.24,111220,78090,77662,-0.364
3147,BMRN,Healthcare,Biotechnology,NASDAQ,86.65,46,75,58,35,54.89,11068547598.694023,193573759.0,0.052199997,-22.67,2333370,2071836,2169072,0.199
3148,CCXI,Financial Services,Shell Companies,NASDAQ,86.65,46,82,91,37,11.04,667842987.2512817,55700000.0,0.1014,-43.93,2706290,2236503,2515660,
3149,HGBL,Financial Services,Capital Markets,NASDAQ,86.64,46,50,21,25,1.28,44684882.72861004,34639445.0,0.0023999999,-22.42,68630,108976,222432,-0.143
3150,AEE,Utilities,Utilities - Regulated Electric,NYSE,86.64,46,51,60,62,101.84,27667715180.826843,276843251.0,0.0498,-13.93,2614690,1917236,1782740,-0.062
3151,WWD,Industrials,Aerospace & Defense,NASDAQ,86.59,45,57,81,89,323.45,19580774540.090332,59045820.0,0.0202,-28.27,661020,723266,694508,0.212
3152,TFC,Financial Services,Banks - Regional,NYSE,86.59,45,64,68,70,46.18,56744537364.626816,1221626188.0,0.0216,-17.83,8265320,7757596,7112344,0.082
3153,ELWT,Communication Services,Telecom Services,NASDAQ,86.58,45,65,64,39,5.99,42035703.96868706,6619796.0,0.0047,-38.37,6760,9790,10598,-0.464
3154,PIM,Financial Services,Asset Management,NYSE,86.58,45,44,40,47,2.99,144071180.04952168,48184341.0,0.0002,-13.08,99318,79669,66467,-0.132
3155,IVT,Real Estate,REIT - Retail,NYSE,86.57,45,56,77,70,29.59,2370544272.6535892,77978431.0,0.083500005,-20.5,753690,670400,656540,0.126
3156,ZTR,Financial Services,Asset Management,NYSE,86.57,45,61,62,65,6.07,299461670.52737236,49993603.0,0.69,-14.63,178573,138147,124574,
3157,LKFT,Healthcare,Biotechnology,NASDAQ,86.56,45,27,35,32,29.51,1923284812.8569221,65484670.0,0.085200004,-20.24,321560,317786,302124,-0.815
3158,SID,Basic Materials,Steel,NYSE,86.54,45,57,14,24,1.23,1538268934.2568393,1326093947.0,0.0054,-44.09,11791020,9114403,7079414,0.057
3159,DPG,Financial Services,Asset Management,NYSE,86.54,45,61,67,71,12.91,461842777.4236393,35997099.0,0.0008,-14.79,96770,81630,69148,
3160,MSD,Financial Services,Asset Management,NYSE,86.52,45,50,50,52,6.67,135751909.7017622,20231283.0,0.63,-15.99,73148,77716,63577,-0.061
3161,BCRX,Healthcare,Drug Manufacturers - Specialty & Generic,NASDAQ,86.52,45,48,69,81,8.29,2087721827.3457813,255535105.0,0.1375,-26.11,5803660,5153696,4399694,0.336
3162,EAD,Financial Services,Asset Management,NYSE ARCA,86.52,45,43,40,51,6.02,356326798.4780655,59092336.0,0.003,-14.73,318838,274226,269005,-0.096
3163,SVRA,Healthcare,Biotechnology,NASDAQ,86.52,45,58,88,91,4.83,985699877.9939709,204927212.0,0.2466,-31.05,3019210,2009276,1822172,
3164,DRD,Basic Materials,Gold,NYSE,86.51,45,61,26,84,24.1,2111078301.6191368,86875653.0,0.0337,-38.79,235070,259683,284964,0.498
3165,NVA,Basic Materials,Other Industrial Metals & Mining,NYSE ARCA,86.5,45,76,61,91,5.12,2847218340.3382874,494308720.0,0.0348,-68.55,630340,549633,417960,
3166,ODFL,Industrials,Trucking,NASDAQ,86.49,45,42,83,83,181.65,37423722252.63693,207356622.0,0.0494,-27.93,1874050,1885943,1775664,0.104
3167,SMMT,Healthcare,Biotechnology,NASDAQ,86.48,45,71,17,74,17.17,13366293912.01189,797749602.0,0.2626,-41.26,8893260,7052110,6379868,
3168,KEN,Utilities,Utilities - Independent Power Producers,NYSE,86.45,45,59,67,94,59.53,3152037021.992214,52108397.0,0.0031,-37.94,13730,14516,16702,0.934
3169,CWCO,Utilities,Utilities - Regulated Water,NASDAQ,86.44,45,28,27,48,30.33,482787873.64157677,16012865.0,0.0477,-22.47,105780,92043,90744,-0.021
3170,AGCO,Industrials,Farm & Heavy Construction Machinery,NYSE,86.42,45,68,54,67,108.13,8026336503.433975,70031729.0,0.060599998,-24.79,868220,1143690,1086262,-0.01
3171,FGBIP,Financial Services,Banks - Regional,NASDAQ,86.4,45,54,71,36,16.89,,,0.2,-21.3,9557,6119,5485,1.768
3172,LXU,Basic Materials,Chemicals,NYSE,86.4,45,66,53,93,10.13,709895364.7216187,71997504.0,0.0688,-41.17,663690,748960,816460,0.111
3173,RLI,Financial Services,Insurance - Property & Casualty,NYSE,86.38,45,59,41,31,56.3,5133779815.769005,91772970.0,0.1037,-16.12,855590,708140,693368,0.152
3174,NNI,Financial Services,Credit Services,NYSE,86.38,45,42,44,64,125.96,4431999083.3311615,35779438.0,0.0444,-12.76,128350,144073,145208,-0.305
3175,ECHO,Communication Services,Telecom Services,NASDAQ,86.37,45,28,85,98,93.36,27409393297.0,290815844.0,0.2344,-36.6,4049940,3365320,3565880,-0.04
3176,IRS,Real Estate,Real Estate Services,NYSE,86.36,45,53,50,58,13.85,1130249277.595067,84599499.0,0.0178,-27.64,193020,184890,159638,0.041
3177,MCN,Financial Services,Asset Management,NYSE,86.36,45,49,40,55,5.26,110425657.00502396,20993470.0,0.23,-17.68,58338,57342,57421,
3178,ACNT,Basic Materials,Specialty Chemicals,NASDAQ,86.35,45,65,63,47,13.69,124060171.93420029,9009453.0,0.018099999,-23.6,25720,28810,40060,0.376
3179,DIN,Consumer Cyclical,Restaurants,NYSE,86.35,45,35,81,60,29.47,378761768.9658165,12659150.0,0.1723,-25.73,823370,523710,415886,0.044
3180,TYG,Financial Services,Asset Management,NYSE,86.35,45,62,51,69,38.96,967994015.5029297,25400000.0,0.0019,-23.88,203034,158018,142568,-0.029
3181,CANG,Financial Services,Capital Markets,NYSE,86.34,45,4,2,2,3.56,109528655.0197277,41021967.0,0.030199999,-85.53,1067640,721236,607212,
3182,COF,Financial Services,Credit Services,NYSE,86.34,45,61,40,40,199.4,119457768014.80286,613484836.0,0.018099999,-23.2,3508470,3524480,3373398,11.11
3183,MIN,Financial Services,Asset Management,NYSE,86.33,45,39,40,36,13.75,265149885.85788345,113798238.0,1.02,413.06,38557,46422,38156,-0.023
3184,SBGI,Communication Services,Broadcasting,NASDAQ,86.33,45,47,39,73,13.14,898913507.8697205,72318060.0,0.2913,-26.51,534980,478026,491958,0.071
3185,LOMA,Basic Materials,Building Materials,NYSE,86.32,45,33,60,60,10.01,1068941112.9935074,116696630.0,0.0174,-24.17,596060,433163,441702,0.021
3186,GAB,Financial Services,Asset Management,NYSE,86.32,45,50,52,53,5.2,1799308082.206688,343379420.0,0.0,-17.55,1087033,1035221,890508,0.366
3187,FTF,Financial Services,Asset Management,NYSE ARCA,86.32,45,50,44,46,5.33,216976853.7559719,40405374.0,0.32,-16.98,287698,215609,208235,-0.048
3188,CBU,Financial Services,Banks - Regional,NYSE,86.31,45,58,72,60,59.1,3193259202.1930504,52615905.0,0.0541,-16.89,283740,282253,251316,0.12
3189,JLS,Financial Services,Asset Management,NYSE,86.29,45,40,39,54,16.25,89597621.06266785,5476627.0,0.00090000004,-14.38,36474,24684,27182,
3190,HBANZ,Financial Services,Banks - Regional,NASDAQ,86.28,45,35,35,40,19.0,,,0.68,-14.53,13995,11171,10637,0.476
3191,RQI,Financial Services,Asset Management,NYSE,86.28,45,44,52,66,11.12,1487764082.0258074,134517543.0,0.00090000004,-18.05,800444,707611,617676,0.043
3192,HERZ,Financial Services,Asset Management,NASDAQ,86.28,45,58,67,65,14.77,30830837.461209297,2017725.0,0.0038,-47.81,18880,26353,25218,1.943
3193,REGCO,Real Estate,REIT - Retail,NASDAQ,86.27,45,46,44,45,20.8,,,0.76,-14.19,3760,3613,3170,0.089
3194,GEN,Technology,Software - Infrastructure,NASDAQ,86.27,45,80,65,18,22.75,13162928696.674301,598587032.0,0.0654,-28.12,16033180,10831873,8672362,0.063
3195,BPRE,Financial Services,Asset Management,NYSE,86.26,45,24,28,58,13.01,,,0.24,-28.77,969505,930315,900651,
3196,MTX,Basic Materials,Specialty Chemicals,NYSE,86.26,45,53,68,71,64.7,2067883669.1597443,31128762.0,0.047399998,-23.29,173120,185156,212552,0.037
3197,SEG,Real Estate,Real Estate Services,NYSE,86.24,45,70,73,58,22.36,286677404.9298096,12809536.0,0.0866,-24.48,101840,75646,79816,-0.148
3198,PFGC,Consumer Defensive,Food Distribution,NYSE,86.24,45,37,72,42,94.72,14741250037.476448,157072459.0,0.0502,-19.37,1272920,1429600,1583950,0.073
3199,SPH,Utilities,Utilities - Regulated Gas,NYSE,86.23,45,34,40,46,17.14,1112095496.3797512,66712387.0,0.0057,-17.6,201670,206310,215494,0.005
3200,TLPH,Healthcare,Drug Manufacturers - Specialty & Generic,NASDAQ,86.23,45,90,96,71,1.08,58653549.23249388,51905796.0,0.0167,-31.21,211030,144926,214214,
3201,BRT,Real Estate,REIT - Residential,NYSE,86.22,45,42,58,36,13.53,249950587.68453312,18793277.0,0.0304,-14.42,67650,59160,52878,-0.001
3202,HEPS,Consumer Cyclical,Internet Retail,NASDAQ,86.21,45,38,60,47,2.65,871629508.4405899,357225200.0,0.0714,-20.42,318970,495683,363628,0.362
3203,MUJ,Financial Services,Asset Management,NYSE,86.21,45,47,59,57,11.12,600991617.5442524,53185098.0,0.0057,-12.3,189722,153414,123666,0.02
3204,EVER,Communication Services,Internet Content & Information,NASDAQ,86.2,45,71,82,14,20.74,687175144.5,35239751.0,0.2719,-27.81,775270,834480,785302,0.246
3205,DUK,Utilities,Utilities - Regulated Electric,NYSE,86.18,45,42,50,56,116.84,88987409145.57397,779702193.0,0.0271,-13.12,4369670,4011140,4306478,0.011
3206,HWM,Industrials,Aerospace & Defense,NYSE,86.18,45,51,81,84,222.56,92230801250.5934,398801399.0,0.0249,-28.21,2339540,3519160,2955104,0.241
3207,INR,Energy,Oil & Gas E&P,NYSE,86.16,45,65,28,63,13.35,240668578.63545227,18642028.0,0.17909999,-31.84,256950,296153,277618,1.296
3208,LAW,Technology,Software - Application,NYSE,86.15,45,27,26,25,4.36,271364606.55578375,64919765.0,0.049200002,-52.14,143000,185906,204770,0.132
3209,PCAR,Industrials,Farm & Heavy Construction Machinery,NASDAQ,86.14,44,68,67,77,109.66,57731708205.673836,526364953.0,0.0271,-21.24,3561780,3409116,3292816,0.005
3210,JBIO,Healthcare,Biotechnology,NASDAQ,86.14,44,93,95,90,14.15,897995097.1618567,63597387.0,0.21129999,-49.46,858380,959816,894264,
3211,MCO,Financial Services,Financial Data & Stock Exchanges,NYSE,86.14,44,53,56,30,458.69,76435156561.40918,173180984.0,0.0191,-16.13,917160,773320,751640,0.151
3212,VANI,Healthcare,Biotechnology,NASDAQ,86.13,44,56,63,48,1.23,110950129.60049248,90203356.0,0.0146,-35.94,131810,207573,195466,
3213,TLN,Utilities,Utilities - Independent Power Producers,NASDAQ,86.13,44,29,68,65,359.22,15172420480.34668,47300000.0,0.0633,-20.15,1358040,960343,927648,1.112
3214,PDT,Financial Services,Asset Management,NYSE,86.13,44,41,52,55,11.89,579401937.366128,49185225.0,0.36,-12.89,165654,144828,136342,0.032
3215,OGG,Basic Materials,Gold,NYSE,86.13,44,32,17,81,2.79,859404304.4698186,305837837.0,14.32,-41.81,2019740,1504376,1783938,3.771
3216,DOV,Industrials,Specialty Industrial Machinery,NYSE,86.11,44,34,61,71,188.96,25547492209.059143,134680225.0,0.0357,-20.45,1113990,1288220,1157052,0.069
3217,BKU,Financial Services,Banks - Regional,NYSE,86.11,44,55,70,77,42.61,3090055037.7042503,71232249.0,0.066,-18.23,963070,969250,798526,0.042
3218,FSI,Basic Materials,Specialty Chemicals,NYSE ARCA,86.11,44,25,49,61,6.05,77273615.33616066,12772498.0,0.0093,-38.83,12500,11430,16200,-0.331
3219,NRXP,Healthcare,Biotechnology,NASDAQ,86.07,44,82,94,52,2.89,125774201.89629817,43295767.0,0.2354,-42.83,657210,629046,886576,
3220,HIG,Financial Services,Insurance - Diversified,NYSE,86.07,44,60,52,63,129.48,34143416678.73575,270872002.0,0.0001,-11.36,1917070,1704020,1584852,0.081
3221,RPC,Financial Services,Asset Management,NYSE,86.05,44,30,33,16,7.98,840016900.1842117,110238440.0,0.048299998,-30.43,588500,580800,578332,0.113
3222,PCF,Financial Services,Asset Management,NYSE,86.04,44,45,38,36,5.05,95641061.99891567,18716450.0,0.0023,-20.47,180354,133448,112288,-0.358
3223,MELI,Consumer Cyclical,Internet Retail,NASDAQ,86.01,44,58,29,25,1856.66,86010169371.63574,50696802.0,0.0163,-23.53,585120,589316,553178,0.498
3224,VMRK,Real Estate,REIT - Residential,NYSE,86.0,44,58,65,41,59.98,46264254293.21594,773779120.0,0.027,-16.11,5081520,5946233,5545848,0.033
3225,HR,Real Estate,REIT - Healthcare Facilities,NYSE,86.0,44,55,77,63,17.19,5987313971.873016,342719760.0,0.0861,-22.01,4869970,4271640,3931822,-0.043
3226,AVNW,Technology,Communication Equipment,NASDAQ,85.99,44,33,33,53,20.42,264735830.42671967,12801539.0,0.08140001,-24.43,101390,164056,158240,0.048
3227,ASND,Healthcare,Biotechnology,NASDAQ,85.97,44,81,79,80,222.69,14994675581.233154,65803642.0,0.0713,-21.07,790250,845123,714066,1.147
3228,UPS,Industrials,Integrated Freight & Logistics,NYSE,85.94,44,60,73,62,94.13,79139699901.62273,850781582.0,0.0343,-23.1,4792460,4622750,4749828,0.076
3229,BNL,Real Estate,REIT - Diversified,NYSE,85.94,44,66,77,73,18.24,3797387100.971489,204600604.0,0.1409,-21.04,1917650,1937113,2175060,0.083
3230,OBDC,Financial Services,Asset Management,NYSE,85.93,44,40,34,32,10.17,5079368554.75948,493142569.0,0.038599998,-25.08,4733070,3541330,3885354,-0.174
3231,GPOR,Energy,Oil & Gas E&P,NYSE,85.93,44,42,23,57,164.64,2730388802.4662476,17683866.0,0.085200004,-27.08,294310,277020,298228,-0.162
3232,TSI,Financial Services,Asset Management,NYSE,85.92,44,38,36,34,4.22,273332714.36950684,63713920.0,0.0032,-15.26,152494,154788,164824,0.082
3233,DSU,Financial Services,Asset Management,NYSE,85.92,44,44,44,48,8.82,578511700.7601852,64782943.0,0.0134000005,-16.32,391931,318403,291842,-0.018
3234,HOV,Consumer Cyclical,Residential Construction,NYSE,85.92,44,38,71,48,110.0,692539199.8118591,5959890.0,0.095,-25.92,106480,112580,125676,-0.118
3235,LAKE,Consumer Cyclical,Apparel Manufacturing,NASDAQ,85.9,44,25,50,29,10.09,101994927.96620941,9931346.0,0.142,-43.94,108070,75740,70030,-0.045
3236,AWF,Financial Services,Asset Management,NYSE,85.9,44,44,39,49,9.51,830391809.0082035,86229678.0,0.68,-14.56,347413,294427,291474,-0.046
3237,BAH,Industrials,Consulting Services,NYSE,85.89,44,31,16,21,72.87,8101192748.009697,120284973.0,0.0683,-33.21,1999820,1742330,1737370,-0.042
3238,PPL,Utilities,Utilities - Regulated Electric,NYSE,85.88,44,40,37,57,34.1,24683470210.65385,752544841.0,0.054,-14.98,8267610,7262710,7554598,0.042
3239,DBL,Financial Services,Asset Management,NYSE,85.87,44,43,40,37,13.28,270479639.07390594,19771903.0,2.28,-15.9,142487,100135,78753,
3240,DXR,Healthcare,Medical Instruments & Supplies,NASDAQ,85.87,44,43,39,30,10.46,62001938.211868286,5838224.0,0.0008,-29.13,16080,35130,21588,0.255
3241,ORKT,Technology,Software - Application,NASDAQ,85.86,44,18,24,27,1.02,5927366.46646142,5839770.0,0.0163,-59.04,112130,112203,139744,0.609
3242,BLW,Financial Services,Asset Management,NYSE,85.86,44,44,41,36,11.78,458241040.5205765,39099064.0,0.0061000003,-16.81,289520,210883,184710,-0.084
3243,PAI,Financial Services,Asset Management,NYSE,85.86,44,41,39,41,11.34,108234760.02844334,9510963.0,0.47,-12.43,20028,22852,20509,0.025
3244,FOR,Real Estate,Real Estate - Development,NYSE,85.86,44,41,74,61,25.91,1313703895.25,51017627.0,0.0395,-19.18,186272,171144,144796,0.042
3245,CPZ,Financial Services,Asset Management,NASDAQ,85.85,44,39,32,34,12.54,246384038.44454384,19632194.0,0.0014,-22.73,73329,65403,63011,
3246,OPP,Financial Services,Asset Management,NYSE,85.85,44,44,51,51,6.9,173681398.73351097,24990130.0,0.54,-19.58,121665,121875,108221,
3247,ACFN,Technology,Scientific & Technical Instruments,NASDAQ,85.84,44,70,33,43,19.01,48210261.44029999,2534714.0,0.018099999,-35.67,38660,57323,59760,-0.294
3248,NKTX,Healthcare,Biotechnology,NASDAQ,85.83,44,80,76,92,2.22,184433840.24033618,71624791.0,0.0612,-40.32,563210,605490,590292,
3249,KIO,Financial Services,Asset Management,NYSE,85.83,44,49,51,44,10.2,424196473.3845997,40985165.0,1.27,-18.53,271479,222226,207435,
3250,MARPS,Energy,Oil & Gas Midstream,NASDAQ,85.83,44,54,60,61,4.27,8140000.343322754,2000000.0,0.0016,-34.21,6810,5880,4524,0.099
3251,PDO,Financial Services,Asset Management,NYSE,85.82,44,42,50,51,12.07,1753903360.2762222,144831000.0,0.42,-15.3,1286565,1248431,1049575,
3252,ESTA,Healthcare,Medical Devices,NASDAQ,85.81,44,71,93,86,60.61,1909109064.701477,29801891.0,0.1839,-37.89,421840,357200,431024,0.317
3253,LOPE,Consumer Defensive,Education & Training Services,NASDAQ,85.8,44,32,21,33,160.3,4060671939.2328033,26065037.0,0.0856,-28.13,300210,328430,316906,0.067
3254,TTGT,Technology,Information Technology Services,NASDAQ,85.8,44,28,18,18,4.1,258227591.371274,72332660.0,0.1449,-38.81,490980,349930,357788,-0.032
3255,BCS,Financial Services,Banks - Diversified,NYSE,85.78,44,75,82,74,22.95,79145529450.99979,3338065479.0,1.92,-20.01,5712430,4776760,4023656,0.156
3256,GLU,Financial Services,Asset Management,NYSE ARCA,85.77,44,58,57,63,17.52,104557874.32142258,5991855.0,0.00059999997,-19.23,10430,8123,8228,0.224
3257,PFO,Financial Services,Asset Management,NYSE,85.76,44,45,46,50,8.5,112595772.37025642,13077326.0,1.99,-13.97,34044,26731,27460,0.01
3258,JGH,Financial Services,Asset Management,NYSE,85.75,44,46,50,54,11.49,325978455.12166214,28125837.0,0.0023999999,-16.13,76183,68424,63516,
3259,BTZ,Financial Services,Asset Management,NYSE,85.74,44,41,41,49,9.43,874450151.4098635,93324457.0,0.0026,-15.65,433235,411988,371653,-0.087
3260,LAD,Consumer Cyclical,Auto & Truck Dealerships,NYSE,85.69,44,77,62,29,288.87,6765743369.806274,21983116.0,0.1336,-34.27,326310,294303,282024,0.022
3261,NTGR,Technology,Communication Equipment,NASDAQ,85.67,44,25,24,59,23.2,640337720.2448368,27179021.0,0.0913,-37.06,303610,331796,333752,-0.012
3262,ZBH,Healthcare,Medical Devices,NYSE,85.66,44,47,37,47,88.88,16840230736.43557,190737689.0,0.059299998,-16.84,2021220,2016753,2130038,0.048
3263,CXT,Industrials,Business Equipment & Supplies,NYSE,85.65,44,63,40,25,48.18,2807840338.8547363,57561304.0,0.19229999,-30.17,486250,540680,541606,0.22
3264,WFRD,Energy,Oil & Gas Equipment & Services,NASDAQ,85.64,44,64,60,91,76.9,5700945018.175049,71512104.0,0.0659,-32.04,877420,1027116,930302,-0.082
3265,VZLA,Basic Materials,Other Industrial Metals & Mining,NYSE ARCA,85.64,44,56,22,27,3.47,1281755270.6730518,355056872.0,0.1016,-51.74,4642780,4923216,5108504,
3266,FULTP,Financial Services,Banks - Regional,NASDAQ,85.63,43,39,42,48,16.72,,,0.37,-17.51,9730,8006,10858,0.137
3267,NFG,Energy,Oil & Gas Integrated,NYSE,85.63,43,46,34,54,78.21,7264296945.575462,95045099.0,0.0627,-19.42,930930,809863,725584,0.011
3268,GE,Industrials,Aerospace & Defense,NYSE,85.62,43,61,73,64,305.62,321187848991.1684,1037562513.0,0.0152,-21.4,4320800,4275170,3969148,0.211
3269,MNTN,Technology,Software - Application,NYSE,85.61,43,64,22,12,10.42,739803307.7516279,74803163.0,0.084,-43.99,928560,813390,967724,0.206
3270,GECC,Financial Services,Asset Management,NASDAQ,85.59,43,36,27,15,5.06,69726544.73507404,13889750.0,0.0381,-42.5,44850,58160,56816,-0.237
3271,RMCO,Financial Services,Asset Management,NASDAQ,85.58,43,60,35,84,2.5,38235223.87060356,15172708.0,0.0011999999,-50.0,4750,9013,11858,0.38
3272,CSR,Real Estate,REIT - Residential,NYSE,85.58,43,44,32,58,54.91,915468382.5,16797585.0,0.080299996,-21.12,281330,343340,259398,-0.04
3273,RPM,Basic Materials,Specialty Chemicals,NYSE,85.56,43,33,36,44,99.43,12660909481.628418,127643000.0,0.033299997,-18.35,1458500,1529616,1304058,0.072
3274,EPAC,Industrials,Specialty Industrial Machinery,NYSE,85.56,43,36,32,26,34.91,1822545672.2280579,51137646.0,0.0494,-22.42,446280,428780,372952,0.056
3275,CMP,Basic Materials,Other Industrial Metals & Mining,NYSE,85.53,43,68,84,84,23.08,931975434.828865,41980874.0,0.0692,-33.1,373200,393530,451644,0.003
3276,IONQ,Technology,Computer Hardware,NYSE,85.53,43,20,20,56,39.45,17732787848.576385,405135656.0,0.1004,-53.39,21813380,22856866,21613846,2.868
3277,AEXA,Financial Services,Shell Companies,NYSE,85.53,43,55,58,38,10.83,550003134.0196705,49460714.0,0.006,-9.67,130200,94370,75062,
3278,IOR,Financial Services,Mortgage Finance,NYSE ARCA,85.52,43,53,58,44,17.37,69125026.0,4066178.0,0.0058,-19.4,220,243,252,
3279,KMB,Consumer Defensive,Household & Personal Products,NASDAQ,85.52,43,37,50,26,97.74,31382158228.670135,332579038.0,0.18030001,-20.59,3951510,4474890,4060306,0.006
3280,ACEL,Consumer Cyclical,Gambling,NYSE,85.5,43,39,58,53,11.1,880137281.3891411,81193475.0,0.0431,-20.71,428180,344646,330206,0.096
3281,BGH,Financial Services,Asset Management,NYSE,85.5,43,46,42,47,12.91,263682058.72824955,20082411.0,0.0016,-16.44,109551,90933,87260,
3282,IQMX,Technology,Computer Hardware,NASDAQ,85.49,43,39,71,50,10.17,1961285928.5870705,189496218.0,2.29,-32.65,205850,352036,355952,0.277
3283,ACGLO,Financial Services,Insurance - Diversified,NASDAQ,85.48,43,35,37,45,18.22,,,1.14,-17.41,46282,42287,34936,-0.105
3284,TRMB,Technology,Scientific & Technical Instruments,NASDAQ,85.48,43,30,16,33,59.85,13408574679.589985,233111519.0,0.044299997,-29.1,2379930,3231806,3045946,0.11
3285,NIM,Financial Services,Asset Management,NYSE,85.47,43,40,51,50,8.68,108907723.75,12446597.0,0.001,-12.68,59269,38086,27653,0.012
3286,ATOM,Technology,Semiconductor Equipment & Materials,NASDAQ,85.47,43,32,91,90,4.13,183803239.30864906,39024042.0,0.1717,-66.6,433910,441570,478576,
3287,NUVB,Healthcare,Biotechnology,NYSE,85.45,43,88,91,90,4.95,1804773370.7399907,351123233.0,0.2728,-49.23,6566720,5335560,5517782,5.556
3288,IPWR,Technology,Semiconductors,NASDAQ,85.45,43,54,67,17,3.69,66560355.884661674,16434655.0,0.0428,-60.32,93020,176183,191954,3.549
3289,SVV,Consumer Cyclical,Specialty Retail,NYSE,85.45,43,41,46,22,9.28,1417419633.75,153234555.0,0.2383,-33.14,1358760,1270666,1655180,0.074
3290,VNT,Technology,Scientific & Technical Instruments,NYSE,85.45,43,33,21,45,32.2,4280431979.370117,135200000.0,0.1154,-33.2,1344230,1314496,1444976,-0.022
3291,GNL,Real Estate,REIT - Diversified,NYSE,85.44,43,62,62,76,7.96,1908372320.25,231317857.0,0.0,-20.68,3283540,2546576,2638868,-0.1
3292,BRW,Financial Services,Asset Management,NYSE,85.42,43,43,46,44,6.02,308932658.7367058,50895000.0,0.0015,-22.32,298171,242297,234934,-0.307
3293,GHY,Financial Services,Asset Management,NYSE,85.41,43,40,40,46,10.86,445247347.97237206,40961118.0,0.55,-16.2,219846,197595,180899,
3294,PFD,Financial Services,Asset Management,NYSE,85.4,43,46,51,52,10.53,137393828.93685246,12852557.0,0.67,-13.19,39704,37684,36252,0.012
3295,GIGM,Communication Services,Electronic Gaming & Multimedia,NASDAQ,85.4,43,26,34,35,1.38,15804695.470287204,11052235.0,0.0002,-19.77,3150,3440,4704,1.449
3296,RIV,Financial Services,Asset Management,NYSE,85.4,43,44,57,55,10.25,322337331.87690544,30728059.0,0.040700004,-15.64,72863,116257,141276,
3297,GEL,Energy,Oil & Gas Midstream,NYSE,85.38,43,45,28,57,14.34,1717111191.2105312,122214318.0,0.039100002,-23.07,273290,303393,279878,0.41
3298,FHB,Financial Services,Banks - Regional,NASDAQ,85.38,43,46,68,60,24.96,3073670979.3706512,121681352.0,0.1504,-18.38,2268360,2128700,1966614,0.059
3299,RAND,Financial Services,Asset Management,NASDAQ,85.38,43,38,25,19,10.02,30262403.413816452,2969814.0,0.0002,-42.71,970,1886,3286,-0.13
3300,BDN,Real Estate,REIT - Office,NYSE,85.37,43,36,51,27,2.74,478716801.2733102,172200290.0,0.0791,-33.17,1672470,1787440,1856642,0.141
3301,WHLRD,Real Estate,REIT - Retail,NASDAQ,85.35,43,41,53,47,35.3,,,4.87,-15.95,169,396,311,-0.139
3302,WERN,Industrials,Trucking,NASDAQ,85.34,43,76,90,60,33.0,2120192373.0821228,59977156.0,0.11359999,-30.51,767260,823496,898428,0.24
3303,BHVN,Healthcare,Biotechnology,NYSE,85.33,43,71,79,17,11.93,1943933444.184411,151043781.0,0.1732,-35.74,1940540,2933696,2806752,
3304,NNY,Financial Services,Asset Management,NYSE,85.33,43,35,55,52,7.9,147877777.88910866,18886051.0,0.00029999999,-11.63,88131,66967,57642,-0.016
3305,BXP,Real Estate,REIT - Office,NYSE,85.32,43,46,64,26,59.32,9651541182.0121,159661556.0,0.103199996,-21.89,1299460,1357333,1320966,0.037
3306,YETI,Consumer Cyclical,Leisure,NYSE,85.32,43,33,81,60,39.6,2983052014.559555,72988796.0,0.1455,-26.65,1544890,1717136,1796220,0.085
3307,NTIC,Basic Materials,Specialty Chemicals,NASDAQ,85.3,43,42,40,38,7.66,73122578.488698,9496439.0,0.0013,-23.63,3850,9656,7810,0.126
3308,AWI,Industrials,Building Products & Equipment,NYSE,85.29,43,38,26,49,163.1,6893911970.758545,42262826.0,0.0419,-20.86,324110,351390,364642,0.112
3309,RFI,Financial Services,Asset Management,NYSE,85.28,43,47,51,53,10.3,280729576.49474716,26761638.0,0.0011999999,-14.88,117844,94301,94936,-0.489
3310,HON,Industrials,Conglomerates,NASDAQ,85.27,43,32,40,65,206.6,67821994480.90347,316940010.0,0.0234,-20.62,2126640,2855083,2936296,0.043
3311,UE,Real Estate,REIT - Retail,NYSE,85.26,43,41,71,70,19.29,2487016076.516884,126244466.0,0.0509,-19.99,974210,872346,833436,0.076
3312,GAME,Communication Services,Electronic Gaming & Multimedia,NASDAQ,85.25,43,37,17,14,3.14,39723766.17601204,12897327.0,0.0881,-54.36,97910,141640,181131,1.372
3313,SORA,Consumer Cyclical,Luxury Goods,NASDAQ,85.25,43,22,7,11,2.25,55446720.474243164,24864000.0,0.001,-67.81,715390,268973,226970,-0.319
3314,AYI,Industrials,Electrical Equipment & Parts,NYSE,85.25,43,58,62,36,300.43,9242899784.059326,29935547.0,0.0418,-20.97,533640,353470,311488,0.029
3315,CRI,Consumer Cyclical,Apparel Retail,NYSE,85.25,43,28,69,68,32.52,1159706339.7516823,36711185.0,0.191,-26.82,1362690,1532730,1418858,0.052
3316,ABUS,Healthcare,Biotechnology,NASDAQ,85.24,43,74,62,78,4.18,881570518.5643282,198105743.0,0.13859999,-23.3,11216860,6879286,5559468,-0.906
3317,TRC,Industrials,Conglomerates,NYSE,85.24,43,29,53,70,16.4,442611230.0427017,27021444.0,0.095699996,-23.04,94729,135976,157261,0.717
3318,ALV,Consumer Cyclical,Auto Parts,NYSE,85.24,43,54,59,55,111.03,8191582609.698875,73237217.0,0.0722,-15.99,807790,708710,635768,0.033
3319,CAF,Financial Services,Asset Management,NYSE,85.24,43,59,79,70,17.36,236231311.87177658,13353946.0,0.5,-18.92,7582,9984,12488,
3320,SPE,Financial Services,Asset Management,NYSE,85.23,43,42,39,48,12.53,139421034.69565964,11021426.0,0.42,-20.09,46992,39594,34134,0.176
3321,RA,Financial Services,Asset Management,NYSE,85.22,43,46,53,55,11.58,641507001.5898056,55254696.0,0.28,-14.79,355320,271873,228386,
3322,AMX,Communication Services,Telecom Services,NYSE,85.21,43,41,75,84,22.14,63634748236.465454,2988950000.0,0.0058999998,-22.21,2867760,2758683,2881188,0.031
3323,RMI,Financial Services,Asset Management,NYSE,85.21,43,45,61,60,13.69,87847140.01769829,6374974.0,3.29,-16.32,40929,20413,22531,
3324,ORI,Financial Services,Insurance - Property & Casualty,NYSE,85.21,43,61,51,61,38.55,9188937342.877663,241432922.0,0.0589,-17.56,1621410,1450460,1303578,0.134
3325,ABT,Healthcare,Medical Devices,NYSE,85.2,42,43,20,19,98.49,168712371360.0,1730383296.0,0.0128999995,-27.17,9364100,9003106,8478818,0.13
3326,CHA,Consumer Cyclical,Restaurants,NASDAQ,85.2,42,40,26,12,11.33,2094581232.1554794,190763326.0,0.0715,-35.84,682620,1212536,922840,0.025
3327,NNN,Real Estate,REIT - Retail,NYSE,85.19,42,56,66,59,40.27,7790662993.29784,190248177.0,0.0448,-19.46,2834270,2144373,1814432,0.077
3328,FWRD,Industrials,Integrated Freight & Logistics,NASDAQ,85.19,42,37,9,36,16.32,537453509.2654495,33780862.0,0.096499994,-47.66,522150,551820,553110,0.088
3329,SIGIP,Financial Services,Insurance - Property & Casualty,NASDAQ,85.18,42,36,38,35,15.0,,,0.06,-19.35,11149,9233,7923,0.045
3330,WEA,Financial Services,Asset Management,NYSE,85.17,42,46,44,46,9.79,116876164.52636719,11865600.0,0.46,-14.27,38639,42796,36699,0.024
3331,ELS,Real Estate,REIT - Residential,NYSE,85.13,42,39,52,52,58.5,11304264056.75,194064619.0,0.0642,-15.22,1885380,1680226,1526052,0.064
3332,TAC,Utilities,Utilities - Independent Power Producers,NYSE,85.13,42,32,48,52,12.89,3906305120.6588745,316300000.0,0.0433,-27.91,1336770,1843170,1844468,0.125
3333,PPLC,Utilities,Utilities - Regulated Electric,NYSE,85.13,42,35,35,43,45.86,,,,-12.76,301126,168048,189353,0.042
3334,SR,Utilities,Utilities - Regulated Gas,NYSE,85.13,42,54,37,68,77.99,4583607108.899391,59112807.0,0.0668,-18.17,443780,529563,505044,0.192
3335,TSLA,Consumer Cyclical,Auto Manufacturers,NASDAQ,85.12,42,32,45,62,375.0,1463662754278.7854,3949547394.0,0.0195,-24.82,36746770,38162436,36399732,0.255
3336,BLLN,Healthcare,Diagnostics & Research,NASDAQ,85.11,42,61,86,20,95.41,4997107396.201706,47187038.0,0.1004,-36.58,587720,625860,712124,0.644
3337,XEL,Utilities,Utilities - Regulated Electric,NASDAQ,85.11,42,43,56,60,73.36,44598890401.51631,624634306.0,0.075,-12.91,5967930,5921203,5511098,-0.051
3338,ORLY,Consumer Cyclical,Auto Parts,NASDAQ,85.08,42,30,27,36,86.01,68680772475.17621,808960792.0,0.032,-18.26,5420650,6171120,5741992,0.081
3339,ABOS,Healthcare,Biotechnology,NASDAQ,85.07,42,89,66,93,2.1,147527258.6413145,72317285.0,0.0556,-41.67,747950,507216,448718,
3340,AGX,Industrials,Engineering & Construction,NYSE,85.07,42,51,95,97,398.66,5385074066.471008,14029842.0,0.0952,-50.52,334630,420026,367754,0.615
3341,UTG,Financial Services,Asset Management,NYSE ARCA,85.04,42,45,57,71,36.19,3249611052.3620605,92109160.0,0.0017,-17.56,408413,370777,327798,-0.038
3342,NGS,Energy,Oil & Gas Equipment & Services,NYSE,85.04,42,61,84,86,33.18,427836089.8325348,12898285.0,0.0378,-25.62,104750,110160,118272,0.242
3343,WDFC,Basic Materials,Specialty Chemicals,NASDAQ,85.04,42,34,78,51,203.9,2724750967.2611084,13421096.0,0.057600003,-31.78,113420,120220,112498,0.243
3344,CMRC,Technology,Software - Application,NASDAQ,85.04,42,36,28,13,3.22,269291720.75,82858991.0,0.097200006,-41.93,650880,1088443,1177924,0.001
3345,PHK,Financial Services,Asset Management,NYSE,85.03,42,44,53,50,4.19,776834367.8517342,187189000.0,1.07,-16.2,1873826,1480022,1178715,0.199
3346,BGSF,Industrials,Staffing & Employment Services,NYSE,85.01,42,57,67,90,4.77,52544444.61480141,10679765.0,0.0034,-29.33,11390,10243,8860,-0.051
3347,IRMD,Healthcare,Medical Devices,NASDAQ,85.0,42,31,72,80,85.88,1092009050.9113998,12786991.0,0.0844,-20.41,142000,130133,131008,0.003
3348,AXS,Financial Services,Insurance - Specialty,NYSE,84.98,42,45,66,53,97.5,6923043956.552025,72966317.0,0.0274,-18.74,736780,661513,657662,0.074
3349,DSL,Financial Services,Asset Management,NYSE,84.98,42,41,40,44,9.9,1141128110.5705404,114571095.0,0.0011999999,-19.77,940328,746649,653815,
3350,FFC,Financial Services,Asset Management,NYSE,84.96,42,47,52,51,14.62,719777746.0237503,48177896.0,1.01,-14.0,162755,134338,117783,0.012
3351,FLC,Financial Services,Asset Management,NYSE,84.96,42,43,46,51,15.45,164172087.70551968,10456821.0,2.9288,-14.59,44053,37861,28972,0.008
3352,AIRJ,Industrials,Building Products & Equipment,NASDAQ,84.93,42,71,57,19,3.69,287521790.07596207,73347394.0,0.1376,-45.33,816030,869736,1267086,
3353,GD,Industrials,Aerospace & Defense,NYSE,84.92,42,56,62,51,329.9,89308223506.73996,270557195.0,0.0111,-17.53,1431490,1275646,1113450,0.081
3354,WAL,Financial Services,Banks - Regional,NYSE,84.89,42,44,49,48,75.5,8333123692.665527,109100864.0,0.0,-22.35,1319340,1185096,1081312,0.136
3355,ES,Utilities,Utilities - Regulated Electric,NYSE,84.89,42,55,63,54,65.69,24295521633.0,376674754.0,0.0317,-14.21,2857460,2495810,2397232,0.023
3356,UPC,Healthcare,Drug Manufacturers - Specialty & Generic,NASDAQ,84.89,42,75,79,21,4.18,22609755.0,5024390.0,0.0152,-76.73,61200,242323,980398,-0.013
3357,DGICB,Financial Services,Insurance - Property & Casualty,NASDAQ,84.85,42,93,91,71,18.0,618036031.1401176,37119282.0,0.0069,-39.98,4440,2446,2896,-0.024
3358,EHI,Financial Services,Asset Management,NYSE,84.85,42,40,44,50,5.35,165133588.12078285,30299742.0,0.00090000004,-18.57,159799,162949,154129,0.025
3359,CCL,Consumer Cyclical,Travel Services,NYSE,84.84,42,24,32,64,26.13,34637157230.79684,1344610129.0,0.038399998,-23.21,30345350,25107966,21920810,0.035
3360,KYIV,Communication Services,Telecom Services,NASDAQ,84.84,42,70,80,44,12.2,2888354189.0850677,230883624.0,0.0521,-26.28,400330,386876,381070,0.194
3361,HIO,Financial Services,Asset Management,NYSE,84.84,42,41,49,53,3.24,312876413.72225285,95099215.0,0.39,-16.71,632945,551928,469325,-0.017
3362,TCBI,Financial Services,Banks - Regional,NASDAQ,84.83,42,58,61,72,90.58,4076156930.3112717,43474369.0,0.1454,-16.84,665910,536926,479430,0.086
3363,FGBI,Financial Services,Banks - Regional,NASDAQ,84.83,42,62,68,68,8.48,137439878.08008003,16539094.0,0.074200004,-23.01,22290,23200,21284,1.768
3364,AIR,Industrials,Aerospace & Defense,NYSE,84.83,42,84,88,88,101.58,4120308655.474098,40194211.0,0.041100003,-34.04,926180,571050,494968,0.241
3365,GTY,Real Estate,REIT - Retail,NYSE,84.82,42,64,75,77,27.9,1746502159.0508995,61932699.0,0.1535,-24.25,724420,690970,610588,0.109
3366,GSK,Healthcare,Drug Manufacturers - General,NYSE,84.82,42,45,60,85,46.54,94225319432.59268,2003515243.0,0.0073,-24.57,5280760,3711850,3549388,0.053
3367,JRS,Financial Services,Asset Management,NYSE,84.81,42,56,65,58,7.21,214382137.0243206,28892471.0,0.0007,-18.99,91349,61583,56429,-0.064
3368,TCMD,Healthcare,Medical Devices,NASDAQ,84.79,42,43,93,90,22.12,500615529.24116135,22652286.0,0.1263,-41.44,241570,276306,320422,0.086
3369,CCU,Consumer Defensive,Beverages - Brewers,NYSE,84.78,42,43,32,30,11.09,1960625511.7700195,185139328.0,0.030299999,-27.8,122875,132868,125951,0.048
3370,JFU,Technology,Information Technology Services,NASDAQ,84.77,42,23,19,72,2.74,31317069.450513363,11773334.0,0.0044,-71.1,4190,4413,165252,-0.176
3371,LBRT,Energy,Oil & Gas Equipment & Services,NYSE,84.75,42,56,90,94,18.85,3151226155.806381,163191416.0,0.14729999,-45.33,4510940,3789646,3909320,0.14
3372,CNP,Utilities,Utilities - Regulated Electric,NYSE,84.74,42,39,60,62,38.42,24893040286.596436,658720288.0,0.0907,-15.11,7165130,6752260,6503414,0.107
3373,DNLI,Healthcare,Biotechnology,NASDAQ,84.72,42,70,83,81,18.67,3196948060.0,159847403.0,0.11310001,-31.61,2010520,1743723,1550708,
3374,ELUT,Healthcare,Medical Devices,NASDAQ,84.7,42,22,26,49,0.83,34501309.47308123,44289230.0,0.0002,-40.07,834160,309900,206786,-0.116
3375,NPCT,Financial Services,Asset Management,NYSE,84.67,42,45,39,56,8.99,263108239.030838,28755000.0,0.008,-18.3,119021,105103,103866,
3376,PAXS,Financial Services,Asset Management,NYSE,84.67,42,42,49,44,13.24,631365296.1883545,47152000.0,0.27,-20.05,270235,308551,263851,
3377,EXE,Energy,Oil & Gas E&P,NASDAQ,84.65,42,44,28,32,88.86,19798203258.137154,231503789.0,0.0414,-29.82,2945550,3090476,2937362,-0.106
3378,EFC,Real Estate,REIT - Mortgage,NYSE,84.64,42,59,63,50,11.64,1493804823.4066544,128887386.0,0.0752,-17.56,2038760,1530863,1370944,0.338
3379,CDE,Basic Materials,Gold,NYSE,84.64,42,78,37,91,16.87,18153331907.829567,1027934998.0,0.050100002,-39.25,35928290,34947296,37125332,1.259
3380,XLO,Healthcare,Biotechnology,NASDAQ,84.63,42,58,38,25,9.01,59287180.0360775,6580153.0,0.0701,-28.41,7840,9976,10888,1.312
3381,MDGL,Healthcare,Biotechnology,NASDAQ,84.63,42,71,79,81,476.91,11538200383.383606,23104126.0,0.114700004,-22.45,266520,235296,294958,0.712
3382,FBK,Financial Services,Banks - Regional,NYSE,84.63,42,54,63,54,52.91,2669832040.447296,49978138.0,0.060300004,-15.55,490680,571806,461994,1.302
3383,HRI,Industrials,Rental & Leasing Services,NYSE,84.62,42,63,79,21,123.86,4625908743.040527,33431444.0,0.0975,-34.24,601170,789376,622598,0.202
3384,MFM,Financial Services,Asset Management,NYSE,84.61,41,39,57,53,4.93,201407510.09085798,41187631.0,0.11,-13.05,867074,537608,431838,0.002
3385,FEDU,Consumer Defensive,Education & Training Services,NYSE,84.61,41,31,24,36,10.41,21144446.162670135,2261438.0,0.0078,-29.33,5600,2060,2330,-0.062
3386,JHI,Financial Services,Asset Management,NYSE,84.6,41,42,47,51,12.01,106508585.12862396,8744547.0,0.0004,-15.84,27859,26819,22101,0.022
3387,DORM,Consumer Cyclical,Auto Parts,NASDAQ,84.58,41,46,69,26,121.67,3651881478.6297607,29675618.0,0.0796,-25.81,268600,218343,260130,0.007
3388,DAIO,Technology,Electronic Components,NASDAQ,84.58,41,22,75,28,2.85,30978968.65828085,10395627.0,0.0007,-36.53,20780,22233,31268,-0.134
3389,TGS,Energy,Oil & Gas Integrated,NYSE,84.57,41,55,64,66,26.39,3765310856.5786667,150552212.0,0.0078,-27.4,247920,231943,228566,0.154
3390,NVST,Healthcare,Medical Instruments & Supplies,NYSE,84.57,41,70,71,83,22.72,3768091306.0900955,160617709.0,0.0714,-25.31,2430030,2685376,2833120,0.071
3391,MHH,Industrials,Staffing & Employment Services,NYSE ARCA,84.56,41,44,59,31,6.66,85889955.295609,12012581.0,0.0099,-20.43,6970,7380,9894,-0.156
3392,DHF,Financial Services,Asset Management,NYSE,84.56,41,41,42,47,2.17,162202472.2073393,72736534.0,0.07,-16.86,437450,380423,364442,-0.067
3393,RKLB,Industrials,Aerospace & Defense,NASDAQ,84.55,41,30,70,93,68.4,47257182858.84357,639301732.0,0.0731,-54.7,21573220,20359146,19425914,0.62
3394,JBSS,Consumer Defensive,Packaged Foods,NASDAQ,84.55,41,48,75,73,68.39,801237278.8657608,11693481.0,0.085200004,-25.73,121860,126540,140918,0.042
3395,ISBA,Financial Services,Banks - Regional,NASDAQ,84.55,41,36,35,80,38.46,290812630.6114845,7628873.0,0.0421,-34.63,30282,53100,58144,0.083
3396,ERIC,Technology,Communication Equipment,NASDAQ,84.53,41,40,61,81,9.5,30311719114.412796,3262833072.0,0.0215,-31.01,7579300,7954436,8369002,-0.061
3397,WH,Consumer Cyclical,Lodging,NYSE,84.52,41,30,35,60,73.36,5327616516.322311,74211122.0,0.1069,-18.8,1082000,1203490,1206558,-0.055
3398,CE,Basic Materials,Chemicals,NYSE,84.51,41,34,29,84,44.81,4849804889.222786,109748926.0,0.101,-36.62,1639480,1855070,1828496,0.087
3399,CCS,Real Estate,Real Estate - Development,NYSE,84.51,41,41,63,43,56.76,1702277692.6303864,28432900.0,0.0926,-25.32,223310,270940,249936,-0.073
3400,YUMC,Consumer Cyclical,Restaurants,NYSE,84.5,41,33,32,54,41.78,13528966177.995815,338393355.0,0.0178,-28.45,1501720,1450770,1483336,0.126
3401,MOLN,Healthcare,Biotechnology,NASDAQ,84.5,41,57,39,57,3.81,149773479.95776486,38305237.0,0.16,-28.92,1080,1253,1204,
3402,OEC,Basic Materials,Specialty Chemicals,NYSE,84.49,41,30,29,28,5.82,327266425.05383015,56522699.0,0.043,-32.64,422760,414273,427170,0.074
3403,WM,Industrials,Waste Management,NYSE,84.48,41,40,56,44,210.1,81721768148.96606,399715184.0,0.0145000005,-15.33,2191540,2259893,2172764,0.04
3404,BANF,Financial Services,Banks - Regional,NASDAQ,84.46,41,39,47,44,106.9,3631352421.1211395,33598745.0,0.0416,-17.1,163440,142366,130270,0.087
3405,BAM,Financial Services,Asset Management,NYSE,84.45,41,42,35,31,45.17,71636733302.83743,1597251633.0,0.0493,-23.87,3743280,2961016,2826916,0.608
3406,BIT,Financial Services,Asset Management,NYSE,84.42,41,37,40,40,11.21,645949848.4658432,57062709.0,0.0045,-16.72,517556,461905,431715,
3407,ITRG,Basic Materials,Other Precious Metals & Mining,NYSE ARCA,84.41,41,36,22,78,2.54,535584926.082232,202873070.0,0.0235,-47.84,1537550,1814096,2220372,0.159
3408,SOMN,Utilities,Utilities - Regulated Electric,NYSE,84.41,41,34,38,46,46.04,,,0.75,-14.72,1046558,590946,374255,0.001
3409,PSF,Financial Services,Asset Management,NYSE,84.4,41,42,52,48,18.02,219634697.37303352,12028187.0,0.0025,-14.43,82877,60035,49213,
3410,PRMB,Consumer Defensive,Beverages - Non-Alcoholic,NYSE,84.4,41,42,73,28,19.34,7061521767.39234,361943705.0,0.32759997,-26.21,4684180,4727036,4682080,0.038
3411,NXP,Financial Services,Asset Management,NYSE,84.39,41,41,53,50,13.02,837478783.4961414,63015710.0,0.0005,-11.13,455906,308038,241851,0.16
3412,ENB,Energy,Oil & Gas Midstream,NYSE,84.39,41,35,72,67,46.54,102459944805.5864,2228843639.0,0.0078,-20.38,4428780,5446730,5525508,0.971
3413,LNT,Utilities,Utilities - Regulated Electric,NASDAQ,84.39,41,43,64,63,65.5,16679785161.434464,259284699.0,0.1125,-16.89,3441570,2646406,2600138,0.01
3414,ARDC,Financial Services,Asset Management,NYSE,84.38,41,42,43,35,11.38,275369334.5146179,23966000.0,0.35,-18.66,129945,108218,100367,
3415,ACGLN,Financial Services,Insurance - Diversified,NASDAQ,84.38,41,36,37,49,15.01,,,0.66,-17.12,62116,69018,57115,-0.105
3416,USLM,Basic Materials,Building Materials,NASDAQ,84.37,41,49,25,72,109.05,3184695237.914955,28688363.0,0.0937,-22.9,111610,141000,146872,0.083
3417,SGHC,Consumer Cyclical,Gambling,NYSE,84.37,41,67,82,63,11.54,5715863865.0,508076788.0,0.176,-27.24,2949130,2663140,2551870,0.181
3418,ECVT,Basic Materials,Specialty Chemicals,NYSE,84.36,41,34,69,91,10.21,1107820175.232336,109468398.0,0.048899997,-32.32,1169830,1266153,1290652,0.42
3419,MSDL,Financial Services,Asset Management,NYSE,84.36,41,39,43,30,13.57,1137942278.2015095,84105122.0,0.0546,-24.23,594171,452600,452574,-0.108
3420,VIVO,Technology,Software - Infrastructure,NASDAQ,84.35,41,80,84,35,3.22,107498341.44374251,31993555.0,0.0661,-53.06,484750,368503,422214,
3421,VGI,Financial Services,Asset Management,NYSE,84.35,41,46,45,54,6.65,76363384.5,11313094.0,0.0047,-17.29,56419,46973,43509,
3422,ADMA,Healthcare,Biotechnology,NASDAQ,84.33,41,20,12,12,10.33,2177131149.4103622,223984680.0,0.13319999,-49.51,3262020,2912673,2664516,0.02
3423,GAU,Basic Materials,Gold,NYSE ARCA,84.32,41,33,21,79,2.1,520567612.85473347,261591764.0,0.0125,-41.99,2756780,2657606,2785228,1.167
3424,WEC,Utilities,Utilities - Regulated Electric,NYSE,84.32,41,38,52,55,103.61,33103037625.67392,325849383.0,0.048299998,-13.59,2777210,2636620,2583656,0.026
3425,BKT,Financial Services,Asset Management,NYSE,84.31,41,38,41,41,9.52,312553374.44459534,32388952.0,0.0013,-16.05,216738,190376,166245,0.45
3426,WPRT,Consumer Cyclical,Auto Parts,NASDAQ,84.3,41,32,23,26,1.86,35711979.82942128,18995734.0,0.0253,-27.06,35100,50983,60764,-0.783
3427,ROP,Technology,Software - Application,NASDAQ,84.29,41,53,23,18,364.23,35042558400.051636,98900874.0,0.060500003,-30.13,754930,815890,777528,0.085
3428,MREO,Healthcare,Biotechnology,NASDAQ,84.29,41,7,9,3,0.38,60682568.9785341,159690973.0,0.023699999,-83.97,1687600,1761920,4921168,
3429,BKV,Energy,Oil & Gas E&P,NYSE,84.29,41,41,56,77,23.94,2360573959.7022247,109437830.0,0.2343,-27.03,1714050,2209113,1728474,0.188
3430,NBB,Financial Services,Asset Management,NYSE,84.29,41,43,46,51,14.12,420344944.9066038,29394751.0,0.0050999997,-15.04,88308,80986,71243,
3431,MNDY,Technology,Software - Application,NASDAQ,84.29,41,25,18,4,88.91,3331200706.210373,42274119.0,0.1714,-57.76,1130440,1130056,1296118,0.219
3432,NBHC,Financial Services,Banks - Regional,NYSE,84.28,41,59,70,62,38.18,1685510681.8970413,44285618.0,0.052800003,-19.25,679150,469990,431876,0.221
3433,HOS,Industrials,Marine Shipping,NYSE,84.27,41,67,79,83,7.63,2481930049.89624,327000000.0,3.27,-31.45,2935550,2741823,2202254,-0.113
3434,FC,Consumer Defensive,Education & Training Services,NYSE,84.27,41,47,39,71,18.25,195722818.22834587,11293873.0,0.0856,-31.93,46444,58418,64158,0.01
3435,ALLT,Technology,Software - Infrastructure,NASDAQ,84.22,41,38,41,25,8.08,415625097.4661102,49303094.0,0.0419,-32.21,235320,292603,285116,0.153
3436,MSN,Technology,Consumer Electronics,NYSE ARCA,84.22,41,84,24,47,0.4,8206633.978982449,21042652.0,0.0219,-52.94,171880,353756,306830,-0.371
3437,SO,Utilities,Utilities - Regulated Electric,NYSE,84.21,41,38,51,50,86.15,96308388917.77167,1150362966.0,0.0252,-14.57,6770920,6389120,6114262,0.001
3438,WPC,Real Estate,REIT - Diversified,NYSE,84.21,41,48,61,66,63.13,14698744268.313866,227816879.0,0.048299998,-18.25,1760730,1620973,1407488,0.184
3439,GMED,Healthcare,Medical Devices,NYSE,84.19,41,36,56,81,73.33,10150200493.532578,134261914.0,0.061,-27.68,1641570,1532153,1468944,0.059
3440,VUZI,Technology,Consumer Electronics,NASDAQ,84.17,41,31,25,37,2.54,251554407.01007366,84414230.0,0.23719999,-54.8,1177490,860533,956066,-0.141
3441,GDO,Financial Services,Asset Management,NYSE,84.15,40,36,39,52,9.59,73314159.75,7519401.0,0.17,-21.0,65290,54950,54184,
3442,PHUN,Technology,Software - Application,NASDAQ,84.15,40,42,31,30,2.06,40925350.0,20462675.0,0.026400002,-34.23,55970,82930,84716,0.756
3443,GOODN,Real Estate,REIT - Diversified,NASDAQ,84.14,40,53,55,45,20.02,,,0.09,-16.27,6132,4064,3312,0.113
3444,MDU,Utilities,Utilities - Regulated Gas,NYSE,84.12,40,45,60,70,18.81,3914603504.547119,210349456.0,0.10609999,-18.15,1955640,1962546,1785906,0.069
3445,NRDS,Communication Services,Internet Content & Information,NASDAQ,84.12,40,33,27,46,9.79,551656998.9354267,63923174.0,0.1858,-39.72,751300,731396,748538,0.056
3446,DFP,Financial Services,Asset Management,NYSE,84.12,40,43,53,53,18.71,392278424.5346775,20538137.0,0.04,-15.38,99751,90360,71626,
3447,LDP,Financial Services,Asset Management,NYSE,84.11,40,43,54,51,18.92,565009292.3342743,29079222.0,0.0014,-14.2,109368,91839,83763,
3448,OZKAP,Financial Services,Banks - Regional,NASDAQ,84.1,40,37,46,47,14.89,,,0.11,-16.44,47370,47973,37748,-0.021
3449,HBANP,Financial Services,Banks - Regional,NASDAQ,84.09,40,42,36,43,15.18,,,0.71,-18.39,94265,84235,68655,0.476
3450,NUV,Financial Services,Asset Management,NYSE,84.09,40,40,54,52,8.24,1718444351.1804152,207541595.0,0.0011,-11.02,1963514,1205381,918276,0.062
3451,EMD,Financial Services,Asset Management,NYSE,84.07,40,54,59,64,9.22,539450495.5174971,58130443.0,0.0025,-18.41,275878,230956,199681,-0.04
3452,SBI,Financial Services,Asset Management,NYSE,84.05,40,41,52,52,7.0,98717038.38318634,14082316.0,0.69,-12.61,109861,70960,62104,-0.021
3453,COCH,Healthcare,Medical Devices,NASDAQ,84.05,40,30,26,19,0.66,52337933.34868193,77194595.0,0.0114,-65.08,67510,59166,80656,-0.346
3454,HIX,Financial Services,Asset Management,NYSE,84.04,40,51,51,52,3.48,318846766.4241133,90069709.0,1.39,-20.73,492423,399844,382448,-0.026
3455,POR,Utilities,Utilities - Regulated Electric,NYSE,84.04,40,54,67,71,45.35,5239424727.272415,117607740.0,0.0731,-16.97,2135640,1470360,1319666,0.009
3456,GROY,Basic Materials,Gold,NYSE ARCA,84.04,40,37,17,78,3.03,685503333.5735042,230809201.0,0.042,-44.45,1279410,1683123,2011710,0.761
3457,BMEA,Healthcare,Biotechnology,NASDAQ,84.04,40,82,17,85,1.37,91820287.42099762,72299440.0,0.2224,-54.18,1383960,1958196,1738436,
3458,GBR,Real Estate,Real Estate Services,NYSE ARCA,84.03,40,41,22,28,0.72,3951589.082116127,5131934.0,0.0049,-45.04,148610,98790,69864,0.025
3459,PCN,Financial Services,Asset Management,NYSE,84.03,40,43,39,39,10.76,822761161.3378525,75691000.0,0.73,-20.24,619584,544171,467732,0.271
3460,CASY,Consumer Cyclical,Specialty Retail,NASDAQ,84.03,40,31,82,83,642.28,22832513126.85913,36960167.0,0.045500003,-30.78,597230,702226,532504,0.243
3461,BKD,Healthcare,Medical Care Facilities,NYSE,84.03,40,66,85,89,10.89,2593555274.7286034,238817252.0,0.1912,-36.28,5189200,4593226,4864340,-0.089
3462,GFI,Basic Materials,Gold,NYSE,84.02,40,74,25,86,35.86,31733733589.49984,890896534.0,0.0076,-41.82,4497120,3796303,3819254,0.789
3463,CMPR,Industrials,Specialty Business Services,NASDAQ,84.02,40,70,92,84,74.28,1827184701.332611,24349476.0,0.1512,-30.31,211130,194630,205434,0.087
3464,EVI,Industrials,Industrial Distribution,NYSE ARCA,84.0,40,20,15,33,19.06,248426894.0706482,12878532.0,0.026600001,-40.12,54820,57386,81314,0.108
3465,MMD,Financial Services,Asset Management,NYSE,83.99,40,39,54,53,13.65,258029679.92172432,18779453.0,0.28,-13.72,147994,98414,82976,0.07
3466,NRGV,Utilities,Utilities - Renewable,NYSE,83.99,40,83,90,97,3.31,716447916.2049437,181839570.0,0.2001,-50.19,3349690,3888586,4470118,1.041
3467,DOLE,Consumer Defensive,Farm Products,NYSE,83.97,40,38,41,58,13.02,1204349789.25,94458807.0,0.049200002,-21.42,858110,971216,1036388,0.029
3468,PFN,Financial Services,Asset Management,NYSE,83.96,40,47,54,48,6.3,626512475.0785828,98819000.0,1.03,-17.65,603944,581371,484116,0.14
3469,XIFR,Utilities,Utilities - Renewable,NYSE,83.96,40,67,78,54,10.34,979777032.3753357,94300000.0,0.0515,-21.96,1059410,866110,828418,0.061
3470,RCI,Communication Services,Telecom Services,NYSE,83.96,40,40,40,49,31.04,16655145279.524082,540225278.0,14.08,-24.55,1599300,1294566,1214484,0.077
3471,USAS,Basic Materials,Other Industrial Metals & Mining,NYSE ARCA,83.96,40,68,31,96,4.24,1494656679.6793785,338157614.0,0.0659,-59.62,3426640,3795073,4327842,0.721
3472,ARES,Financial Services,Asset Management,NYSE,83.94,40,40,30,18,116.26,26736472304.265152,227447653.0,0.1499,-35.84,2106350,2152413,2229042,0.096
3473,FLNT,Communication Services,Advertising Agencies,NASDAQ,83.93,40,86,84,86,2.82,94189116.88285732,31607086.0,0.0033000002,-37.19,43290,37720,37450,0.084
3474,PERI,Communication Services,Advertising Agencies,NASDAQ,83.93,40,54,34,60,8.74,351074556.5,41302889.0,0.0347,-22.45,271660,518530,449922,-0.046
3475,SHMD,Industrials,Specialty Industrial Machinery,NASDAQ,83.93,40,18,51,90,3.97,304535461.21916294,66637954.0,0.0626,-62.72,2703560,1248123,1023094,-0.375
3476,RDY,Healthcare,Drug Manufacturers - Specialty & Generic,NYSE,83.92,40,25,34,35,12.2,10204110656.25,832988625.0,0.0422,-22.14,3661690,3120743,2854604,-0.056
3477,FIEE,Technology,Communication Equipment,NASDAQ,83.91,40,64,28,99,3.65,31299955.31068039,8528598.0,0.0101,-65.53,4270,14580,226842,106.246
3478,NIPG,Communication Services,Entertainment,NASDAQ,83.89,40,10,1,7,11.35,82638443.02642822,7478592.0,0.32,-78.98,5560,19473,33324,0.423
3479,AGI,Basic Materials,Gold,NYSE,83.88,40,39,19,87,32.22,13587900550.656166,418604465.0,1.83,-41.85,3230270,3475436,4172128,0.356
3480,VRDN,Healthcare,Biotechnology,NASDAQ,83.88,40,63,53,15,18.34,2197869975.382429,113292269.0,0.17809999,-46.52,1994070,1724766,1719024,2.787
3481,ARL,Real Estate,Real Estate Services,NYSE,83.87,40,50,79,43,15.6,259078784.50763702,16152043.0,0.0215,-36.17,3095,4961,6617,0.09
3482,AUNA,Healthcare,Medical Care Facilities,NYSE,83.86,40,49,30,39,5.1,374724995.20246315,74056324.0,0.0292,-24.67,112070,115430,156618,0.132
3483,MAX,Communication Services,Internet Content & Information,NYSE,83.85,40,65,86,40,10.68,509626333.757411,52975711.0,0.1009,-27.35,1112040,847810,819178,0.259
3484,SLDB,Healthcare,Biotechnology,NASDAQ,83.83,40,90,90,94,6.82,734492870.0742044,107225238.0,0.18129998,-40.44,1333040,1230003,1093866,
3485,PEP,Consumer Defensive,Beverages - Non-Alcoholic,NASDAQ,83.82,40,36,34,59,128.34,171826197403.5563,1364891558.0,0.0211,-25.16,10323860,9389823,8367890,0.064
3486,NRK,Financial Services,Asset Management,NYSE,83.79,40,43,62,59,9.22,816522415.4901352,87235304.0,0.0083,-15.41,707322,504144,411952,-0.018
3487,BCO,Industrials,Security & Protection Services,NYSE,83.78,40,53,53,57,102.36,4192228776.074524,41181028.0,0.2051,-24.94,449820,432820,440490,0.071
3488,QNCX,Healthcare,Biotechnology,NASDAQ,83.76,40,30,3,0,29.36,29698240.37595749,1017063.0,0.0496,-96.77,26730,22653,25746,
3489,TXRH,Consumer Cyclical,Restaurants,NASDAQ,83.75,40,65,62,29,162.76,10249174145.575958,65640926.0,0.029000001,-24.75,1474030,1174933,1029690,0.111
3490,YUM,Consumer Cyclical,Restaurants,NYSE,83.75,40,37,43,58,143.0,37147294357.67517,272901085.0,0.041199997,-15.95,2144870,2227633,2386634,0.122
3491,JHS,Financial Services,Asset Management,NYSE,83.75,40,40,39,43,10.12,120425690.67712784,11646585.0,0.81,-16.29,14635,12535,11897,-0.013
3492,HCAT,Healthcare,Health Information Services,NASDAQ,83.74,40,25,78,6,1.75,131698666.75,75256381.0,0.033099998,-51.59,327540,416453,644986,-0.127
3493,PMM,Financial Services,Asset Management,NYSE,83.74,40,41,61,53,5.63,242008697.13491106,42833397.0,0.001,-14.7,309369,182659,148495,
3494,TVGN,Healthcare,Biotechnology,NASDAQ,83.73,40,9,5,2,7.06,45450549.32419777,6511540.0,0.0215,-81.9,7070,7696,8378,
3495,OC,Industrials,Building Products & Equipment,NYSE,83.73,40,63,71,33,117.2,9356202168.127487,79048683.0,0.0342,-26.71,1184110,1166460,1026368,0.003
3496,BHFAP,Financial Services,Insurance - Life,NASDAQ,83.71,40,34,36,47,13.39,,,0.71,-25.4,46693,41684,40694,0.867
3497,PHM,Consumer Cyclical,Residential Construction,NYSE,83.69,40,33,54,59,113.53,22044986272.140038,190486353.0,0.0617,-21.43,1801650,1678226,1518116,-0.096
3498,AMTX,Basic Materials,Specialty Chemicals,NASDAQ,83.69,40,63,16,77,1.73,124131703.74478865,72169594.0,0.1372,-54.47,586640,756156,789688,0.2
3499,MGIH,Consumer Cyclical,Packaging & Containers,NASDAQ,83.69,40,39,65,30,1.46,16762500.10728836,11250000.0,0.0324,-41.13,14400,13880,347808,-0.233
3500,INKT,Healthcare,Biotechnology,NASDAQ,83.68,40,39,19,68,11.0,63481342.738695145,5103002.0,0.0224,-35.02,26810,18126,14436,
3501,FERG,Industrials,Industrial Distribution,NYSE,83.65,39,42,36,72,216.73,43203795641.832504,193452717.0,0.0337,-20.21,1517430,1417566,2632316,0.046
3502,MUC,Financial Services,Asset Management,NYSE,83.64,39,42,57,53,9.69,917351388.4630108,94183923.0,0.0028,-13.17,1009667,722229,587413,0.073
3503,LADR,Real Estate,REIT - Mortgage,NYSE,83.62,39,37,37,43,8.85,1093578897.3414183,126865303.0,0.0542,-22.91,1759320,1401853,1271242,0.022
3504,BBN,Financial Services,Asset Management,NYSE,83.62,39,38,48,52,14.35,891048056.5943947,61792514.0,0.0034999999,-17.77,319887,265669,212753,
3505,HTD,Financial Services,Asset Management,NYSE,83.61,39,55,62,62,22.31,788358106.25,35431825.0,0.003,-15.33,119037,84155,70981,0.055
3506,TECX,Healthcare,Biotechnology,NASDAQ,83.61,39,76,89,89,22.75,440642727.5379791,19549366.0,0.22950001,-42.45,321240,251543,235010,
3507,TSN,Consumer Defensive,Farm Products,NYSE,83.59,39,35,44,66,52.34,18254980242.957397,351801512.0,0.0344,-24.67,3111100,3622013,3410842,-0.001
3508,ZIONP,Financial Services,Banks - Regional,NASDAQ,83.57,39,33,31,31,17.4,,,0.28,-21.87,4202,5585,5140,0.352
3509,DUOT,Technology,Software - Application,NASDAQ,83.57,39,28,40,49,7.8,286714455.084775,31472499.0,0.2401,-48.95,606490,684890,945674,0.295
3510,ENTA,Healthcare,Biotechnology,NASDAQ,83.54,39,68,73,91,12.1,376855805.90925217,29078380.0,0.106800005,-29.45,336000,277010,251620,-0.216
3511,REYN,Consumer Cyclical,Packaging & Containers,NASDAQ,83.54,39,37,73,35,21.98,4704854653.911697,210790982.0,0.1181,-19.55,1387680,1572726,1432250,0.006
3512,NUW,Financial Services,Asset Management,NYSE,83.53,39,39,51,54,12.98,239470824.9791565,17951336.0,0.00090000004,-11.7,136804,102308,79460,
3513,DMC,Consumer Defensive,Farm Products,NYSE,83.53,39,38,21,75,29.6,1398828291.656971,47146218.0,0.1066,-32.08,395320,430916,399454,0.031
3514,UTSI,Technology,Communication Equipment,NASDAQ,83.51,39,25,42,45,2.26,21266806.49054289,9494110.0,0.0013,-37.74,2800,14243,11612,-0.273
3515,MNR,Energy,Oil & Gas E&P,NYSE,83.51,39,56,65,61,10.67,1717895880.8914356,166948094.0,0.0208,-28.96,485140,1023533,745334,0.636
3516,AERO,Industrials,Airlines,NYSE,83.49,39,29,25,20,15.78,2245453514.60196,145903409.0,0.0078,-31.54,342290,370360,332012,0.126
3517,ISRG,Healthcare,Medical Instruments & Supplies,NASDAQ,83.48,39,20,21,31,415.41,140427081367.6112,358278038.0,0.0231,-31.21,1969560,2240940,2413604,0.185
3518,LGIH,Consumer Cyclical,Residential Construction,NASDAQ,83.48,39,36,84,23,44.98,1119171799.8903809,23248272.0,0.2143,-32.11,328790,312646,319012,0.057
3519,CMI,Industrials,Specialty Industrial Machinery,NYSE,83.46,39,57,87,89,520.4,72730902780.12482,137664487.0,0.0304,-29.46,1021220,1124993,1055642,0.094
3520,AAL,Industrials,Airlines,NASDAQ,83.45,39,37,78,46,12.8,8565890888.166354,661969951.0,0.1393,-31.88,61260320,67336083,62201804,0.163
3521,PENN,Consumer Cyclical,Resorts & Casinos,NASDAQ,83.44,39,40,84,47,15.76,1980163610.440815,134066591.0,0.16620001,-29.52,3566760,3159823,2938954,0.052
3522,BHFAN,Financial Services,Insurance - Life,NASDAQ,83.44,39,34,36,43,10.95,,,0.8,-24.22,53754,65494,68622,0.867
3523,SLM,Financial Services,Credit Services,NASDAQ,83.42,39,66,50,23,22.67,4277000000.0,188000000.0,0.109799996,-27.01,2424520,2118040,2054918,0.081
3524,SUI,Real Estate,REIT - Residential,NYSE,83.42,39,32,36,53,111.8,13489455987.75,121800957.0,0.0633,-18.9,1198860,1188693,1514756,0.002
3525,TJX,Consumer Cyclical,Apparel Retail,NYSE,83.42,39,22,52,66,138.75,145944550357.02936,1099974061.0,0.0168,-18.38,8294930,8932440,8028226,0.054
3526,LFS,Communication Services,Entertainment,NASDAQ,83.41,39,21,26,9,2.23,55983727.40435815,26160619.0,0.0121,-82.15,388000,170006,1078012,0.1
3527,BHK,Financial Services,Asset Management,NYSE,83.39,39,43,41,42,8.18,590071915.590271,72224224.0,0.011,-19.17,503910,410086,365480,0.173
3528,WCN,Industrials,Waste Management,NYSE,83.39,39,39,48,28,154.69,38696382954.628174,251569244.0,0.0156,-13.94,1656200,1298060,1238180,0.064
3529,NMFC,Financial Services,Asset Management,NASDAQ,83.39,39,30,25,34,6.81,655499592.0046091,94452390.0,0.040599998,-30.79,638550,527946,527876,-0.264
3530,BOH,Financial Services,Banks - Regional,NYSE,83.39,39,61,74,74,67.71,2733123386.7227783,39450396.0,0.0001,-21.55,563730,428376,381060,0.129
3531,DHI,Consumer Cyclical,Residential Construction,NYSE,83.38,39,28,54,55,135.82,37759671045.0,279701267.0,0.0466,-22.85,3496280,2907373,2528524,0.0
3532,STE,Healthcare,Medical Devices,NYSE,83.37,39,36,31,30,210.76,20332672284.79721,97500110.0,0.0287,-21.78,609790,651310,681166,0.073
3533,ZDGE,Communication Services,Internet Content & Information,NYSE ARCA,83.33,39,57,33,34,2.93,47055234.0,15685078.0,0.0064,-37.66,70310,95596,83338,0.03
3534,REFI,Real Estate,REIT - Mortgage,NASDAQ,83.29,39,37,34,45,9.64,257748739.5110607,25621146.0,0.056799997,-28.54,218860,217533,202616,-0.075
3535,DAIC,Technology,Information Technology Services,NASDAQ,83.29,39,13,1,2,2.63,6522369.840821266,2337767.0,0.044,-96.78,418920,6056683,9868276,-0.902
3536,RFM,Financial Services,Asset Management,NYSE,83.27,39,46,61,54,12.81,79491087.0,6114699.0,0.68,-14.77,31590,24780,19044,
3537,TG,Industrials,Metal Fabrication,NYSE,83.26,39,34,30,63,7.13,244824129.96670628,34825622.0,0.035099998,-32.29,155840,165276,172368,0.208
3538,SMRT,Technology,Software - Application,NYSE,83.26,39,23,16,80,1.16,231405691.99523568,192838069.0,0.0464,-47.27,560690,721580,1022262,0.04
3539,BHFAO,Financial Services,Insurance - Life,NASDAQ,83.25,39,34,36,47,13.7,,,0.1,-24.64,42430,40583,43354,0.867
3540,THRM,Consumer Cyclical,Auto Parts,NASDAQ,83.24,39,70,70,31,29.93,962131271.2479897,30739019.0,0.0915,-38.1,3137480,1268516,913684,0.11
3541,PGZ,Financial Services,Asset Management,NYSE,83.22,39,45,58,57,8.8,61050282.43391991,6694110.0,0.0014,-16.82,22447,20409,20025,
3542,MRTN,Industrials,Trucking,NASDAQ,83.22,39,59,86,74,12.79,1089366676.9205818,81661669.0,0.09810001,-30.79,765900,728543,677378,-0.028
3543,PUMP,Energy,Oil & Gas Equipment & Services,NYSE,83.22,39,73,93,96,9.04,1138577766.8143272,122823917.0,0.1681,-51.14,3831300,3830703,3480590,-0.062
3544,MLP,Real Estate,Real Estate Services,NYSE,83.2,39,34,40,41,15.17,311987325.80756664,19859155.0,0.0398,-23.85,18140,16296,18474,-0.196
3545,GRBK,Consumer Cyclical,Residential Construction,NYSE,83.2,39,40,63,52,63.64,2867093152.869873,43010696.0,0.00029999999,-23.49,362740,405353,344228,-0.087
3546,OZK,Financial Services,Banks - Regional,NASDAQ,83.2,39,51,59,54,44.86,5093147036.953079,109037618.0,0.16319999,-15.98,1890350,1364690,1189090,-0.021
3547,RLTY,Financial Services,Asset Management,NYSE,83.17,39,49,61,59,13.51,231270873.70418167,16722406.0,0.44,-17.67,91569,63436,55883,
3548,IQI,Financial Services,Asset Management,NYSE,83.16,39,50,60,54,8.85,472781122.98907566,52883797.0,0.0124,-15.07,368312,272190,225758,0.009
3549,NTLA,Healthcare,Biotechnology,NASDAQ,83.16,39,57,30,78,12.6,1717953288.2524548,140126693.0,0.41970003,-55.4,6371950,4749060,4239906,-0.462
3550,VELO,Technology,Computer Hardware,NASDAQ,83.16,39,84,76,75,8.98,360070115.4680424,32149118.0,0.29459998,-71.72,1927520,1248313,1442880,0.523
3551,PSHG,Industrials,Marine Shipping,NASDAQ,83.15,39,27,28,54,1.67,21010347.731373787,12432158.0,0.0344,-35.27,50310,61773,52404,0.91
3552,EVV,Financial Services,Asset Management,NYSE ARCA,83.15,39,38,40,43,8.42,979595203.2624817,116203460.0,0.37,-17.69,974398,682619,589163,-0.034
3553,MDAI,Healthcare,Medical Devices,NASDAQ,83.13,39,30,24,59,1.64,52827814.0377599,31823985.0,0.0767,-44.78,126300,119513,144878,-0.304
3554,DSWL,Technology,Electronic Components,NASDAQ,83.13,39,38,68,60,3.1,48767682.66954589,15885239.0,0.0004,-23.65,7600,9803,8636,-0.134
3555,ATAT,Consumer Cyclical,Lodging,NASDAQ,83.12,39,32,30,65,31.61,4457878579.579468,138185952.0,0.026400002,-26.78,950590,904310,936924,0.414
3556,EXC,Utilities,Utilities - Regulated Electric,NASDAQ,83.12,39,39,48,53,41.73,41962243604.297165,1030253967.0,0.037100002,-17.61,9960390,8406490,7730790,0.099
3557,BTU,Energy,Thermal Coal,NYSE,83.11,39,70,34,71,25.0,3024338934.8983765,121900000.0,0.13939999,-39.23,1801600,2395790,2297676,0.127
3558,PFL,Financial Services,Asset Management,NYSE,83.1,39,40,43,48,6.97,348588180.952549,49941000.0,1.23,-19.89,360704,302118,238022,-0.092
3559,HBANM,Financial Services,Banks - Regional,NASDAQ,83.09,38,37,36,42,19.2,,,0.03,-18.68,35754,24608,21194,0.476
3560,VHC,Technology,Software - Infrastructure,NASDAQ,83.07,38,18,14,31,12.3,43974172.39921951,4196009.0,0.0377,-57.59,31580,102306,71472,
3561,BFS,Real Estate,REIT - Retail,NYSE,83.06,38,39,67,62,29.72,745467762.3884697,24717101.0,0.0007,-22.64,135710,136706,122592,0.084
3562,CLDX,Healthcare,Biotechnology,NASDAQ,83.06,38,87,85,87,29.3,2485459657.843361,78529532.0,0.1353,-35.09,2094970,1793280,1429132,-0.97
3563,MAMA,Consumer Defensive,Packaged Foods,NASDAQ,83.06,38,69,89,86,13.4,609616788.5582657,47147469.0,0.083000004,-36.19,695450,809346,681196,0.55
3564,AQB,Consumer Defensive,Farm Products,NASDAQ,83.04,38,61,31,51,0.97,4761163.761359453,5147204.0,0.026199998,-55.81,60720,77730,634000,
3565,BMA,Financial Services,Banks - Regional,NYSE,83.04,38,64,86,61,65.9,4127264581.6264343,63939030.0,0.0208,-37.92,403590,294846,310182,0.012
3566,BFRI,Healthcare,Drug Manufacturers - Specialty & Generic,NASDAQ,83.03,38,96,72,77,0.92,15075144.1725353,14852359.0,0.0324,-44.58,347020,642206,612804,0.329
3567,GIB,Technology,Information Technology Services,NYSE,83.02,38,31,20,21,69.68,14534623322.885193,207075407.0,14.52,-26.81,491530,437463,415858,0.025
3568,MHF,Financial Services,Asset Management,NYSE,83.02,38,38,54,49,6.21,139121149.58662987,22223825.0,0.88,-16.87,161560,103356,85722,-0.001
3569,GUG,Financial Services,Asset Management,NYSE,83.01,38,48,60,56,13.87,458423141.11909676,32980083.0,0.3,-15.74,176395,133305,123897,
3570,UDR,Real Estate,REIT - Residential,NYSE,83.0,38,37,62,31,33.57,10688460813.00309,321264222.0,0.0425,-20.07,3806070,3919140,3612258,-0.001
3571,FAX,Financial Services,Asset Management,NYSE ARCA,83.0,38,53,46,52,12.75,532545885.4519272,41282628.0,1.86,-22.11,304096,198132,171369,-0.157
3572,SPCB,Industrials,Security & Protection Services,NASDAQ,82.99,38,60,70,56,8.86,59099052.36167908,6280452.0,0.013099999,-31.16,56810,69423,79734,0.133
3573,ASM,Basic Materials,Other Precious Metals & Mining,NYSE ARCA,82.99,38,83,47,94,5.46,942696786.4473219,169855271.0,0.0432,-54.46,2535670,3456870,3816246,0.228
3574,PTY,Financial Services,Asset Management,NYSE,82.98,38,40,37,33,10.94,2449598137.1358013,221883890.0,0.54,-25.53,1858565,1773698,1601167,0.191
3575,SRTA,Healthcare,Medical Care Facilities,NASDAQ,82.98,38,63,70,50,4.47,418447994.0673704,88466806.0,0.0625,-31.23,956140,838110,942982,0.607
3576,DMO,Financial Services,Asset Management,NYSE,82.95,38,37,41,51,9.38,108900526.78862762,11427128.0,0.46,-22.35,94159,66709,59001,-0.087
3577,TTAN,Technology,Software - Application,NASDAQ,82.93,38,14,36,12,72.93,6472031258.993988,96467903.0,0.1727,-34.51,2114750,3575303,2589164,0.209
3578,BCBP,Financial Services,Banks - Regional,NASDAQ,82.91,38,36,77,68,8.31,261390487.0,30751822.0,0.0618,-29.04,329250,370583,296446,-0.808
3579,ATO,Utilities,Utilities - Regulated Gas,NYSE,82.91,38,40,48,64,160.66,26559930565.582718,168988553.0,0.028900001,-16.54,1147220,1047850,1055784,0.048
3580,STRR,Industrials,Staffing & Employment Services,NASDAQ,82.91,38,43,72,32,9.82,36008574.12443733,3689403.0,0.0029,-17.89,2490,3853,3878,0.546
3581,RITM,Real Estate,REIT - Mortgage,NYSE,82.9,38,44,30,33,8.62,4863725261.311538,558407031.0,0.0519,-29.05,8257590,6251956,5698482,0.097
3582,AMBA,Technology,Semiconductor Equipment & Materials,NASDAQ,82.88,38,46,57,28,62.89,3030277726.5037766,44140971.0,0.15630001,-34.96,1088180,1712976,1642278,0.132
3583,SACH,Real Estate,REIT - Mortgage,NYSE ARCA,82.87,38,30,24,58,0.86,43974397.338201046,47954632.0,0.0075,-40.69,122860,156030,144758,-0.913
3584,SF,Financial Services,Capital Markets,NYSE,82.87,38,64,45,64,70.11,10612401681.191711,151001734.0,0.0001,-21.95,1491130,1322883,1183928,0.127
3585,CLM,Financial Services,Asset Management,NYSE ARCA,82.87,38,34,54,54,6.46,1991467609.861846,312142253.0,12.28,-24.27,1735422,2104884,2222172,-0.338
3586,CLWT,Industrials,Pollution & Treatment Controls,NASDAQ,82.87,38,77,80,40,1.31,9931362.0073843,7411464.0,0.0023999999,-51.12,16280,14090,17014,-0.092
3587,BHFAM,Financial Services,Insurance - Life,NASDAQ,82.86,38,32,34,45,9.69,,,0.05,-24.74,85598,62959,72297,0.867
3588,CVV,Industrials,Specialty Industrial Machinery,NASDAQ,82.84,38,91,95,66,4.19,30098708.4596653,6951203.0,0.0399,-53.96,45090,91630,123034,-0.426
3589,AJG,Financial Services,Insurance Brokers,NYSE,82.83,38,60,37,19,234.05,57961263666.45813,256341000.0,0.0252,-25.25,1565460,1458883,1420286,0.309
3590,LOVE,Consumer Cyclical,"Furnishings, Fixtures & Appliances",NASDAQ,82.83,38,37,63,53,14.59,212024462.34894848,14423433.0,0.22780001,-24.19,198730,287420,251720,0.004
3591,DIBS,Communication Services,Internet Content & Information,NASDAQ,82.82,38,54,72,93,3.94,135133477.21883917,33615293.0,0.0506,-40.53,80710,108063,107102,0.053
3592,KTF,Financial Services,Asset Management,NYSE,82.81,38,39,56,55,8.0,317300002.7432518,39172838.0,0.63,-14.62,287944,306161,260038,-0.028
3593,ARE,Real Estate,REIT - Office,NYSE,82.81,38,34,27,17,45.6,8152153087.672413,172095277.0,0.0546,-45.91,2080740,1902046,2031510,-0.119
3594,CIK,Financial Services,Asset Management,NYSE ARCA,82.81,38,35,33,33,2.3,127274173.21772933,54859559.0,0.0016,-24.34,551018,533899,497099,-0.033
3595,ADBE,Technology,Software - Application,NASDAQ,82.8,38,32,19,17,241.05,94481775970.45898,397500000.0,0.0521,-33.72,4314240,5276280,4910048,0.129
3596,RIOT,Financial Services,Capital Markets,NASDAQ,82.79,38,71,76,84,16.84,7403858615.770092,375258935.0,0.1478,-44.46,16572090,16386146,19018596,0.139
3597,BMHL,Financial Services,Capital Markets,NASDAQ,82.79,38,86,93,32,3.94,114789624.90536213,25520147.0,0.0019,-37.95,7650,3556,2398,-0.315
3598,RNP,Financial Services,Asset Management,NYSE,82.77,38,42,46,50,18.15,889441496.8290386,48000079.0,0.001,-18.54,160139,132723,120941,-0.009
3599,VMO,Financial Services,Asset Management,NYSE,82.71,38,46,58,56,8.55,573920236.2759476,67440684.0,0.0049,-15.35,569455,403585,309207,-0.004
3600,TOVX,Healthcare,Biotechnology,NYSE ARCA,82.7,38,31,22,19,0.23,10555313.831479132,45892668.0,0.0346,-73.26,534720,506953,517064,
3601,NMI,Financial Services,Asset Management,NYSE,82.69,38,45,56,62,9.23,112207034.93925095,12078260.0,0.003,-18.17,66049,44189,36383,0.129
3602,CPT,Real Estate,REIT - Residential,NYSE,82.68,38,38,60,34,96.76,11105698078.92366,115732578.0,0.0433,-19.24,1174850,1112640,1032854,-0.008
3603,SPGI,Financial Services,Financial Data & Stock Exchanges,NYSE,82.67,38,38,39,25,402.73,113872392761.23047,294800000.0,0.0223,-22.92,2159450,1935196,1926544,0.104
3604,NTES,Communication Services,Electronic Gaming & Multimedia,NASDAQ,82.66,38,30,44,30,119.6,75053129114.05998,640330430.0,0.0085,-23.55,653780,626010,723578,0.079
3605,EIM,Financial Services,Asset Management,NYSE ARCA,82.65,38,38,53,52,8.72,464408293.0002909,51372599.0,0.49,-13.32,320135,240281,202995,-0.556
3606,PRTA,Healthcare,Biotechnology,NASDAQ,82.64,38,53,33,77,8.61,429177085.0148487,51336974.0,0.2005,-27.03,589550,484873,452444,-0.771
3607,AXIL,Technology,Consumer Electronics,NYSE ARCA,82.64,38,39,36,46,5.72,42095942.29052925,6822681.0,0.002,-41.99,18800,20046,25632,0.489
3608,AVO,Consumer Defensive,Food Distribution,NASDAQ,82.61,38,69,53,74,11.79,1123160392.0313225,87678404.0,0.088,-24.08,1036820,912986,813974,0.258
3609,ODD,Consumer Defensive,Household & Personal Products,NASDAQ,82.61,38,35,14,4,19.55,871754053.004879,46124554.0,0.3073,-67.68,736830,1496473,1218352,-0.251
3610,PMO,Financial Services,Asset Management,NYSE,82.59,38,37,57,52,9.33,258416603.3003378,28058263.0,0.0005,-14.17,223058,129616,102113,0.022
3611,RCS,Financial Services,Asset Management,NYSE,82.59,38,26,30,30,5.04,237203470.8366394,47346000.0,1.4,-36.52,171635,167958,151109,-0.089
3612,PRME,Healthcare,Biotechnology,NASDAQ,82.56,38,41,23,80,3.58,540503034.339489,181376856.0,0.22649999,-48.41,5811080,3858643,3396032,0.035
3613,AEBI,Industrials,Farm & Heavy Construction Machinery,NASDAQ,82.55,38,37,56,35,11.03,845591811.9235039,77506125.0,0.1911,-30.89,488780,401970,404844,0.787
3614,CRF,Financial Services,Asset Management,NYSE ARCA,82.55,38,34,51,54,6.17,1042013653.1548691,170263672.0,0.1035,-25.21,1165321,1461503,1561578,-0.324
3615,RMMZ,Financial Services,Asset Management,NYSE,82.51,37,43,56,55,12.93,112197853.87039185,8455000.0,0.0014,-15.43,40677,29142,21487,
3616,RMM,Financial Services,Asset Management,NYSE,82.51,37,47,60,56,12.59,252272440.56895065,19739628.0,1.52,-16.07,125754,81528,64486,
3617,BIPC,Utilities,Utilities - Regulated Gas,NYSE,82.51,37,28,36,43,37.13,4508521817.756905,123015597.0,8.55,-28.21,1102960,1216620,1135028,0.085
3618,GRFS,Healthcare,Drug Manufacturers - General,NASDAQ,82.48,37,34,22,41,7.41,4975043467.2268715,680580507.0,8.45,-25.15,482350,562563,503882,-0.009
3619,RYTM,Healthcare,Biotechnology,NASDAQ,82.48,37,66,70,38,89.64,6391538898.1319275,68852082.0,0.1506,-26.64,863190,686016,675362,0.469
3620,ORBS,Consumer Cyclical,Packaging & Containers,NASDAQ,82.48,37,15,5,12,0.91,498541769.6546316,429777400.0,0.0621,-92.97,17264010,14806663,14313450,-0.727
3621,FT,Financial Services,Asset Management,NYSE,82.46,37,41,53,58,7.09,177933807.60258865,25131894.0,0.19,-15.09,73237,65739,61365,
3622,BCE,Communication Services,Telecom Services,NYSE,82.45,37,40,32,53,19.96,18398733942.533558,932525817.0,7.87,-24.74,4760350,4235080,3920420,0.015
3623,HIHO,Industrials,Metal Fabrication,NASDAQ,82.44,37,33,18,13,0.87,4164008.289691448,4626676.0,0.00029999999,-60.63,22620,34560,66516,0.292
3624,NEE,Utilities,Utilities - Regulated Electric,NYSE,82.4,37,53,58,71,77.37,160265709617.0102,2085978209.0,0.0,-21.65,14312210,12509960,11742384,0.124
3625,PAX,Financial Services,Asset Management,NASDAQ,82.39,37,27,23,35,11.26,1647831184.0266867,161393847.0,0.095699996,-36.74,1193530,1146036,1186740,0.349
3626,ASGI,Financial Services,Asset Management,NYSE,82.39,37,61,70,76,19.06,804852056.5416908,42183022.0,1.65,-26.55,245665,304805,241393,
3627,OTLY,Consumer Defensive,Packaged Foods,NASDAQ,82.39,37,79,19,66,10.38,336674327.98678017,31912258.0,0.029000001,-36.8,67730,57900,77424,0.152
3628,BLBD,Industrials,Farm & Heavy Construction Machinery,NASDAQ,82.39,37,57,88,83,56.19,1772049433.1245422,31347063.0,0.1539,-32.62,477420,525726,562734,0.299
3629,VFS,Consumer Cyclical,Auto Manufacturers,NASDAQ,82.38,37,36,24,76,3.07,7112189381.153784,2339536010.0,0.0544,-41.91,326610,375843,351120,0.417
3630,FMN,Financial Services,Asset Management,NYSE,82.37,37,39,56,55,9.88,77874262.25825977,7818701.0,0.002,-15.99,91845,46821,36423,-0.223
3631,GATX,Industrials,Rental & Leasing Services,NYSE,82.32,37,59,43,72,162.78,6038224026.643005,35305058.0,0.1145,-20.81,274570,242343,228326,0.348
3632,IRT,Real Estate,REIT - Residential,NYSE,82.31,37,33,50,32,14.64,3420653721.1276493,235744567.0,0.0935,-17.71,4280380,3922756,3487454,0.03
3633,RYAM,Basic Materials,Chemicals,NYSE,82.29,37,67,60,92,6.93,481626753.21873474,67644208.0,0.0752,-41.52,1096450,860773,921128,0.106
3634,TRT,Technology,Semiconductor Equipment & Materials,NASDAQ,82.28,37,97,98,94,5.66,63969738.09542084,10384698.0,0.0,-73.53,448700,348150,296548,0.399
3635,PEG,Utilities,Utilities - Regulated Electric,NYSE,82.26,37,32,42,43,71.84,33927451289.994278,498420030.0,0.025,-18.02,5018810,3955596,3421574,-0.089
3636,ARQQ,Technology,Software - Infrastructure,NASDAQ,82.25,37,76,18,11,18.43,428447373.4246845,17402411.0,0.1919,-70.27,258370,338080,316472,8.299
3637,CRNT,Technology,Communication Equipment,NASDAQ,82.24,37,26,36,58,2.08,198991522.2536316,91280512.0,0.0072000003,-36.78,295560,309900,352934,0.142
3638,NI,Utilities,Utilities - Regulated Gas,NYSE,82.24,37,35,56,67,40.53,18909054889.35013,479560100.0,0.0394,-17.64,5334340,5445226,5818568,0.046
3639,OCFC,Financial Services,Banks - Regional,NASDAQ,82.22,37,57,60,61,16.42,1621706841.1810055,96645219.0,0.052800003,-20.33,1182700,1060173,1047272,0.322
3640,JD,Consumer Cyclical,Internet Retail,NASDAQ,82.21,37,34,34,48,26.91,34815890927.31476,1350500000.0,0.0178,-25.54,6508460,6133426,7225018,-0.029
3641,CWEN,Utilities,Utilities - Renewable,NYSE,82.2,37,35,43,73,29.95,6022764189.002457,205274852.0,0.0792,-28.25,1207940,1238690,1202296,0.227
3642,CRSP,Healthcare,Biotechnology,NASDAQ,82.19,37,50,28,57,50.44,5359673785.298256,96692653.0,0.2258,-35.73,1607160,1617996,1575424,10.414
3643,EMA,Utilities,Utilities - Regulated Electric,NYSE,82.19,37,45,63,61,45.85,14752414125.061035,307150000.0,16.18,-17.37,859770,536563,549108,0.012
3644,NCA,Financial Services,Asset Management,NYSE,82.19,37,43,55,55,8.2,278887133.06700706,33121987.0,0.0008,-16.33,206021,134327,102496,0.01
3645,LOB,Financial Services,Banks - Regional,NYSE,82.19,37,66,75,69,34.57,1697683195.72464,46283620.0,0.0714,-22.37,256050,221463,215824,0.122
3646,NTST,Real Estate,REIT - Retail,NYSE,82.16,37,60,70,71,17.43,1778770571.4358292,101527998.0,0.16219999,-22.43,2014510,1521360,1671300,0.269
3647,BWG,Financial Services,Asset Management,NYSE,82.16,37,40,41,53,6.95,115695747.79804802,16791836.0,0.0015,-20.75,138760,101063,83996,
3648,PTA,Financial Services,Asset Management,NYSE,82.15,37,36,44,48,17.05,958441770.1540604,55273458.0,0.0008,-17.63,318375,271861,222263,
3649,BANC,Financial Services,Banks - Regional,NYSE,82.14,37,50,75,67,17.35,2810510022.738743,158427850.0,0.0837,-20.88,2466200,2580236,2654448,
3650,KBR,Industrials,Engineering & Construction,NYSE,82.12,37,33,28,20,35.18,4316560142.800541,126067755.0,0.0875,-26.91,1782880,1454976,1461826,0.016
3651,VOYG,Industrials,Aerospace & Defense,NYSE,82.11,37,52,23,19,28.18,1887628844.424591,61029060.0,0.19139999,-46.22,2172890,2204040,2021692,0.155
3652,VKQ,Financial Services,Asset Management,NYSE,82.1,37,45,60,56,8.52,475885441.5088234,55335514.0,0.0109,-15.73,431783,309901,252510,0.027
3653,EONR,Energy,Oil & Gas E&P,NYSE ARCA,82.08,37,71,63,88,0.49,27186706.668135166,55824861.0,0.0521,-68.99,484800,691716,603330,-0.237
3654,TYL,Technology,Software - Application,NYSE,82.07,37,32,17,14,331.15,13219803469.958862,40952274.0,0.095699996,-36.86,585950,882156,844008,0.082
3655,LSF,Consumer Defensive,Packaged Foods,NYSE ARCA,82.06,37,82,82,14,3.08,38727379.06697464,11192884.0,0.012200001,-47.71,22130,24320,32096,2.444
3656,FPF,Financial Services,Asset Management,NYSE,82.06,37,41,48,53,15.72,965046515.3295565,60847827.0,0.0013,-18.8,268187,210822,167043,
3657,HBAN,Financial Services,Banks - Regional,NASDAQ,82.05,37,48,63,55,15.37,30972959128.43458,2020414826.0,0.025999999,-21.02,27794620,28714856,25830138,0.476
3658,NMZ,Financial Services,Asset Management,NYSE,82.03,37,36,53,50,9.03,1927540999.2218685,215367714.0,0.0007,-16.16,1854768,1378579,1079759,-0.013
3659,O,Real Estate,REIT - Retail,NYSE,82.02,37,46,59,63,54.17,51218783136.9599,946218033.0,0.049099997,-20.27,9442280,8169540,7096200,0.096
3660,DMRC,Technology,Software - Application,NASDAQ,82.01,37,8,26,24,6.25,143408151.370543,22548451.0,0.26479998,-64.22,211490,170740,149954,-0.078
3661,CCJ,Energy,Uranium,NYSE,82.01,37,50,31,89,87.12,37098699284.13412,435532979.0,3.25,-35.58,3366070,3059713,3031728,-0.072
3662,BKE,Consumer Cyclical,Apparel Retail,NYSE,82.01,37,22,27,74,43.31,2209883497.2017365,51512434.0,0.1254,-26.18,442920,488343,456138,0.046
3663,PXLW,Technology,Semiconductors,NASDAQ,81.99,37,36,26,17,6.04,42527234.05921316,6049393.0,0.013200001,-60.83,21020,25816,31990,-0.597
3664,CARR,Industrials,Building Products & Equipment,NYSE,81.99,37,33,68,47,55.83,45436796261.365845,824325057.0,0.0234,-27.27,5611800,6497366,6187460,0.039
3665,BMR,Technology,Software - Application,NASDAQ,81.99,37,14,13,20,1.54,19567617.15189576,15529855.0,0.0276,-51.88,65730,53353,55666,-0.172
3666,PZG,Basic Materials,Gold,NYSE ARCA,81.98,37,58,39,97,1.13,103458461.31106973,86215381.0,0.004,-58.3,274510,295803,432288,
3667,WDI,Financial Services,Asset Management,NYSE,81.98,37,37,48,52,11.68,615158594.4029007,51912116.0,0.17,-22.13,419978,362869,306933,
3668,EOT,Financial Services,Asset Management,NYSE,81.96,37,40,57,53,15.13,242655018.95769596,15624921.0,0.09,-15.94,78064,56871,44424,
3669,OGS,Utilities,Utilities - Regulated Gas,NYSE,81.95,37,51,38,67,72.36,4561479494.717789,62856270.0,0.0797,-20.29,690536,608198,559647,-0.029
3670,RJET,Industrials,Airlines,NASDAQ,81.92,37,33,36,67,17.31,825895951.423645,46819500.0,0.0585,-35.17,61380,79140,87506,0.408
3671,SEB,Industrials,Conglomerates,NYSE ARCA,81.92,37,32,65,90,4063.59,3854435290.6604004,957795.0,0.08,-32.15,8800,12006,14872,0.178
3672,AZIO,Technology,Software - Infrastructure,NASDAQ,81.9,37,18,50,20,1.06,20502451.88864708,17374960.0,0.0757,-78.41,164560,616846,619286,1.543
3673,HEI,Industrials,Aerospace & Defense,NYSE,81.86,37,41,65,31,295.91,42263671490.38257,139737708.0,0.0134000005,-21.48,473000,487553,481152,0.231
3674,ONL,Real Estate,REIT - Office,NYSE,81.86,37,54,67,72,2.2,137477765.63618708,57044714.0,0.0346,-27.87,217700,255043,280456,-0.074
3675,SINT,Healthcare,Medical Devices,NASDAQ,81.86,37,12,7,30,2.11,14728620.394231796,6664534.0,0.0155,-54.53,137880,64386,137442,1.993
3676,CNXC,Technology,Information Technology Services,NASDAQ,81.85,36,25,15,12,27.07,1518214670.7000732,60948000.0,0.1657,-45.17,2562050,1991566,1639300,-0.012
3677,AVA,Utilities,Utilities - Diversified,NYSE,81.82,36,38,60,57,35.48,2957312542.317009,83752830.0,0.069,-18.44,723960,720263,713016,0.005
3678,LINE,Real Estate,REIT - Industrial,NASDAQ,81.75,36,37,75,32,34.44,7818337728.840351,227674365.0,0.0731,-24.72,1310230,1027343,961612,0.008
3679,GRO,Basic Materials,Other Industrial Metals & Mining,NYSE ARCA,81.75,36,52,30,82,2.14,133184368.15765142,61946215.0,0.0064999997,-46.37,189800,192710,191364,
3680,VERU,Healthcare,Biotechnology,NASDAQ,81.74,36,23,21,12,2.42,42796303.03739548,17050320.0,0.09729999,-66.98,256490,226723,239188,
3681,FURY,Basic Materials,Gold,NYSE ARCA,81.74,36,43,25,56,0.52,97537818.2108903,190132195.0,0.0026,-49.02,223950,240413,266598,
3682,TDS,Communication Services,Telecom Services,NYSE,81.73,36,34,23,66,34.13,4073955169.7387695,115116000.0,0.00059999997,-30.52,1840550,1606190,1438074,0.036
3683,OTEX,Technology,Software - Application,NASDAQ,81.72,36,29,23,20,23.24,5391957472.576981,242662360.0,0.0661,-41.75,1149640,1288626,1477970,0.029
3684,AWP,Financial Services,Asset Management,NYSE,81.72,36,50,60,62,9.96,314110495.8763962,30855647.0,2.49,-21.64,172256,141008,129215,-0.107
3685,MUX,Basic Materials,Other Precious Metals & Mining,NYSE,81.71,36,62,34,93,17.32,1088500946.7961388,61358566.0,0.21059999,-41.68,1609080,1238686,1189688,0.268
3686,APAM,Financial Services,Asset Management,NYSE,81.71,36,64,42,32,33.65,2476355658.8723717,70996433.0,0.0686,-27.68,1477980,1050923,947996,0.089
3687,RAPP,Healthcare,Biotechnology,NASDAQ,81.71,36,92,92,97,29.85,1543461372.7691345,47978286.0,0.074200004,-43.6,406090,425793,366000,
3688,LGCY,Consumer Defensive,Education & Training Services,NYSE ARCA,81.7,36,28,51,86,10.1,122750819.06242752,12813238.0,0.0087,-31.29,98010,63660,55192,0.12
3689,TNL,Consumer Cyclical,Travel Services,NYSE,81.69,36,37,65,83,62.61,3855868675.989151,61282085.0,0.1495,-22.7,679930,696693,689662,0.044
3690,GBAB,Financial Services,Asset Management,NYSE,81.69,36,37,41,47,12.48,348736104.90660095,27699452.0,0.15,-21.01,192654,147554,131970,
3691,DTE,Utilities,Utilities - Regulated Electric,NYSE,81.68,36,39,58,58,127.1,25896559552.01561,208088069.0,0.028499998,-18.39,1972430,1760246,1580540,-0.015
3692,PRG,Industrials,Rental & Leasing Services,NYSE,81.67,36,70,91,58,30.9,1234780623.0,39831633.0,0.09810001,-35.26,719930,672753,627888,0.223
3693,SONM,Financial Services,Capital Markets,NASDAQ,81.66,36,10,21,4,3.8,6072937.086439133,1488465.0,0.0168,-77.61,13670,17510,15508,
3694,CNDT,Technology,Information Technology Services,NASDAQ,81.65,36,43,20,16,1.57,256609316.29209518,155520800.0,0.0399,-43.93,1190850,1104320,1056774,-0.119
3695,WLDN,Industrials,Engineering & Construction,NASDAQ,81.63,36,26,24,37,74.71,1120167986.0853958,15232091.0,0.1375,-45.47,186670,188423,227862,0.332
3696,MDRR,Real Estate,Real Estate Services,NASDAQ,81.62,36,50,41,38,10.51,16952684.75151062,1628500.0,0.0061000003,-27.62,1050,3560,4574,-0.266
3697,ADT,Industrials,Security & Protection Services,NYSE,81.61,36,43,28,27,6.5,4565995300.0,730559248.0,0.0563,-26.85,7668930,7866860,7732406,0.02
3698,NEA,Financial Services,Asset Management,NYSE,81.61,36,38,55,55,9.99,3048466571.5509987,302127505.0,0.0091,-16.05,3268751,2330523,1741472,-0.014
3699,BBIO,Healthcare,Biotechnology,NASDAQ,81.58,36,69,81,86,65.04,13146904048.25,195492997.0,0.123100005,-30.38,2897960,2697150,2489598,1.204
3700,AXP,Financial Services,Credit Services,NYSE,81.58,36,43,61,52,308.1,204470310411.38718,675309833.0,0.020599999,-20.49,3455540,3142413,2836542,0.128
3701,PAYP,Technology,Software - Infrastructure,NASDAQ,81.58,36,68,22,70,15.45,10102975625.861921,677143135.0,0.0156,-37.93,696540,748663,779908,0.27
3702,NZF,Financial Services,Asset Management,NYSE,81.57,36,35,55,56,10.82,2152401374.051569,196386986.0,0.0034999999,-16.9,1840536,1263588,967849,-0.018
3703,KROS,Healthcare,Biotechnology,NASDAQ,81.53,36,29,20,18,11.64,225236848.8728752,19827188.0,0.0779,-48.38,180530,184286,196540,
3704,DERM,Healthcare,Drug Manufacturers - Specialty & Generic,NASDAQ,81.51,36,45,68,17,5.95,186563254.71836329,28224395.0,0.1847,-37.73,160380,166296,192154,0.233
3705,SRRK,Healthcare,Biotechnology,NASDAQ,81.51,36,89,81,82,42.2,5700769217.666634,121785282.0,0.1989,-31.67,1818230,2012016,1665824,
3706,EDUC,Communication Services,Publishing,NASDAQ,81.51,36,48,63,44,1.3,11082452.79349804,8524964.0,0.0031,-24.86,10280,49836,78944,-0.331
3707,POET,Technology,Semiconductors,NASDAQ,81.5,36,38,66,66,7.04,1348122498.9183578,173058088.0,0.132,-66.17,8094660,8294163,9695086,1.123
3708,CAG,Consumer Defensive,Packaged Foods,NYSE,81.5,36,39,31,22,13.57,6378217703.213763,477411517.0,0.1092,-33.22,18581300,13499933,12300846,-0.014
3709,ANIX,Healthcare,Biotechnology,NASDAQ,81.49,36,32,56,25,2.91,102553217.55766726,34763802.0,0.032,-46.7,322110,359833,300980,
3710,ISD,Financial Services,Asset Management,NYSE,81.47,36,34,36,42,11.59,390125226.54012966,33344037.0,0.46,-21.64,180277,178245,166833,
3711,SNY,Healthcare,Drug Manufacturers - General,NASDAQ,81.47,36,39,36,40,40.23,96933661869.51657,2428198054.0,0.0044,-23.63,3467990,2765006,2826166,0.146
3712,ERH,Financial Services,Asset Management,NYSE ARCA,81.44,36,43,54,62,10.53,90706297.51304245,8832161.0,0.45,-19.43,34088,29236,28141,-0.06
3713,ADC,Real Estate,REIT - Retail,NYSE,81.44,36,41,58,58,65.82,8194108601.182022,124379310.0,0.0,-19.81,1785730,1587603,1587824,0.168
3714,GF,Financial Services,Asset Management,NYSE,81.44,36,52,40,54,10.26,172046185.36044598,16307695.0,0.0001,-17.85,23328,24329,24617,-0.054
3715,KNSL,Financial Services,Insurance - Property & Casualty,NYSE,81.42,36,56,21,22,339.65,7510502318.805695,22778425.0,0.1084,-29.97,243500,207716,216076,0.168
3716,RDNW,Consumer Cyclical,Auto & Truck Dealerships,NASDAQ,81.41,36,34,84,94,4.81,207599011.29595184,38587176.0,0.123100005,-43.74,73910,69866,71656,-0.01
3717,SBAC,Real Estate,REIT - Specialty,NASDAQ,81.4,36,35,32,57,170.01,16813905136.659393,106088110.0,0.0496,-24.26,915840,938210,983524,0.023
3718,TAP,Consumer Defensive,Beverages - Brewers,NYSE,81.4,36,30,27,28,37.92,6872692084.182449,186453933.0,0.2765,-30.83,3552800,4862470,4013644,-0.033
3719,SUIG,Financial Services,Credit Services,NASDAQ,81.36,36,9,13,19,1.36,125956708.9813261,76802872.0,0.0148,-71.13,1112440,1032180,796890,-0.617
3720,OXSQ,Financial Services,Asset Management,NASDAQ,81.35,36,32,32,50,1.28,137865948.91845584,107707775.0,0.0425,-37.56,1064180,1249536,1524910,-0.013
3721,CBRE,Real Estate,Real Estate Services,NYSE,81.34,36,39,34,46,131.08,37523167645.06821,289575298.0,0.0148,-24.78,2208850,2023600,1779472,0.155
3722,KREF,Real Estate,REIT - Mortgage,NYSE,81.33,36,39,48,23,6.37,360840150.7417145,58577948.0,0.1494,-30.04,1054880,841190,818100,
3723,EVH,Healthcare,Health Information Services,NYSE,81.33,36,34,85,7,3.96,391185303.41287136,113059335.0,0.1258,-53.19,2370550,2340583,2806276,0.469
3724,XBIT,Healthcare,Biotechnology,NASDAQ,81.32,36,29,29,28,2.2,66768132.63452196,30487731.0,0.013300001,-36.05,32140,46090,38570,
3725,KMRK,Consumer Cyclical,Leisure,NASDAQ,81.31,36,10,8,96,1.14,24264999.496936798,21100000.0,0.0019,-82.7,371960,133310,105310,-0.15
3726,ZOOZ,Industrials,Electrical Equipment & Parts,NASDAQ,81.29,36,43,8,5,6.5,60873020.03614426,8009608.0,0.0017,-86.51,10680,32136,22540,
3727,NXE,Energy,Uranium,NYSE,81.29,36,60,34,90,8.67,6034554909.0,670506101.0,8.89,-37.89,4957340,4364816,4710680,
3728,APC,Energy,Oil & Gas Refining & Marketing,NASDAQ,81.27,36,55,62,51,16.28,737338456.5,47570223.0,0.067600004,-25.05,214470,164710,165688,0.274
3729,FTW,Energy,Oil & Gas E&P,NYSE,81.25,36,39,70,47,9.52,293482727.7510071,29825480.0,6.58,-44.65,130351,96707,95664,0.263
3730,NXT,Technology,Solar,NASDAQ,81.22,36,24,75,91,85.26,12790798999.041748,151729520.0,0.0796,-47.73,2029330,2079183,2294848,0.082
3731,XBP,Technology,Software - Infrastructure,NASDAQ,81.22,36,17,10,4,3.21,44805587.81996918,14156584.0,0.0042,-62.46,10290,22240,19930,0.047
3732,ISOU,Energy,Uranium,NYSE ARCA,81.2,36,72,38,85,9.26,598401449.7386703,65256428.0,14.52,-31.81,155450,179343,152006,
3733,CVNA,Consumer Cyclical,Auto & Truck Dealerships,NYSE,81.2,36,44,34,68,63.2,45909070114.10158,719916415.0,0.1163,-35.1,8317640,7175013,8541094,0.524
3734,SOGP,Communication Services,Internet Content & Information,NASDAQ,81.17,35,31,36,98,10.52,45122520.01154137,4174146.0,0.042600002,-59.32,7220,9496,14496,0.245
3735,PCQ,Financial Services,Asset Management,NYSE,81.16,35,40,54,50,7.69,147292564.34440613,18981000.0,1.2,-16.32,390538,248516,202843,1.937
3736,KEQU,Consumer Cyclical,"Furnishings, Fixtures & Appliances",NASDAQ,81.11,35,28,34,26,33.82,98905053.07820511,2895347.0,0.0188,-27.38,3730,4443,3868,-0.067
3737,FCNCO,Financial Services,Banks - Regional,NASDAQ,81.1,35,36,37,43,18.39,,,0.27,-21.51,21710,21553,18978,0.085
3738,RFMZ,Financial Services,Asset Management,NYSE,81.1,35,46,61,54,11.34,287594260.3884039,24351757.0,0.5,-17.23,153000,98860,81184,
3739,HUBS,Technology,Software - Application,NYSE,81.09,35,26,15,9,231.84,10697796039.658173,49866201.0,0.085,-53.91,1415420,1619863,1819378,0.198
3740,AKR,Real Estate,REIT - Retail,NYSE,81.07,35,41,60,62,18.18,2558508495.605793,137332722.0,0.21190001,-21.06,1294680,1336140,1391220,0.134
3741,UPXI,Communication Services,Internet Content & Information,NASDAQ,81.06,35,19,5,6,1.08,96059891.05654407,82102474.0,0.1917,-86.06,2949760,4540726,3514998,-0.266
3742,NBH,Financial Services,Asset Management,NYSE ARCA,81.05,35,39,56,53,8.88,271005228.55160713,29618059.0,0.0021,-17.16,183137,130689,109653,0.018
3743,ALG,Industrials,Farm & Heavy Construction Machinery,NYSE,81.05,35,44,28,28,155.39,1959647007.7928925,12170965.0,0.059899997,-29.33,172260,187263,175840,0.076
3744,TNDM,Healthcare,Medical Devices,NASDAQ,81.04,35,68,26,71,15.68,1148048665.5,69578707.0,0.2401,-47.12,2282370,2040923,2107610,0.058
3745,NSSC,Industrials,Security & Protection Services,NASDAQ,81.0,35,31,31,84,35.16,1293744300.7960358,35768437.0,0.0759,-32.08,314760,399120,401066,0.1
3746,WAFD,Financial Services,Banks - Regional,NASDAQ,80.99,35,58,79,72,29.74,2279554759.5336914,74011520.0,0.088199995,-24.69,1323480,1287963,972126,0.056
3747,RVP,Healthcare,Medical Instruments & Supplies,NYSE ARCA,80.98,35,35,37,27,0.66,20956011.643121243,29937160.0,0.0050999997,-42.11,33910,22456,28416,-0.311
3748,PRZO,Industrials,Aerospace & Defense,NASDAQ,80.97,35,30,6,10,0.67,17789110.16717255,29162475.0,0.0482,-64.74,463580,788616,2593980,1.953
3749,CYTK,Healthcare,Biotechnology,NASDAQ,80.96,35,77,90,82,62.01,9119936008.667099,139023418.0,0.192,-29.78,2535710,2237513,2078300,-0.571
3750,BTGO,Financial Services,Capital Markets,NYSE,80.94,35,25,4,11,7.18,855780451.6905012,115959409.0,0.028099999,-70.69,1002400,1902190,1811504,0.796
3751,KTB,Consumer Cyclical,Apparel Manufacturing,NYSE,80.94,35,31,78,76,66.34,3536635700.1631165,54653620.0,0.1525,-25.43,629950,747793,743696,0.186
3752,MMU,Financial Services,Asset Management,NYSE,80.93,35,37,53,54,8.95,490662969.07045937,54336986.0,0.0007,-16.43,402715,268458,207759,-0.003
3753,TLSI,Healthcare,Medical Devices,NASDAQ,80.87,35,63,26,27,4.13,266002282.56998062,61574600.0,0.0717,-48.05,258360,367873,300128,0.017
3754,ALLY,Financial Services,Credit Services,NYSE,80.86,35,56,68,69,37.83,11532210315.21281,304199693.0,0.0493,-20.0,4089620,3708883,3310820,0.11
3755,CRWS,Consumer Cyclical,"Furnishings, Fixtures & Appliances",NASDAQ,80.83,35,43,66,47,2.43,26685511.965236187,10760287.0,0.004,-22.61,67770,79886,97978,0.083
3756,CMS,Utilities,Utilities - Regulated Electric,NYSE,80.83,35,35,48,58,65.34,19987407174.96881,313577136.0,0.0,-18.69,4661200,3699073,3727316,-0.005
3757,BCSF,Financial Services,Asset Management,NYSE,80.83,35,30,41,47,10.78,716797014.7226858,64868507.0,0.030199999,-26.67,545740,537273,486694,-0.121
3758,MYI,Financial Services,Asset Management,NYSE,80.81,35,39,53,53,9.47,649385072.6962929,66467251.0,0.0055,-17.36,1145066,738892,562523,0.063
3759,FCPT,Real Estate,REIT - Retail,NYSE,80.81,35,49,54,49,21.25,2365250465.5625076,109756406.0,0.0494,-20.89,1324860,1183576,978346,0.077
3760,PDC,Technology,Software - Application,NASDAQ,80.79,35,14,26,94,3.3,28074917.7895298,8114138.0,0.0004,-62.63,24500,33726,39380,-0.386
3761,ZTO,Industrials,Integrated Freight & Logistics,NYSE,80.75,35,39,69,77,19.9,14614499718.0,749461524.0,0.0247,-24.05,2517900,2771093,2464706,0.23
3762,KOSS,Technology,Consumer Electronics,NASDAQ,80.74,35,19,29,26,3.69,36540449.68693113,9466438.0,0.0473,-35.26,41080,49433,35630,0.058
3763,ASPC,Financial Services,Shell Companies,NASDAQ,80.74,35,53,32,30,10.77,25308988.70228958,2337581.0,0.042600002,-83.17,3130,7806,26166,
3764,NAZ,Financial Services,Asset Management,NYSE,80.74,35,44,57,59,10.61,139193884.54384804,12828929.0,0.004,-20.94,76482,43790,32100,0.023
3765,MYN,Financial Services,Asset Management,NYSE,80.72,35,35,56,51,8.65,342903204.2923355,38313208.0,0.0021,-15.69,535972,373960,296704,0.065
3766,MKL,Financial Services,Insurance - Property & Casualty,NYSE,80.72,35,33,36,45,1767.82,21523587903.91626,12389958.0,0.0227,-19.92,85610,74450,71284,0.127
3767,BURL,Consumer Cyclical,Apparel Retail,NYSE,80.72,35,20,69,78,276.84,17330506769.538757,62942206.0,0.0921,-26.83,1430050,1754390,1416490,0.11
3768,INGR,Consumer Defensive,Packaged Foods,NYSE,80.7,35,35,26,33,95.11,6011889233.543594,63063979.0,0.080299996,-22.98,757330,665366,660602,0.009
3769,RRX,Industrials,Specialty Industrial Machinery,NYSE,80.7,35,30,83,87,160.01,10646041452.1344,66591867.0,0.056399997,-35.43,1070960,1186753,1289576,0.042
3770,MQY,Financial Services,Asset Management,NYSE,80.67,35,35,54,52,9.91,721209511.939765,71833617.0,0.0015,-17.0,1659592,1117344,826048,0.071
3771,AZN,Healthcare,Drug Manufacturers - General,NYSE,80.67,35,29,36,79,158.78,243337101453.82257,1550905742.0,0.0013,-25.35,2605790,2921056,3487046,0.064
3772,BOOM,Industrials,Conglomerates,NASDAQ,80.65,35,55,36,13,5.78,119137508.1178751,20540949.0,0.0101,-37.17,122590,101533,137902,0.009
3773,ELME,Real Estate,REIT - Residential,NYSE,80.62,35,17,12,21,1.75,156389873.2325852,88857883.0,0.0274,-90.1,1925230,1084926,855244,0.017
3774,HSY,Consumer Defensive,Confectioners,NYSE,80.61,35,35,33,55,162.54,32186281485.371155,200925657.0,0.0736,-32.13,1494450,1451190,1373242,0.066
3775,VLT,Financial Services,Asset Management,NYSE,80.59,35,37,46,44,9.03,59056972.02292633,6511243.0,0.0004,-20.79,28647,29115,27873,-0.084
3776,ACP,Financial Services,Asset Management,NYSE,80.59,35,42,47,52,4.36,559599228.6663265,125470678.0,0.0,-24.96,1084221,999203,785654,-0.069
3777,TGE,Financial Services,Asset Management,NYSE,80.59,35,20,13,7,1.08,53791788.39324117,48461070.0,0.006,-66.36,20831790,6954010,4184876,-0.247
3778,OWL,Financial Services,Asset Management,NYSE,80.59,35,35,20,10,9.27,6209889999.501915,683908596.0,0.1754,-46.51,19219430,19967060,20414674,0.071
3779,CWST,Industrials,Waste Management,NASDAQ,80.58,35,41,55,19,84.05,5267486393.784592,63640046.0,0.1084,-22.15,656920,547816,532064,0.169
3780,NLY,Real Estate,REIT - Mortgage,NYSE,80.57,35,62,69,68,18.27,13943717177.0,753714442.0,0.0,-25.49,17888050,11985480,9792294,4.794
3781,WW,Healthcare,Medical Care Facilities,NASDAQ,80.57,35,12,27,5,14.96,147381720.11146545,9998760.0,0.1713,-61.02,353700,270890,255602,-0.142
3782,PFLT,Financial Services,Asset Management,NYSE,80.57,35,28,25,44,6.68,678650423.7794495,99217896.0,0.0401,-31.49,841700,758656,847066,0.041
3783,FCNCP,Financial Services,Banks - Regional,NASDAQ,80.56,35,38,39,51,17.94,,,0.33,-21.45,28910,18786,16776,0.085
3784,NEWT,Financial Services,Banks - Regional,NASDAQ,80.55,35,53,81,64,11.05,322931301.39492035,28884731.0,0.1427,-29.57,252000,257916,258046,0.147
3785,BMRA,Healthcare,Medical Devices,NASDAQ,80.52,35,40,14,17,1.89,9841792.002450943,4598968.0,0.0088,-41.12,17650,143613,89052,0.168
3786,MAA,Real Estate,REIT - Residential,NYSE,80.5,35,35,49,30,116.19,13373850593.911995,116021957.0,0.039,-19.54,1320200,1200356,1089706,0.01
3787,GNTX,Consumer Cyclical,Auto Parts,NASDAQ,80.47,35,33,56,34,21.15,4651887932.406137,210683331.0,0.081599995,-23.51,2527170,2384563,2298524,-0.01
3788,PML,Financial Services,Asset Management,NYSE,80.46,35,37,50,50,6.55,435535712.682724,66494000.0,0.6,-18.23,1228705,789198,601181,0.971
3789,GLPI,Real Estate,REIT - Specialty,NASDAQ,80.46,35,31,40,53,38.26,10961867309.021751,290920043.0,0.0401,-23.4,3059130,4072296,3559502,0.09
3790,DAKT,Technology,Electronic Components,NASDAQ,80.46,35,33,55,63,17.89,863743949.9698639,48092650.0,0.044699997,-36.72,393450,661650,566932,0.071
3791,OSK,Industrials,Farm & Heavy Construction Machinery,NYSE,80.45,35,66,59,72,127.35,8263865780.479523,61739749.0,0.0373,-29.44,643030,608720,631280,0.067
3792,ADAMZ,Real Estate,REIT - Mortgage,NASDAQ,80.43,34,41,57,53,15.86,,,0.0,-22.41,13065,15005,12363,1.298
3793,GEHC,Healthcare,Medical Devices,NASDAQ,80.43,34,30,24,42,64.22,29038909554.611115,451686252.0,0.0424,-28.46,3779100,3566726,3394172,0.058
3794,ITRI,Technology,Scientific & Technical Instruments,NASDAQ,80.41,34,52,19,25,84.23,3787992095.568596,43786753.0,0.1996,-40.68,617100,571590,615520,-0.072
3795,PCM,Financial Services,Asset Management,NYSE,80.41,34,35,42,38,4.98,62685652.36759186,12413000.0,0.48,-26.33,55041,87720,73342,-0.015
3796,LNSR,Healthcare,Medical Devices,NASDAQ,80.41,34,38,13,6,6.45,82929588.75,12285865.0,0.0381,-50.15,37230,64663,122740,0.184
3797,MHD,Financial Services,Asset Management,NYSE,80.35,34,39,55,54,10.1,538622889.3019104,52141616.0,0.0047999998,-16.39,1336046,855545,628617,0.112
3798,GBCI,Financial Services,Banks - Regional,NYSE,80.35,34,45,68,59,42.98,5717606836.361233,130211953.0,0.083500005,-21.25,1097000,1035763,1006894,0.415
3799,AGIO,Healthcare,Biotechnology,NASDAQ,80.34,34,73,68,61,31.92,1898519802.0510788,59701882.0,0.1279,-30.61,1242140,1034520,1092934,2.593
3800,ELMD,Healthcare,Medical Devices,NYSE ARCA,80.33,34,32,95,59,27.8,232867091.66127205,8287085.0,0.026600001,-41.35,90400,106293,95042,0.116
3801,ENPH,Technology,Solar,NASDAQ,80.33,34,27,79,22,32.91,4422881529.869385,132144648.0,0.2174,-55.37,4716870,4606680,4427410,-0.196
3802,PNI,Financial Services,Asset Management,NYSE,80.25,34,38,53,51,6.02,147848151.36671066,23885000.0,0.18,-16.39,109557,94895,80921,0.982
3803,PHG,Healthcare,Medical Devices,NYSE,80.24,34,33,44,60,24.3,23380065204.8118,977427472.0,3.64,-27.33,1134320,875503,870554,0.005
3804,TTWO,Communication Services,Electronic Gaming & Multimedia,NASDAQ,80.2,34,38,54,27,209.37,37906544410.52336,186980443.0,0.044499997,-21.27,2200730,2702926,2535094,0.02
3805,RECT,Consumer Cyclical,Specialty Retail,NASDAQ,80.2,34,28,11,10,1.23,19817919.55703497,15482750.0,0.0026,-72.36,2860,3610,23502,0.235
3806,SAIA,Industrials,Trucking,NASDAQ,80.19,34,34,76,82,341.26,9341585039.932251,26605107.0,0.0471,-31.02,364840,358003,428768,0.171
3807,MPA,Financial Services,Asset Management,NYSE,80.18,34,35,53,52,9.7,126129393.23606491,12949630.0,0.0007,-18.28,57610,43176,34554,0.036
3808,NCDL,Financial Services,Asset Management,NYSE,80.17,34,34,34,55,10.89,544245478.9076042,49387065.0,0.0139,-27.74,289048,236736,204095,
3809,OFRM,Consumer Defensive,Packaged Foods,NYSE,80.17,34,21,35,19,16.33,681088362.8273067,41990653.0,0.2576,-39.52,494910,396263,419980,0.423
3810,LPTH,Technology,Electronic Components,NASDAQ,80.17,34,47,89,98,9.74,773200219.408329,70036252.0,0.16440001,-48.57,2340790,3270453,2963754,0.733
3811,SHEN,Communication Services,Telecom Services,NASDAQ,80.14,34,26,28,78,11.52,601260405.7920456,55364680.0,0.078099996,-33.6,870600,987283,772584,0.055
3812,YMM,Technology,Software - Application,NYSE,80.14,34,24,31,22,8.33,8544955644.775394,1045894194.0,0.0222,-40.8,7751970,6144216,6654608,0.044
3813,NLOP,Real Estate,REIT - Office,NYSE,80.14,34,44,49,78,9.69,144585375.39067268,14814075.0,0.062,-67.98,172870,151730,131804,-0.769
3814,RHLD,Industrials,Specialty Business Services,NYSE,80.13,34,69,93,97,116.19,906369285.0862122,7819595.0,0.081499994,-50.81,112150,127840,149348,2.957
3815,AOMR,Real Estate,REIT - Mortgage,NYSE,80.12,34,47,58,60,7.27,182375220.3168826,24914647.0,0.048499998,-23.47,146450,157570,152608,0.194
3816,DX,Real Estate,REIT - Mortgage,NYSE,80.12,34,58,61,62,10.7,2734799538.941799,248166917.0,0.067,-28.33,8709980,6996420,6178650,
3817,BKTI,Technology,Communication Equipment,NYSE ARCA,80.11,34,33,73,90,73.35,286360486.93130493,3769389.0,0.0582,-29.84,44010,41676,39386,0.106
3818,VRSK,Industrials,Consulting Services,NASDAQ,80.08,34,26,29,15,175.49,21329967882.087402,130156012.0,0.041199997,-29.6,1197620,1204643,1273656,0.044
3819,HOUR,Consumer Cyclical,Internet Retail,NASDAQ,80.06,34,27,34,83,1.84,65471665.703537464,35199820.0,0.0072000003,-42.14,33590,17660,15846,0.252
3820,OXLC,Financial Services,Asset Management,NASDAQ,80.06,34,52,20,15,8.53,873449476.9017715,98030246.0,0.0589,-50.15,1190666,969328,955517,-0.102
3821,FGC,Financial Services,Asset Management,NASDAQ,80.05,34,28,9,2,6.52,35364075.011577606,5095688.0,0.0625,-79.5,58187,97642,104373,0.169
3822,AOS,Industrials,Specialty Industrial Machinery,NYSE,80.05,34,29,31,32,56.56,7712811517.75,135908573.0,0.1114,-30.91,1434130,1467416,1471350,-0.007
3823,CARS,Communication Services,Internet Content & Information,NYSE,80.04,34,70,58,28,9.74,536933107.1252232,53532714.0,0.1676,-28.85,859400,677926,668006,0.007
3824,LEO,Financial Services,Asset Management,NYSE,80.03,34,38,55,55,5.47,348205883.36483,62290854.0,0.0016,-16.49,299015,198098,222957,0.01
3825,NRO,Financial Services,Asset Management,NYSE ARCA,80.02,34,40,52,52,2.53,162839906.5801413,63361833.0,0.33,-22.15,268617,215312,203997,0.285
3826,PDI,Financial Services,Asset Management,NYSE,80.01,34,32,38,46,14.33,6863277302.985237,476616492.0,0.17,-28.21,4037247,4221879,4045491,
3827,HPI,Financial Services,Asset Management,NYSE,80.0,34,41,54,50,13.79,379108912.27960587,26792150.0,3.89,-21.69,127087,110619,82941,0.012
3828,LRN,Consumer Defensive,Education & Training Services,NYSE,79.99,34,29,24,38,81.36,3278656146.6838837,41559845.0,0.2766,-47.53,620200,685596,878244,-0.027
3829,STEP,Financial Services,Asset Management,NASDAQ,79.98,34,56,19,26,43.91,3725218857.558872,82288907.0,0.0744,-43.56,1151450,1121850,1215160,0.04
3830,MRCY,Industrials,Aerospace & Defense,NASDAQ,79.95,34,31,86,73,78.52,5165492710.986832,60863586.0,0.095699996,-38.87,550100,638470,702668,0.061
3831,MGEE,Utilities,Utilities - Regulated Electric,NASDAQ,79.95,34,43,44,31,70.73,2671321164.4574356,37746521.0,0.0636,-19.57,230420,191833,180738,0.011
3832,MDA,Industrials,Aerospace & Defense,NYSE,79.95,34,24,50,64,27.33,4846089423.373215,162130797.0,3.65,-44.64,1273430,1262176,1240864,0.336
3833,NAD,Financial Services,Asset Management,NYSE,79.93,34,35,55,53,10.08,2402821098.3453627,233737467.0,0.0023999999,-18.12,2762194,1891698,1363482,-0.006
3834,CBUS,Healthcare,Biotechnology,NASDAQ,79.92,34,45,84,28,1.59,130693531.3555336,76428964.0,0.060599998,-62.06,171420,126110,136252,0.065
3835,BRCC,Consumer Defensive,Packaged Foods,NYSE,79.91,34,14,62,13,9.56,128916782.11700821,14244948.0,0.0588,-48.46,76560,101890,128757,0.128
3836,NXST,Communication Services,Broadcasting,NASDAQ,79.87,34,29,36,58,162.11,4788226085.008316,30808301.0,0.11359999,-36.25,341120,379846,365794,0.622
3837,GXO,Industrials,Integrated Freight & Logistics,NYSE,79.86,34,29,36,73,46.36,5339714155.735302,114684579.0,0.0655,-30.65,1205420,1289640,1449392,0.043
3838,CRWV,Technology,Software - Infrastructure,NASDAQ,79.85,34,35,13,84,81.58,49428711786.08052,551536602.0,0.17639999,-46.75,24807240,27569976,29106364,1.125
3839,AFB,Financial Services,Asset Management,NYSE,79.83,34,37,59,53,9.37,275663940.62612915,28744936.0,0.9,-18.52,230627,139869,106745,0.07
3840,UBER,Technology,Software - Application,NYSE,79.82,34,33,26,28,70.24,139118771087.98975,2042560121.0,0.0232,-30.66,14996530,17465293,18212536,0.122
3841,HLNE,Financial Services,Asset Management,NASDAQ,79.81,34,40,16,18,85.66,4803356154.203941,55185617.0,0.1019,-44.97,658240,632416,652556,0.565
3842,CRE,Industrials,Specialty Business Services,NASDAQ,79.81,34,18,32,4,3.0,5437759.596034288,2013985.0,0.008,-68.75,317800,186726,1430288,0.574
3843,NHS,Financial Services,Asset Management,NYSE ARCA,79.8,34,33,35,34,5.42,227695516.3150077,41855793.0,0.0015,-30.06,301556,255838,218055,0.029
3844,RIVN,Consumer Cyclical,Auto Manufacturers,NASDAQ,79.79,34,56,71,74,14.33,20704407285.1575,1447860630.0,0.1359,-36.84,27555550,23556236,23158952,0.272
3845,LMNR,Consumer Defensive,Farm Products,NASDAQ,79.79,34,38,40,27,12.05,217402759.77991295,18132007.0,0.0673,-21.91,154730,149986,115342,-0.077
3846,CRMD,Healthcare,Biotechnology,NASDAQ,79.77,34,26,44,29,7.32,564069100.7790532,78451891.0,0.21069999,-43.78,888530,879380,1104160,1.565
3847,PINS,Communication Services,Internet Content & Information,NYSE,79.75,34,21,31,14,20.53,10907189029.638765,566313027.0,0.1592,-42.04,11911230,14333400,13024846,0.182
3848,DDL,Consumer Defensive,Grocery Stores,NYSE,79.74,34,33,35,70,2.06,470112826.70276785,218657119.0,0.0165,-39.59,184740,246516,288896,-0.988
3849,DPZ,Consumer Cyclical,Restaurants,NASDAQ,79.74,34,27,20,26,308.65,9845785809.16809,33081735.0,0.1122,-30.22,729390,817043,783644,0.043
3850,JPC,Financial Services,Asset Management,NYSE,79.7,34,35,51,52,6.65,2592815030.1049805,375226496.0,0.0056,-19.88,2845877,2191265,1742759,
3851,MTH,Consumer Cyclical,Residential Construction,NYSE,79.69,33,28,63,35,60.63,4161365738.6022263,65174093.0,0.1031,-28.99,870060,866290,808396,-0.138
3852,EIC,Financial Services,Asset Management,NYSE,79.67,33,35,34,24,9.04,215823060.86391926,23433557.0,0.0029,-31.46,207376,133305,113883,-0.204
3853,AIFF,Technology,Software - Application,NASDAQ,79.64,33,10,14,51,1.21,21338829.98445177,15690316.0,0.020299999,-61.59,15223660,5573943,3395502,0.719
3854,HIMS,Healthcare,Drug Manufacturers - Specialty & Generic,NYSE,79.63,33,26,65,20,28.06,6766088977.0,233313413.0,0.2726,-57.03,9113520,9628826,11129786,0.382
3855,VVV,Consumer Cyclical,Auto & Truck Dealerships,NYSE,79.62,33,25,69,49,30.84,3900053286.0897694,127536079.0,0.1148,-24.93,3039510,2770856,2581370,0.241
3856,BBSI,Industrials,Staffing & Employment Services,NASDAQ,79.61,33,38,63,16,32.18,739415347.3469925,24235180.0,0.051,-29.32,275970,214296,243408,0.038
3857,SLSR,Basic Materials,Other Precious Metals & Mining,NYSE ARCA,79.61,33,58,47,93,6.73,1184537825.4731064,167071622.0,6.32,-41.38,134700,157513,149020,
3858,MUA,Financial Services,Asset Management,NYSE,79.6,33,33,56,51,9.23,485307078.7217865,50924144.0,0.00090000004,-18.03,556598,459366,403647,-0.021
3859,OFLX,Industrials,Specialty Industrial Machinery,NASDAQ,79.59,33,26,36,58,26.25,265783497.48986435,10094322.0,0.028900001,-30.78,36210,32923,35112,-0.058
3860,FMS,Healthcare,Medical Care Facilities,NYSE,79.58,33,42,49,34,20.88,11841880982.5,532219370.0,4.46,-24.46,1042350,803593,809660,0.014
3861,SOHU,Communication Services,Electronic Gaming & Multimedia,NASDAQ,79.57,33,31,27,72,12.53,374314224.26548004,30065400.0,5.5796003,-27.57,41020,84103,72794,0.073
3862,KVYO,Technology,Software - Application,NYSE,79.55,33,23,19,16,17.57,4701685873.646619,299279813.0,0.15630001,-47.32,5706620,6593370,6637412,0.264
3863,AAON,Industrials,Building Products & Equipment,NASDAQ,79.52,33,20,81,53,85.95,6865914242.738609,82453639.0,0.0709,-42.88,1098380,1115606,1182714,1.012
3864,MCFT,Consumer Cyclical,Recreational Vehicles,NASDAQ,79.5,33,40,71,70,19.5,489221366.3847332,24339371.0,0.0506,-31.43,192000,260883,228810,0.634
3865,SSYS,Technology,Computer Hardware,NASDAQ,79.5,33,24,26,21,8.05,762006883.2941055,87587000.0,0.0467,-37.16,691390,674700,724164,-0.003
3866,CHKP,Technology,Software - Infrastructure,NASDAQ,79.48,33,26,21,14,134.74,13308818265.072815,102100634.0,0.081,-36.04,847020,1097680,1069648,0.013
3867,VGM,Financial Services,Asset Management,NYSE,79.48,33,46,60,56,8.73,482664494.512146,54231968.0,0.0053,-18.11,517667,316679,239645,0.038
3868,NCEL,Healthcare,Biotechnology,NASDAQ,79.46,33,24,50,8,3.11,16461964.249145508,5776128.0,1.87,-84.29,4610,6156,8536,
3869,ALGT,Industrials,Airlines,NASDAQ,79.42,33,40,90,86,76.42,2121683182.2356415,27337755.0,0.1035,-38.19,468740,486606,515362,0.369
3870,NDMO,Financial Services,Asset Management,NYSE,79.42,33,34,51,51,8.77,540728874.5998125,60484217.0,0.0001,-18.95,514487,362475,286687,
3871,PWP,Financial Services,Capital Markets,NASDAQ,79.42,33,29,21,61,15.2,1223060502.6465454,77311032.0,0.10479999,-41.37,3042940,1945073,1632498,0.008
3872,XZO,Financial Services,Insurance - Diversified,NYSE,79.42,33,48,25,21,15.89,1297237184.8349495,90085918.0,0.1342,-35.41,468440,375846,300188,0.069
3873,CMG,Consumer Cyclical,Restaurants,NYSE,79.4,33,64,27,21,32.68,41027238453.826904,1267838000.0,0.036,-23.68,23290670,16089440,17464058,0.093
3874,LPA,Real Estate,Real Estate - Development,NYSE ARCA,79.4,33,36,22,27,2.94,94778918.95230174,31698635.0,0.0198,-37.82,443550,170056,113414,0.261
3875,OTLK,Healthcare,Biotechnology,NASDAQ,79.39,33,18,99,4,0.56,144364398.24506676,243447554.0,0.1402,-77.94,5138890,4794156,12141658,-0.994
3876,NAC,Financial Services,Asset Management,NYSE,79.38,33,36,59,56,10.0,1599222048.9793167,156326698.0,0.0032,-18.37,1648260,1308573,958450,-0.005
3877,DEI,Real Estate,REIT - Office,NYSE,79.38,33,30,61,23,9.9,1644705270.8275528,167485267.0,0.277,-36.21,2570180,2151916,1934120,0.016
3878,DMB,Financial Services,Asset Management,NYSE,79.34,33,39,55,55,9.24,174488606.13441467,18405972.0,0.57,-18.09,138845,90555,78475,-0.0
3879,NEOV,Industrials,Electrical Equipment & Parts,NASDAQ,79.34,33,89,10,23,2.6,179990400.5360291,59013247.0,0.0924,-63.53,1630660,1833996,1749054,-0.997
3880,TSHA,Healthcare,Biotechnology,NASDAQ,79.33,33,67,87,97,4.43,1508609350.63869,325833545.0,0.1603,-39.32,4586780,3780860,3343820,
3881,PEGA,Technology,Software - Application,NASDAQ,79.32,33,25,12,29,35.49,5578259834.022408,164404945.0,0.137,-47.89,1564490,2152656,1989904,0.094
3882,SHIM,Industrials,Engineering & Construction,NASDAQ,79.31,33,65,73,96,3.08,130207846.39209127,41335823.0,0.0136,-54.46,99210,173473,142712,-0.17
3883,MC,Financial Services,Capital Markets,NYSE,79.29,33,45,54,48,56.27,4172235871.1523056,74080893.0,0.081999995,-28.06,1006050,868676,887332,0.12
3884,KGC,Basic Materials,Gold,NYSE,79.28,33,68,32,90,23.34,28540952749.81907,1186240789.0,2.05,-40.32,7923020,7827830,8260250,0.295
3885,SGML,Basic Materials,Other Industrial Metals & Mining,NASDAQ,79.28,33,40,60,97,9.56,1023245982.3465614,112568313.0,0.0563,-60.95,2814970,2318326,2089514,2.239
3886,CHCT,Real Estate,REIT - Healthcare Facilities,NYSE,79.28,33,34,71,69,13.68,390265324.760828,28653842.0,0.038599998,-28.62,424890,402946,398730,0.074
3887,ANIP,Healthcare,Drug Manufacturers - Specialty & Generic,NASDAQ,79.27,33,27,55,48,71.98,1658000014.369995,22970352.0,0.1321,-25.79,352660,399066,402964,0.259
3888,CPSH,Technology,Electronic Components,NASDAQ,79.26,33,24,63,93,3.6,73990838.66617584,19268448.0,0.0777,-74.98,174100,201176,210164,0.029
3889,TMUS,Communication Services,Telecom Services,NASDAQ,79.24,33,28,33,30,171.31,175531982096.61322,1072671613.0,0.0379,-25.85,4107420,4800660,4621670,0.079
3890,TPR,Consumer Cyclical,Luxury Goods,NYSE,79.2,33,30,63,89,115.82,23552145553.0056,199391678.0,0.0938,-29.72,2798650,3172696,3241574,0.089
3891,AXR,Real Estate,Real Estate - Development,NYSE,79.2,33,44,53,73,20.72,114697252.33504486,5324849.0,0.010199999,-28.58,10720,9383,10518,-0.661
3892,GIII,Consumer Cyclical,Apparel Manufacturing,NASDAQ,79.19,33,31,82,66,26.77,1173530059.9433975,42876508.0,0.2852,-28.69,673510,853620,675460,-0.096
3893,ALH,Consumer Cyclical,"Furnishings, Fixtures & Appliances",NYSE,79.16,33,31,53,53,21.24,4234207593.135956,198789096.0,0.09,-24.76,1261540,1062466,1392016,0.066
3894,ARLO,Industrials,Building Products & Equipment,NYSE,79.16,33,33,25,61,12.15,1375297996.3841476,107613304.0,0.1388,-39.07,1475100,1396690,1379976,0.205
3895,AZ,Technology,Software - Application,NASDAQ,79.15,33,34,13,54,5.83,272523833.24921465,44026467.0,0.1079,-33.18,468180,425320,502014,4.09
3896,SRPT,Healthcare,Biotechnology,NASDAQ,79.14,33,79,25,35,18.21,1848472867.5,105627021.0,0.2886,-28.08,2455880,3090223,2958394,-0.343
3897,AGNC,Real Estate,REIT - Mortgage,NASDAQ,79.14,33,61,72,69,8.68,10420381873.90747,1185481447.0,0.0919,-28.79,43050780,37427146,28870346,
3898,RVLV,Consumer Cyclical,Internet Retail,NYSE,79.14,33,30,50,66,21.63,1475022465.0,71085420.0,0.1224,-31.72,638370,805076,858440,0.124
3899,XXI,Consumer Defensive,Education & Training Services,NYSE,79.11,33,14,7,11,6.32,2287798959.542195,346636211.0,3.65,-75.34,1412910,2297156,1969612,
3900,WAFU,Consumer Defensive,Education & Training Services,NASDAQ,79.1,33,21,38,48,1.45,6395310.760311842,4410559.0,0.2025,-52.61,60240,1378370,1934632,-0.027
3901,COIN,Financial Services,Financial Data & Stock Exchanges,NASDAQ,79.04,33,24,13,21,172.0,48282156909.0,263836923.0,0.114700004,-57.23,7761030,9399133,9632248,-0.173
3902,MWH,Utilities,Utilities - Renewable,NASDAQ,79.03,33,21,33,61,25.69,5110264730.5,202386722.0,0.1864,-46.92,1389050,1372100,1645034,0.775
3903,STZ,Consumer Defensive,Beverages - Brewers,NYSE,78.99,33,27,25,47,123.63,19275762314.63698,170778434.0,0.056900002,-26.67,3029070,2637280,2241418,-0.033
3904,NVG,Financial Services,Asset Management,NYSE,78.97,33,36,58,56,10.57,2311447555.6629343,215821433.0,0.0034,-22.22,2169159,1293869,980291,-0.023
3905,ARR,Real Estate,REIT - Mortgage,NYSE,78.95,33,57,64,68,13.47,1923705916.7392807,141553046.0,0.0,-30.24,5101340,4458926,3973032,
3906,OSS,Technology,Computer Hardware,NASDAQ,78.95,33,36,94,96,7.65,216025324.27366638,24945188.0,0.19370002,-63.36,954060,782786,847822,0.623
3907,AQN,Utilities,Utilities - Diversified,NYSE,78.94,33,34,35,56,5.08,3926499591.0764337,769901895.0,4.52,-28.55,4876030,4647783,4227818,0.031
3908,BMM,Basic Materials,Other Industrial Metals & Mining,NASDAQ,78.93,32,58,65,92,4.82,516974576.92907286,104863001.0,3.88,-44.15,227190,388613,335986,
3909,TDF,Financial Services,Asset Management,NYSE,78.93,32,38,43,60,9.41,238218922.0,25075676.0,0.0005,-22.87,51294,45408,47300,-0.013
3910,SRE,Utilities,Utilities - Diversified,NYSE,78.91,32,36,57,64,80.08,51252707480.249054,653900348.0,0.019,-20.74,3429710,3863410,3957222,-0.001
3911,AIRI,Industrials,Aerospace & Defense,NYSE ARCA,78.9,32,23,23,33,2.6,13193789.898778439,4850658.0,0.028099999,-34.18,12890,12370,18624,-0.052
3912,PHR,Healthcare,Health Information Services,NYSE,78.86,32,25,20,6,10.66,625054387.1374512,62070944.0,0.0617,-56.03,612710,706236,755060,0.104
3913,TWAV,Financial Services,Asset Management,NASDAQ,78.83,32,12,9,13,1.42,6087234.03336823,3877219.0,0.0056,-55.76,83390,65493,55034,-0.118
3914,DSM,Financial Services,Asset Management,NYSE,78.82,32,36,54,56,5.12,256040610.89500284,49428691.0,0.0016,-18.73,316074,186091,172196,0.031
3915,SERA,Healthcare,Medical Devices,NASDAQ,78.82,32,30,23,13,2.02,82449380.55402517,39449466.0,0.0068,-48.86,10560,21020,25460,0.765
3916,NVR,Consumer Cyclical,Residential Construction,NYSE,78.78,32,28,30,31,6002.55,15972771371.240234,2664860.0,0.0747,-26.8,39060,40970,37606,-0.109
3917,AZO,Consumer Cyclical,Auto Parts,NYSE,78.77,32,23,22,34,2910.54,45155501663.81836,16173000.0,0.0345,-31.1,306120,360273,300230,0.056
3918,EVN,Financial Services,Asset Management,NYSE,78.76,32,40,57,48,9.2,370484278.619442,39922876.0,2.9,-18.29,306224,152074,123668,0.059
3919,NAN,Financial Services,Asset Management,NYSE,78.73,32,36,57,51,9.57,332002287.40517044,33569492.0,0.0054,-18.9,231864,170871,137272,-0.019
3920,TWI,Industrials,Farm & Heavy Construction Machinery,NYSE,78.72,32,33,31,36,6.82,451151025.707428,64542352.0,0.0535,-41.71,616850,603383,595284,0.052
3921,PPTA,Basic Materials,Other Precious Metals & Mining,NASDAQ,78.71,32,46,18,89,20.11,2549452360.155424,125095803.0,0.1273,-46.19,1024860,965493,1102194,
3922,ELA,Consumer Cyclical,Luxury Goods,NYSE ARCA,78.7,32,53,97,96,12.07,315715864.19828796,25963476.0,0.067,-59.33,85000,114436,125966,0.035
3923,BX,Financial Services,Asset Management,NYSE,78.7,32,41,28,23,112.68,83882356489.5,750625114.0,0.026300002,-33.72,5540020,4283570,4228598,0.286
3924,MIRM,Healthcare,Biotechnology,NASDAQ,78.68,32,78,92,89,81.35,5384827614.605736,64932203.0,0.1245,-37.42,915630,744520,731938,0.379
3925,VFC,Consumer Cyclical,Apparel Manufacturing,NYSE,78.65,32,19,59,88,14.53,5633618358.106213,393134570.0,0.1007,-34.76,10013970,7927160,7588458,-0.052
3926,CTEV,Healthcare,Health Information Services,NYSE,78.63,32,82,54,12,24.33,401993810.72310066,16947463.0,0.0922,-66.98,205800,161966,146828,0.066
3927,RYAN,Financial Services,Insurance Brokers,NYSE,78.63,32,38,28,12,37.79,4598666810.8090515,122077702.0,0.113900006,-36.15,1950540,2060333,1948226,0.074
3928,HWKN,Basic Materials,Specialty Chemicals,NASDAQ,78.62,32,22,32,45,127.79,2743199201.4169617,20875117.0,0.078200005,-31.35,164870,182686,168394,0.076
3929,TRSG,Industrials,Metal Fabrication,NASDAQ,78.62,32,48,65,28,1.17,18642973.806061506,16353486.0,0.0064,-33.14,128430,44446,27964,0.109
3930,TOUR,Consumer Cyclical,Travel Services,NASDAQ,78.61,32,30,21,31,4.98,53971144.07148695,10863757.0,13.2,-47.58,4890,5723,6334,0.03
3931,NPB,Financial Services,Banks - Regional,NYSE,78.55,32,35,58,73,15.69,530831287.8919258,34581842.0,0.021,-20.4,238460,258616,229620,0.098
3932,NVMI,Technology,Semiconductor Equipment & Materials,NASDAQ,78.55,32,31,76,93,354.59,12599056340.01648,31806161.0,0.0699,-42.44,265120,505550,505390,0.159
3933,NMT,Financial Services,Asset Management,NYSE,78.52,32,42,61,61,10.19,105604799.85558414,10252893.0,0.0014,-25.62,66630,43980,31222,0.054
3934,RSI,Consumer Cyclical,Gambling,NYSE,78.52,32,71,94,84,20.32,2313683229.9347706,115626347.0,0.082600005,-41.15,2819960,3314423,3055356,0.463
3935,VSEC,Industrials,Aerospace & Defense,NASDAQ,78.52,32,61,67,86,169.97,4694708481.901001,28064972.0,0.0825,-31.42,443650,398523,395466,0.65
3936,OTF,Financial Services,Asset Management,NYSE,78.51,32,33,23,25,9.39,4389415991.663229,458185389.0,0.0125,-37.4,2237810,2229876,2567378,0.058
3937,RM,Financial Services,Credit Services,NYSE,78.49,32,31,70,66,33.92,293380242.1612778,9225794.0,0.0509,-23.43,86930,74180,94120,0.06
3938,ACIU,Healthcare,Biotechnology,NASDAQ,78.49,32,65,21,75,2.55,270938380.21790886,99426932.0,0.0748,-36.25,237540,180593,206764,10.572
3939,NKX,Financial Services,Asset Management,NYSE,78.45,32,37,57,48,10.4,593179546.2176418,56332342.0,0.0019,-21.21,465047,294255,234527,0.017
3940,GLOB,Technology,Information Technology Services,NYSE,78.45,32,21,9,13,37.05,1515602349.7132263,43179556.0,0.26389998,-48.61,819040,957076,1346886,0.0
3941,TKC,Communication Services,Telecom Services,NYSE,78.43,32,30,38,63,5.12,4387708157.670122,870577022.0,0.0058,-28.69,2480780,2506606,2198294,0.025
3942,AYTU,Healthcare,Drug Manufacturers - Specialty & Generic,NASDAQ,78.41,32,29,30,81,2.05,22494084.834568977,10866708.0,0.033299997,-33.22,29190,41440,38328,0.064
3943,GHI,Financial Services,Mortgage Finance,NYSE,78.34,32,52,19,10,5.1,130300685.24361134,23562510.0,0.0086,-51.15,57520,45396,58350,
3944,HAPN,Financial Services,Banks - Regional,NASDAQ,78.33,32,41,80,71,15.33,1774966809.5273361,115407464.0,0.0636,-29.26,1994320,1552933,1405974,0.065
3945,BMN,Financial Services,Asset Management,NYSE,78.33,32,39,42,52,21.7,136785279.25,6147653.0,0.8,-22.39,55873,28271,19324,
3946,VSNT,Communication Services,Entertainment,NASDAQ,78.29,32,31,29,50,31.77,4305922287.64484,139170078.0,0.044499997,-46.15,1833880,1771606,1759392,-0.037
3947,NPKI,Industrials,Building Products & Equipment,NYSE,78.28,32,48,74,89,11.48,1001087647.0209446,84909894.0,0.0339,-30.42,801600,830166,819818,0.196
3948,MAZE,Healthcare,Biotechnology,NASDAQ,78.28,32,34,68,86,25.88,1468164527.1922607,55549168.0,0.115100004,-51.76,755040,778403,609058,
3949,SUPN,Healthcare,Drug Manufacturers - Specialty & Generic,NASDAQ,78.28,32,29,54,77,42.14,2467539242.530094,58224143.0,0.10520001,-29.39,702920,643766,804172,0.324
3950,PBH,Healthcare,Drug Manufacturers - Specialty & Generic,NYSE,78.26,32,25,20,23,47.87,2144170786.2034378,47374522.0,0.1221,-32.64,582060,581373,571630,0.065
3951,VSECU,Industrials,Aerospace & Defense,NASDAQ,78.25,32,44,40,67,44.09,,,0.41,-35.26,18856,25748,35429,0.65
3952,SLRC,Financial Services,Asset Management,NASDAQ,78.25,32,30,29,62,11.5,630106033.1054707,54554634.0,0.0231,-29.71,376190,361710,363844,-0.094
3953,CXM,Technology,Software - Application,NYSE,78.24,32,26,27,17,5.42,1207290923.7168312,232171340.0,0.108100004,-34.5,2706100,3847986,3374142,0.008
3954,TEX,Industrials,Farm & Heavy Construction Machinery,NYSE,78.22,32,60,72,75,52.35,6481952895.355225,114300000.0,0.0719,-29.91,1688830,1236140,1207598,0.505
3955,SHAK,Consumer Cyclical,Restaurants,NYSE,78.21,32,25,10,52,67.31,2464088907.5226173,40408149.0,0.1104,-37.36,1628030,1408520,1538080,0.172
3956,NABL,Technology,Information Technology Services,NYSE,78.21,32,24,19,17,4.5,799070370.1230869,188905524.0,0.0695,-48.48,1878300,2910726,2753710,0.059
3957,WMS,Industrials,Building Products & Equipment,NYSE,78.21,32,32,61,69,126.21,9596837623.209274,75405342.0,0.0385,-29.62,719260,767606,743282,0.206
3958,MTRX,Industrials,Engineering & Construction,NASDAQ,78.2,32,25,39,31,10.63,290840940.32524204,28291921.0,0.0477,-33.44,599060,512313,384310,0.13
3959,BBAR,Financial Services,Banks - Regional,NYSE,78.19,32,56,88,59,12.69,2528450282.7130346,204236693.0,0.013200001,-43.52,707380,653926,694226,0.051
3960,PHIN,Consumer Cyclical,Auto Parts,NYSE,78.17,32,45,84,83,58.46,2190224855.9157715,36638088.0,0.161,-32.75,466920,417700,404432,0.056
3961,ACIC,Financial Services,Insurance - Property & Casualty,NASDAQ,78.17,32,27,30,60,9.83,441024590.00362206,47269517.0,0.0784,-24.73,262210,255833,270216,-0.045
3962,HSLV,Basic Materials,Silver,NYSE ARCA,78.17,32,55,14,34,4.74,1068497944.5,203523418.0,4.27,-31.99,737240,693086,622776,
3963,ALK,Industrials,Airlines,NYSE,78.17,32,24,51,30,39.52,4411671197.365723,111603120.0,0.1159,-34.82,3287120,2762870,2597948,0.097
3964,KAI,Industrials,Specialty Industrial Machinery,NYSE,78.15,32,37,37,51,260.55,3174644764.5403137,11809117.0,0.1333,-26.41,152280,163703,149488,0.226
3965,GBLI,Financial Services,Insurance - Property & Casualty,NASDAQ,78.15,32,67,33,36,23.24,356498956.484951,14640614.0,0.0016,-23.8,7680,7833,6502,0.051
3966,PPSI,Industrials,Electrical Equipment & Parts,NASDAQ,78.15,32,18,60,18,3.08,36738569.824894905,11099266.0,0.0128,-51.03,88690,103276,106484,-0.4
3967,YALA,Technology,Software - Application,NYSE,78.14,31,27,19,48,5.38,807730236.903173,151828987.0,0.0233,-31.29,270540,302476,312170,-0.023
3968,TELO,Healthcare,Biotechnology,NASDAQ,78.12,31,29,31,23,1.15,81154444.47261,68774956.0,0.0176,-45.0,198360,115873,90310,
3969,SABS,Healthcare,Biotechnology,NASDAQ,78.12,31,60,67,90,2.89,271139378.37542725,90986368.0,0.040900003,-43.88,887880,571456,498968,
3970,TDG,Industrials,Aerospace & Defense,NYSE,78.12,31,29,32,29,1089.3,60272417599.40491,55276525.0,0.025799999,-25.54,350290,375060,411758,0.225
3971,TLS,Technology,Software - Infrastructure,NASDAQ,78.11,31,34,62,57,4.37,313147150.18647337,74736789.0,0.0572,-47.73,631280,719956,618618,0.327
3972,ASUR,Technology,Software - Application,NASDAQ,78.11,31,41,33,33,7.35,221793234.0825348,28879328.0,0.044,-27.94,108730,101726,109026,0.232
3973,VMET,Basic Materials,Other Precious Metals & Mining,NASDAQ,78.1,31,31,28,59,8.58,926139129.4790974,108829507.0,0.0114,-42.8,217220,288116,325638,3.919
3974,WGS,Healthcare,Diagnostics & Research,NASDAQ,78.08,31,47,20,12,67.73,2179729412.476593,29822541.0,0.3777,-60.36,771450,712240,747036,0.114
3975,OMCL,Healthcare,Health Information Services,NASDAQ,78.06,31,28,84,57,34.83,1528091273.004692,45478909.0,0.0875,-36.67,514380,564263,656456,0.075
3976,REAL,Consumer Cyclical,Luxury Goods,NASDAQ,78.05,31,33,76,84,9.62,1082872877.086153,121671115.0,0.1571,-44.69,2851330,2573313,2996934,0.166
3977,BRO,Financial Services,Insurance Brokers,NYSE,78.02,31,36,24,17,63.75,20046506436.81251,334610357.0,0.0544,-33.97,2435520,2245970,2132504,0.324
3978,HPF,Financial Services,Asset Management,NYSE,78.02,31,40,53,51,13.22,295533807.5908642,21650829.0,0.99,-22.83,84721,82273,60854,0.013
3979,STAA,Healthcare,Medical Instruments & Supplies,NASDAQ,77.99,31,33,80,78,22.38,1126735286.0488586,50143984.0,0.1927,-37.61,825010,1004576,1001104,1.11
3980,ARBB,Technology,Information Technology Services,NASDAQ,77.98,31,26,25,11,4.15,8120177.431652069,1765256.0,0.0081,-61.11,3850,3186,6492,0.82
3981,ELTK,Technology,Electronic Components,NASDAQ,77.97,31,27,34,24,7.77,53564989.77991438,6720827.0,0.0016,-32.96,1910,10723,9926,-0.079
3982,RYN,Real Estate,REIT - Specialty,NYSE,77.95,31,38,44,30,18.6,5431494686.763655,300747223.0,0.0465,-31.16,4514010,4040696,3637870,2.721
3983,ABEO,Healthcare,Biotechnology,NASDAQ,77.95,31,43,84,44,4.96,287635617.50768423,57184017.0,0.29549998,-35.16,1185390,1329906,1440506,27.45
3984,SGRY,Healthcare,Medical Care Facilities,NASDAQ,77.94,31,29,38,17,13.64,1743831183.2469177,130918260.0,0.2011,-41.81,1470710,2251326,2311766,0.027
3985,PPC,Consumer Defensive,Packaged Foods,NASDAQ,77.94,31,26,19,20,28.5,6547984410.0,238108524.0,0.026800001,-36.44,1623340,1429326,1546444,-0.028
3986,PICS,Technology,Software - Infrastructure,NASDAQ,77.93,31,18,17,17,11.98,1177950785.6434898,129587543.0,0.0431,-39.95,762720,539743,550162,0.67
3987,ATTT,Consumer Defensive,Household & Personal Products,NASDAQ,77.93,31,20,15,28,2.63,15803058.67,5874743.0,0.0075,-68.99,90640,320790,195426,1.96
3988,ACRE,Real Estate,REIT - Mortgage,NYSE,77.89,31,34,42,78,3.66,212492658.557127,55481113.0,0.038900003,-37.86,750340,498050,498398,-0.588
3989,LOAR,Industrials,Aerospace & Defense,NYSE,77.88,31,34,39,24,61.62,5782452544.485809,93688471.0,0.14829999,-26.14,662880,705046,679082,0.394
3990,IPHA,Healthcare,Biotechnology,NASDAQ,77.86,31,61,43,26,1.48,174252534.92845488,111700347.0,0.0007,-45.39,57210,48270,199514,0.165
3991,VKI,Financial Services,Asset Management,NYSE ARCA,77.83,31,41,63,56,7.53,340831356.2002697,44436943.0,0.003,-21.56,470389,234333,166661,0.002
3992,MGRX,Healthcare,Health Information Services,NASDAQ,77.83,31,15,9,5,0.43,9424963.552836,21567422.0,0.026300002,-84.36,804720,578376,16253520,-0.591
3993,NPV,Financial Services,Asset Management,NYSE,77.82,31,30,51,55,9.4,182715807.78503418,19562720.0,0.0011,-20.41,128868,114432,110075,0.067
3994,VERX,Technology,Software - Application,NASDAQ,77.8,31,22,17,7,12.77,1948237976.928749,162217980.0,0.0695,-51.88,1446270,1406670,1836270,0.105
3995,HD,Consumer Cyclical,Home Improvement Retail,NYSE,77.79,31,29,37,33,295.47,282196516803.5142,997689626.0,0.0117999995,-25.69,5885240,4883683,4482430,0.057
3996,AISP,Technology,Software - Infrastructure,NASDAQ,77.78,31,11,12,8,2.29,73011867.49870491,34439562.0,0.12189999,-68.19,5207510,1882246,1268638,0.921
3997,ADNT,Consumer Cyclical,Auto Parts,NYSE,77.78,31,28,33,69,17.62,1334547851.7457962,77096932.0,0.10609999,-35.51,1035920,982623,1012072,0.05
3998,TSCO,Consumer Cyclical,Specialty Retail,NASDAQ,77.76,31,23,11,24,33.48,16199137938.834415,521040137.0,0.0864,-42.48,10967840,9789040,10340004,0.023
3999,AIIR,Consumer Defensive,Tobacco,NASDAQ,77.76,31,29,12,36,7.5,1148328916.3332539,155389572.0,0.0007,-50.98,72170,28100,20482,
4000,CASH,Financial Services,Banks - Regional,NASDAQ,77.76,31,41,61,81,72.09,1536397834.501419,20773362.0,0.1594,-28.81,238280,245800,215206,-0.135
4001,MDLN,Healthcare,Medical Instruments & Supplies,NASDAQ,77.74,31,23,29,62,35.74,31242477408.472687,877351218.0,0.09810001,-29.75,9804630,8737590,8320970,0.116
4002,RDZN,Technology,Software - Application,NASDAQ,77.73,31,26,34,28,1.12,103901379.296592,85165063.0,0.0385,-56.25,431850,379240,328126,0.49
4003,DYN,Healthcare,Biotechnology,NASDAQ,77.72,31,65,94,92,16.37,2838545715.580945,186746431.0,0.1601,-40.05,3514030,3517510,2832756,
4004,KVHI,Communication Services,Telecom Services,NASDAQ,77.72,31,53,82,92,6.61,127168147.77213669,18140962.0,0.07,-49.15,87080,109023,134148,0.267
4005,BRN,Energy,Oil & Gas E&P,NYSE ARCA,77.71,31,32,30,27,0.95,14107649.074573517,14395560.0,0.0053,-32.14,1032670,374010,241290,0.059
4006,HRL,Consumer Defensive,Packaged Foods,NYSE,77.7,31,29,64,23,19.42,11144603700.0,550350800.0,0.0714,-26.99,6129210,5865943,5059890,-0.024
4007,TII,Basic Materials,Other Industrial Metals & Mining,NYSE ARCA,77.7,31,90,67,95,2.1,241512001.10369968,98980326.0,2.52,-62.83,275330,288076,360250,0.573
4008,CDIO,Healthcare,Biotechnology,NASDAQ,77.66,31,14,16,13,1.86,5800559.352894783,2959469.0,0.0018000001,-76.49,31090,32246,40268,-0.283
4009,SIFY,Communication Services,Telecom Services,NASDAQ,77.66,31,58,87,93,12.73,964104756.044774,72434615.0,0.036,-28.68,33780,32356,31398,0.152
4010,BKNG,Consumer Cyclical,Travel Services,NASDAQ,77.63,31,37,30,32,159.97,119484530320.24384,751380500.0,0.026199998,-28.9,7594500,8099443,7095358,0.081
4011,ELDN,Healthcare,Biotechnology,NASDAQ,77.62,31,64,87,88,2.42,202340269.25496674,81261152.0,0.1017,-47.39,731350,918766,907868,
4012,HBNB,Real Estate,Real Estate Services,NASDAQ,77.58,31,41,70,81,4.41,1113994210.9257622,234032386.0,0.0002,-57.72,22370,10356,7736,8.926
4013,MIDD,Industrials,Specialty Industrial Machinery,NASDAQ,77.57,31,31,71,47,105.4,4728901021.129234,45222349.0,0.0557,-29.05,542280,582950,599312,0.099
4014,BEAM,Healthcare,Biotechnology,NASDAQ,77.56,31,36,67,81,24.6,2530547792.5,103287665.0,0.3875,-35.7,1815920,1910803,1813860,-0.942
4015,TOON,Communication Services,Entertainment,NYSE ARCA,77.54,31,18,23,37,0.55,34896502.25245297,62204105.0,0.0201,-57.36,402640,322723,293078,-0.434
4016,EDN,Utilities,Utilities - Regulated Electric,NYSE,77.5,31,37,49,53,20.15,948629294.2473564,47574186.0,0.080699995,-45.1,186940,102810,103198,0.104
4017,JEF,Financial Services,Capital Markets,NYSE,77.5,31,53,63,28,44.4,10598488179.305878,230552271.0,0.0423,-33.33,2739020,2327040,2169872,0.085
4018,VTN,Financial Services,Asset Management,NYSE,77.49,31,33,56,57,9.28,141220523.39823532,14664644.0,0.0029,-23.31,88526,62135,46587,-0.172
4019,ATEC,Healthcare,Medical Devices,NASDAQ,77.49,31,19,17,22,10.35,1549144251.0371132,154451076.0,0.1078,-55.56,2155060,2226500,2219454,0.151
4020,CXDO,Communication Services,Telecom Services,NASDAQ,77.43,31,23,78,59,5.92,196862439.33706284,33253790.0,0.0551,-47.28,198100,279386,313654,0.489
4021,UFPI,Basic Materials,Lumber & Wood Production,NASDAQ,77.42,31,31,29,32,76.45,4255709114.8197556,55161491.0,0.0551,-35.21,446490,446433,438120,0.026
4022,ERIE,Financial Services,Insurance Brokers,NASDAQ,77.41,31,36,19,18,226.54,11560766724.628784,52289868.0,0.0953,-31.46,157130,257483,260524,0.028
4023,TRUP,Financial Services,Insurance - Property & Casualty,NASDAQ,77.4,31,28,18,18,25.82,1028570726.4320221,43620472.0,0.111499995,-45.04,467540,456656,516358,0.111
4024,BBWI,Consumer Cyclical,Specialty Retail,NYSE,77.39,31,28,35,18,17.71,3238423619.0897846,201645313.0,0.0805,-35.36,7374740,6802993,6633824,-0.023
4025,BA,Industrials,Aerospace & Defense,NYSE,77.39,31,36,36,51,187.75,152984019141.5857,790370020.0,0.0001,-26.18,10370170,7767250,6884620,0.08
4026,ONON,Consumer Cyclical,Footwear & Accessories,NYSE,77.37,30,13,29,22,34.04,10310523715.042791,334214703.0,0.0916,-33.36,10621300,10811726,10234872,0.135
4027,ALGN,Healthcare,Medical Instruments & Supplies,NASDAQ,77.37,30,34,57,67,141.03,10211268716.713562,71039852.0,0.062800005,-29.64,946090,928786,914978,0.043
4028,INGN,Healthcare,Medical Devices,NASDAQ,77.34,30,19,37,42,5.94,158433866.3220353,26538337.0,0.0525,-34.94,431910,359983,319500,0.03
4029,FUL,Basic Materials,Specialty Chemicals,NYSE,77.34,30,27,33,60,50.44,2702221814.8683586,53829119.0,0.0744,-26.5,1161700,912576,812434,0.052
4030,ULS,Industrials,Specialty Business Services,NYSE,77.33,30,26,61,81,70.65,13323260004.968971,201898173.0,0.0793,-34.3,1281170,984163,971394,0.052
4031,NHI,Real Estate,REIT - Healthcare Facilities,NYSE,77.32,30,34,40,66,64.58,3227537782.4292603,49110434.0,0.0419,-29.33,416010,388256,373408,0.338
4032,LWLG,Basic Materials,Specialty Chemicals,NASDAQ,77.3,30,34,94,99,5.11,878753324.0949297,154167255.0,0.1691,-72.69,3391980,2839453,2916196,0.279
4033,MITQ,Technology,Communication Equipment,NYSE ARCA,77.29,30,27,37,22,0.57,5752384.984166205,9952223.0,0.0091,-49.11,206690,174890,114690,-0.227
4034,ALC,Healthcare,Medical Instruments & Supplies,NYSE,77.29,30,31,27,36,63.13,30821583188.62915,483400000.0,12.98,-27.97,1866310,1652196,1727626,0.087
4035,DIT,Consumer Defensive,Food Distribution,NYSE ARCA,77.26,30,24,27,78,63.55,65942813.89703369,976063.0,0.0028,-33.52,907,419,361,0.133
4036,AKTX,Healthcare,Biotechnology,NASDAQ,77.25,30,17,86,3,8.13,19926639.410204887,2285165.0,0.0095999995,-81.61,41880,72640,66272,
4037,SKYX,Industrials,Electrical Equipment & Parts,NASDAQ,77.25,30,41,39,22,1.11,159808565.81636167,135430994.0,0.0313,-66.26,593050,789753,833008,0.096
4038,LDOS,Technology,Information Technology Services,NYSE,77.21,30,26,12,28,119.22,14775452419.57972,125492209.0,0.0478,-42.06,1222460,1278720,1377768,0.072
4039,ESOA,Industrials,Engineering & Construction,NASDAQ,77.21,30,35,90,92,10.46,205437587.0807476,18659181.0,0.0373,-47.54,108280,117810,145666,0.255
4040,OMAB,Industrials,Airports & Air Services,NASDAQ,77.14,30,40,47,68,90.43,4546662373.669556,48271178.0,0.0099,-33.01,221260,145483,113986,0.026
4041,FEBO,Technology,Consumer Electronics,NASDAQ,77.14,30,20,21,50,0.77,7024687.394499779,11062500.0,0.013099999,-47.26,94150,129123,81124,-0.359
4042,SUPV,Financial Services,Banks - Regional,NYSE,77.11,30,37,65,42,7.12,644738463.9683776,93985197.0,0.044699997,-47.45,733790,570153,612198,0.023
4043,CHRW,Industrials,Integrated Freight & Logistics,NASDAQ,77.09,30,35,88,87,141.34,18429780554.400696,116851258.0,0.0497,-32.8,2490420,1777203,1837704,0.193
4044,ORCL,Technology,Software - Infrastructure,NYSE,77.08,30,18,13,27,135.69,431382622754.1073,3031501149.0,0.0273,-57.93,28470680,31945563,29767484,0.296
4045,SAM,Consumer Defensive,Beverages - Brewers,NYSE,77.08,30,25,20,65,171.17,1723856567.5,10291681.0,0.2441,-35.28,194870,239270,217940,-0.033
4046,UNIT,Real Estate,REIT - Specialty,NASDAQ,77.03,30,74,87,91,7.4,1951510076.140771,242725135.0,0.1879,-42.8,3387090,2467710,2379632,2.025
4047,MF,Communication Services,Advertising Agencies,NASDAQ,77.03,30,75,1,6,10.68,25761513.578704834,1818032.0,0.0063,-87.21,66430,109143,216552,-0.326
4048,PEPG,Healthcare,Biotechnology,NASDAQ,77.02,30,91,66,16,2.38,157911696.77846932,69259517.0,0.0789,-69.49,996350,767623,890060,
4049,TRU,Financial Services,Financial Data & Stock Exchanges,NYSE,76.99,30,60,37,31,64.59,12155103736.877441,191600000.0,0.0608,-27.52,3257170,2691920,2323168,0.149
4050,RYAAY,Industrials,Airlines,NASDAQ,76.99,30,27,59,54,54.04,28511711180.65541,517923916.0,0.0049,-27.21,1425340,1477380,1309002,0.011
4051,GGAL,Financial Services,Banks - Regional,NASDAQ,76.94,30,50,73,50,36.76,6081684037.623825,169453445.0,0.17979999,-41.2,1108760,844286,860778,-0.079
4052,BTCT,Technology,Computer Hardware,NASDAQ,76.93,30,24,7,10,1.05,19522404.195260525,16976004.0,0.2447,-66.35,1077620,4290533,13350420,0.004
4053,NEPH,Healthcare,Medical Instruments & Supplies,NASDAQ,76.93,30,74,37,23,3.29,39856641.2285614,10860120.0,0.0069,-48.75,55090,31526,32930,0.362
4054,MNDO,Technology,Software - Application,NASDAQ,76.92,30,32,30,22,0.92,20387017.467499256,20185166.0,0.001,-28.68,24520,36480,41160,-0.03
4055,DBD,Technology,Software - Application,NYSE,76.92,30,31,76,88,63.02,2164773932.299515,33946588.0,0.18100001,-31.56,254920,243230,261002,0.017
4056,NOA,Energy,Oil & Gas Equipment & Services,NYSE,76.9,30,56,31,30,11.88,327811237.1334686,26913894.0,2.71,-31.17,79360,113736,111352,0.251
4057,VICI,Real Estate,REIT - Diversified,NYSE,76.9,30,28,32,35,22.79,24939406359.272243,1101077562.0,0.028299998,-30.06,10407670,10539946,10329170,0.057
4058,VCV,Financial Services,Asset Management,NYSE,76.86,30,37,54,50,8.81,440559787.05506706,49114802.0,0.0049,-22.58,454129,258789,189423,-0.033
4059,KKR,Financial Services,Asset Management,NYSE,76.86,30,37,26,23,89.56,81047519236.09995,897635601.0,0.0197,-38.17,5011710,4118676,4488268,0.078
4060,PTCT,Healthcare,Biotechnology,NASDAQ,76.84,30,42,75,74,62.56,5296422418.509354,83460802.0,0.1582,-31.15,1173090,1153240,1133528,1.015
4061,AGO,Financial Services,Insurance - Specialty,NYSE,76.83,30,31,41,47,70.72,3011256425.4455566,43979208.0,0.0774,-23.46,482820,503216,450120,-0.005
4062,TSSI,Technology,Information Technology Services,NASDAQ,76.8,30,18,18,73,9.97,288963270.34116745,28219070.0,0.1967,-54.2,795100,898703,934596,-0.201
4063,EFSCP,Financial Services,Banks - Regional,NASDAQ,76.79,30,32,55,50,16.46,,,0.0034999999,-31.64,9590,6306,4118,0.012
4064,GLOO,Technology,Software - Application,NASDAQ,76.77,30,8,7,59,3.82,377107878.44510365,91531041.0,1.81,-61.72,848320,1085400,701726,1.88
4065,RNAC,Healthcare,Biotechnology,NASDAQ,76.73,30,48,64,19,6.82,222679394.7595253,30255352.0,0.13,-38.0,166670,133300,131894,
4066,CLSK,Financial Services,Capital Markets,NASDAQ,76.73,30,48,61,37,10.63,3271849451.239237,256817073.0,0.42810002,-54.98,15980180,16994406,18733852,-0.305
4067,SAMG,Financial Services,Asset Management,NASDAQ,76.72,30,20,16,29,10.19,82441581.9816227,7821782.0,0.038,-36.94,89050,97433,84762,0.004
4068,TBLA,Communication Services,Internet Content & Information,NASDAQ,76.72,30,36,90,57,3.51,872601940.6928053,270155398.0,0.038399998,-38.53,2182680,2044633,2504092,0.024
4069,USAU,Basic Materials,Gold,NASDAQ,76.69,30,36,34,73,13.89,239169758.0236292,16528663.0,0.1095,-41.52,132060,153353,184052,
4070,MFIC,Financial Services,Asset Management,NASDAQ,76.68,30,28,29,55,8.53,710052043.9332008,82372628.0,0.0334,-31.76,672290,568193,603146,-0.16
4071,GERN,Healthcare,Biotechnology,NASDAQ,76.65,30,64,41,81,1.22,770968121.4355195,642473409.0,0.1287,-39.3,9755820,10407960,11080516,0.172
4072,MMS,Industrials,Specialty Business Services,NYSE,76.62,30,21,19,24,58.77,2756636301.841606,52357763.0,0.112799995,-41.23,831490,713663,673092,-0.051
4073,MNKD,Healthcare,Biotechnology,NASDAQ,76.62,30,34,63,10,3.42,1221869023.8675642,321544484.0,0.092700005,-47.47,5962040,4540036,4497696,0.429
4074,BCIC,Financial Services,Asset Management,NASDAQ,76.59,30,23,22,16,6.89,85323360.62660408,12383652.0,0.0050999997,-48.96,35780,51786,53714,0.201
4075,AA,Basic Materials,Aluminum,NYSE,76.59,30,37,52,93,42.83,11071001419.096928,263909445.0,0.045500003,-49.24,3746330,3774756,4318284,0.314
4076,CAE,Industrials,Aerospace & Defense,NASDAQ,76.57,30,29,25,30,23.15,7727596508.475409,321849081.0,6.88,-32.39,740570,916643,815028,0.068
4077,WRN,Basic Materials,Other Industrial Metals & Mining,NYSE ARCA,76.57,30,61,37,87,2.04,493062443.77883863,226175426.0,0.0087,-52.11,1058040,1148353,1053280,
4078,SEVN,Real Estate,REIT - Mortgage,NASDAQ,76.55,30,28,36,26,6.92,152932090.5,22656606.0,0.047199998,-36.57,199200,185730,163186,-0.506
4079,VRTS,Financial Services,Asset Management,NYSE,76.55,30,57,54,22,131.59,886182132.7313232,6622690.0,0.1238,-32.52,134470,136003,135196,-0.044
4080,JRI,Financial Services,Asset Management,NYSE,76.55,30,40,54,53,10.51,394561205.4914532,36198277.0,0.0013,-25.99,278159,216503,183725,
4081,GLSI,Healthcare,Biotechnology,NASDAQ,76.52,30,35,74,96,15.14,249235965.1208496,14678208.0,0.2131,-55.6,114580,124960,123576,
4082,EIX,Utilities,Utilities - Regulated Electric,NYSE,76.44,30,30,83,77,54.3,20737625093.438187,384813979.0,0.0529,-33.47,5681810,6881583,5574672,-0.041
4083,DKI,Communication Services,Electronic Gaming & Multimedia,NASDAQ,76.4,30,99,99,10,0.75,2894670.0499979258,2097587.0,0.0301,-91.79,13236110,4456136,2932164,0.139
4084,DNUT,Consumer Defensive,Grocery Stores,NASDAQ,76.39,29,26,35,47,3.01,501415018.2008743,173500000.0,0.1996,-41.1,2039020,2105316,2593218,-0.128
4085,APWC,Industrials,Electrical Equipment & Parts,NASDAQ,76.39,29,26,30,20,1.32,54426842.76272833,41232455.0,0.0015,-42.11,2010,5506,7976,0.077
4086,UVV,Consumer Defensive,Tobacco,NYSE,76.36,29,28,39,45,43.18,1050748664.3966255,24899257.0,0.0992,-27.28,367840,343743,345128,-0.118
4087,RMIX,Basic Materials,Building Materials,NASDAQ,76.33,29,55,94,65,11.35,897996911.1028347,73485834.0,5.41,-55.49,563740,486663,401846,1.462
4088,FUTU,Financial Services,Capital Markets,NASDAQ,76.32,29,30,11,75,108.76,14323670582.256226,140194488.0,0.0759,-46.3,1352330,1029220,1204888,0.356
4089,RERE,Consumer Cyclical,Internet Retail,NYSE,76.31,29,28,29,84,3.7,806226782.7553167,221490868.0,0.0221,-42.81,388330,578926,841374,0.324
4090,CVM,Healthcare,Biotechnology,NYSE ARCA,76.28,29,15,2,24,1.95,40630558.96355009,17588987.0,0.0363,-81.78,421900,218520,217142,
4091,MWA,Industrials,Specialty Industrial Machinery,NYSE,76.28,29,33,34,64,21.56,3381682183.317112,156125679.0,0.0552,-30.45,1567240,1446446,1286378,0.041
4092,NMS,Financial Services,Asset Management,NYSE,76.28,29,29,56,56,9.74,64032511.92294502,6409661.0,0.0037,-22.08,28926,41548,38571,
4093,WULF,Financial Services,Capital Markets,NASDAQ,76.28,29,42,95,99,13.65,7729024692.525133,498968677.0,0.2855,-54.26,28405790,28472006,30193364,-0.06
4094,HNRG,Utilities,Utilities - Independent Power Producers,NASDAQ,76.28,29,26,34,26,14.5,635963875.1397419,47143357.0,0.1001,-41.3,941880,765726,802088,-0.013
4095,HTLM,Consumer Cyclical,Specialty Retail,NASDAQ,76.27,29,18,24,13,1.75,170406247.86168337,89687500.0,0.0058999998,-58.23,19780,8746,6358,0.044
4096,FRPH,Real Estate,Real Estate Services,NASDAQ,76.27,29,34,46,26,19.83,389341557.46242714,19198301.0,0.0423,-22.96,87630,102703,104418,0.023
4097,AAUC,Basic Materials,Gold,NYSE,76.26,29,43,41,93,19.63,2800892702.4570026,139347893.0,0.0308,-39.04,436170,445340,636100,0.454
4098,FSV,Real Estate,Real Estate Services,NASDAQ,76.26,29,29,31,27,128.22,5639077613.331299,43669770.0,3.7,-32.42,148530,211290,205748,0.024
4099,SGA,Communication Services,Broadcasting,NASDAQ,76.21,29,28,22,52,8.4,53852160.05776596,6357988.0,0.0032,-36.32,8180,12890,13666,-0.065
4100,CHDN,Consumer Cyclical,Gambling,NASDAQ,76.2,29,29,28,29,76.16,5300703692.858261,69700243.0,0.0672,-35.65,1324870,1167560,1148194,0.049
4101,RRR,Consumer Cyclical,Resorts & Casinos,NASDAQ,76.2,29,32,70,55,50.37,2974849750.5532265,59130385.0,0.1607,-26.99,1077630,1169030,997726,-0.03
4102,LPX,Industrials,Building Products & Equipment,NYSE,76.19,29,23,29,25,65.06,4552013884.305344,69923410.0,0.1183,-35.16,1145240,1137270,1161246,-0.121
4103,NINE,Energy,Oil & Gas Equipment & Services,NYSE ARCA,76.19,29,74,87,54,7.82,105461923.60177517,13949990.0,0.028900001,-40.89,44230,47720,72154,-0.037
4104,HPS,Financial Services,Asset Management,NYSE,76.19,29,36,51,54,11.72,390851648.8785534,32168861.0,0.5,-25.26,152605,135631,102827,0.011
4105,RFIL,Industrials,Electrical Equipment & Parts,NASDAQ,76.18,29,47,92,96,8.38,91121188.26190758,10847761.0,0.0829,-62.42,257260,274843,248854,0.211
4106,TIMB,Communication Services,Telecom Services,NYSE,76.17,29,27,46,85,18.7,8470195987.896328,475053058.0,0.020299999,-33.73,711350,541430,557694,0.055
4107,FCN,Industrials,Consulting Services,NYSE,76.12,29,34,34,56,140.5,3766218661.4723206,27611575.0,0.1766,-25.78,567540,461833,453920,0.053
4108,MIR,Industrials,Specialty Industrial Machinery,NYSE,76.11,29,22,18,29,16.22,3551860236.003227,243278092.0,0.2354,-46.43,4290700,3997940,3924018,0.197
4109,SMG,Basic Materials,Agricultural Inputs,NYSE,76.1,29,39,65,65,50.43,2853957858.1311264,58220274.0,0.1058,-33.06,1323100,1038886,1013688,0.011
4110,CPB,Consumer Defensive,Packaged Foods,NASDAQ,76.06,29,26,31,16,19.37,5851364926.948515,298234693.0,0.2495,-39.54,8808950,8730310,7389674,-0.079
4111,GIS,Consumer Defensive,Packaged Foods,NYSE,75.99,29,34,33,18,32.59,17115334581.985382,534687144.0,0.1091,-36.42,12385060,10759730,9677408,-0.028
4112,CARG,Communication Services,Internet Content & Information,NASDAQ,75.99,29,61,46,63,29.24,2673985850.3346024,89073478.0,0.17040001,-29.06,1853430,1362890,1173168,0.131
4113,PJT,Financial Services,Capital Markets,NYSE,75.98,29,67,39,32,135.8,3545584670.8341064,25564818.0,0.093100004,-30.58,495500,450506,436130,0.195
4114,CWK,Real Estate,Real Estate Services,NYSE,75.96,29,32,40,64,11.83,2797787417.267235,234713708.0,0.078600004,-32.01,3248480,2281490,2069290,0.112
4115,LUNR,Industrials,Aerospace & Defense,NASDAQ,75.96,29,37,32,96,13.7,2374384618.3374157,161412958.0,0.275,-70.7,8574260,7475336,8831854,3.098
4116,AEYE,Technology,Software - Application,NASDAQ,75.94,29,35,19,12,6.84,86982145.03899002,12569674.0,0.0361,-58.27,64660,147526,143728,0.087
4117,VALN,Healthcare,Biotechnology,NASDAQ,75.93,29,33,16,15,5.69,544286627.2166328,94823458.0,0.002,-53.28,25220,29906,92514,-0.277
4118,HII,Industrials,Aerospace & Defense,NYSE,75.91,29,30,24,81,265.02,10581711083.629211,39404598.0,0.0345,-42.39,586600,495580,501052,0.109
4119,BC,Consumer Cyclical,Recreational Vehicles,NYSE,75.87,29,38,66,79,62.35,4239695733.8146057,64797428.0,0.0001,-30.91,744330,791173,748888,0.077
4120,STI,Industrials,Electrical Equipment & Parts,NASDAQ,75.86,29,33,35,51,5.78,45202813.522895336,8512771.0,0.0162,-87.43,157000,314676,236836,30.229
4121,KWY,Financial Services,Asset Management,NYSE,75.86,29,24,17,36,9.49,272819338.8290405,28931000.0,0.0856,-42.52,48087,43379,51525,0.332
4122,SLGN,Consumer Cyclical,Packaging & Containers,NYSE,75.84,29,37,56,29,35.8,3685131924.5194244,105682020.0,0.0987,-27.75,1348460,1297306,1195418,0.068
4123,FPH,Real Estate,Real Estate - Development,NYSE,75.83,29,33,35,31,4.48,325999609.54081535,71806082.0,0.0105,-30.76,150970,153796,165862,0.86
4124,VC,Consumer Cyclical,Auto Parts,NASDAQ,75.82,29,32,55,53,86.15,2369753142.7152176,26695429.0,0.17819999,-32.14,543000,509773,453596,-0.009
4125,BLIV,Technology,Software - Application,NASDAQ,75.81,29,23,26,18,2.3,24989044.08192587,10864802.0,0.0004,-46.82,8280,6223,4382,-0.625
4126,NMCO,Financial Services,Asset Management,NYSE,75.79,29,34,57,56,8.51,499150565.65611744,57307757.0,0.033099998,-22.64,995489,731806,509789,0.083
4127,PTN,Healthcare,Biotechnology,NASDAQ,75.78,29,23,20,96,9.01,16616160.734125137,1780939.0,0.2134,-70.94,22360,109360,76668,
4128,SKIL,Consumer Defensive,Education & Training Services,NYSE,75.77,29,14,21,8,6.14,51963535.58715439,9100444.0,0.1671,-66.72,40530,84266,69730,-0.029
4129,GANX,Healthcare,Biotechnology,NASDAQ,75.77,29,22,24,73,1.62,74630590.15487194,43643619.0,0.0677,-62.67,561030,419070,452674,
4130,GOLF,Consumer Cyclical,Leisure,NYSE,75.74,29,38,83,78,79.14,4885582019.719025,58405044.0,0.1291,-33.86,324910,339390,384372,0.138
4131,BN,Financial Services,Asset Management,NYSE,75.74,29,27,38,59,36.77,82418411483.36241,2232351451.0,5.18,-25.82,5867640,5104250,4773592,0.085
4132,LOW,Consumer Cyclical,Home Improvement Retail,NYSE,75.71,29,24,28,50,188.85,101375834723.9421,560707041.0,0.0186,-35.56,3330180,3269053,3117036,0.083
4133,TAOX,Financial Services,Capital Markets,NASDAQ,75.69,29,20,12,50,3.81,33001096.07814789,7483242.0,0.0627,-61.9,209790,231430,183982,21.369
4134,CX,Basic Materials,Building Materials,NYSE,75.68,29,38,82,84,9.56,13751336491.780125,1442952453.0,1.69,-30.07,6840410,6509456,6789342,0.122
4135,EXOD,Technology,Software - Infrastructure,NYSE ARCA,75.67,29,11,5,3,6.31,221389878.8356743,30203258.0,0.0529,-80.41,62010,87873,95192,0.016
4136,CSHR,Financial Services,Capital Markets,NASDAQ,75.66,29,26,10,12,4.63,652312009.4149199,131780209.0,0.0113,-55.61,311580,344826,312642,-0.489
4137,FWRG,Consumer Cyclical,Restaurants,NASDAQ,75.66,29,23,26,16,10.96,652300419.1168594,61712435.0,0.1185,-41.77,1592430,1340873,1275868,0.152
4138,CCI,Real Estate,REIT - Specialty,NYSE,75.66,29,24,29,31,68.89,28267260405.869568,425455439.0,0.0275,-31.45,3468030,3431893,3348962,-0.049
4139,CNEY,Basic Materials,Specialty Chemicals,NASDAQ,75.63,29,9,84,7,0.51,3042452.044269085,5623756.0,0.031600002,-80.57,597170,240360,188880,0.082
4140,NOAH,Financial Services,Asset Management,NYSE,75.63,29,28,35,34,7.62,534750491.15137196,68645763.0,0.0046,-38.8,111550,100946,109178,-0.015
4141,PII,Consumer Cyclical,Recreational Vehicles,NYSE,75.63,29,36,85,64,52.81,3056288221.943268,56903524.0,0.1266,-32.28,830390,840170,811392,0.088
4142,DRS,Industrials,Aerospace & Defense,NASDAQ,75.6,28,24,38,56,35.87,9821607548.377934,266891515.0,0.0128,-29.1,831660,936813,898108,0.101
4143,VMC,Basic Materials,Building Materials,NYSE,75.59,28,29,40,50,246.26,31495407984.985657,129578739.0,0.0494,-25.62,1348750,1223110,1113896,0.025
4144,IRIX,Healthcare,Medical Devices,NASDAQ,75.58,28,10,36,25,0.9,11241543.428731918,17564912.0,0.014400001,-45.45,2083620,733483,483528,-0.074
4145,EARN,Financial Services,Asset Management,NYSE,75.58,28,38,35,32,3.55,151402271.88224792,37568800.0,0.019299999,-37.94,642330,441230,430472,-0.193
4146,EPRT,Real Estate,REIT - Retail,NYSE,75.57,28,37,50,60,25.05,5601470721.098396,216273004.0,0.0912,-27.87,2160460,2235740,1946614,0.181
4147,APLD,Technology,Information Technology Services,NASDAQ,75.55,28,30,81,97,23.85,7592939044.226389,299170185.0,0.2092,-52.98,25483800,19060593,18052778,4.066
4148,LEN,Consumer Cyclical,Residential Construction,NYSE,75.52,28,18,24,22,77.6,19225840694.897095,240895142.0,0.0022,-41.99,6705610,5260076,4038328,-0.087
4149,NPCE,Healthcare,Medical Devices,NASDAQ,75.5,28,45,80,82,12.39,435918273.2531643,34324274.0,0.0321,-36.79,140720,133133,166394,0.171
4150,EEFT,Technology,Software - Infrastructure,NASDAQ,75.49,28,39,39,26,63.66,2375128282.5,37403595.0,0.1458,-29.09,679250,631226,660938,0.032
4151,WKHS,Consumer Cyclical,Auto Manufacturers,NASDAQ,75.47,28,14,8,3,2.92,32457897.762669325,10928585.0,0.2258,-79.38,49130,88073,93444,3.749
4152,GROV,Consumer Defensive,Household & Personal Products,NYSE,75.46,28,22,20,42,1.03,44409086.211084366,42701046.0,0.090100005,-34.39,98480,106943,77602,-0.169
4153,SCKT,Technology,Computer Hardware,NASDAQ,75.45,28,8,8,23,0.62,5887093.332079828,8291681.0,0.0058,-77.78,32365130,10851886,11992236,-0.25
4154,PODC,Communication Services,Internet Content & Information,NASDAQ,75.45,28,38,97,52,2.19,71093832.71487808,30252696.0,0.0152,-57.88,78240,71296,78242,0.075
4155,CPRT,Industrials,Specialty Business Services,NASDAQ,75.44,28,26,16,16,27.48,25214714267.379356,926330452.0,0.045700002,-40.12,9382810,9913033,10180324,0.024
4156,YAAS,Technology,Software - Application,NASDAQ,75.41,28,81,6,3,1.01,18228978.3954674,15714637.0,0.01,-79.72,20390,1033503,675848,4.443
4157,CRK,Energy,Oil & Gas E&P,NYSE,75.41,28,32,15,22,13.71,3752470525.034855,293620548.0,0.32709998,-51.21,2428390,2821786,2541934,-0.252
4158,GFUZ,Industrials,Specialty Industrial Machinery,NASDAQ,75.41,28,21,57,47,8.71,611880637.0413208,80723040.0,4.84,-41.35,143160,148190,172100,
4159,FLG,Financial Services,Banks - Regional,NYSE,75.4,28,44,73,76,11.35,4856586102.027325,415092836.0,0.0001,-26.49,6366620,5019303,4612914,0.153
4160,AMSC,Industrials,Specialty Industrial Machinery,NASDAQ,75.39,28,19,28,75,30.95,1453748722.5175266,48442143.0,0.0841,-56.09,756820,720483,708568,0.3
4161,MFA,Real Estate,REIT - Mortgage,NYSE,75.38,28,37,57,70,7.18,773322735.340497,101087938.0,0.049200002,-31.16,2557330,1941793,1765650,0.202
4162,SNN,Healthcare,Medical Devices,NYSE,75.35,28,25,35,62,26.96,11057199832.490257,418516268.0,0.0116,-28.13,1252300,1667700,1558018,0.046
4163,HCKT,Technology,Information Technology Services,NASDAQ,75.34,28,21,11,12,10.98,268183464.2968912,24877873.0,0.056599997,-46.91,189220,197080,243366,-0.12
4164,AAP,Consumer Cyclical,Auto Parts,NYSE,75.34,28,21,38,80,42.4,2336272018.432617,60400000.0,0.27629998,-34.97,1778340,1725430,1987332,-0.005
4165,BON,Basic Materials,Specialty Chemicals,NASDAQ,75.33,28,16,19,21,1.17,9312443.283144236,8168810.0,0.0014,-50.0,7730,7833,7668,0.019
4166,CNL,Basic Materials,Gold,NASDAQ,75.33,28,64,24,91,11.63,1124969046.5235605,92742707.0,14.61,-47.06,158040,173300,135070,
4167,LMAT,Healthcare,Medical Instruments & Supplies,NASDAQ,75.3,28,25,57,81,79.64,1805756511.78257,22869257.0,0.093100004,-32.51,267650,267046,344836,0.096
4168,AEVA,Technology,Software - Infrastructure,NASDAQ,75.29,28,26,53,50,13.69,1028857004.0343819,69705758.0,0.15720001,-56.26,1348020,1457436,1651998,0.113
4169,VEL,Financial Services,Mortgage Finance,NYSE,75.28,28,46,32,57,14.91,576034463.6543922,39481457.0,0.2947,-30.31,220570,180600,152634,0.227
4170,IRON,Healthcare,Biotechnology,NASDAQ,75.27,28,65,64,71,60.77,2476722448.455963,38392844.0,0.2189,-38.92,710810,610930,502844,
4171,CLX,Consumer Defensive,Household & Personal Products,NYSE,75.27,28,26,29,27,83.44,9724062554.912567,120931005.0,0.081,-35.27,2808700,3328493,3044878,-0.02
4172,LE,Consumer Cyclical,Apparel Retail,NASDAQ,75.26,28,18,31,32,10.39,304009343.53297997,29544154.0,0.1349,-48.15,170700,193423,180782,0.027
4173,CMCSA,Communication Services,Telecom Services,NASDAQ,75.25,28,39,24,49,21.21,76544089796.65207,3548636573.0,0.0254,-35.45,30171290,29917780,27296578,-0.012
4174,MCD,Consumer Cyclical,Restaurants,NYSE,75.2,28,25,28,48,236.9,164094994191.67987,707641531.0,0.019199999,-30.68,6232650,5935600,5338574,0.037
4175,BIVI,Healthcare,Biotechnology,NASDAQ,75.2,28,76,45,18,1.28,12676756.931219101,8682710.0,0.1232,-66.23,220810,393990,5827506,
4176,MNRO,Consumer Cyclical,Auto Parts,NASDAQ,75.19,28,20,55,57,13.74,443324380.34103394,31264060.0,0.4378,-42.53,740390,903420,1059740,-0.046
4177,IP,Consumer Cyclical,Packaging & Containers,NYSE,75.17,28,34,30,22,31.88,16930349179.52321,529569895.0,0.1595,-36.56,5815770,5398540,4833084,-0.022
4178,CENX,Basic Materials,Aluminum,NASDAQ,75.11,28,71,71,97,36.38,3526141062.1637535,98993295.0,0.1412,-48.35,2029580,1744800,1954436,0.197
4179,DOO,Consumer Cyclical,Recreational Vehicles,NASDAQ,75.06,28,36,58,54,54.39,3985128295.5965805,71150302.0,3.92,-33.58,283450,317480,274520,0.185
4180,AVTX,Healthcare,Biotechnology,NASDAQ,75.01,28,77,95,91,13.43,803913522.8350697,53629989.0,0.24139999,-44.66,1023010,1070966,942800,
4181,NICM,Basic Materials,Other Industrial Metals & Mining,NASDAQ,75.0,28,39,22,26,5.43,104242920.25178719,19127142.0,2.37,-48.77,2650,3070,3076,13.998
4182,OTIS,Industrials,Specialty Industrial Machinery,NYSE,75.0,28,27,24,26,66.11,24381872324.66063,380669339.0,0.0482,-30.09,4859420,4651116,4003040,0.073
4183,GSIT,Technology,Semiconductors,NASDAQ,75.0,28,30,54,78,4.93,215267334.65322447,38372073.0,0.12100001,-72.84,367260,470216,508252,0.005
4184,PUK,Financial Services,Insurance - Life,NYSE,74.97,28,40,47,70,23.88,30247745863.012825,1231084503.0,0.00059999997,-29.83,1459460,1158783,1140688,-0.018
4185,ANNX,Healthcare,Biotechnology,NASDAQ,74.97,28,56,92,97,4.0,794336582.3078051,189579134.0,0.1835,-44.29,3645130,3174973,2935890,
4186,SRL,Financial Services,Capital Markets,NYSE,74.93,28,30,22,47,5.06,76131755.0,15226351.0,0.0007,-51.3,7190,6156,13358,0.026
4187,BNT,Financial Services,Insurance - Diversified,NYSE,74.92,28,26,38,60,36.62,10129888205.24617,274374017.0,9.41,-26.55,16660,18886,16682,0.389
4188,SMSI,Technology,Software - Application,NASDAQ,74.91,28,15,16,39,2.54,14813182.533092499,5589880.0,0.0231,-45.38,13070,16446,22854,-0.018
4189,STRT,Consumer Cyclical,Auto Parts,NASDAQ,74.89,28,34,69,83,64.3,262213867.56129456,3985013.0,0.088199995,-30.86,57800,77206,83732,-0.001
4190,PROK,Healthcare,Biotechnology,NASDAQ,74.88,28,35,13,72,1.66,352943512.2308109,205199713.0,0.138,-52.3,1248760,1506960,1353042,-0.321
4191,ROAD,Industrials,Engineering & Construction,NASDAQ,74.86,28,27,31,72,88.33,5169296053.322525,56755555.0,0.0805,-41.5,688050,596790,661438,0.282
4192,LOAN,Real Estate,REIT - Mortgage,NASDAQ,74.86,28,33,33,34,3.53,43188423.693113565,11425509.0,0.0013,-39.14,60380,36696,31154,-0.11
4193,NOC,Industrials,Aerospace & Defense,NYSE,74.85,28,29,26,63,484.48,67906126428.0,142063026.0,0.015800001,-37.41,1100220,915606,814384,0.051
4194,SAH,Consumer Cyclical,Auto & Truck Dealerships,NYSE,74.83,28,59,88,56,61.51,1986358067.5484314,31614802.0,0.22719999,-45.89,381330,332503,319810,0.076
4195,SRTS,Healthcare,Medical Devices,NASDAQ,74.8,28,39,17,41,2.97,49056936.13398886,16462059.0,0.0153,-45.9,22440,31980,31604,-0.687
4196,BRID,Consumer Defensive,Packaged Foods,NASDAQ,74.77,28,19,26,30,5.9,50739492.26501465,9076832.0,0.0043,-31.55,1830,3273,3246,-0.095
4197,GNLX,Healthcare,Biotechnology,NASDAQ,74.76,28,19,32,27,2.5,115828055.01104116,45245335.0,0.0932,-70.71,232910,275036,313200,
4198,BGIN,Technology,Computer Hardware,NASDAQ,74.75,28,11,8,16,2.19,262475375.56736112,113135941.0,0.0017,-66.31,1320860,444890,307680,-0.845
4199,LZB,Consumer Cyclical,"Furnishings, Fixtures & Appliances",NYSE,74.71,27,25,68,36,29.55,1199179985.1304874,40052771.0,0.0587,-34.19,686320,786030,732218,-0.034
4200,BMI,Technology,Scientific & Technical Instruments,NYSE,74.71,27,24,23,11,127.66,3703649343.8830795,28986847.0,0.1926,-37.42,387640,373640,360196,-0.066
4201,IREN,Financial Services,Capital Markets,NASDAQ,74.71,27,37,51,98,35.71,16455888479.065643,394058648.0,0.2171,-53.54,38357510,39728423,41907786,-0.267
4202,BHM,Real Estate,REIT - Residential,NYSE ARCA,74.69,27,25,23,56,8.01,32905305.22025299,4108028.0,0.001,-39.77,2480,2340,3086,0.134
4203,GDS,Technology,Information Technology Services,NASDAQ,74.68,27,27,24,84,30.44,5524410729.259605,200377613.0,0.1086,-37.38,2168850,1480883,1653210,0.065
4204,ASMB,Healthcare,Biotechnology,NASDAQ,74.66,27,78,42,87,22.82,458927852.4806824,20360596.0,0.137,-42.53,250070,347716,315318,0.389
4205,WEN,Consumer Cyclical,Restaurants,NASDAQ,74.66,27,46,35,18,6.22,1166899949.7795582,190669930.0,0.35900003,-38.54,5611190,6477680,7787778,0.017
4206,PDYN,Technology,Software - Infrastructure,NASDAQ,74.65,27,26,15,25,5.12,262974254.53577042,49338510.0,0.1471,-52.27,862010,813800,851942,4.698
4207,CYH,Healthcare,Medical Care Facilities,NYSE,74.63,27,32,41,47,2.73,383545455.07431006,141009357.0,0.103999995,-38.37,1126900,1181420,1175942,-0.098
4208,LEVI,Consumer Cyclical,Apparel Manufacturing,NYSE,74.62,27,34,64,71,19.05,7646980989.919445,384850562.0,0.0809,-25.88,5578710,3404016,2849404,0.08
4209,CAMP,Healthcare,Biotechnology,NASDAQ,74.6,27,62,83,92,3.7,250886416.0,62721604.0,0.0216,-52.26,433820,346873,302286,0.188
4210,FVN,Financial Services,Shell Companies,NASDAQ,74.6,27,37,51,49,8.84,60469770.864486694,7554000.0,0.0053,-59.6,15200,62950,92222,
4211,MP,Basic Materials,Other Industrial Metals & Mining,NYSE,74.57,27,26,19,63,46.14,8365431805.769165,178101588.0,0.205,-53.98,5292950,5039680,5976476,1.197
4212,HLI,Financial Services,Capital Markets,NYSE,74.57,27,29,23,27,125.53,8831557196.949005,69886500.0,0.0478,-38.52,770800,833540,888396,-0.155
4213,PRQR,Healthcare,Biotechnology,NASDAQ,74.57,27,67,27,65,1.57,230729615.97418404,141119032.0,0.0224,-49.35,750330,678410,799704,1.204
4214,DTST,Technology,Information Technology Services,NASDAQ,74.54,27,17,27,32,3.28,7761290.003939152,2337738.0,0.0017,-36.31,32730,17640,18664,0.093
4215,MYSE,Technology,Software - Application,NASDAQ,74.52,27,87,87,92,1.75,8833931.247785091,5196430.0,0.0395,-69.67,32080,116413,106720,-0.526
4216,MARA,Financial Services,Capital Markets,NASDAQ,74.5,27,32,34,22,9.91,4338140928.476215,386299297.0,0.3098,-57.74,35188260,43226106,45014096,-0.267
4217,KRKR,Communication Services,Advertising Agencies,NASDAQ,74.5,27,23,12,14,3.05,5921430.0,1973810.0,0.0015,-58.08,1700,3223,6724,0.337
4218,ASIX,Basic Materials,Chemicals,NYSE,74.49,27,26,39,67,16.7,437959218.3797569,27001186.0,0.02,-37.52,275270,268873,284292,0.027
4219,KEP,Utilities,Utilities - Regulated Electric,NYSE,74.47,27,24,20,67,10.92,14225923848.364056,1283928154.0,0.0042,-53.35,717720,896263,946312,-0.001
4220,CC,Basic Materials,Specialty Chemicals,NYSE,74.46,27,29,67,92,13.83,2061678396.1264544,150377709.0,0.14649999,-51.76,2038820,1876716,2293706,-0.015
4221,HDL,Consumer Cyclical,Restaurants,NASDAQ,74.45,27,19,21,21,11.9,665441970.6888199,58836600.0,0.0001,-35.7,350,596,682,0.1
4222,LMRI,Healthcare,Medical Devices,NASDAQ,74.44,27,29,24,9,10.33,991493723.0002441,96074976.0,0.082399994,-46.89,415400,388013,445088,0.051
4223,CNM,Industrials,Industrial Distribution,NYSE,74.44,27,23,23,29,40.37,7626738443.561554,184443500.0,0.0553,-32.33,2106710,2670620,2353490,0.025
4224,DH,Healthcare,Health Information Services,NASDAQ,74.43,27,21,6,4,0.97,99592820.23209089,106744713.0,0.0405,-72.13,517520,1013236,698380,-0.091
4225,MINE,Basic Materials,Gold,NYSE ARCA,74.42,27,29,11,15,2.53,177917020.80282593,67138496.0,0.61,-48.16,215470,200703,193830,
4226,SER,Healthcare,Biotechnology,NYSE ARCA,74.42,27,70,15,7,2.01,49784928.04895115,25400473.0,0.0054,-65.52,123760,80213,72266,
4227,BRIA,Consumer Cyclical,Apparel Retail,NYSE ARCA,74.41,27,21,20,24,1.4,34999999.40395355,25000000.0,0.0018000001,-39.13,3920,4303,4598,-0.34
4228,HLLY,Consumer Cyclical,Auto Parts,NYSE,74.38,27,28,28,67,2.44,283687884.21439004,121234143.0,0.043899998,-45.54,1322390,1290586,1183512,0.032
4229,LZM,Basic Materials,Other Industrial Metals & Mining,NYSE,74.37,27,42,19,62,3.33,346171035.87507963,89914557.0,0.0004,-47.97,513420,378063,393620,4.124
4230,UPBD,Technology,Software - Application,NASDAQ,74.36,27,41,64,35,15.69,927543524.6542168,58299405.0,0.1596,-34.57,1229100,995503,1016328,0.005
4231,CRNC,Technology,Software - Application,NASDAQ,74.33,27,24,57,24,8.34,365912786.0315895,45230257.0,0.1359,-38.18,712110,643810,684630,0.118
4232,BYD,Consumer Cyclical,Resorts & Casinos,NYSE,74.3,27,31,53,58,70.0,4886076591.5,72655414.0,0.0964,-23.42,1293530,1110473,985078,0.0
4233,TNC,Industrials,Specialty Industrial Machinery,NYSE,74.28,27,30,62,46,65.94,1144349264.1873093,17049303.0,0.11359999,-28.27,149460,176666,211684,0.017
4234,BFRG,Healthcare,Health Information Services,NASDAQ,74.23,27,11,15,30,0.69,11458739.778677762,18541651.0,0.0063,-66.18,7004440,11249610,6800936,5.476
4235,TXT,Industrials,Aerospace & Defense,NYSE,74.21,27,29,43,60,73.22,13287709574.823692,171986917.0,0.0495,-27.91,1890120,1896226,1707954,0.03
4236,LGPS,Industrials,Conglomerates,NYSE ARCA,74.19,27,42,84,11,0.72,17708152.5,23610870.0,0.0121,-55.0,563900,2991066,1809976,0.174
4237,PTON,Consumer Cyclical,Leisure,NASDAQ,74.16,27,28,57,20,4.92,2159249294.403261,438871801.0,0.14649999,-44.09,8687830,9053256,8915126,0.001
4238,FIG,Technology,Software - Application,NYSE,74.15,27,23,16,4,22.63,11385091084.443405,533009867.0,0.1776,-68.34,9194450,13509506,16503254,0.482
4239,ATMU,Consumer Cyclical,Auto Parts,NYSE,74.12,27,32,51,86,42.62,3728915646.1524467,81595527.0,0.0424,-35.91,759810,741853,724058,0.164
4240,NEN,Real Estate,Real Estate Services,NYSE ARCA,74.12,27,26,29,23,49.75,169957754.35938263,3467818.0,0.04,-32.31,360,800,862,0.143
4241,CSBR,Healthcare,Biotechnology,NASDAQ,74.11,27,22,26,21,4.98,68757731.6564269,13918569.0,0.01,-40.07,12660,12923,11828,0.088
4242,BBUC,Industrials,Conglomerates,NYSE,74.11,27,22,32,58,26.24,5259315636.769909,205442014.0,0.0454,-31.4,311320,352466,335810,-0.03
4243,ACAD,Healthcare,Biotechnology,NASDAQ,74.1,27,79,70,52,19.58,3437495215.5586777,172305518.0,0.0887,-36.76,2643980,2085506,1977318,0.164
4244,COUR,Consumer Defensive,Education & Training Services,NYSE,74.1,27,21,20,24,5.27,1437520327.1781425,286358632.0,0.1001,-52.57,9263150,6396020,6264756,0.596
4245,LFWD,Healthcare,Medical Devices,NASDAQ,74.06,27,44,44,16,6.43,16567293.329917908,2832016.0,0.0372,-36.96,5870,5166,5626,0.157
4246,HGLB,Financial Services,Asset Management,NYSE,74.05,27,32,31,48,6.33,158527785.45052767,23590445.0,0.001,-40.51,146876,94845,86555,
4247,TV,Communication Services,Telecom Services,NYSE,73.98,27,24,48,84,2.24,1206967379.8942566,527060000.0,1.35,-35.82,885580,1423036,1169454,-0.03
4248,STN,Industrials,Engineering & Construction,NYSE,73.98,27,23,15,28,67.87,7581359624.333328,112399703.0,7.72,-40.74,389190,352220,372504,0.115
4249,ZURA,Healthcare,Biotechnology,NASDAQ,73.9,27,94,94,97,4.13,393857765.86457014,95829137.0,0.1302,-44.49,2306980,1852610,1648888,
4250,BFAM,Consumer Cyclical,Personal Services,NYSE,73.9,27,21,20,21,68.89,3125304867.4562225,48635306.0,0.062,-37.29,723830,899083,816716,0.065
4251,GLDG,Basic Materials,Gold,NYSE ARCA,73.89,27,29,15,73,0.9,201911217.40787888,214799168.0,0.028800001,-60.35,454670,553816,652562,
4252,GDTC,Healthcare,Biotechnology,NASDAQ,73.88,27,12,20,14,0.94,10980115.559185266,11934908.0,0.001,-74.46,21760,15776,20476,3.856
4253,EVCM,Technology,Software - Application,NASDAQ,73.88,27,11,43,54,9.06,1579387225.1083126,176665246.0,0.12810001,-37.13,140550,168770,158414,0.027
4254,WY,Real Estate,REIT - Specialty,NYSE,73.86,27,35,39,38,19.17,13317656493.129332,721042609.0,0.045300003,-30.92,10440200,7698470,6801182,-0.009
4255,HLMN,Industrials,Tools & Accessories,NASDAQ,73.86,27,24,34,41,7.01,1369596785.5386972,194544999.0,0.0304,-35.39,1552200,1807520,1667554,0.098
4256,TUYA,Technology,Software - Infrastructure,NYSE,73.86,27,21,18,64,1.7,1036146942.5921311,613104679.0,0.0083,-37.04,289530,628476,596288,0.16
4257,NA,Technology,Semiconductors,NASDAQ,73.85,27,32,7,10,2.14,48414611.249358416,22006641.0,0.0806,-64.15,25580,516046,317436,-0.665
4258,PAC,Industrials,Airports & Air Services,NYSE,73.85,27,27,35,60,196.69,11953915274.829712,59501820.0,0.0088,-34.53,220610,160913,143676,0.037
4259,CRUS,Technology,Semiconductors,NASDAQ,73.83,26,25,59,88,113.2,6072744774.602005,50117561.0,0.082600005,-37.26,686440,877663,853420,0.129
4260,RDDT,Communication Services,Internet Content & Information,NYSE,73.81,26,24,64,43,156.47,28447748086.02951,192396510.0,0.1369,-40.62,4062110,4512020,6373282,0.611
4261,PIPR,Financial Services,Capital Markets,NYSE,73.78,26,38,33,70,64.38,4619010262.893723,70670291.0,0.040999997,-32.28,1071270,798283,675784,0.249
4262,PNNT,Financial Services,Asset Management,NYSE,73.77,26,23,14,22,3.21,212212305.5,65296094.0,0.0422,-51.87,474978,541419,535233,-0.162
4263,MRP,Real Estate,REIT - Residential,NYSE,73.75,26,54,40,62,22.63,4086439584.8176117,166047927.0,0.0589,-32.43,4432400,2530740,1928062,0.321
4264,DRVN,Consumer Cyclical,Auto & Truck Dealerships,NASDAQ,73.73,26,29,51,22,11.77,1926964301.2278442,164979816.0,0.16860001,-31.97,957250,1127370,1013594,0.068
4265,RDAC,Financial Services,Shell Companies,NASDAQ,73.73,26,18,18,10,5.43,32730665.0,5951030.0,0.0174,-77.37,15400,887106,895528,
4266,MXCT,Healthcare,Medical Devices,NASDAQ,73.72,26,57,74,7,1.02,110430645.83338094,103206206.0,0.0115,-45.31,353190,389286,555660,-0.145
4267,RYET,Consumer Defensive,Education & Training Services,NASDAQ,73.71,26,16,22,12,0.92,32060803.973294735,37280004.0,0.0021,-54.68,93490,467073,287550,1.762
4268,PULM,Healthcare,Biotechnology,NASDAQ,73.7,26,14,18,3,1.53,5734087.641569972,3652285.0,0.0153,-72.17,15960,35946,26282,
4269,FBIN,Industrials,Building Products & Equipment,NYSE,73.7,26,26,65,17,39.31,4599954323.344578,119293417.0,0.0738,-39.37,2193630,2176500,2374838,-0.041
4270,BGDE,Financial Services,Capital Markets,NASDAQ,73.7,26,83,28,31,5.09,32063661.870160103,5861730.0,0.0421,-87.28,70110,59870,63124,-0.355
4271,GLIBK,Communication Services,Telecom Services,NASDAQ,73.67,26,32,11,52,23.59,927392051.4264717,39904994.0,0.0837,-42.71,318910,320393,358706,0.0
4272,SPXC,Industrials,Building Products & Equipment,NYSE,73.6,26,28,61,76,168.58,8669361323.980103,50085860.0,0.035099998,-32.86,692800,588826,528316,0.229
4273,EQ,Healthcare,Biotechnology,NASDAQ,73.58,26,89,98,98,1.44,89405393.50352693,63408082.0,0.1005,-59.32,743750,618153,578538,
4274,HUYA,Communication Services,Entertainment,NYSE,73.55,26,18,21,56,2.24,525242003.0106561,228366093.0,0.0167,-54.56,706380,1036636,1097122,0.11
4275,KMPR,Financial Services,Insurance - Property & Casualty,NYSE,73.52,26,28,15,15,27.47,1511301539.9317474,58874232.0,0.099700004,-46.14,892170,902866,891474,-0.091
4276,TRAK,Technology,Software - Application,NYSE,73.49,26,17,24,10,7.81,147247743.13728333,18201204.0,0.1155,-50.57,83800,89576,79224,-0.032
4277,FTAI,Industrials,Aerospace & Defense,NASDAQ,73.48,26,27,64,92,171.06,17155165284.355133,102707091.0,0.0936,-47.12,1397700,1394993,1454066,0.409
4278,PRVA,Healthcare,Health Information Services,NASDAQ,73.43,26,28,76,51,20.19,2593004304.646534,127734207.0,0.056900002,-29.94,1341130,1285413,1263840,0.214
4279,ORN,Industrials,Engineering & Construction,NYSE,73.42,26,24,86,84,9.06,376606204.7238636,40495290.0,0.081499994,-47.93,562490,464756,488202,0.081
4280,NG,Basic Materials,Gold,NYSE ARCA,73.42,26,36,14,93,6.28,2874013105.3907604,438780614.0,0.0935,-56.39,4594480,5493933,5362312,
4281,ORA,Utilities,Utilities - Renewable,NYSE,73.41,26,25,50,67,88.64,5710605978.794754,61496941.0,0.1142,-39.45,707080,897503,857158,0.106
4282,BCAX,Healthcare,Biotechnology,NASDAQ,73.41,26,86,93,92,17.26,1158359102.4391212,65703866.0,0.2356,-44.3,819520,672753,674274,
4283,BTCS,Financial Services,Capital Markets,NASDAQ,73.4,26,17,4,15,1.28,75034872.87773716,52471941.0,0.059,-79.19,1288120,1890816,1955488,-0.119
4284,GSHD,Financial Services,Insurance Brokers,NASDAQ,73.39,26,74,30,8,45.38,1083265615.5977821,23802805.0,0.124,-43.17,487440,474846,437618,0.207
4285,CTM,Technology,Information Technology Services,NYSE ARCA,73.39,26,16,15,14,0.61,59712209.72804761,94781286.0,0.0629,-55.15,367940,529413,792798,-0.011
4286,BRSL,Consumer Cyclical,Gambling,NYSE,73.38,26,23,20,31,9.99,1800012266.4606762,182742355.0,0.0539,-45.74,2328060,2222840,2188638,-0.074
4287,UAA,Consumer Cyclical,Apparel Manufacturing,NYSE,73.37,26,31,69,64,4.88,2023159514.495862,429545541.0,0.374,-40.12,11626410,9673900,9414208,-0.032
4288,VIPS,Consumer Cyclical,Internet Retail,NYSE,73.35,26,21,28,47,12.72,5862914963.722229,475500000.0,0.0216,-38.31,2846290,3037893,2856410,-0.043
4289,GRRR,Technology,Software - Infrastructure,NASDAQ,73.35,26,30,22,19,11.94,362300499.0288105,27509529.0,0.1929,-49.17,670880,674993,847276,1.38
4290,BHF,Financial Services,Insurance - Life,NASDAQ,73.35,26,25,70,66,48.99,2876728407.5867043,57511563.0,0.1557,-26.66,693320,957750,1017232,0.867
4291,CLRO,Technology,Communication Equipment,NASDAQ,73.33,26,70,94,6,4.11,10915680.755882263,2675412.0,0.0292,-75.09,3182000,1075386,2416096,
4292,HIVE,Financial Services,Capital Markets,NASDAQ,73.32,26,40,60,31,2.56,817346472.471425,274277338.0,2.53,-67.35,10244270,12514993,17496506,0.735
4293,GOF,Financial Services,Asset Management,NYSE,73.32,26,25,32,27,8.74,1853256820.2671814,212043120.0,0.57,-42.0,2762244,2971314,2931174,
4294,CTRI,Utilities,Utilities - Regulated Gas,NYSE,73.29,26,18,55,88,20.81,2111137422.8242607,100963053.0,0.055999998,-51.59,1914090,1765446,1942518,0.329
4295,LAZ,Financial Services,Capital Markets,NYSE,73.28,26,33,31,52,35.82,3515042102.3004456,97450572.0,0.1164,-39.03,1485130,1688020,1589036,0.001
4296,BEPC,Utilities,Utilities - Renewable,NYSE,73.27,26,24,29,74,29.38,5294536191.900585,185642921.0,7.9,-34.97,2013520,1826820,1822162,0.13
4297,GLIBA,Communication Services,Telecom Services,NASDAQ,73.27,26,34,11,50,23.59,924199654.9509811,39904994.0,0.106400006,-43.66,31330,37820,38096,0.0
4298,MOGU,Consumer Cyclical,Internet Retail,NYSE,73.27,26,22,22,60,1.87,15220925.097062945,8183293.0,0.001,-46.11,6150,3486,3346,-0.285
4299,RLX,Consumer Defensive,Tobacco,NYSE,73.26,26,21,28,42,1.72,2090055351.0653114,1222254564.0,0.0216,-33.85,1553410,3986240,3559532,0.155
4300,LAR,Basic Materials,Other Industrial Metals & Mining,NYSE,73.21,26,68,85,97,5.26,900908962.4404907,164100000.0,0.0405,-56.35,1207260,1624530,1816476,
4301,ROCK,Industrials,Building Products & Equipment,NASDAQ,73.19,26,42,30,13,37.48,1190926093.1104965,29661919.0,0.1067,-50.08,339460,345076,333120,0.646
4302,PXED,Consumer Defensive,Education & Training Services,NYSE,73.16,26,25,34,23,26.15,905149633.3615723,36047376.0,0.1538,-44.46,89550,80403,93920,0.0
4303,LONA,Healthcare,Biotechnology,NASDAQ,73.16,26,78,90,97,5.75,45412417.277335644,9421663.0,0.0032,-59.54,918840,341500,225108,
4304,OSG,Financial Services,Insurance - Specialty,NYSE,73.15,26,20,38,14,4.77,207236831.3035555,45051486.0,0.041500002,-54.05,518520,555116,524822,0.51
4305,GENK,Consumer Cyclical,Restaurants,NASDAQ,73.1,26,24,21,8,1.6,8637340.956744194,5364808.0,0.056799997,-50.31,17940,35926,237734,0.013
4306,HUIZ,Financial Services,Insurance Brokers,NASDAQ,73.1,26,26,10,12,1.3,13441081.51370573,10106076.0,0.1243,-68.79,18720,45543,2365698,-0.093
4307,UA,Consumer Cyclical,Apparel Manufacturing,NYSE,73.09,26,32,72,65,4.74,1971614098.733448,429545541.0,11.31,-40.05,3257786,2691812,2753129,-0.032
4308,CATX,Healthcare,Medical Devices,NYSE ARCA,73.08,26,27,25,89,2.71,315058588.7913649,114151663.0,0.2386,-56.01,2148530,2137403,1729176,-0.721
4309,DTI,Energy,Oil & Gas Equipment & Services,NASDAQ,73.08,26,41,26,72,2.01,80796291.61408997,35282224.0,0.0075,-57.14,178730,192713,208318,-0.034
4310,HFFG,Consumer Defensive,Food Distribution,NASDAQ,73.02,26,19,17,22,1.61,90632589.81486511,55602816.0,0.0036000002,-42.19,62220,76520,193582,0.028
4311,KBH,Consumer Cyclical,Residential Construction,NYSE,73.02,26,24,51,33,44.37,2781600000.0,60800000.0,0.2338,-34.33,1333380,1575153,1286858,-0.2
4312,TMDX,Healthcare,Medical Devices,NASDAQ,73.01,26,28,12,41,79.0,2766903131.782913,34675145.0,0.35819998,-49.36,770700,756390,819938,0.207
4313,NXB,Consumer Cyclical,Auto & Truck Dealerships,NYSE ARCA,73.01,26,30,15,33,2.01,48022928.61076534,25142895.0,0.0067000003,-48.46,25530,46673,49236,0.884
4314,AKTS,Healthcare,Biotechnology,NASDAQ,73.0,26,76,81,32,17.74,1030073146.9405861,55619499.0,0.20120001,-48.11,323000,426566,368322,1.114
4315,WU,Financial Services,Credit Services,NYSE,72.98,26,28,38,63,6.33,1871273886.0,311878981.0,0.18020001,-38.84,8126850,8805073,10461090,-0.013
4316,JL,Consumer Cyclical,Apparel Manufacturing,NASDAQ,72.96,26,26,37,72,4.74,17247399.228497505,3761701.0,0.0057,-42.34,2720,13663,13564,-0.026
4317,KULR,Technology,Electronic Components,NYSE ARCA,72.92,25,12,22,6,2.46,122642857.71363544,46280322.0,0.1512,-59.0,603840,630513,816574,-0.43
4318,BULL,Technology,Software - Application,NASDAQ,72.91,25,80,32,9,5.95,3961333563.7503433,539691210.0,0.0806,-58.98,17643410,16237933,15670400,0.519
4319,PSEC,Financial Services,Asset Management,NASDAQ,72.9,25,37,27,46,1.82,1067633698.0,533816849.0,0.052600004,-41.85,7659230,5218066,4780074,-0.067
4320,BL,Technology,Software - Application,NASDAQ,72.89,25,20,15,10,29.25,1593213641.8307877,58125270.0,0.1489,-50.9,911850,940190,1008826,0.092
4321,TTAM,Basic Materials,Building Materials,NYSE,72.88,25,32,61,63,13.11,2465071548.0701456,184373341.0,0.13069999,-33.01,202080,250220,258852,0.096
4322,SAFE,Real Estate,REIT - Diversified,NYSE,72.85,25,37,66,52,12.1,854044366.5156937,70816280.0,0.0919,-30.66,729970,551733,439546,0.2
4323,NFLX,Communication Services,Entertainment,NASDAQ,72.84,25,22,14,34,71.57,279233784506.69165,4163939676.0,0.0228,-42.68,36612300,33959456,32696628,0.134
4324,NUCL,Energy,Uranium,NASDAQ,72.83,25,22,13,79,6.05,175408197.06229115,29579798.0,0.064899996,-57.45,185570,253013,322124,
4325,ADUR,Industrials,Pollution & Treatment Controls,NASDAQ,72.82,25,41,59,65,11.18,435245237.2555847,35443424.0,8.32,-38.54,285740,311083,339770,-1.0
4326,AMPX,Industrials,Electrical Equipment & Parts,NYSE,72.82,25,18,36,98,9.39,1412599587.2050667,146080618.0,0.1576,-61.24,6654940,5179150,5510552,1.259
4327,NFGC,Basic Materials,Gold,NYSE ARCA,72.8,25,25,15,55,1.54,622659231.2127596,384357549.0,6.12,-57.1,693250,959803,1220454,
4328,VIP,Financial Services,Capital Markets,NASDAQ,72.8,25,82,82,49,1.38,28013450.688477516,18429902.0,0.0255,-58.93,119830,136306,163800,-0.737
4329,ZJK,Industrials,Tools & Accessories,NASDAQ,72.79,25,27,25,15,1.8,118996162.18356192,64322249.0,0.0033000002,-55.56,5180,11753,70874,0.366
4330,INO,Healthcare,Biotechnology,NASDAQ,72.79,25,23,22,15,1.09,119941117.4287355,103397518.0,0.21370001,-59.93,2570880,2881203,4529076,
4331,CALM,Consumer Defensive,Farm Products,NASDAQ,72.75,25,25,56,27,64.83,3114196483.180313,46710613.0,0.1279,-32.16,1870200,1281626,1097132,-0.415
4332,IPGP,Technology,Semiconductor Equipment & Materials,NASDAQ,72.73,25,21,73,92,77.74,3575028132.7551117,42534539.0,0.2193,-50.11,436540,446260,502196,0.111
4333,SEDG,Technology,Solar,NASDAQ,72.72,25,36,92,88,32.47,2035887010.708084,61525748.0,0.2199,-60.04,2485100,2966036,3361064,0.196
4334,SYK,Healthcare,Medical Devices,NYSE,72.69,25,22,28,31,276.97,105647521250.4071,383573046.0,0.0209,-29.44,2609450,2934373,2714406,0.094
4335,TLK,Communication Services,Telecom Services,NYSE,72.67,25,31,23,49,12.88,12371908258.428223,985809408.0,0.0057,-45.24,994390,799436,744878,0.064
4336,SFM,Consumer Defensive,Grocery Stores,NASDAQ,72.62,25,21,21,14,66.01,6011674497.577667,93247625.0,0.1618,-42.27,2343020,2055566,1929174,0.047
4337,MESO,Healthcare,Biotechnology,NASDAQ,72.6,25,47,74,57,13.75,1828356672.332859,129854878.0,0.0349,-36.05,238580,223483,207134,3.907
4338,COHN,Financial Services,Capital Markets,NYSE ARCA,72.6,25,29,59,97,10.77,31579325.737771988,3228970.0,0.0075,-66.96,12830,19310,20298,0.168
4339,SLSN,Consumer Defensive,Household & Personal Products,NASDAQ,72.59,25,9,7,9,0.84,57930576.39469296,70647045.0,0.018099999,-79.95,32730,22726,22518,-0.247
4340,BABA,Consumer Cyclical,Internet Retail,NYSE,72.58,25,24,25,44,105.7,263327797997.15247,2487744939.0,0.0168,-44.25,7534700,8596863,10411446,0.086
4341,MKC,Consumer Defensive,Packaged Foods,NYSE,72.55,25,32,25,20,45.94,12019109784.258224,269064479.0,0.0,-36.56,4798760,3670650,3205148,0.174
4342,FSLR,Technology,Solar,NASDAQ,72.54,25,28,62,37,178.85,18765299748.274353,107469788.0,0.128,-44.27,2164000,2281353,2416350,-0.037
4343,ALB,Basic Materials,Specialty Chemicals,NYSE,72.54,25,41,51,96,102.1,12342148479.482574,118005057.0,0.0004,-53.8,2144440,2433720,2375778,0.311
4344,LBTYA,Communication Services,Telecom Services,NASDAQ,72.54,25,30,37,73,8.93,3042501114.742916,341087566.0,0.0848,-33.95,3976830,2927203,2670826,-0.077
4345,VKTX,Healthcare,Biotechnology,NASDAQ,72.54,25,59,67,63,27.73,3763118278.0649815,125688651.0,0.20459999,-35.74,7785680,6707656,4742372,
4346,ONEW,Consumer Cyclical,Specialty Retail,NASDAQ,72.52,25,35,51,20,9.62,163656373.4940567,16665619.0,0.1013,-44.55,90920,104073,108048,-0.04
4347,PLRZ,Healthcare,Biotechnology,NASDAQ,72.46,25,71,88,48,8.87,23338883.606204987,2428604.0,0.023699999,-51.26,12480,56183,61572,
4348,SITC,Real Estate,REIT - Retail,NYSE,72.45,25,12,17,27,3.17,179465663.38355064,52475339.0,0.1296,-64.58,1954977,1334691,1192642,-0.693
4349,MWG,Industrials,Rental & Leasing Services,NYSE ARCA,72.44,25,12,9,15,1.43,7353094.050290108,5142024.0,0.0088,-76.36,2930,2680,18092,0.08
4350,LBTYK,Communication Services,Telecom Services,NASDAQ,72.43,25,30,34,67,8.75,2984516202.5,341087566.0,0.0885,-33.31,1677360,1757416,1602510,-0.077
4351,TGLS,Basic Materials,Building Materials,NYSE,72.42,25,20,26,15,37.84,1541226834.304535,44364616.0,0.1011,-43.92,422540,340680,302798,0.156
4352,NC,Energy,Thermal Coal,NYSE,72.39,25,24,64,66,36.53,273567693.75,7546695.0,0.0182,-38.52,25550,22996,20488,0.06
4353,CORZ,Technology,Software - Infrastructure,NASDAQ,72.38,25,28,82,88,15.36,5286050499.6133,321340441.0,0.22209999,-49.57,11625830,11662330,11940514,1.088
4354,COSM,Healthcare,Medical Distribution,NASDAQ,72.36,25,22,10,21,0.31,38240833.26014078,100633773.0,0.0353,-76.52,3885500,3799263,3466288,0.288
4355,AXON,Industrials,Aerospace & Defense,NASDAQ,72.35,25,32,41,11,417.31,33579485986.08383,81237415.0,0.053200003,-45.38,1056500,1058743,1000810,0.353
4356,OM,Healthcare,Medical Devices,NASDAQ,72.32,25,15,16,9,4.09,74436770.1570549,18797164.0,0.064,-74.69,299090,190456,170004,0.007
4357,SFD,Consumer Defensive,Packaged Foods,NASDAQ,72.31,25,27,52,81,18.88,7426453988.996567,393767431.0,0.121400006,-36.65,1903580,2074473,1882948,-0.023
4358,NYAX,Technology,Software - Infrastructure,NASDAQ,72.31,25,25,73,81,45.43,1831528811.0,37378139.0,0.0028,-40.89,32890,29643,29052,0.282
4359,VYX,Technology,Information Technology Services,NYSE,72.3,25,42,26,12,6.9,925068290.2652569,138069898.0,0.38639998,-46.35,2999160,3167316,2804114,-0.208
4360,VLRS,Industrials,Airlines,NYSE,72.3,25,30,70,80,6.28,746034364.9897194,114951370.0,0.0108,-41.85,310810,346133,409164,0.239
4361,SNDX,Healthcare,Biotechnology,NASDAQ,72.28,25,47,88,93,16.9,1571628747.664135,89297086.0,0.2354,-33.96,1644090,1729966,1580194,0.918
4362,TRN,Industrials,Railroads,NYSE,72.27,25,35,78,77,25.4,2081763602.3187065,79669486.0,0.0916,-33.7,871620,692476,712202,-0.042
4363,CCAP,Financial Services,Asset Management,NASDAQ,72.26,25,23,26,43,9.09,332350503.9067383,36845952.0,0.028800001,-40.1,287620,291980,263530,-0.155
4364,ADSE,Industrials,Electrical Equipment & Parts,NASDAQ,72.25,25,54,52,37,9.43,796219603.212471,75185986.0,0.0027,-30.15,31020,22013,21114,-0.497
4365,ARMP,Healthcare,Biotechnology,NYSE ARCA,72.23,25,30,23,99,3.86,130880565.37081003,37181979.0,0.0856,-76.38,95130,283816,213176,0.157
4366,EVR,Financial Services,Capital Markets,NYSE,72.21,25,27,57,77,266.75,10063631065.366821,38457778.0,0.030199999,-31.38,537060,502483,513292,0.188
4367,GBX,Industrials,Railroads,NYSE,72.2,25,31,39,57,38.63,1255532514.532257,30939686.0,0.1317,-34.74,376250,411783,379228,-0.316
4368,MLM,Basic Materials,Building Materials,NYSE,72.2,25,25,32,53,481.57,34250516576.897766,71019382.0,0.045700002,-32.27,796520,833410,741628,0.21
4369,NMRK,Real Estate,Real Estate Services,NASDAQ,72.17,25,31,44,66,12.52,2292542062.416765,181228627.0,0.042,-36.88,1947490,1979256,1744722,0.17
4370,BARK,Consumer Cyclical,Specialty Retail,NYSE,72.14,25,18,18,8,8.21,73351669.80620289,9033457.0,0.098500006,-60.53,41000,50256,53562,-0.234
4371,FNF,Financial Services,Insurance - Specialty,NYSE,72.14,25,29,47,31,39.77,10529249937.867245,268192827.0,0.0279,-31.91,3122000,2777780,2291540,0.105
4372,BANL,Energy,Oil & Gas Midstream,NASDAQ,72.14,25,38,22,19,4.79,9775763.721630096,2111396.0,0.0321,-70.78,10920,31053,133664,0.492
4373,MITT,Real Estate,REIT - Mortgage,NYSE,72.13,25,31,55,62,5.69,183188023.27923775,31803475.0,0.0001,-38.62,523300,401163,364264,0.537
4374,FENG,Communication Services,Internet Content & Information,NYSE,72.1,25,19,19,25,1.4,16815086.113640785,12010776.0,0.0008,-51.56,1220,1986,2480,0.158
4375,NVO,Healthcare,Drug Manufacturers - General,NYSE,72.08,24,51,44,14,38.18,164789448880.1519,4415580124.0,0.0083,-40.49,13323900,13326200,13870136,0.021
4376,SYM,Industrials,Specialty Industrial Machinery,NASDAQ,72.07,24,25,16,84,42.06,5620919771.143158,129873381.0,0.3168,-52.14,1338010,1623336,1681540,0.217
4377,PHIO,Healthcare,Biotechnology,NASDAQ,72.05,24,21,10,19,0.97,11442992.401186109,11617251.0,0.012999999,-76.85,112840,133160,145500,
4378,CTGO,Basic Materials,Gold,NYSE ARCA,72.03,24,33,15,60,16.28,557790736.085289,33440691.0,0.089499995,-52.65,364300,382036,378734,
4379,SLVM,Basic Materials,Paper & Paper Products,NYSE,72.02,24,23,25,27,32.65,1291412674.4392052,39760243.0,0.106300004,-42.52,451620,336650,307448,0.015
4380,GORO,Basic Materials,Gold,NYSE ARCA,72.01,24,34,80,74,3.19,551027839.0880334,169026945.0,0.98,-51.37,1146700,1462626,1433220,2.935
4381,CHGG,Consumer Defensive,Education & Training Services,NYSE,71.99,24,18,19,74,0.74,82160337.73884058,111027482.0,0.0581,-52.87,584380,1065793,1098374,-0.507
4382,DSY,Consumer Defensive,Household & Personal Products,NASDAQ,71.98,24,19,14,2,3.47,16916667.608095646,4751873.0,0.038599998,-83.94,5550,16796,731462,-0.173
4383,ATCH,Financial Services,Capital Markets,NYSE ARCA,71.96,24,22,18,34,0.18,28545682.894568205,151838744.0,0.0482,-70.64,2968380,7700093,5123348,1.368
4384,BUDA,Consumer Defensive,Beverages - Non-Alcoholic,NYSE ARCA,71.93,24,46,57,62,7.49,96888995.33938026,12566666.0,0.00059999997,-37.58,5850,5413,9790,0.264
4385,CSV,Consumer Cyclical,Personal Services,NYSE,71.9,24,21,25,62,33.73,510933433.23864746,15882296.0,0.044499997,-35.26,236100,177623,189658,0.008
4386,SGI,Consumer Cyclical,"Furnishings, Fixtures & Appliances",NYSE,71.88,24,24,30,58,62.34,14267922823.383698,230239189.0,0.0934,-36.75,2780410,3571730,3400694,-0.03
4387,DSS,Consumer Cyclical,Packaging & Containers,NYSE ARCA,71.85,24,41,11,30,0.61,6407126.598927498,10042518.0,0.0704,-67.2,26440,4092483,2465246,-0.318
4388,SYPR,Consumer Cyclical,Auto Parts,NASDAQ,71.84,24,17,20,92,1.89,41447578.30201411,23026433.0,0.0037,-60.13,16970,25940,26872,-0.035
4389,SCM,Financial Services,Asset Management,NYSE,71.84,24,25,19,22,7.24,211036328.8243065,28479937.0,0.0256,-46.57,103210,142000,164606,-0.132
4390,LKQ,Consumer Cyclical,Auto Parts,NASDAQ,71.83,24,26,21,29,22.01,5768447367.774727,253002086.0,0.0766,-40.72,3017810,3220126,3472414,-0.03
4391,JYNT,Healthcare,Medical Care Facilities,NASDAQ,71.82,24,29,35,31,7.12,102962164.0873518,14143154.0,0.1029,-33.27,90670,93203,83588,0.144
4392,AON,Financial Services,Insurance Brokers,NYSE,71.81,24,31,53,31,277.12,57157200780.7218,212125434.0,0.0176,-27.52,1765760,2039760,1633190,0.022
4393,AGBK,Financial Services,Banks - Regional,NYSE,71.81,24,21,19,16,6.51,872703637.897253,159835830.0,0.0403,-46.68,293180,210630,256294,-0.152
4394,KNDI,Consumer Cyclical,Recreational Vehicles,NASDAQ,71.81,24,14,16,17,0.64,82340598.58177334,100415365.0,0.0148,-52.59,10257560,3472630,2115848,0.574
4395,PTHS,Healthcare,Biotechnology,NYSE ARCA,71.79,24,23,72,65,20.5,78866462.86044502,3828469.0,0.0454,-45.33,30640,39516,57270,
4396,RBA,Industrials,Specialty Business Services,NYSE,71.78,24,19,55,35,84.03,15164175491.333008,185200000.0,0.114700004,-29.58,1719240,1709743,1949626,0.111
4397,PLRX,Healthcare,Biotechnology,NASDAQ,71.74,24,27,23,31,1.0,64087455.64818871,61920249.0,0.061,-48.72,393140,390570,403658,
4398,GTM,Technology,Software - Application,NASDAQ,71.68,24,24,4,13,3.83,1080018281.764967,291110046.0,0.1552,-68.89,5204540,5394860,6054308,0.012
4399,MOS,Basic Materials,Agricultural Inputs,NYSE,71.67,24,54,26,25,19.73,6698061164.205948,317895646.0,0.129,-45.19,8988880,8434743,8388376,-0.06
4400,MCHX,Communication Services,Advertising Agencies,NASDAQ,71.62,24,29,41,35,1.36,57195876.40864372,44337890.0,0.0031,-33.33,29610,50263,38954,-0.056
4401,THO,Consumer Cyclical,Recreational Vehicles,NYSE,71.58,24,24,25,24,66.11,3589778965.0645294,51614361.0,0.1461,-46.18,865700,829900,714304,-0.084
4402,FND,Consumer Cyclical,Home Improvement Retail,NYSE,71.55,24,20,27,16,46.5,4844228686.58987,106489965.0,0.122200005,-39.97,2418570,2518896,2512366,0.03
4403,OSIS,Technology,Electronic Components,NASDAQ,71.55,24,22,24,79,193.36,3137060443.57959,15941968.0,0.16530001,-37.97,173210,222723,246992,-0.041
4404,IVR,Real Estate,REIT - Mortgage,NYSE,71.55,24,37,64,70,5.68,622390004.15802,109000000.0,0.0955,-40.21,4044030,3429303,3031038,
4405,LUMN,Communication Services,Telecom Services,NASDAQ,71.54,24,31,33,89,5.56,5930811073.0,1031445404.0,0.0799,-53.47,13029670,13319783,13499862,-0.093
4406,AMS,Healthcare,Medical Care Facilities,NYSE ARCA,71.52,24,22,24,13,1.33,9376499.778032303,6650000.0,0.0011,-48.45,10500,8853,11770,0.192
4407,ORC,Real Estate,REIT - Mortgage,NYSE,71.52,24,48,54,54,5.02,1008751406.0067201,197407315.0,0.082200006,-40.24,8629970,6201776,5391144,
4408,EXP,Basic Materials,Building Materials,NYSE,71.49,24,27,37,26,167.3,5256523710.722733,30675325.0,0.0785,-31.86,465490,444060,421700,0.026
4409,BV,Industrials,Specialty Business Services,NYSE,71.47,24,27,63,28,10.46,951927975.2731323,92600000.0,0.2909,-30.27,1088530,952390,1120280,0.013
4410,SQFTP,Real Estate,REIT - Diversified,NASDAQ,71.44,24,31,8,6,6.15,,,0.43,-61.54,4930,5560,5354,-0.129
4411,SPHL,Consumer Cyclical,Residential Construction,NASDAQ,71.43,24,11,30,7,2.28,5315655.134280682,2261981.0,0.016900001,-90.92,38990,455556,283316,0.384
4412,LWAY,Consumer Defensive,Packaged Foods,NASDAQ,71.42,24,44,81,56,21.09,324128830.4890137,15281888.0,0.084300004,-35.52,143700,139316,152978,0.241
4413,ARVN,Healthcare,Biotechnology,NASDAQ,71.42,24,41,24,68,7.51,478102067.3348465,64521198.0,0.0889,-48.24,700320,804120,847978,10.147
4414,RYM,Consumer Defensive,Tobacco,NASDAQ,71.42,24,34,26,60,19.52,42710909.63127136,2179128.0,0.0171,-63.62,14200,14400,13230,10.274
4415,ACI,Consumer Defensive,Grocery Stores,NYSE,71.42,24,16,25,27,12.34,5702576775.25,485325683.0,0.1707,-38.3,7523620,7893540,7506978,0.002
4416,SE,Consumer Cyclical,Internet Retail,NYSE,71.41,24,56,32,13,92.89,58302403144.50354,612484522.0,0.0334,-51.99,4341750,3808976,4199288,0.481
4417,OKYO,Healthcare,Biotechnology,NASDAQ,71.4,24,22,16,24,1.39,77144906.19145131,52479527.0,0.001,-56.56,48160,74306,68894,
4418,PAR,Technology,Software - Application,NYSE,71.32,24,28,15,3,15.43,589418589.0,41362708.0,0.2539,-61.94,869120,914706,934968,0.187
4419,SNDL,Consumer Defensive,Beverages - Wineries & Distilleries,NASDAQ,71.32,24,22,19,29,1.22,305189847.66719127,246120843.0,0.0077,-57.79,1302410,1269320,1439336,-0.037
4420,JACK,Consumer Cyclical,Restaurants,NASDAQ,71.3,24,48,38,10,12.45,237466515.56199646,19073616.0,0.32729998,-47.82,483600,530553,674448,-0.018
4421,INTU,Technology,Software - Application,NASDAQ,71.19,24,20,9,12,303.88,75114691291.62598,267236000.0,0.030199999,-55.91,3756050,3701760,3838124,0.137
4422,SLNH,Financial Services,Capital Markets,NASDAQ,71.19,24,72,34,39,0.95,261711928.07928622,244590575.0,0.1094,-81.52,6719080,7344033,8666872,1.446
4423,MSGY,Industrials,Engineering & Construction,NASDAQ,71.16,24,3,5,1,4.27,9315751.834571362,2119625.0,0.15529999,-91.91,10946020,3674670,3136581,0.21
4424,GLXY,Financial Services,Capital Markets,NASDAQ,71.16,24,27,34,23,20.08,4480382455.756668,194292392.0,0.18100001,-56.27,4886180,5075393,5839178,-0.038
4425,MBUU,Consumer Cyclical,Recreational Vehicles,NASDAQ,71.12,24,29,38,24,22.02,452786596.6838951,19677818.0,0.0735,-37.03,233890,269350,233626,0.427
4426,OZ,Real Estate,Real Estate - Development,NYSE ARCA,71.11,24,30,23,24,40.15,165794945.58540344,4053666.0,0.0308,-41.81,27930,16930,13554,1.681
4427,XYL,Industrials,Specialty Industrial Machinery,NYSE,71.1,24,28,32,28,101.99,23766622807.24356,233486812.0,0.060399998,-33.89,2501740,2637296,2230182,0.015
4428,AIRG,Technology,Communication Equipment,NASDAQ,71.07,24,68,82,89,3.98,60392080.48906994,13100234.0,0.0126,-48.03,87590,60903,63102,0.006
4429,NERV,Healthcare,Biotechnology,NASDAQ,71.06,24,62,82,98,3.22,156611992.15393138,47747559.0,0.0531,-74.16,85190,141156,185056,
4430,CSPI,Technology,Information Technology Services,NASDAQ,71.04,24,19,21,18,7.43,76310484.3804574,10080645.0,0.0113,-50.47,7460,10340,11166,-0.068
4431,ALLR,Healthcare,Biotechnology,NASDAQ,71.04,24,26,36,64,0.98,16547152.353054047,15910724.0,0.0069999998,-46.74,93320,109950,96936,
4432,AMTM,Industrials,Specialty Business Services,NYSE,71.04,24,21,20,55,18.97,4431961857.319,244319846.0,0.0795,-50.22,2040100,1798186,2112630,-0.02
4433,TLSA,Healthcare,Biotechnology,NASDAQ,71.03,24,16,18,24,1.13,142530227.32681882,127259131.0,0.0477,-51.5,567330,610690,836698,
4434,QURE,Healthcare,Biotechnology,NASDAQ,71.0,23,98,97,34,22.54,1627335962.013153,69366412.0,0.1449,-68.48,5487510,2741433,2111004,0.11
4435,TYRA,Healthcare,Biotechnology,NASDAQ,71.0,23,67,94,97,19.97,1404683854.7526474,68755939.0,0.2382,-50.87,836630,1176666,953810,
4436,NBTX,Healthcare,Biotechnology,NASDAQ,70.97,23,97,98,99,22.9,1311174807.5,50919410.0,0.0047,-59.92,170680,150280,155692,-0.792
4437,LASR,Technology,Semiconductors,NASDAQ,70.97,23,23,96,99,38.31,2341068299.8939056,57690197.0,0.0506,-55.94,868790,1046433,1219416,0.338
4438,OPNW,Technology,Information Technology Services,NASDAQ,70.94,23,21,16,31,5.28,72399745.27862549,13407360.0,,-72.92,256815,601711,362664,
4439,CENN,Consumer Cyclical,Auto Manufacturers,NASDAQ,70.94,23,12,6,2,3.9,9279738.591085434,2456452.0,0.0221,-90.15,8910,17056,12666,-0.029
4440,COOT,Consumer Defensive,Packaged Foods,NASDAQ,70.92,23,13,15,18,0.45,13771420.76104045,30068604.0,0.0502,-90.0,54140,3687250,2229444,0.098
4441,AMPG,Technology,Communication Equipment,NASDAQ,70.92,23,22,98,15,2.82,91633853.91739583,30043887.0,0.1607,-72.11,743330,888900,1548396,-0.268
4442,CELC,Healthcare,Biotechnology,NASDAQ,70.91,23,46,97,99,67.87,3527990492.1358337,48931908.0,0.3483,-55.06,1659110,1129680,994086,
4443,ESRT,Real Estate,REIT - Diversified,NYSE,70.86,23,16,29,20,4.58,721963159.5389729,173132649.0,0.08189999,-43.03,5072240,4717453,3693714,0.032
4444,BRUN,Technology,Software - Infrastructure,NASDAQ,70.85,23,70,97,73,12.1,1312337669.1032314,79487441.0,2.22,-71.19,2762860,2488293,2405434,2.697
4445,WOOF,Consumer Cyclical,Specialty Retail,NASDAQ,70.83,23,20,26,32,2.24,627258408.2190471,286419357.0,0.2117,-42.27,2489780,2812333,2272342,0.0
4446,JLHL,Industrials,Building Products & Equipment,NASDAQ,70.82,23,28,98,90,4.28,88572541.89170265,22198632.0,0.069699995,-92.61,236610,527100,1081436,0.216
4447,QUBT,Technology,Computer Hardware,NASDAQ,70.77,23,17,13,20,7.45,1851517392.0555801,226346861.0,0.3231,-68.8,6792230,6944120,7536926,90.0
4448,MPAA,Consumer Cyclical,Auto Parts,NASDAQ,70.76,23,23,70,34,10.55,199366664.6542883,18933207.0,0.0908,-41.78,116250,121013,124050,-0.108
4449,HSAI,Consumer Cyclical,Auto Parts,NASDAQ,70.76,23,23,13,67,15.61,19334777785.30799,1257137688.0,0.0725,-46.81,793840,1185846,1389986,0.219
4450,STWD,Real Estate,REIT - Mortgage,NYSE,70.76,23,32,34,48,12.75,4830704868.104124,370168950.0,0.0548,-34.38,7107320,5288576,5088320,0.134
4451,XPER,Technology,Software - Application,NYSE,70.75,23,28,73,35,5.25,264830985.08776188,48771822.0,0.103,-40.0,381250,411680,448128,0.081
4452,CNTN,Healthcare,Biotechnology,NASDAQ,70.75,23,14,28,93,2.08,179283062.25,79681361.0,0.0861,-69.81,853890,797340,765864,
4453,POST,Consumer Defensive,Packaged Foods,NYSE,70.75,23,23,24,34,74.23,3288606729.5091553,45322586.0,0.1531,-36.71,737290,919153,972718,-0.018
4454,HOVR,Industrials,Aerospace & Defense,NASDAQ,70.72,23,24,26,87,1.53,112768217.35920918,67123941.0,0.0466,-63.4,443030,517076,698780,
4455,ROOT,Financial Services,Insurance - Property & Casualty,NASDAQ,70.71,23,26,22,11,48.56,732124426.3960876,15826296.0,0.1421,-46.64,190230,197666,241548,0.016
4456,STC,Financial Services,Insurance - Property & Casualty,NYSE,70.69,23,45,60,53,51.88,1573419335.1634102,30522199.0,0.047399998,-34.0,406660,311033,260704,0.243
4457,FLYE,Consumer Cyclical,Auto Manufacturers,NASDAQ,70.67,23,10,6,1,2.32,2260854.594432354,1632386.0,0.0074,-89.45,13255030,7335956,4405564,-0.484
4458,NN,Technology,Software - Infrastructure,NASDAQ,70.67,23,21,36,91,11.6,1907388344.7641258,136436939.0,0.13260001,-52.5,3373440,2705466,2859798,-0.043
4459,UAVS,Technology,Computer Hardware,NYSE ARCA,70.65,23,25,10,17,0.83,60389476.410189986,62905706.0,0.051799998,-71.58,541180,936630,1628026,-0.36
4460,WAVE,Utilities,Utilities - Renewable,NASDAQ,70.58,23,20,82,34,5.78,36439638.71209717,6239664.0,0.0007,-46.83,8100,17416,15522,
4461,YI,Healthcare,Medical Distribution,NASDAQ,70.55,23,17,13,64,3.14,28326224.33168316,8796964.0,0.0021,-71.89,11130,16730,12414,-0.283
4462,GELS,Healthcare,Drug Manufacturers - Specialty & Generic,NASDAQ,70.54,23,13,10,10,0.55,5580462.035230994,10711059.0,0.0307,-72.64,75780,6018960,3624376,0.489
4463,FER,Industrials,Engineering & Construction,NASDAQ,70.5,23,27,48,76,50.29,38625206354.69673,720082155.0,0.0087,-32.76,2336360,1720616,1571568,0.052
4464,AS,Consumer Cyclical,Leisure,NYSE,70.49,23,19,39,67,27.45,15808104436.469498,581822024.0,0.0945,-35.8,5521920,7071306,6979164,0.321
4465,SCYX,Healthcare,Drug Manufacturers - Specialty & Generic,NASDAQ,70.46,23,27,16,87,4.22,50941996.94135761,9949609.0,0.0471,-53.73,1034020,385703,339264,-0.828
4466,ZNTL,Healthcare,Biotechnology,NASDAQ,70.43,23,95,96,98,2.51,238573221.47427654,94671914.0,0.0596,-63.88,1739690,1201666,1177408,
4467,DECK,Consumer Cyclical,Footwear & Accessories,NYSE,70.4,23,17,53,60,82.56,10774708899.874641,136181857.0,0.078,-32.49,3180580,3299750,2909432,0.057
4468,CGTX,Healthcare,Biotechnology,NASDAQ,70.39,23,15,32,86,0.89,87961716.18360579,95093746.0,0.087799996,-56.59,405380,394120,460100,
4469,PMN,Healthcare,Biotechnology,NASDAQ,70.37,23,81,81,61,9.15,84296310.7790966,8967693.0,0.0269,-66.61,32920,40756,35722,
4470,LEGN,Healthcare,Biotechnology,NASDAQ,70.36,23,14,31,17,18.71,3611649770.0568466,194488413.0,0.17799999,-50.11,1965350,2091010,2188770,0.519
4471,RSSS,Technology,Software - Application,NASDAQ,70.34,23,24,22,29,2.03,72589741.56985903,33762669.0,0.0023,-46.44,29750,43726,36828,-0.029
4472,CALX,Technology,Software - Infrastructure,NYSE,70.32,23,17,19,37,36.08,2191776543.5578804,62963989.0,0.1242,-49.34,1102230,1090080,977038,0.213
4473,KYTX,Healthcare,Biotechnology,NASDAQ,70.3,23,65,67,97,6.18,384666208.7047291,61843444.0,0.1665,-54.79,956020,906476,819916,
4474,BOLT,Healthcare,Biotechnology,NASDAQ,70.3,23,19,20,18,3.65,6645890.341855288,1926345.0,0.0095999995,-49.31,16300,31266,29448,-0.997
4475,SAR,Financial Services,Asset Management,NYSE,70.25,23,22,31,57,14.97,265013488.31874084,16080916.0,0.0481,-39.22,215600,169040,152514,-0.048
4476,ACHR,Industrials,Aerospace & Defense,NYSE,70.23,23,25,10,12,4.72,3765430949.1903305,770026800.0,0.141,-67.72,23968190,23893686,30678506,
4477,EBON,Technology,Computer Hardware,NASDAQ,70.18,23,21,17,10,2.02,13095084.599586487,6280616.0,0.0022,-64.17,2640,4256,6342,0.095
4478,RGC,Healthcare,Drug Manufacturers - Specialty & Generic,NASDAQ,70.13,23,3,2,99,7.63,3372414444.264647,494488909.0,0.0145000005,-88.94,167150,174010,176316,
4479,AN,Consumer Cyclical,Auto & Truck Dealerships,NYSE,70.11,23,54,39,51,157.07,5371058764.725861,33060806.0,0.119799994,-33.39,627720,614956,534638,-0.006
4480,OXBR,Financial Services,Insurance - Reinsurance,NASDAQ,70.09,23,84,88,7,1.01,9115206.27880776,8138577.0,0.003,-52.67,25100,19903,43248,0.416
4481,PDD,Consumer Cyclical,Internet Retail,NASDAQ,70.07,23,21,20,34,78.26,107295621396.08485,1423396462.0,0.0328,-43.86,4982020,6370316,6243880,0.081
4482,RPT,Real Estate,REIT - Mortgage,NYSE,70.06,23,28,23,33,10.83,86275463.36499786,7772564.0,0.037100002,-39.63,20700,19726,35566,0.096
4483,WBTN,Communication Services,Internet Content & Information,NASDAQ,70.06,23,28,29,50,9.91,1424966235.0,135711070.0,0.16139999,-47.87,501780,446743,451078,-0.028
4484,DJT,Communication Services,Internet Content & Information,NASDAQ,70.04,23,26,17,11,8.2,2476456682.1995277,277941271.0,0.0892,-54.37,3383430,3267193,3788298,0.89
4485,ALLO,Healthcare,Biotechnology,NASDAQ,70.01,23,64,72,92,1.4,518236321.5,345490881.0,0.1909,-68.61,5132360,5498873,5428978,
4486,MGM,Consumer Cyclical,Resorts & Casinos,NYSE,70.0,23,53,82,67,30.01,7798345525.680599,255851235.0,0.1599,-41.83,6134640,4318540,3530550,0.01
4487,BIRK,Consumer Cyclical,Footwear & Accessories,NYSE,69.99,23,15,52,29,33.12,5503656681.67511,165126204.0,0.1438,-34.71,1900800,2108126,2556316,0.133
4488,EVAX,Healthcare,Biotechnology,NASDAQ,69.99,23,21,18,87,3.05,28868746.03017783,9021483.0,0.0070999996,-74.9,38860,49140,252316,
4489,BRSP,Real Estate,REIT - Mortgage,NYSE,69.97,23,24,54,74,3.9,482057118.56022835,126524180.0,0.0369,-36.74,2093310,1783806,1559820,-0.035
4490,CW,Industrials,Aerospace & Defense,NYSE,69.97,23,29,77,86,507.29,20152910565.191895,36934444.0,0.0239,-37.23,411750,428963,402490,0.054
4491,SHOE,Consumer Cyclical,Apparel Retail,NASDAQ,69.97,23,13,20,45,13.06,341972390.6260395,27183815.0,0.4884,-41.25,1128880,1375163,1033794,-0.072
4492,VRM,Financial Services,Credit Services,NASDAQ,69.94,22,26,5,13,8.96,47266233.28227615,5234356.0,0.0292,-67.71,6440,46683,33200,-0.042
4493,BCTX,Healthcare,Biotechnology,NASDAQ,69.93,22,24,10,10,3.92,35147139.14812946,8699787.0,0.0911,-73.3,113120,148270,325978,
4494,CINT,Technology,Software - Infrastructure,NYSE,69.92,22,13,17,36,3.06,410843677.3123808,127988683.0,0.0011999999,-47.24,76460,83216,83780,0.219
4495,WGO,Consumer Cyclical,Recreational Vehicles,NYSE,69.91,22,30,34,36,24.65,743471864.3325462,28268893.0,0.1099,-50.86,694610,605513,554686,-0.099
4496,HUN,Basic Materials,Chemicals,NYSE,69.87,22,20,60,75,8.5,1495979547.648857,175378616.0,0.08140001,-47.17,2963200,2618880,2784406,0.141
4497,ESBA,Real Estate,REIT - Office,NYSE ARCA,69.83,22,15,33,19,4.43,1078744005.028689,280193255.0,0.18,-44.14,8793,6884,6488,0.032
4498,LHX,Industrials,Aerospace & Defense,NYSE,69.81,22,23,31,75,236.92,44058379282.16382,186214616.0,0.0275,-37.53,1437810,1591800,1662532,0.084
4499,MAIA,Healthcare,Biotechnology,NYSE ARCA,69.81,22,33,36,23,1.15,73472919.27290249,61741946.0,0.0376,-63.95,627800,605273,504868,
4500,FABC,Technology,Semiconductors,NASDAQ,69.76,22,13,19,9,2.24,16388453.818875074,7003613.0,0.21620001,-71.46,94690,133110,173858,
4501,DLHC,Industrials,Specialty Business Services,NASDAQ,69.75,22,15,33,77,4.25,58696794.51432705,14493035.0,0.0108,-47.53,17940,13553,14466,-0.469
4502,OGI,Healthcare,Drug Manufacturers - Specialty & Generic,NASDAQ,69.73,22,21,9,38,0.95,137377516.78200984,144152692.0,8.98,-57.59,555900,539713,1029464,0.494
4503,ANGI,Communication Services,Internet Content & Information,NASDAQ,69.72,22,10,11,9,6.28,245365326.285491,40556251.0,0.1196,-61.92,791770,843783,852030,-0.109
4504,ALT,Healthcare,Biotechnology,NASDAQ,69.7,22,42,21,23,2.6,532005891.8292811,194517701.0,0.26639998,-59.63,4109330,3914570,4242144,
4505,ZJYL,Healthcare,Medical Instruments & Supplies,NASDAQ,69.62,22,12,8,4,2.12,142907054.53505516,73663428.0,0.0011,-82.33,12690,95530,920732,-0.097
4506,SLDP,Consumer Cyclical,Auto Parts,NASDAQ,69.59,22,17,11,67,2.42,531662206.5511551,228181212.0,0.1234,-72.69,2762640,2844010,3016226,
4507,CG,Financial Services,Asset Management,NASDAQ,69.57,22,27,23,37,38.39,14189171907.61586,356332798.0,0.0727,-42.96,3410010,3324983,3785224,-0.329
4508,JBLU,Industrials,Airlines,NASDAQ,69.54,22,31,65,79,3.92,1565845587.1332936,377312181.0,0.2949,-40.79,19292960,18900803,21391184,0.145
4509,PW,Real Estate,REIT - Specialty,NYSE ARCA,69.53,22,13,39,22,6.96,2441348.0350112915,367120.0,0.0216,-46.13,12220,19900,17094,1.545
4510,YTRA,Consumer Cyclical,Travel Services,NASDAQ,69.52,22,30,16,43,0.9,56439338.85728657,63990178.0,0.0007,-55.0,17310,32090,35162,-0.104
4511,AMRC,Industrials,Engineering & Construction,NYSE,69.46,22,21,32,74,21.01,1144638155.0754776,53066211.0,0.1999,-53.24,526780,609276,707050,0.091
4512,JMIA,Consumer Cyclical,Internet Retail,NYSE,69.42,22,28,29,88,6.48,924690829.9148426,133625841.0,0.04,-55.98,1084450,1436993,1643938,0.139
4513,QNRX,Healthcare,Biotechnology,NASDAQ,69.4,22,60,7,15,4.55,8977628.038617134,2008418.0,0.0631,-89.11,52180,1131943,688956,
4514,BTDR,Technology,Software - Application,NASDAQ,69.37,22,33,31,33,9.72,2995040464.3120384,271782245.0,0.2999,-65.04,9743200,10176213,12559118,0.471
4515,ABTC,Financial Services,Capital Markets,NASDAQ,69.36,22,6,1,19,7.75,619695774.2971096,72819713.0,0.1596,-93.01,946750,1566116,1600414,1.213
4516,INLX,Technology,Software - Application,NYSE ARCA,69.35,22,17,13,15,5.4,22699720.557352066,4494994.0,0.0007,-54.04,12630,8956,5752,-0.016
4517,LCII,Consumer Cyclical,Recreational Vehicles,NYSE,69.34,22,32,38,76,80.19,2013235835.3157349,24311507.0,0.1225,-49.77,411310,346170,310934,-0.125
4518,STOK,Healthcare,Biotechnology,NASDAQ,69.33,22,48,78,97,23.95,1653162374.1925774,64526242.0,0.17950001,-40.45,1126460,912833,936790,-0.325
4519,PALI,Healthcare,Biotechnology,NASDAQ,69.32,22,94,83,96,1.45,250949613.49184132,174270558.0,0.1737,-49.3,3250890,3157146,2523022,
4520,HDSN,Basic Materials,Specialty Chemicals,NASDAQ,69.31,22,23,27,25,5.17,220123101.61277533,42088547.0,0.0682,-46.42,338260,433963,545684,0.075
4521,LRE,Real Estate,Real Estate - Development,NASDAQ,69.28,22,38,32,29,1.07,15006091.425248265,13641901.0,0.036199998,-43.39,11770,20196,16304,0.038
4522,SPWH,Consumer Cyclical,Specialty Retail,NASDAQ,69.28,22,22,12,22,1.13,44229855.26335895,39141465.0,0.011,-66.27,223330,519660,427848,0.006
4523,ONDS,Technology,Communication Equipment,NASDAQ,69.26,22,25,66,99,6.85,4215871407.481489,582302699.0,0.4096,-55.17,52619290,61010630,65848776,12.354
4524,ABVX,Healthcare,Biotechnology,NASDAQ,69.26,22,68,99,99,89.05,8105779002.301598,87271525.0,0.0795,-40.17,1389630,1335786,1150708,-0.068
4525,DY,Industrials,Engineering & Construction,NYSE,69.26,22,22,83,88,277.21,8256561978.75,30160957.0,0.0538,-51.06,569670,647366,630008,0.456
4526,SMXT,Technology,Solar,NASDAQ,69.24,22,3,6,9,4.66,10243184.807027578,4742215.0,0.0101,-69.42,555070,200343,128551,1.141
4527,SNTG,Financial Services,Credit Services,NASDAQ,69.2,22,15,37,34,1.69,4965425.196492672,2805325.0,0.0086,-50.13,15720,11936,19760,-0.359
4528,DOUG,Real Estate,Real Estate Services,NYSE,69.19,22,21,28,19,1.56,140880228.8160045,90890473.0,0.0272,-48.51,575400,525230,475114,0.045
4529,FLY,Industrials,Aerospace & Defense,NASDAQ,69.19,22,15,10,62,20.67,3903876270.3121567,167404645.0,0.1096,-66.75,3927460,3114426,3104076,6.569
4530,AMRN,Healthcare,Drug Manufacturers - General,NASDAQ,69.19,22,33,30,54,11.99,260867007.9577217,21122834.0,0.0254,-42.63,70180,58610,67168,-0.42
4531,LOBO,Consumer Cyclical,Auto Manufacturers,NASDAQ,69.16,22,21,58,24,0.5,6845478.711853564,14441938.0,0.0031,-66.22,265150,6095336,3671358,0.206
4532,SOFI,Financial Services,Credit Services,NASDAQ,69.05,22,27,22,36,15.61,20368064600.713974,1291570324.0,0.14829999,-52.31,42458030,43906160,46609484,0.426
4533,CUVL,Healthcare,Biotechnology,NASDAQ,69.05,22,25,40,25,5.6,304080235.52019405,50427898.0,1.03,-37.22,7780,20506,14520,-0.038
4534,DOYU,Communication Services,Internet Content & Information,NASDAQ,69.04,22,20,18,14,4.1,134295916.79383945,30178859.0,0.0050999997,-45.97,29420,29430,28828,-0.069
4535,SPMC,Financial Services,Asset Management,NYSE,69.04,22,27,28,14,8.22,174107274.34380054,20628825.0,4.54,-54.84,19170,21640,26744,-0.353
4536,RDCM,Communication Services,Telecom Services,NASDAQ,69.02,22,20,60,43,10.26,172237898.6914816,16738377.0,0.045500003,-38.71,42970,86556,138244,-0.334
4537,MZTI,Consumer Defensive,Packaged Foods,NASDAQ,69.02,22,18,16,21,102.19,2716273196.685791,27291000.0,0.33150002,-42.02,398460,445596,402448,-0.022
4538,EFX,Industrials,Consulting Services,NYSE,69.0,22,31,23,24,145.54,16447885440.0,117484896.0,0.0765,-40.44,2369600,1733560,1497430,0.106
4539,TSQ,Communication Services,Advertising Agencies,NYSE,68.99,22,29,63,68,4.43,82953960.92740917,18231639.0,0.0155,-44.42,97862,74670,80294,-0.001
4540,RAVE,Consumer Cyclical,Restaurants,NASDAQ,68.98,22,36,78,27,2.24,32828718.956807613,14211567.0,0.0104,-37.78,83450,80470,57242,0.088
4541,SWAG,Communication Services,Advertising Agencies,NASDAQ,68.94,22,27,72,55,1.43,27400197.833282948,18639590.0,0.0002,-59.14,26460,17680,28126,0.024
4542,ATHR,Technology,Software - Application,NASDAQ,68.93,22,22,31,7,2.9,42221304.13355613,12238059.0,0.056799997,-57.73,11700,11866,12120,-0.04
4543,PTLO,Consumer Cyclical,Restaurants,NASDAQ,68.91,22,23,18,21,3.9,254540559.088408,72518678.0,0.1552,-41.7,1951720,1527510,1451062,0.056
4544,RDACU,Financial Services,Shell Companies,NASDAQ,68.9,22,70,63,6,5.7,,,1.9,-71.26,200,66,158,
4545,SUNS,Real Estate,REIT - Mortgage,NASDAQ,68.89,22,25,41,28,5.99,83798273.622056,13515851.0,0.027,-42.68,107700,81983,83864,0.012
4546,BKSY,Industrials,Specialty Business Services,NYSE,68.88,22,29,25,96,21.16,897072627.442318,40924846.0,0.1754,-59.98,961790,952336,956950,0.501
4547,ECC,Financial Services,Asset Management,NYSE,68.85,22,30,21,16,3.1,460217193.15395737,133010748.0,0.01,-54.74,1122059,949743,885291,-0.218
4548,LAES,Technology,Semiconductors,NASDAQ,68.84,22,14,18,14,2.25,533085410.9387398,224930564.0,0.0507,-74.17,3650840,4776696,6882102,1.311
4549,STKS,Consumer Cyclical,Restaurants,NASDAQ,68.84,22,20,27,11,1.52,49434875.6267395,31689024.0,0.054,-47.77,21890,22126,22486,-0.033
4550,CDZI,Industrials,Pollution & Treatment Controls,NASDAQ,68.82,21,29,21,67,3.52,324313190.7896519,84677075.0,0.1675,-49.43,1363430,1026543,936830,-0.763
4551,KRRO,Healthcare,Biotechnology,NASDAQ,68.77,21,73,33,64,10.58,141955232.49564934,14725646.0,0.118,-81.07,126870,172993,141936,
4552,BYRN,Industrials,Aerospace & Defense,NASDAQ,68.77,21,4,3,3,4.73,81448544.36641026,23404754.0,0.088999994,-84.55,621330,418056,456656,-0.425
4553,ABG,Consumer Cyclical,Auto & Truck Dealerships,NYSE,68.74,21,39,37,27,168.96,3157383249.6158447,17951917.0,0.1247,-34.7,260350,245756,241726,0.003
4554,MDWD,Healthcare,Biotechnology,NASDAQ,68.73,21,25,21,42,12.42,174546964.46985626,12910278.0,0.1604,-37.99,65840,98576,88006,-0.458
4555,HDB,Financial Services,Banks - Regional,NYSE,68.71,21,19,24,20,22.01,114816259592.80429,5139492337.0,0.0069999998,-41.23,9918710,11088370,9752260,0.166
4556,YHGJ,Consumer Cyclical,Packaging & Containers,NASDAQ,68.71,21,13,24,9,2.65,7279790.6604652405,2609244.0,0.0068,-74.25,9570,4423,4180,-0.285
4557,SPRC,Healthcare,Biotechnology,NASDAQ,68.67,21,8,16,2,4.43,2742192.4381070137,580973.0,0.0189,-89.87,11510,26563,60542,
4558,CNVS,Communication Services,Entertainment,NASDAQ,68.64,21,23,34,24,1.93,45403348.37654436,23771387.0,0.0178,-45.63,112220,113976,119950,1.752
4559,CIM,Real Estate,REIT - Mortgage,NYSE,68.64,21,30,53,65,9.01,775171453.8401146,83711818.0,0.0414,-36.46,1761400,1348590,1142024,0.081
4560,CGC,Healthcare,Drug Manufacturers - Specialty & Generic,NASDAQ,68.63,21,24,21,32,0.85,370157965.625,423037675.0,0.066199996,-64.29,2150200,2244690,2964438,0.125
4561,ALMU,Technology,Semiconductors,NASDAQ,68.63,21,18,31,61,11.93,253411787.54958248,19314923.0,0.253,-62.47,402050,574553,543808,-0.558
4562,MTZ,Industrials,Engineering & Construction,NYSE,68.63,21,27,89,95,216.66,17340246833.468994,80304948.0,0.0854,-50.92,1405260,1474113,1583176,0.234
4563,GEVO,Basic Materials,Specialty Chemicals,NASDAQ,68.6,21,29,24,34,1.35,323880592.09297943,247237104.0,0.1014,-54.55,2647350,2724700,2823828,0.071
4564,TRTX,Real Estate,REIT - Mortgage,NYSE,68.58,21,31,59,55,5.97,471361705.0102315,76769009.0,0.0695,-36.29,1389000,1026790,997246,-0.116
4565,CAVA,Consumer Cyclical,Restaurants,NYSE,68.55,21,18,29,77,54.31,6355425215.356789,116806198.0,0.13350001,-45.02,3424120,3459790,3479664,0.313
4566,TMS,Financial Services,Financial Conglomerates,NASDAQ,68.53,21,13,14,45,6.73,563828145.0521507,73993196.0,1.21,-49.02,90289,172896,136907,0.203
4567,ASR,Industrials,Airports & Air Services,NYSE,68.53,21,23,29,60,230.39,7039817404.270721,30032069.0,0.039300002,-39.61,87460,66143,61184,0.099
4568,CLB,Energy,Oil & Gas Equipment & Services,NYSE,68.52,21,29,21,70,10.16,455174660.14071274,45884542.0,0.2289,-50.1,730480,584726,574928,-0.043
4569,WIT,Technology,Information Technology Services,NYSE,68.45,21,15,17,20,1.67,17016712535.373512,9893437356.0,0.0458,-45.95,10001620,9971926,8082064,0.106
4570,UEC,Energy,Uranium,NYSE ARCA,68.44,21,30,23,88,9.14,4608937479.025273,495584665.0,0.1457,-55.06,11325550,9676593,9024192,
4571,TTI,Energy,Oil & Gas Equipment & Services,NYSE,68.4,21,26,90,93,6.12,888436674.0,148072779.0,0.0789,-51.2,2377830,2101903,1978998,0.068
4572,MATW,Industrials,Conglomerates,NASDAQ,68.37,21,21,59,67,19.31,602102135.7465134,31213173.0,0.2635,-37.57,1049600,1105026,974974,-0.296
4573,CDRE,Industrials,Aerospace & Defense,NYSE,68.36,21,27,23,23,24.83,1070518350.0,42820734.0,0.0735,-49.08,503360,473353,443556,0.318
4574,ADCT,Healthcare,Drug Manufacturers - Specialty & Generic,NYSE,68.33,21,10,3,92,1.59,144264494.741233,127667695.0,0.0498,-68.07,1637860,1639416,1594496,0.022
4575,RKT,Financial Services,Mortgage Finance,NYSE,68.27,21,24,30,37,11.76,33130215785.60707,2831642421.0,0.0645,-51.72,38686380,34774696,31136362,0.919
4576,REFR,Technology,Electronic Components,NASDAQ,68.24,21,5,6,13,0.62,25453484.44505024,34867786.0,0.012,-77.04,179530,3445356,2113196,-0.335
4577,LZ,Industrials,Specialty Business Services,NASDAQ,68.22,21,23,39,17,5.93,959082930.8669147,171264812.0,0.1001,-52.18,2821880,2708160,2970788,0.066
4578,WLK,Basic Materials,Specialty Chemicals,NYSE,68.2,21,24,25,82,62.31,8115080798.0,127796548.0,0.16309999,-49.84,1184640,833473,944516,0.108
4579,ALKT,Technology,Software - Application,NASDAQ,68.15,21,58,26,19,14.33,1485424138.915615,106941980.0,0.090100005,-42.19,1814310,1916570,1669278,0.159
4580,DNN,Energy,Uranium,NYSE ARCA,68.14,21,65,51,90,2.36,2326512033.247534,905257624.0,3.36,-46.73,31608880,26316163,26460216,-0.436
4581,EBS,Healthcare,Drug Manufacturers - Specialty & Generic,NYSE,68.14,21,13,29,64,6.81,324560212.9681549,51273336.0,0.19389999,-51.56,1082560,1178903,1301766,0.663
4582,GNSS,Technology,Scientific & Technical Instruments,NASDAQ,68.14,21,19,26,31,1.41,66035915.221612215,45542009.0,0.0187,-42.91,73530,78490,83934,-0.26
4583,DLPN,Communication Services,Advertising Agencies,NASDAQ,68.14,21,27,20,66,1.0,13424845.557099104,13033831.0,0.003,-46.81,7090,8023,10828,0.025
4584,CSGP,Real Estate,Real Estate Services,NASDAQ,68.11,21,12,8,8,29.81,11094309619.384651,405197588.0,0.0369,-65.03,5603210,6890010,6574268,0.184
4585,RKTO,Technology,Software - Infrastructure,NASDAQ,68.1,21,7,34,14,0.65,17378511.88229066,24897581.0,0.0865,-73.47,285990,376420,453088,
4586,ARQ,Industrials,Pollution & Treatment Controls,NASDAQ,68.07,21,17,12,7,2.11,84716859.51873064,43668483.0,0.013099999,-71.37,242370,219640,227468,0.045
4587,OPXS,Industrials,Aerospace & Defense,NASDAQ,68.06,21,22,41,49,10.0,72730671.52250957,6959873.0,0.0061000003,-43.69,12050,33393,30462,-0.124
4588,OLED,Technology,Electronic Components,NASDAQ,68.06,21,21,14,19,72.9,3694354655.201683,45966835.0,0.1033,-52.47,671800,762770,776998,-0.114
4589,WSC,Industrials,Rental & Leasing Services,NASDAQ,68.04,21,22,80,24,16.85,3134603435.1622696,181190958.0,0.1148,-43.4,2868240,2804850,2938888,0.039
4590,SAFX,Utilities,Utilities - Renewable,NASDAQ,68.03,21,21,55,82,0.32,136632677.19976807,415296896.0,0.024300002,-75.76,3705130,3799743,4014852,-0.895
4591,SFHG,Industrials,Specialty Business Services,NASDAQ,68.02,21,22,20,13,2.11,8525999.612808228,4060000.0,0.0044,-57.37,6990,14923,230416,-0.06
4592,VS,Technology,Software - Application,NASDAQ,67.96,21,19,70,15,1.07,6740721.146993637,6212646.0,0.0013,-56.68,11170,13756,11902,-0.247
4593,CIFR,Technology,Information Technology Services,NASDAQ,67.95,21,42,91,98,13.5,6520132658.452166,415030722.0,0.2134,-55.21,32796670,33836483,35311534,-0.43
4594,SYNX,Technology,Communication Equipment,NYSE ARCA,67.92,21,15,24,31,0.86,6700784.33672905,6634440.0,0.0013,-55.9,18790,44816,39396,1.741
4595,SQNS,Technology,Semiconductors,NYSE,67.92,21,15,13,3,2.76,42002160.88470745,15000772.0,0.0136,-72.91,30710,36840,39926,-0.084
4596,CURX,Healthcare,Biotechnology,NASDAQ,67.9,21,6,4,13,4.76,7402097.190969944,1568241.0,0.0047,-71.9,35080,26070,24485,
4597,CABA,Healthcare,Biotechnology,NASDAQ,67.9,21,62,68,95,1.95,339090890.0,169545445.0,0.2167,-53.9,5263400,5817493,5151576,
4598,ARKO,Consumer Cyclical,Specialty Retail,NASDAQ,67.88,21,18,92,89,4.12,467814465.12909126,112185721.0,0.100600004,-52.94,591590,851283,995320,0.222
4599,LIF,Technology,Software - Application,NASDAQ,67.82,21,19,37,23,41.88,3511803779.5708237,81480369.0,0.1187,-62.79,596810,583036,774338,0.378
4600,MLYS,Healthcare,Biotechnology,NASDAQ,67.8,21,51,49,84,22.38,2089054618.3559895,88406885.0,0.1243,-53.03,1477400,1406833,1154884,
4601,IRTC,Healthcare,Medical Devices,NASDAQ,67.78,21,25,22,25,102.6,3638126731.6455917,32963003.0,0.0936,-51.6,464670,519493,592338,0.201
4602,PCG,Utilities,Utilities - Regulated Electric,NYSE,67.78,21,26,65,61,12.67,36989159365.670334,3002366906.0,0.0,-33.87,37643880,53168076,42268622,0.001
4603,ELVA,Industrials,Electrical Equipment & Parts,NASDAQ,67.78,21,29,94,95,5.79,328234598.06568146,49507480.0,9.73,-54.69,361320,357330,485408,0.034
4604,TIL,Healthcare,Biotechnology,NASDAQ,67.76,21,17,15,19,6.56,48965872.5170846,6781977.0,0.0402,-70.15,16660,15890,12616,
4605,CLGN,Healthcare,Biotechnology,NASDAQ,67.72,21,10,9,1,3.97,6542240.732129097,1890821.0,0.0347,-85.19,27150,746746,451175,-0.397
4606,UNCY,Healthcare,Biotechnology,NASDAQ,67.72,21,24,29,79,4.07,117549178.6957345,27855257.0,0.15439999,-53.43,1007740,865350,817398,
4607,YB,Technology,Software - Application,NASDAQ,67.72,21,20,16,24,12.24,596277781.6039782,46080201.0,0.0005,-49.84,45860,39423,31194,0.301
4608,CIGI,Real Estate,Real Estate Services,NASDAQ,67.7,20,20,20,23,86.44,4588100986.997406,51103821.0,4.55,-49.6,251880,271740,245690,0.167
4609,KD,Technology,Information Technology Services,NYSE,67.7,20,23,10,7,11.88,2517979211.6801805,217818263.0,0.1442,-61.67,4941990,4029046,4139184,-0.033
4610,JBTM,Industrials,Specialty Industrial Machinery,NYSE,67.64,20,26,39,42,105.36,5633822247.042259,51876817.0,0.0911,-38.09,559360,541000,604124,0.049
4611,MOMO,Communication Services,Internet Content & Information,NASDAQ,67.64,20,23,29,35,4.68,677960398.3440342,143635684.0,0.0293,-37.47,1172700,1053486,812500,-0.051
4612,RXST,Healthcare,Medical Devices,NASDAQ,67.6,20,27,14,20,4.85,194656430.9400444,41593256.0,0.1009,-63.31,767120,789600,821150,0.003
4613,OPAL,Industrials,Engineering & Construction,NASDAQ,67.59,20,27,35,67,1.68,52706275.908877134,30290963.0,0.1301,-41.46,485230,320480,264960,0.037
4614,PDCC,Financial Services,Asset Management,NYSE,67.53,20,24,20,17,7.85,58113122.26126099,6935568.0,0.0045,-53.13,2570,2256,3444,
4615,GIL,Consumer Cyclical,Apparel Manufacturing,NYSE,67.48,20,25,32,60,41.9,7592865768.0,185191848.0,0.074,-43.15,2169720,1741280,1582104,0.723
4616,FBRT,Real Estate,REIT - Mortgage,NYSE,67.46,20,27,27,29,6.26,520694756.7360344,83045416.0,0.10560001,-43.4,1772510,2319270,1997398,0.142
4617,BDTX,Healthcare,Biotechnology,NASDAQ,67.46,20,28,11,77,1.81,108587581.00811756,57453747.0,0.1288,-63.36,591590,590963,592980,
4618,ITP,Basic Materials,Paper & Paper Products,NYSE ARCA,67.45,20,17,23,23,0.15,2375158.8101121783,16965420.0,0.0231,-61.54,197940,274906,436216,0.021
4619,PRIM,Industrials,Engineering & Construction,NYSE,67.42,20,13,16,91,82.66,4290480359.143753,54254935.0,0.13859999,-59.78,1444020,1292973,1255004,-0.107
4620,COO,Healthcare,Medical Instruments & Supplies,NASDAQ,67.36,20,19,37,28,54.3,10821737752.524605,190155294.0,0.060300004,-39.55,4603650,4740643,3543780,0.006
4621,HAYW,Industrials,Electrical Equipment & Parts,NYSE,67.33,20,26,38,47,11.44,2630282735.882801,212119582.0,0.0462,-35.48,3872600,3428560,2924124,0.063
4622,HGV,Consumer Cyclical,Resorts & Casinos,NYSE,67.33,20,25,60,65,34.56,2709463742.1390533,77724145.0,0.1545,-37.62,1152650,1097830,1131918,0.062
4623,DPRO,Industrials,Aerospace & Defense,NASDAQ,67.32,20,27,18,50,4.57,206869459.48728943,39142756.0,0.1075,-68.26,1519200,1777063,1339740,0.26
4624,CSIQ,Technology,Solar,NASDAQ,67.3,20,23,58,37,11.02,759764592.8193903,67896749.0,0.3419,-68.14,1732400,1981033,1851288,-0.287
4625,CHWY,Consumer Cyclical,Internet Retail,NYSE,67.28,20,26,13,18,18.91,7303018144.994616,401927249.0,0.1026,-52.37,8447820,9840540,8448070,0.073
4626,OWLS,Technology,Software - Infrastructure,NASDAQ,67.23,20,15,11,4,5.39,482300427.4296522,88333411.0,2.22,-94.01,11560,25383,24556,0.008
4627,SPIR,Industrials,Specialty Business Services,NYSE,67.18,20,33,38,92,10.38,434568147.6309147,39115046.0,0.102,-59.97,622890,646230,614864,-0.059
4628,INSM,Healthcare,Biotechnology,NASDAQ,67.18,20,49,20,74,100.48,24266553213.162712,218381503.0,0.0557,-52.77,3323240,2477190,2717310,2.961
4629,HTT,Financial Services,Credit Services,NYSE,67.16,20,19,27,22,2.24,358704885.3546066,155283504.0,0.0038,-55.64,77610,81606,79446,-0.939
4630,FIGR,Financial Services,Capital Markets,NASDAQ,67.15,20,71,21,24,27.6,6401500842.228058,224377872.0,0.0791,-64.62,4795200,4630253,4635242,1.208
4631,VRCA,Healthcare,Biotechnology,NASDAQ,67.1,20,21,34,54,4.18,75243089.02595615,17178787.0,0.023,-57.44,41880,76000,71812,-0.539
4632,SITE,Industrials,Industrial Distribution,NYSE,67.06,20,20,21,62,87.74,3909776621.819458,43655390.0,0.0952,-47.95,1031600,1021636,923412,0.047
4633,BWXT,Industrials,Aerospace & Defense,NYSE,67.06,20,23,30,86,142.22,12356140278.721619,91621980.0,0.0442,-41.19,1511160,1225820,1150384,0.18
4634,PRKS,Consumer Cyclical,Leisure,NYSE,67.06,20,33,69,23,32.09,1471778848.6287918,45341309.0,0.32840002,-42.38,689860,721393,690486,-0.014
4635,GPGI,Industrials,Metal Fabrication,NYSE,67.05,20,23,27,40,12.4,3739581947.2157097,289890082.0,0.1698,-53.7,1766050,1784800,1584942,
4636,GEMI,Financial Services,Capital Markets,NASDAQ,67.03,20,10,9,3,4.47,605475793.231678,129652202.0,0.2078,-83.29,2018170,2640003,2659046,0.366
4637,XPL,Basic Materials,Other Industrial Metals & Mining,NYSE ARCA,67.01,20,20,39,78,0.56,53970143.232763946,94684463.0,0.001,-42.86,95830,198186,157134,
4638,RGTI,Technology,Computer Hardware,NASDAQ,67.0,20,19,18,59,14.14,5089973391.75,333768747.0,0.1876,-75.68,14252020,15888330,17225100,1.853
4639,VERA,Healthcare,Biotechnology,NASDAQ,66.99,20,42,75,84,29.73,2192166656.197996,72063335.0,0.2691,-46.96,1872410,2384846,2309306,
4640,CRML,Basic Materials,Other Industrial Metals & Mining,NASDAQ,66.97,20,20,28,96,6.83,1032627964.4084868,146888753.0,0.35740003,-78.76,5544580,8770516,8414548,5.577
4641,CREX,Technology,Software - Application,NASDAQ,66.97,20,32,51,88,2.37,33816265.0,13526506.0,0.0032,-46.38,21270,30186,30990,0.65
4642,HUCK,Technology,Software - Application,NASDAQ,66.95,20,21,11,6,3.09,150515717.44285893,47036161.0,0.2007,-80.15,845700,1257530,1112146,-0.037
4643,PL,Industrials,Aerospace & Defense,NYSE,66.94,20,37,92,99,17.19,6367339807.5,363847989.0,0.0968,-66.79,11818560,12227883,9339818,0.581
4644,CMMB,Healthcare,Biotechnology,NASDAQ,66.91,20,81,15,12,1.39,10478553.415648937,7327660.0,0.0115,-61.17,187630,136846,116036,
4645,WSO,Industrials,Industrial Distribution,NYSE,66.88,20,25,37,52,282.23,12271290199.536682,41252194.0,0.0,-38.51,526400,498700,506686,0.021
4646,FBLG,Healthcare,Biotechnology,NASDAQ,66.87,20,26,2,1,1.11,8626309.30634427,6956701.0,0.099700004,-90.26,149490,228913,240316,
4647,ZTS,Healthcare,Drug Manufacturers - Specialty & Generic,NYSE,66.85,20,16,10,27,73.08,28797553832.226685,413223602.0,0.0476,-50.72,4402720,4583430,5413492,-0.002
4648,ANNA,Energy,Oil & Gas E&P,NASDAQ,66.83,20,39,26,32,2.55,109309803.12347412,40940000.0,0.0696,-76.03,128380,241770,221728,1.535
4649,AACG,Consumer Defensive,Education & Training Services,NASDAQ,66.83,20,25,42,34,0.74,33270352.445868015,43208251.0,0.0005,-50.67,3670,5713,276950,-0.117
4650,TROO,Financial Services,Credit Services,NASDAQ,66.76,20,72,78,97,1.58,210115489.01503038,122160166.0,0.040700004,-70.08,136160,271693,284990,0.27
4651,RILY,Financial Services,Financial Conglomerates,NASDAQ,66.75,20,58,65,86,5.16,195370814.66724634,40199755.0,0.17469999,-54.09,811340,621643,611760,0.104
4652,ISPR,Consumer Defensive,Tobacco,NASDAQ,66.74,20,15,26,13,1.46,79701169.70460522,57754471.0,0.0311,-62.27,22620,24616,23658,0.325
4653,HIND,Healthcare,Biotechnology,NASDAQ,66.74,20,14,15,6,2.03,13405388.245731354,7018528.0,0.0047999998,-69.05,10250,16673,13704,-0.46
4654,TATT,Industrials,Aerospace & Defense,NASDAQ,66.71,20,29,51,52,32.97,457404423.17977524,12998137.0,0.19319999,-48.88,128410,119786,149850,0.228
4655,HROW,Healthcare,Drug Manufacturers - Specialty & Generic,NASDAQ,66.7,20,33,61,65,30.52,1142629650.8394241,37487850.0,0.2223,-44.36,558160,549993,552000,0.109
4656,MEC,Industrials,Metal Fabrication,NYSE,66.68,20,31,96,84,15.27,419225455.258646,25500331.0,0.095699996,-60.6,596290,533743,588354,0.232
4657,CPRI,Consumer Cyclical,Luxury Goods,NYSE,66.68,20,10,22,54,14.68,1657655722.469637,114796106.0,0.1304,-48.07,3399900,5237573,4883608,-0.035
4658,TBBK,Financial Services,Banks - Regional,NASDAQ,66.65,20,23,52,35,49.33,1990804203.3021584,40786809.0,0.1105,-39.58,515720,607390,514978,0.004
4659,GDEV,Communication Services,Electronic Gaming & Multimedia,NASDAQ,66.62,20,23,14,49,11.11,194968772.38728714,18119774.0,0.00029999999,-73.67,1540,1893,5368,-0.22
4660,SANA,Healthcare,Biotechnology,NASDAQ,66.59,20,44,29,49,2.79,865152272.3341806,299360637.0,0.2333,-57.4,3667050,3780483,3278128,
4661,CRH,Basic Materials,Building Materials,NYSE,66.56,20,22,32,60,81.88,54513414455.56976,665284511.0,0.020299999,-37.76,6373640,5413453,5077836,0.056
4662,ASTE,Industrials,Farm & Heavy Construction Machinery,NASDAQ,66.53,20,26,69,84,38.78,965690460.0,22992630.0,0.033,-40.97,230070,223716,257726,0.236
4663,CPNG,Consumer Cyclical,Internet Retail,NYSE,66.53,20,15,16,26,15.41,24769710773.572594,1797511702.0,0.0616,-52.94,18689360,17272586,17219634,0.039
4664,OCUL,Healthcare,Biotechnology,NASDAQ,66.52,20,53,38,32,7.51,1528526449.6576805,219615868.0,0.1609,-54.32,5164040,3195543,3081564,0.001
4665,KC,Technology,Software - Application,NASDAQ,66.43,20,21,14,86,8.74,2694326985.0,299369665.0,0.0366,-52.81,1190760,1214283,1446774,0.308
4666,ASLE,Industrials,Airports & Air Services,NASDAQ,66.42,20,21,27,40,4.92,240542883.69936848,47726763.0,0.0746,-42.66,544840,499876,483502,-0.339
4667,ASPS,Real Estate,Real Estate Services,NASDAQ,66.3,19,21,24,28,5.7,72746710.91306114,11420206.0,0.0502,-60.31,16140,10680,13564,0.17
4668,ENVB,Healthcare,Biotechnology,NASDAQ,66.28,19,9,4,2,1.52,6624308.405370712,4475884.0,0.0052,-88.53,56380,59603,95376,
4669,WB,Communication Services,Internet Content & Information,NASDAQ,66.27,19,18,22,32,6.44,1555107362.0166702,245672572.0,0.1826,-49.57,890940,1026920,1077752,0.02
4670,SES,Consumer Cyclical,Auto Parts,NYSE,66.25,19,6,7,24,0.78,328589345.4591274,371287400.0,0.1603,-79.09,30374050,22727420,19444042,0.438
4671,CLBT,Technology,Software - Infrastructure,NASDAQ,66.23,19,19,57,19,11.34,2782345457.4967957,251341060.0,0.0669,-43.24,2423860,2551030,3419486,0.158
4672,CRTO,Communication Services,Advertising Agencies,NASDAQ,66.22,19,31,63,27,15.29,721734021.6406975,48997559.0,0.0348,-39.54,356880,261713,420014,-0.113
4673,WXM,Industrials,Industrial Distribution,NASDAQ,66.19,19,16,5,7,3.4,30522127.042584658,8117587.0,0.0084,-90.74,6650,45140,921508,-0.734
4674,ALTI,Financial Services,Asset Management,NASDAQ,66.17,19,32,33,33,2.69,334852735.02650857,115069665.0,0.0317,-50.6,106030,176983,193768,0.108
4675,NCLH,Consumer Cyclical,Travel Services,NYSE,66.14,19,16,28,40,15.49,6952104146.089636,459187846.0,0.2343,-38.36,24701150,19873133,17977998,0.049
4676,AIRO,Industrials,Aerospace & Defense,NASDAQ,66.03,19,14,9,6,6.15,207953497.8450508,31555917.0,0.1283,-72.63,360120,399903,474672,0.759
4677,QTRX,Healthcare,Medical Devices,NASDAQ,66.03,19,11,28,9,3.21,172146761.56123996,47293065.0,0.1185,-63.4,673500,817950,837136,0.344
4678,OGCP,Real Estate,REIT - Office,NYSE ARCA,66.0,19,16,27,18,4.1,1092753721.221311,280193255.0,0.84,-49.69,520,370,820,0.032
4679,SARO,Industrials,Aerospace & Defense,NYSE,66.0,19,29,35,28,20.33,6965853770.07851,330919431.0,0.116000004,-41.04,4052440,3838273,3616858,0.046
4680,PUSA,Industrials,Aerospace & Defense,NASDAQ,65.99,19,18,97,97,2.55,425336011.55281067,134600000.0,,-69.09,1732220,912500,882768,
4681,BLRX,Healthcare,Biotechnology,NASDAQ,65.97,19,19,37,18,2.21,11798371.350288391,4978216.0,0.0301,-51.54,17160,24976,18184,-0.033
4682,AGMB,Healthcare,Biotechnology,NASDAQ,65.91,19,72,39,19,9.22,421562686.6652727,49247975.0,0.021300001,-48.26,214990,186430,157814,
4683,CCIF,Financial Services,Asset Management,NYSE,65.85,19,19,17,14,2.28,52349175.51885843,21367010.0,0.0007,-60.21,148606,130388,127733,
4684,VGAS,Utilities,Utilities - Renewable,NASDAQ,65.82,19,16,7,15,1.09,48559089.46700406,44549622.0,0.017,-67.59,16860,15440,204248,
4685,AHG,Healthcare,Medical Distribution,NASDAQ,65.81,19,7,26,82,1.14,985209783.1245807,856704177.0,0.86,-54.4,612030,213206,135092,-0.129
4686,NEUP,Healthcare,Biotechnology,NASDAQ,65.81,19,15,11,23,3.35,18777329.134819508,5411334.0,0.0046,-84.35,10950,18536,32242,
4687,PMT,Real Estate,REIT - Mortgage,NYSE,65.81,19,28,26,44,7.49,680178440.2325306,87202362.0,0.1412,-45.76,2562890,1930270,1691612,0.061
4688,MAIR,Industrials,Building Products & Equipment,NYSE,65.8,19,16,57,46,24.0,12563134663.82077,501722612.0,0.0668,-46.07,2826920,2583523,2818570,0.209
4689,INVE,Industrials,Building Products & Equipment,NASDAQ,65.78,19,16,24,60,2.37,56954017.23869848,24235753.0,0.0099,-55.28,167920,138993,191644,0.127
4690,CRVO,Healthcare,Biotechnology,NASDAQ,65.77,19,11,9,7,3.28,45659669.63162613,15119096.0,0.1004,-67.2,328000,216256,273946,
4691,EYE,Consumer Cyclical,Specialty Retail,NASDAQ,65.75,19,19,20,72,16.74,1296736703.0374508,79069313.0,0.2814,-44.24,1864730,2224853,2243584,0.025
4692,RLMD,Healthcare,Biotechnology,NASDAQ,65.73,19,64,99,99,3.17,384011435.42717075,106669846.0,0.144,-60.38,1312990,1270946,1230778,
4693,BEEM,Technology,Solar,NASDAQ,65.72,19,32,10,20,1.09,25575645.842075944,22633315.0,0.0671,-73.02,293550,404543,1182790,0.21
4694,RCKT,Healthcare,Biotechnology,NASDAQ,65.72,19,65,52,42,2.63,281022962.0386472,109774597.0,0.1658,-51.74,2200210,1916523,1743658,
4695,RMCF,Consumer Defensive,Confectioners,NASDAQ,65.7,19,8,7,81,1.05,8306836.514988542,9439587.0,0.0178,-64.88,167500,82350,4303254,-0.041
4696,BOOT,Consumer Cyclical,Apparel Retail,NYSE,65.67,19,20,31,54,121.6,3691116703.5401917,30284844.0,0.1266,-42.16,656550,666933,692062,0.177
4697,BW,Industrials,Specialty Industrial Machinery,NYSE,65.67,19,61,99,99,5.5,849100847.7871685,148965066.0,0.20459999,-75.03,5806120,5081776,5258372,1.303
4698,MI,Consumer Cyclical,Internet Retail,NYSE ARCA,65.66,19,33,99,0,0.89,546582.6562100649,611390.0,0.1037,-95.51,23153450,7779570,4711410,0.182
4699,UIS,Technology,Information Technology Services,NYSE,65.64,19,18,79,15,2.31,166248375.3138578,72915955.0,0.088199995,-53.61,720610,632096,650862,-0.02
4700,GPK,Consumer Cyclical,Packaging & Containers,NYSE,65.63,19,20,21,8,8.58,2599508331.8803606,296071573.0,0.09020001,-55.73,7149450,6813953,5892744,-0.007
4701,LMND,Financial Services,Insurance - Property & Casualty,NYSE,65.63,19,26,70,88,46.91,3598168761.2576485,77396615.0,0.1533,-53.04,1045550,1043046,1119250,0.794
4702,ASTS,Technology,Communication Equipment,NASDAQ,65.6,19,27,25,88,56.93,17522685105.97109,299789305.0,0.2184,-57.47,12512900,10734766,10975656,26.266
4703,FISK,Real Estate,REIT - Office,NYSE ARCA,65.59,19,17,27,18,4.16,1075942075.15082,280193255.0,1.39,-49.02,2280,1573,1052,0.032
4704,AMBO,Consumer Defensive,Education & Training Services,NYSE ARCA,65.57,19,20,21,20,1.84,5237249.4974377155,2860322.0,0.0027,-72.74,5060,4103,13810,-0.135
4705,GNLN,Consumer Defensive,Tobacco,NASDAQ,65.52,19,6,3,2,2.83,1847487.0996131897,694544.0,0.020499999,-92.55,36280,25260,45402,-0.896
4706,XRTX,Healthcare,Biotechnology,NASDAQ,65.47,19,22,15,11,1.85,3113592.3857462406,1816565.0,0.043,-73.76,991090,788916,476828,
4707,XNET,Technology,Software - Infrastructure,NASDAQ,65.45,19,21,31,66,4.81,300217521.9315052,63740450.0,0.0347,-56.39,202710,211256,218774,-0.014
4708,KYNB,Healthcare,Biotechnology,NASDAQ,65.42,19,54,28,24,5.96,25549972.208307266,4049124.0,0.0254,-50.87,25930,25803,21096,
4709,BTBT,Financial Services,Capital Markets,NASDAQ,65.4,19,20,17,10,1.36,568750714.9361873,348926820.0,0.1577,-70.11,17893030,25536183,27429584,0.256
4710,NXRT,Real Estate,REIT - Residential,NYSE,65.39,19,22,34,25,19.66,477015010.65929604,25549813.0,0.13949999,-39.25,969470,847346,629642,0.024
4711,CPS,Consumer Cyclical,Auto Parts,NYSE,65.37,19,19,37,84,21.67,387901809.284317,17769208.0,0.0379,-54.84,278980,252846,233810,0.022
4712,ATHE,Healthcare,Biotechnology,NASDAQ,65.35,19,57,80,64,3.07,62818870.468242645,18208368.0,0.0014,-47.88,26520,19246,17584,-0.79
4713,ALOY,Basic Materials,Other Industrial Metals & Mining,NASDAQ,65.34,19,22,37,90,7.58,563681711.7756338,69418931.0,4.48,-71.82,1614290,1866426,2390034,0.827
4714,FOUR,Technology,Software - Infrastructure,NYSE,65.25,19,26,22,13,39.52,2855987395.819702,78960120.0,0.1909,-51.2,2276090,2150723,2086048,0.341
4715,CELH,Consumer Defensive,Beverages - Non-Alcoholic,NASDAQ,65.21,19,16,15,15,27.4,6768687507.25,253035047.0,0.1233,-58.95,6101210,6932193,9496082,0.106
4716,EQPT,Industrials,Rental & Leasing Services,NASDAQ,65.19,19,16,14,12,15.66,4687455315.5,253375963.0,0.107200004,-55.89,3941020,3491496,3059450,0.263
4717,XFOR,Healthcare,Biotechnology,NASDAQ,65.14,19,31,84,87,2.79,280585275.1257038,99146743.0,0.0832,-42.24,1019410,1032790,901574,3.463
4718,MYGN,Healthcare,Diagnostics & Research,NASDAQ,65.14,19,11,62,22,4.2,434249384.6512556,95649645.0,0.1001,-51.11,1829330,2033760,2355468,-0.105
4719,MIAX,Financial Services,Capital Markets,NYSE,65.12,19,60,56,73,30.7,3275611776.4242325,99230898.0,0.0867,-46.27,2206550,1841876,1600738,0.183
4720,KRUS,Consumer Cyclical,Restaurants,NASDAQ,65.12,19,18,18,25,39.93,504582674.2486572,12149836.0,0.2348,-50.61,274700,250100,210190,0.162
4721,MMYT,Consumer Cyclical,Travel Services,NASDAQ,65.12,19,32,25,10,43.53,4196897397.97451,94058662.0,0.1375,-54.94,1391220,965850,819816,0.062
4722,BMBL,Communication Services,Internet Content & Information,NASDAQ,65.07,19,24,15,33,2.57,335199512.52580833,131968314.0,0.15560001,-56.99,2119510,2147110,2507148,-0.152
4723,VNDA,Healthcare,Biotechnology,NASDAQ,65.05,19,23,35,79,4.53,279942247.7294054,60462687.0,0.1475,-54.43,1432670,980463,1009034,-0.039
4724,MFI,Technology,Software - Application,NASDAQ,65.04,19,24,6,55,9.3,475171326.348567,50176485.0,0.00059999997,-78.66,3260,12480,16524,-0.204
4725,UPWK,Communication Services,Internet Content & Information,NASDAQ,65.03,18,16,14,15,8.57,1005472112.0734262,124903365.0,0.2191,-62.48,2472620,2700710,3209372,-0.017
4726,NWCL,Industrials,Specialty Industrial Machinery,NASDAQ,65.0,18,45,53,45,7.52,2209909548.3748474,276584432.0,,-35.17,253500,635723,468794,
4727,LCTX,Healthcare,Biotechnology,NYSE ARCA,64.96,18,17,23,93,1.03,235203943.32893515,252907464.0,0.1933,-50.72,1665630,1407453,1195858,-0.613
4728,PLG,Basic Materials,Other Precious Metals & Mining,NYSE ARCA,64.94,18,24,11,33,1.27,161135239.90039253,127885112.0,0.0596,-68.56,858600,1099773,1109010,
4729,NRG,Utilities,Utilities - Independent Power Producers,NYSE,64.84,18,20,27,72,106.32,20018345001.752632,210210483.0,0.037100002,-44.03,3577290,3026376,3134434,0.11
4730,WWR,Basic Materials,Other Industrial Metals & Mining,NYSE ARCA,64.83,18,28,7,13,0.45,65568063.60391021,128564833.0,0.0376,-88.0,808660,835286,4191018,
4731,BNKK,Consumer Defensive,Beverages - Non-Alcoholic,NASDAQ,64.83,18,9,3,6,1.43,14001645.0,8000940.0,0.0274,-91.52,1096960,432806,308794,24.883
4732,TDOC,Healthcare,Health Information Services,NYSE,64.83,18,28,89,20,5.54,1002895792.4546523,181684021.0,0.1528,-43.97,3911830,3522916,4311328,-0.04
4733,CATO,Consumer Cyclical,Apparel Retail,NYSE,64.73,18,16,40,28,2.38,47901261.103425026,19958858.0,0.0228,-48.37,44490,99946,119870,-0.062
4734,ZVIA,Consumer Defensive,Beverages - Non-Alcoholic,NYSE,64.72,18,18,55,9,1.19,87285187.1117897,72136516.0,0.0214,-57.19,341860,387556,412790,0.011
4735,NTRP,Consumer Cyclical,Travel Services,NASDAQ,64.71,18,8,11,29,1.91,29417897.669361353,15086101.0,0.010299999,-63.27,78880,91383,86544,9.457
4736,SIGA,Healthcare,Drug Manufacturers - Specialty & Generic,NASDAQ,64.7,18,10,13,21,3.28,242852048.30254745,71849716.0,0.0802,-63.35,703310,697820,676826,-0.495
4737,SLND,Industrials,Engineering & Construction,NYSE ARCA,64.67,18,6,4,3,0.78,36471623.098486364,54435257.0,0.0347,-85.39,26205000,8805813,5420366,-0.474
4738,HOLO,Technology,Software - Application,NASDAQ,64.67,18,14,8,8,1.46,35743280.288944244,22912360.0,0.0476,-74.16,162200,247446,291510,0.339
4739,AREC,Industrials,Waste Management,NASDAQ,64.63,18,32,18,58,1.65,191478572.7993698,106971272.0,0.1309,-76.79,1445870,1556476,1934766,
4740,LQDA,Healthcare,Drug Manufacturers - Specialty & Generic,NASDAQ,64.61,18,95,99,94,28.02,2546900701.082596,88928099.0,0.1716,-70.07,8190960,3522846,2749884,18.427
4741,BCYC,Healthcare,Biotechnology,NASDAQ,64.59,18,17,14,15,3.81,236575911.9900484,69992871.0,0.0853,-58.4,556630,471383,405294,-0.785
4742,PAPL,Financial Services,Mortgage Finance,NYSE ARCA,64.55,18,18,29,3,0.82,23578027.5119645,25271197.0,0.0116,-86.83,186340,104563,87816,-0.167
4743,TCOM,Consumer Cyclical,Travel Services,NASDAQ,64.55,18,14,15,26,37.96,23985472002.06539,629705222.0,0.019,-51.94,2915910,3820306,3211852,0.055
4744,ARKR,Consumer Cyclical,Restaurants,NASDAQ,64.51,18,18,22,32,4.55,16227706.5,3606157.0,0.003,-52.11,8080,10206,8174,-0.065
4745,AUST,Basic Materials,Gold,NYSE ARCA,64.49,18,20,13,26,0.97,13556071.120586634,13693001.0,0.0106,-75.26,24570,38380,85770,
4746,SFIX,Consumer Cyclical,Apparel Retail,NASDAQ,64.48,18,12,33,28,2.73,348705609.05441546,133603687.0,0.15560001,-52.48,4526910,3338053,2591138,0.042
4747,LVS,Consumer Cyclical,Resorts & Casinos,NYSE,64.47,18,20,25,75,36.1,23466213599.825928,647701184.0,0.1442,-48.76,5562720,5948136,5389494,-0.007
4748,AMRZ,Basic Materials,Building Materials,NYSE,64.45,18,18,34,61,36.5,20378448577.443466,546925644.0,0.0179,-44.65,3446030,4038393,4060020,0.086
4749,GRAB,Technology,Software - Application,NASDAQ,64.43,18,18,24,27,3.11,12601209847.858429,4091302000.0,0.0619,-52.88,72877710,71153983,58755068,0.219
4750,WYNN,Consumer Cyclical,Resorts & Casinos,NASDAQ,64.39,18,21,28,56,75.29,7813658566.253761,102973891.0,0.1024,-44.11,2449250,2247530,1965906,0.069
4751,MMLP,Energy,Oil & Gas Midstream,NASDAQ,64.34,18,18,21,42,1.87,85291818.09185457,39124686.0,0.0061000003,-42.81,29680,17456,15768,0.182
4752,GGR,Consumer Cyclical,Auto Manufacturers,NASDAQ,64.34,18,10,29,29,2.8,64235453.75718284,20073579.0,0.0058,-55.34,10820,15113,46468,0.073
4753,PSQL,Technology,Computer Hardware,NASDAQ,64.29,18,19,49,48,7.18,1284376871.0418081,212293691.0,0.05,-70.92,1199820,1107620,826716,
4754,CCLD,Healthcare,Health Information Services,NASDAQ,64.21,18,17,23,80,1.94,85837594.36949396,42493859.0,0.0167,-49.61,206050,296636,345594,0.164
4755,TULP,Consumer Defensive,Farm Products,NASDAQ,64.2,18,27,26,33,2.73,13043605.730358362,4830965.0,0.0011,-50.63,3310,1916,1634,-0.059
4756,BRLS,Consumer Defensive,Packaged Foods,NASDAQ,64.19,18,24,12,7,0.96,25970602.288760185,21463307.0,0.0124,-77.46,11690,20266,1025004,0.076
4757,EGG,Industrials,Consulting Services,NYSE ARCA,64.14,18,7,75,74,4.5,149528720.81336975,27845200.0,0.0121,-65.57,729520,248583,173566,-0.591
4758,DKNG,Consumer Cyclical,Gambling,NASDAQ,64.13,18,17,25,12,19.87,9229080828.072876,496454048.0,0.078200005,-46.27,17733400,14024830,13504480,-0.046
4759,OPTU,Communication Services,Telecom Services,NYSE,64.13,18,12,7,18,0.99,349391312.23385334,381431560.0,0.3635,-63.87,1684330,1974230,2110348,-0.058
4760,RC,Real Estate,REIT - Mortgage,NYSE,64.04,18,20,17,11,1.32,186665820.17230797,165190992.0,0.1145,-65.08,1970720,1485650,1352174,
4761,SVC,Real Estate,REIT - Hotel & Motel,NASDAQ,64.03,18,16,33,13,6.22,826270548.2611847,129509488.0,0.0403,-53.06,1276460,1492183,1522214,-0.164
4762,PAAI,Communication Services,Internet Content & Information,NYSE ARCA,64.03,18,7,4,6,1.14,55228355.89082301,47610653.0,0.038,-80.84,679880,4522140,2767080,-0.507
4763,MLTX,Healthcare,Biotechnology,NASDAQ,64.0,18,14,66,38,10.58,971067262.8637505,85106685.0,0.1449,-54.57,2050210,1750546,1592446,
4764,FCUV,Technology,Scientific & Technical Instruments,NASDAQ,63.98,18,16,1,1,4.44,3081536.985845566,702745.0,0.0421,-97.89,27440,212516,2546438,18.11
4765,KAZR,Industrials,Engineering & Construction,NASDAQ,63.94,18,22,37,48,2.15,45752338.84445429,17942094.0,0.1546,-56.12,200850,282420,223132,0.121
4766,NSLR,Financial Services,Asset Management,NASDAQ,63.9,18,30,62,93,7.36,196960773.1948099,26473222.0,0.019199999,-50.87,282050,415350,350958,0.791
4767,PLBY,Consumer Cyclical,Apparel Manufacturing,NASDAQ,63.87,18,13,13,70,0.99,124599990.9496994,119807688.0,0.045500003,-64.0,521940,528976,664774,0.109
4768,CLPT,Healthcare,Medical Devices,NASDAQ,63.86,18,63,75,22,10.49,332496062.66356087,30504227.0,0.1468,-65.15,921390,702093,680082,0.181
4769,AMSF,Financial Services,Insurance - Specialty,NASDAQ,63.83,18,16,30,23,24.74,437265611.048378,18536058.0,0.0734,-43.06,536320,555770,502446,0.134
4770,CYD,Consumer Cyclical,Auto Manufacturers,NYSE,63.81,18,29,79,90,29.07,1198710448.4742088,37518323.0,0.0226,-52.72,236280,153950,142300,0.062
4771,FIS,Technology,Information Technology Services,NYSE,63.79,18,21,16,16,34.34,16729499239.265697,515705917.0,0.0422,-50.33,7159180,6401093,6468098,0.291
4772,QBTS,Technology,Computer Hardware,NASDAQ,63.78,18,21,21,80,14.6,5986712097.339279,379626628.0,0.2034,-68.77,14753400,15804263,16081804,-0.006
4773,EVLV,Industrials,Security & Protection Services,NASDAQ,63.76,18,21,29,69,4.58,822012374.5769739,179871410.0,0.0626,-48.01,2164700,2138920,2068854,0.344
4774,WINA,Consumer Cyclical,Specialty Retail,NASDAQ,63.75,18,17,37,36,295.14,1069352798.3799438,3592169.0,0.1453,-42.72,70460,89553,71650,0.076
4775,DRUG,Healthcare,Biotechnology,NASDAQ,63.74,18,63,85,95,52.0,500009238.54377365,9864061.0,0.1224,-57.98,172160,113653,133550,
4776,TMQ,Basic Materials,Other Industrial Metals & Mining,NYSE ARCA,63.73,18,40,24,87,2.81,560406120.2436426,181361209.0,0.0635,-75.11,1221160,1268016,1259118,
4777,XRAY,Healthcare,Medical Instruments & Supplies,NASDAQ,63.71,18,34,56,35,8.69,1728398120.1294937,199353876.0,0.1376,-41.12,5358560,4753866,4603178,-0.041
4778,JBGS,Real Estate,REIT - Diversified,NYSE,63.69,18,15,28,29,11.02,618559110.3393297,58575671.0,0.2902,-49.86,1091330,1081113,1038832,0.01
4779,TRDA,Healthcare,Biotechnology,NASDAQ,63.68,18,27,22,93,5.53,209479283.67594814,38936669.0,0.1094,-66.38,365250,333536,329790,-0.539
4780,ETOR,Financial Services,Capital Markets,NASDAQ,63.65,18,21,41,32,25.26,2021578633.8674355,79527090.0,0.066599995,-42.86,1007930,1031000,1231470,-0.246
4781,BLIN,Technology,Software - Infrastructure,NASDAQ,63.65,18,25,72,19,0.76,10205902.020040452,12599879.0,0.0041,-53.09,94140,52840,55108,0.02
4782,MBLY,Consumer Cyclical,Auto Parts,NASDAQ,63.63,18,22,30,11,7.06,6308392042.024166,850187598.0,0.22649999,-55.34,6139350,5303950,4901334,0.004
4783,ACM,Industrials,Engineering & Construction,NYSE,63.62,18,17,15,22,59.46,7678028695.862484,128696425.0,0.0622,-56.12,1672790,1919620,2022128,-0.142
4784,IQ,Communication Services,Entertainment,NASDAQ,63.59,17,13,15,17,1.01,957304521.4745718,965024735.0,0.1588,-59.76,5306880,9125993,8019968,-0.051
4785,LUCY,Healthcare,Medical Instruments & Supplies,NASDAQ,63.59,17,17,11,11,0.9,7679403.000312567,8609196.0,0.0184,-56.1,134300,432346,4464898,0.745
4786,FKWL,Technology,Communication Equipment,NASDAQ,63.58,17,15,10,25,2.21,28164430.43622017,11784280.0,0.0063,-59.67,10910,10336,12254,0.212
4787,ELVR,Basic Materials,Other Industrial Metals & Mining,NASDAQ,63.56,17,86,93,97,34.48,715721347.1431732,19302085.0,2.75,-66.46,47210,49440,47646,0.775
4788,RGP,Industrials,Consulting Services,NASDAQ,63.56,17,29,61,22,2.99,133985708.75328016,34443626.0,0.0249,-44.32,493660,397893,360588,-0.238
4789,NKE,Consumer Cyclical,Footwear & Accessories,NYSE,63.55,17,14,19,16,34.74,50246099486.06244,1483498703.0,0.08979999,-52.01,59605080,41425523,35345024,-0.043
4790,UONEK,Communication Services,Broadcasting,NASDAQ,63.55,17,16,17,20,3.86,16475421.171917915,4614964.0,1.09,-64.59,10340,6910,11890,-0.064
4791,SPRB,Healthcare,Biotechnology,NASDAQ,63.54,17,97,6,7,45.54,131371131.59876251,2874013.0,0.1462,-81.03,65940,96403,80456,
4792,MBC,Consumer Cyclical,"Furnishings, Fixtures & Appliances",NYSE,63.53,17,18,26,16,6.93,1428503235.918727,203490490.0,0.096499994,-50.34,2914560,3000770,2525746,0.115
4793,FG,Financial Services,Insurance - Life,NYSE,63.39,17,25,67,30,19.53,2870099791.2695637,130935209.0,0.12109999,-44.72,774520,714813,674414,0.042
4794,PRCT,Healthcare,Medical Devices,NASDAQ,63.39,17,13,11,12,17.9,976727354.3548737,56918844.0,0.1337,-53.03,1457860,1302240,1417288,0.193
4795,PTLE,Consumer Cyclical,Specialty Retail,NASDAQ,63.37,17,35,49,6,7.17,47359659.64039421,6281122.0,0.0011999999,-80.08,33850,39700,28124,-0.413
4796,ZG,Communication Services,Internet Content & Information,NASDAQ,63.36,17,15,11,14,29.9,6318986293.182987,224874954.0,0.2022,-60.82,1034690,947670,1114254,0.179
4797,SUPX,Technology,Software - Infrastructure,NASDAQ,63.33,17,11,10,10,6.87,287539826.27359915,43239071.0,0.018099999,-91.02,508060,765643,584120,2.838
4798,ABTS,Financial Services,Capital Markets,NASDAQ,63.3,17,12,9,4,1.23,3799474.1218179464,3214445.0,0.020399999,-88.5,13170,80700,177378,0.688
4799,XENE,Healthcare,Biotechnology,NASDAQ,63.26,17,81,92,90,36.16,3681873268.9700317,96840432.0,0.066599995,-50.23,2448610,2164786,1569284,
4800,DTCX,Financial Services,Financial Data & Stock Exchanges,NASDAQ,63.25,17,13,17,18,1.77,73462837.30277753,40143626.0,0.0198,-68.71,126840,202063,209724,-0.008
4801,PRT,Energy,Oil & Gas E&P,NYSE,63.24,17,19,16,26,1.79,22871576.10198927,12165732.0,0.0076,-55.36,32880,28273,27428,-0.546
4802,PACK,Consumer Cyclical,Packaging & Containers,NYSE,63.23,17,20,93,28,3.9,350751415.0956764,85758289.0,0.060599998,-50.06,552070,503023,520030,0.14
4803,MYND,Consumer Defensive,Education & Training Services,NYSE ARCA,63.22,17,19,25,8,0.29,16972058.474408984,47144605.0,0.0047999998,-69.44,1259000,428000,277308,-0.178
4804,BTQ,Technology,Software - Infrastructure,NASDAQ,63.21,17,10,16,9,2.79,466245757.3113651,147080677.0,5.05,-82.56,1790280,2335213,2045180,
4805,YELP,Communication Services,Internet Content & Information,NYSE,63.19,17,22,29,27,19.37,990853731.8799572,54263621.0,0.316,-43.84,1450270,1401026,1275926,0.014
4806,MAMO,Consumer Cyclical,Recreational Vehicles,NASDAQ,63.18,17,16,10,5,0.96,40350079.795473814,41640950.0,0.0069,-82.83,20300,35480,39706,-0.211
4807,CDNL,Industrials,Engineering & Construction,NASDAQ,63.16,17,50,98,96,25.06,658710016.5676498,21435406.0,0.1377,-74.0,631850,593600,678870,1.139
4808,MBI,Financial Services,Insurance - Specialty,NYSE,63.14,17,15,56,61,4.58,224472358.46530724,51016444.0,0.062800005,-41.8,343920,427646,477130,-0.25
4809,VNTG,Industrials,Marine Shipping,NYSE ARCA,63.14,17,11,15,9,0.64,19561648.17088604,30660890.0,0.0005,-91.64,332950,276180,174826,0.13
4810,DEFT,Financial Services,Capital Markets,NASDAQ,63.13,17,17,5,7,0.48,205689398.14656377,388093225.0,0.044099998,-79.22,2489770,2622150,2618814,-0.407
4811,GOOS,Consumer Cyclical,Apparel Manufacturing,NYSE,63.1,17,13,19,48,7.81,748080250.0381737,97660609.0,0.1293,-46.54,732720,806220,848826,0.103
4812,MGPI,Consumer Defensive,Beverages - Wineries & Distilleries,NASDAQ,63.09,17,20,19,20,13.77,273886031.2231178,21414076.0,0.0689,-48.56,287470,288843,244880,-0.145
4813,WDH,Financial Services,Insurance - Diversified,NYSE,63.07,17,12,16,54,1.02,370081001.31028867,359301953.0,0.0014,-49.75,283610,810550,574116,0.728
4814,SMID,Basic Materials,Building Materials,NASDAQ,63.07,17,17,25,33,22.2,117709209.97296524,5304606.0,0.0622,-47.33,12980,13736,14594,-0.108
4815,IXHL,Healthcare,Drug Manufacturers - Specialty & Generic,NASDAQ,63.05,17,12,8,2,3.2,40268253.14853954,12544627.0,0.057800002,-78.58,61220,82116,86938,
4816,SRAD,Technology,Software - Application,NASDAQ,63.04,17,11,17,18,12.44,3480391612.8579597,295951662.0,0.1244,-55.33,1802580,2134463,2515140,0.189
4817,USAR,Basic Materials,Other Industrial Metals & Mining,NASDAQ,63.02,17,26,29,61,12.63,5101587312.340385,375392734.0,0.1043,-71.28,12913950,13043426,13109520,
4818,TME,Communication Services,Internet Content & Information,NYSE,63.02,17,11,12,10,7.96,12614381446.796373,1629765093.0,0.0515,-66.63,5833930,6942746,9003474,0.058
4819,SRFM,Industrials,Airlines,NYSE,62.99,17,4,4,5,0.93,129128965.94008327,132848730.0,0.1301,-84.93,8772730,7076360,5086192,0.076
4820,IVA,Healthcare,Biotechnology,NASDAQ,62.97,17,31,33,76,3.32,840945504.0433459,236220651.0,0.0218,-58.41,3380030,2145946,1545730,-0.767
4821,TMDE,Energy,Oil & Gas Midstream,NYSE ARCA,62.95,17,16,27,61,0.65,15387944.932579994,23565000.0,0.0072000003,-86.37,61010,126293,115382,-0.107
4822,PLBL,Consumer Cyclical,Department Stores,NASDAQ,62.93,17,14,33,16,5.64,2070089240.441432,366387470.0,0.0414,-52.0,186650,223016,223294,-0.346
4823,LEU,Energy,Uranium,NYSE,62.92,17,25,13,63,142.09,2848504438.545105,20453108.0,0.2766,-69.39,696590,750190,686204,0.14
4824,MB,Consumer Cyclical,Restaurants,NASDAQ,62.91,17,13,9,30,3.8,67076051.47242546,17155000.0,0.0121,-80.76,8250,15430,676546,-0.12
4825,GRCE,Healthcare,Biotechnology,NASDAQ,62.87,17,19,14,88,2.04,43544373.69570017,21035930.0,0.09689999,-60.62,106980,137076,148154,
4826,TE,Industrials,Electrical Equipment & Parts,NYSE,62.85,17,37,97,96,3.44,1154348000.466776,294476525.0,0.29639998,-72.46,19409150,19798816,25349314,0.884
4827,EMPD,Consumer Cyclical,Recreational Vehicles,NASDAQ,62.84,17,14,10,20,3.15,88141150.65266895,28160111.0,0.2048,-61.16,129370,264996,330758,-0.579
4828,GPI,Consumer Cyclical,Auto & Truck Dealerships,NYSE,62.79,17,21,24,25,236.61,2978648650.339508,11922225.0,0.156,-48.7,314880,271990,246048,-0.056
4829,TU,Communication Services,Telecom Services,NYSE,62.79,17,16,21,25,8.04,12662999939.918518,1575000000.0,10.76,-48.56,7053730,6583140,7531882,-0.022
4830,PLUT,Financial Services,Capital Markets,NASDAQ,62.78,17,25,34,34,2.19,40677501.463890076,15350000.0,0.0001,-45.25,15200,5306,3358,-0.204
4831,FLWS,Consumer Cyclical,Specialty Retail,NASDAQ,62.78,17,16,34,20,2.73,164313842.08729935,64185096.0,0.3659,-61.55,335830,394736,325464,-0.129
4832,NEON,Technology,Electronic Components,NASDAQ,62.76,17,7,4,6,0.88,15440289.440095246,16782923.0,0.029000001,-77.66,48070,52160,70760,-0.204
4833,POOL,Industrials,Industrial Distribution,NASDAQ,62.76,17,22,21,21,158.14,5866123314.198105,36340747.0,0.108100004,-49.15,776410,814476,733644,0.022
4834,BIDU,Communication Services,Internet Content & Information,NASDAQ,62.74,17,19,33,63,83.92,28704516246.030968,340423581.0,0.0337,-49.23,2225020,2504790,2765346,-0.042
4835,TROX,Basic Materials,Chemicals,NYSE,62.7,17,19,57,94,3.78,627621124.6311271,159700029.0,0.16620001,-64.31,2005720,2283043,2494910,0.187
4836,JBI,Industrials,Building Products & Equipment,NYSE,62.7,17,18,21,16,4.24,574394681.1046124,136435790.0,0.0588,-58.91,2079260,2272696,2017258,0.024
4837,BNTC,Healthcare,Biotechnology,NASDAQ,62.66,17,47,38,62,8.75,313246863.51195526,34882726.0,0.1096,-47.79,198140,168530,175970,
4838,RBLX,Communication Services,Electronic Gaming & Multimedia,NYSE,62.63,17,17,16,13,45.52,31518265753.884174,714375941.0,0.0376,-67.93,13275380,11701903,13739186,0.359
4839,PSN,Technology,Information Technology Services,NYSE,62.6,17,17,25,18,43.02,4356592119.043259,106805394.0,0.1429,-51.93,1349600,1221813,1320276,-0.005
4840,LI,Consumer Cyclical,Auto Manufacturers,NASDAQ,62.57,17,15,12,27,10.9,10447063706.28931,977274473.0,0.056599997,-56.52,2923430,2911470,2906760,-0.151
4841,KTTA,Healthcare,Biotechnology,NASDAQ,62.55,17,16,12,23,0.44,15905277.61446476,33414448.0,0.0082,-78.64,85670,172710,188942,
4842,TEAD,Communication Services,Internet Content & Information,NASDAQ,62.51,16,7,31,11,0.55,54818427.05435562,98065162.0,0.0736,-69.78,4481890,1623396,1051798,-0.171
4843,PLUG,Industrials,Electrical Equipment & Parts,NASDAQ,62.51,16,39,29,89,1.73,2654670994.8882685,1397195278.0,0.2316,-62.23,48393450,47264850,54410036,0.025
4844,AVAV,Industrials,Aerospace & Defense,NASDAQ,62.49,16,14,8,14,137.6,7156571627.861938,50820702.0,0.1176,-67.07,1436990,2012513,1682214,0.057
4845,ALXO,Healthcare,Biotechnology,NASDAQ,62.48,16,84,96,95,1.18,168697940.29613662,138276997.0,0.050300002,-55.64,1535130,1183226,1144920,
4846,WETH,Technology,Electronic Components,NASDAQ,62.46,16,27,29,80,0.94,13381534.0,13381534.0,0.0019,-74.46,74370,64843,87420,0.127
4847,AFJK,Financial Services,Shell Companies,NASDAQ,62.46,16,7,9,98,12.1,38344279.43292618,3166332.0,0.0019,-90.72,2090,20423,21642,
4848,YDKG,Communication Services,Advertising Agencies,NASDAQ,62.45,16,18,10,5,0.86,5142145.809547842,5529189.0,0.01,-99.77,56900,26546,26454,0.689
4849,FBYD,Industrials,Conglomerates,NASDAQ,62.43,16,10,84,93,8.81,415098405.0334873,48464498.0,0.054,-69.64,109880,142736,122256,1.204
4850,FTLF,Consumer Defensive,Packaged Foods,NASDAQ,62.43,16,13,29,11,8.7,86585686.34768677,9391072.0,0.0164,-58.53,9390,11926,11210,0.646
4851,TOMZ,Industrials,Pollution & Treatment Controls,NASDAQ,62.42,16,15,48,14,1.57,11236756.221173167,8142577.0,0.0042,-52.85,56050,113920,79486,1.179
4852,HAIN,Consumer Defensive,Packaged Foods,NASDAQ,62.4,16,21,8,9,0.55,47321178.14426947,91002269.0,0.0677,-66.46,829010,2196750,1669164,-0.276
4853,NAMM,Basic Materials,Gold,NASDAQ,62.4,16,13,14,63,1.11,70374031.02734995,55852406.0,0.3,-85.04,4212660,1675263,1226352,0.397
4854,OXM,Consumer Cyclical,Apparel Manufacturing,NYSE,62.4,16,25,36,64,25.48,373408375.39100647,14978274.0,0.3754,-48.61,639410,598616,463870,-0.022
4855,ELBM,Basic Materials,Other Industrial Metals & Mining,NASDAQ,62.37,16,17,10,10,0.5,53293270.237009406,106800138.0,0.0094,-94.25,339870,349286,374234,
4856,OFIX,Healthcare,Medical Devices,NASDAQ,62.35,16,18,27,33,9.0,370259412.93530273,40732608.0,0.0695,-47.03,505800,404866,392718,0.038
4857,LINC,Consumer Defensive,Education & Training Services,NASDAQ,62.32,16,22,93,94,23.24,695017600.0496864,31721479.0,0.1041,-58.75,738930,771203,938436,0.224
4858,WRAP,Technology,Scientific & Technical Instruments,NASDAQ,62.27,16,47,82,18,1.47,90811430.30743933,61776482.0,0.2007,-54.49,524630,616693,673018,1.028
4859,JZXN,Consumer Cyclical,Auto & Truck Dealerships,NASDAQ,62.27,16,8,12,2,1.14,58209417.424368024,51512759.0,0.0005,-93.8,227540,1746973,1175092,6.304
4860,NKTR,Healthcare,Biotechnology,NASDAQ,62.19,16,79,90,99,40.8,1487951741.0376892,34142994.0,0.1852,-62.57,2347480,1541610,1161864,-0.093
4861,USNA,Consumer Defensive,Packaged Foods,NYSE,62.18,16,16,55,24,14.66,273822228.2414093,18476534.0,0.069,-46.2,154990,193820,214292,-0.053
4862,BSX,Healthcare,Medical Devices,NYSE,62.16,16,13,8,13,42.04,61737175596.251236,1449229526.0,0.0321,-60.21,17085040,19762563,19858818,0.075
4863,AWRE,Technology,Software - Application,NASDAQ,62.15,16,17,17,16,1.04,23993901.220053792,21812637.0,0.0082,-63.38,34390,34080,35164,-0.165
4864,DWTX,Healthcare,Biotechnology,NASDAQ,62.08,16,17,9,6,1.41,49629128.67671299,33992553.0,0.0061000003,-80.42,67820,70243,67568,
4865,HUDI,Basic Materials,Steel,NASDAQ,62.07,16,11,14,34,0.71,9808639.70413959,14319182.0,0.0438,-57.49,22000,22906,1362282,-0.165
4866,RAIL,Industrials,Railroads,NASDAQ,62.07,16,20,21,37,6.17,226259835.12722015,32791280.0,0.0318,-58.59,186190,255573,232062,-0.046
4867,WLFC,Industrials,Rental & Leasing Services,NASDAQ,62.05,16,58,81,83,40.01,965651510.6539764,21144111.0,0.221,-50.93,305200,211363,227100,0.004
4868,BLNK,Industrials,Engineering & Construction,NASDAQ,62.04,16,14,12,16,0.48,81310618.15553236,144938716.0,0.098400004,-81.89,1218200,1225803,1205036,-0.245
4869,URG,Energy,Uranium,NYSE ARCA,62.02,16,28,22,77,1.01,417756887.02837944,397863720.0,0.146,-57.02,7216210,6553623,6405280,0.377
4870,RR,Industrials,Specialty Industrial Machinery,NASDAQ,61.95,16,10,11,22,1.6,378171252.4329332,225101943.0,0.24350001,-78.47,4259140,4827920,5148756,0.167
4871,MLCI,Financial Services,Asset Management,NASDAQ,61.94,16,19,14,18,3.05,38041812.26704407,11188768.0,0.0076,-64.86,15070,17386,28666,-0.576
4872,JRVR,Financial Services,Insurance - Specialty,NASDAQ,61.93,16,18,18,69,3.62,161409143.0610652,46249038.0,0.045900002,-49.72,328090,308626,281760,-0.077
4873,AHMA,Consumer Cyclical,Travel Services,NASDAQ,61.9,16,14,20,1,1.24,39237001.5591383,29725000.0,0.0173,-96.86,28090,970723,600728,0.046
4874,GILT,Technology,Communication Equipment,NASDAQ,61.89,16,15,27,93,9.32,772607439.1408625,77029657.0,0.0374,-55.47,812050,609650,601228,0.169
4875,LPL,Technology,Consumer Electronics,NYSE,61.88,16,16,22,81,2.85,3119999885.559082,1000000000.0,0.0073,-51.11,2635740,2398400,2553320,0.004
4876,RH,Consumer Cyclical,Specialty Retail,NYSE,61.88,16,23,71,16,113.67,2280688315.806175,18933159.0,0.5339,-52.52,785160,826993,783362,0.026
4877,OCCI,Financial Services,Asset Management,NASDAQ,61.79,16,21,15,11,2.06,65500454.79023409,29372401.0,0.0049,-63.15,177140,180616,192920,-0.102
4878,AENT,Communication Services,Entertainment,NASDAQ,61.79,16,25,31,83,4.52,228798579.6367836,50957370.0,0.1076,-48.64,31710,324680,200070,0.177
4879,SST,Industrials,Specialty Business Services,NYSE,61.78,16,72,18,6,2.27,21249770.178328514,8708922.0,0.1117,-72.94,91440,977110,687636,-0.613
4880,LII,Industrials,Building Products & Equipment,NYSE,61.75,16,17,55,27,361.54,12313968080.61676,34560675.0,0.0792,-38.44,481300,488230,514076,0.03
4881,CHRS,Healthcare,Biotechnology,NASDAQ,61.71,16,35,38,89,1.07,179221115.4029739,154500966.0,0.1524,-59.1,1552590,1352586,1341504,0.395
4882,GHG,Consumer Cyclical,Lodging,NYSE,61.71,16,17,16,12,0.96,94843485.25944203,100897325.0,0.0027,-58.37,24960,14310,12186,-0.187
4883,EPSM,Consumer Defensive,Beverages - Wineries & Distilleries,NASDAQ,61.71,16,10,7,3,1.26,16778792.5,13423034.0,0.0072000003,-97.03,53380,528863,323426,-0.616
4884,SMPL,Consumer Defensive,Packaged Foods,NASDAQ,61.66,16,12,15,6,10.11,869377058.0624714,88441207.0,0.1376,-60.6,2218500,2321233,2136344,-0.063
4885,NUS,Consumer Defensive,Household & Personal Products,NYSE,61.65,16,14,10,28,4.77,224399289.2390318,48676634.0,0.1,-59.13,481020,530626,553980,-0.171
4886,ONIT,Financial Services,Mortgage Finance,NYSE,61.62,16,27,34,67,27.44,227744217.11219788,8354520.0,0.0502,-49.28,155990,93933,85142,0.147
4887,RNTX,Healthcare,Biotechnology,NASDAQ,61.59,16,15,13,80,0.77,69099892.54972935,86267032.0,0.0078,-64.68,411780,397836,424458,
4888,KNF,Basic Materials,Building Materials,NYSE,61.59,16,18,54,60,52.27,2856903032.5369263,56763420.0,0.103,-45.71,1150790,1077990,1020018,0.126
4889,CAR,Industrials,Rental & Leasing Services,NASDAQ,61.57,16,27,22,99,110.0,3928930403.0022583,35325754.0,0.48419997,-87.02,401400,435320,398030,-0.013
4890,ZKH,Consumer Cyclical,Internet Retail,NYSE,61.56,16,37,32,35,2.06,432290174.14461327,157770136.0,0.0002,-47.18,161960,227080,302806,0.128
4891,RTO,Industrials,Specialty Business Services,NYSE,61.54,16,20,50,79,20.25,10039797525.097736,503247977.0,0.0067000003,-41.59,2437980,2008686,1927300,0.067
4892,MPT,Real Estate,REIT - Healthcare Facilities,NYSE,61.54,16,20,42,58,3.19,1952843988.609314,597200000.0,0.32560003,-50.7,12132130,11339846,9992600,0.019
4893,RGNX,Healthcare,Biotechnology,NASDAQ,61.52,16,58,74,34,8.09,490478005.22808456,66013192.0,0.1271,-50.03,1600610,1403066,1367878,4.057
4894,ELOG,Industrials,Integrated Freight & Logistics,NASDAQ,61.47,16,7,9,7,0.73,6377504.113197327,12832000.0,0.0223,-76.21,97900,721946,434502,-0.018
4895,LPCN,Healthcare,Biotechnology,NASDAQ,61.47,16,18,17,9,1.93,16900718.256883383,8244253.0,0.0123000005,-84.4,10838880,3635183,2198680,-0.695
4896,WBX,Industrials,Electrical Equipment & Parts,NYSE,61.45,16,71,87,96,2.74,66701041.0,24254924.0,0.0064,-65.01,18430,16586,17224,-0.375
4897,ZUMZ,Consumer Cyclical,Apparel Retail,NASDAQ,61.45,16,19,32,83,14.21,203743846.18518353,15330613.0,0.1363,-55.17,341930,359940,305600,-0.025
4898,UONE,Communication Services,Broadcasting,NASDAQ,61.44,16,10,10,8,4.35,18367556.808023453,4614964.0,0.096499994,-74.32,6690,6186,5500,-0.064
4899,OLN,Basic Materials,Chemicals,NYSE,61.43,16,17,31,71,15.61,1812321547.5191307,113982490.0,0.1314,-48.75,5615640,3644126,3481034,-0.009
4900,MLCO,Consumer Cyclical,Resorts & Casinos,NASDAQ,61.4,15,18,20,29,4.17,1593222645.7277398,380244063.0,0.0356,-56.24,1838940,1864080,1704708,-0.057
4901,ALGS,Healthcare,Biotechnology,NASDAQ,61.39,15,17,15,28,5.31,34594851.08178902,6244558.0,0.13149999,-61.21,34680,46866,84512,27.785
4902,PMEC,Industrials,Specialty Business Services,NASDAQ,61.39,15,8,8,10,0.54,19247410.99238366,38417987.0,0.0088,-77.87,38180,238083,219310,0.068
4903,AIB,Technology,Software - Infrastructure,NYSE ARCA,61.34,15,11,20,9,1.43,124606323.15310502,75979466.0,0.01,-77.23,5516360,2535240,2026074,-0.386
4904,FINW,Financial Services,Banks - Regional,NASDAQ,61.3,15,23,24,49,10.82,155069536.65916443,13882680.0,0.0126,-45.52,30670,34750,31738,0.557
4905,FULC,Healthcare,Biotechnology,NASDAQ,61.27,15,14,5,77,3.75,281536882.69576406,76297257.0,0.0953,-76.18,1541560,1427930,1603088,
4906,TIGR,Financial Services,Capital Markets,NASDAQ,61.27,15,17,9,22,4.32,748156653.5177765,179845356.0,0.0579,-61.94,2098350,2106736,2221178,0.324
4907,AARD,Healthcare,Biotechnology,NASDAQ,61.26,15,34,23,6,4.71,109201943.41111374,21884158.0,0.029000001,-73.75,123650,130346,130448,
4908,ADTN,Technology,Communication Equipment,NASDAQ,61.23,15,12,63,94,7.49,573629102.171731,81481407.0,0.175,-62.51,1936890,1726380,2023276,0.061
4909,SIDU,Industrials,Aerospace & Defense,NASDAQ,61.21,15,77,24,98,1.58,183217834.2678404,101225326.0,0.16549999,-76.73,4133860,3728130,4497620,-0.538
4910,BGMS,Industrials,Building Products & Equipment,NASDAQ,61.2,15,14,8,3,0.82,5828058.688420057,6622794.0,0.0171,-87.76,10290,122610,84548,
4911,XBIO,Healthcare,Biotechnology,NASDAQ,61.19,15,92,27,74,2.12,5248725.462346315,2343181.0,0.01,-84.78,23810,128933,106874,0.12
4912,PATK,Consumer Cyclical,Recreational Vehicles,NASDAQ,61.18,15,18,24,52,65.07,2157062727.8605957,32118264.0,0.2245,-56.18,572640,573866,530536,-0.006
4913,UPST,Financial Services,Credit Services,NASDAQ,61.17,15,15,17,14,24.19,2219710527.2892265,97313046.0,0.325,-56.19,4413310,4346460,4538878,0.423
4914,LRMR,Healthcare,Biotechnology,NASDAQ,61.16,15,39,36,91,2.7,307493497.48281956,103882937.0,0.2066,-57.94,1257370,1225390,1169806,
4915,BROS,Consumer Cyclical,Restaurants,NYSE,61.16,15,17,68,26,39.78,5334170406.082855,137940798.0,0.3978,-46.26,4200530,4276466,4398520,0.325
4916,GLND,Energy,Oil & Gas E&P,NASDAQ,61.15,15,3,4,18,2.61,163113624.45408726,43730194.0,1.74,-88.65,22374890,23965650,15107672,
4917,Z,Communication Services,Internet Content & Information,NASDAQ,61.15,15,14,11,13,29.17,6163822454.826805,224874954.0,0.078099996,-63.26,4519830,4095550,4017476,0.179
4918,AVEX,Industrials,Aerospace & Defense,NYSE,61.15,15,12,13,38,14.21,1001981303.2038498,69197606.0,0.0799,-66.44,1568870,1340643,1382894,0.995
4919,KRMD,Healthcare,Medical Instruments & Supplies,NASDAQ,61.04,15,16,45,67,3.0,136668831.68131828,46171902.0,0.025999999,-54.6,234040,246373,260516,0.182
4920,XPOF,Consumer Cyclical,Leisure,NYSE,61.04,15,10,25,25,4.96,198429291.9473648,42219000.0,0.4748,-46.38,949670,797320,934248,-0.134
4921,RIBB,Financial Services,Shell Companies,NASDAQ,61.04,15,61,52,47,7.1,39907030.35124779,5013446.0,0.0002,-61.56,6980,40576,24642,
4922,MATH,Financial Services,Capital Markets,NASDAQ,61.02,15,10,8,9,0.94,52767165.140036345,47537986.0,0.0022,-77.07,48700,150110,105238,0.011
4923,TMC,Basic Materials,Other Industrial Metals & Mining,NASDAQ,61.0,15,15,11,31,3.43,1671903459.9520168,441135482.0,0.103,-69.78,4153270,4867390,5626432,
4924,CCM,Healthcare,Medical Care Facilities,NYSE,61.0,15,28,37,21,3.1,13763262.241247177,4341723.0,0.0097,-55.46,7430,21026,54974,0.574
4925,MLGO,Technology,Software - Infrastructure,NASDAQ,60.95,15,13,15,5,3.04,34684616.06477165,10941519.0,0.076,-73.5,45970,48520,41714,-0.273
4926,IVDA,Industrials,Security & Protection Services,NASDAQ,60.94,15,13,9,1,0.26,3630517.725533098,12519027.0,0.09060001,-85.39,176010,323053,6126178,-0.475
4927,WTF,Financial Services,Capital Markets,NASDAQ,60.89,15,21,17,29,2.35,120593680.0,48237472.0,0.0275,-62.88,2390,2710,3726,0.029
4928,SOUN,Technology,Software - Application,NASDAQ,60.85,15,16,12,14,5.52,2593615088.006138,444112161.0,0.4047,-75.1,16057220,19939056,24390366,0.45
4929,BILI,Communication Services,Internet Content & Information,NASDAQ,60.85,15,15,15,40,14.85,5948271929.587209,411930201.0,0.0864,-59.2,2397210,3355526,3005468,0.082
4930,FBIO,Healthcare,Biotechnology,NASDAQ,60.83,15,24,88,35,2.09,67702514.83582044,33350993.0,0.1981,-53.86,279450,285530,469042,0.14
4931,VTSI,Technology,Software - Application,NASDAQ,60.77,15,16,10,32,2.64,31581750.528190613,11319624.0,0.0047999998,-58.03,32000,24143,31184,-0.174
4932,FLO,Consumer Defensive,Packaged Foods,NYSE,60.66,15,13,23,13,5.94,1181159854.6620684,212057418.0,0.23629999,-54.76,7698340,8131453,7339210,
4933,CTXR,Healthcare,Biotechnology,NASDAQ,60.66,15,17,8,20,0.49,14604767.38399446,27452570.0,0.20629999,-77.63,170350,220856,553456,
4934,TRON,Consumer Cyclical,Leisure,NASDAQ,60.65,15,22,8,98,1.24,668878694.4057903,474382064.0,0.0334,-73.33,590590,913636,1000056,0.168
4935,FUFU,Financial Services,Capital Markets,NASDAQ,60.56,15,9,6,14,1.3,233375283.62564254,166696634.0,0.0049,-67.98,62340,86240,142346,-0.629
4936,AIOS,Technology,Information Technology Services,NASDAQ,60.55,15,12,13,3,11.48,36676799.01123047,3240000.0,0.0092,-87.24,31530,58650,47430,
4937,ITOC,Healthcare,Medical Devices,NASDAQ,60.55,15,13,12,3,4.02,29145449.762791395,117050000.0,0.00059999997,249.57,18566,51640,63261,0.495
4938,PNBK,Financial Services,Banks - Regional,NASDAQ,60.53,15,22,27,27,0.86,117188147.70128489,126008760.0,0.0128,-57.0,114390,192243,201780,1.44
4939,KTCC,Technology,Computer Hardware,NASDAQ,60.48,15,19,89,44,2.17,25008904.514467478,11065887.0,0.0026,-50.9,14890,43180,31566,-0.077
4940,TCX,Technology,Software - Infrastructure,NASDAQ,60.46,15,15,9,25,9.66,105000035.51907349,11182112.0,0.1337,-61.62,47310,65543,84998,0.021
4941,DTSS,Technology,Software - Infrastructure,NASDAQ,60.4,15,10,14,17,0.62,8765161.227515459,10447153.0,0.019199999,-72.93,358700,6430790,4043278,-0.648
4942,RWT,Real Estate,REIT - Mortgage,NYSE,60.34,15,15,33,62,3.33,443411881.3661995,125612432.0,0.0,-52.22,3976570,6546216,4546050,
4943,TPB,Consumer Defensive,Tobacco,NYSE,60.34,15,21,32,32,57.04,1115522007.8431091,20048922.0,0.1566,-61.17,526730,425656,385246,0.226
4944,PSFE,Technology,Software - Infrastructure,NYSE,60.29,15,20,28,27,5.74,281441387.10848236,52215472.0,0.1142,-57.53,312840,341833,371094,0.045
4945,AORT,Healthcare,Medical Devices,NYSE,60.24,15,25,13,59,21.21,1087751264.4713688,48756221.0,0.0809,-56.04,503060,602286,673530,0.113
4946,ALNY,Healthcare,Biotechnology,NASDAQ,60.19,15,16,20,30,224.53,29400539570.30121,133809118.0,0.0716,-54.69,1321590,1502836,1870622,0.669
4947,FOXX,Technology,Consumer Electronics,NASDAQ,60.09,15,11,10,79,2.49,18394757.52528429,7074907.0,0.0041,-68.48,6410,6750,10864,-0.499
4948,BXMT,Real Estate,REIT - Mortgage,NYSE,60.08,15,18,33,63,11.21,1837125077.6057224,168543591.0,0.0883,-45.77,3501300,2748820,2788296,-0.731
4949,MENS,Healthcare,Biotechnology,NASDAQ,60.07,15,14,8,5,2.1,165740321.3153944,76027668.0,0.0058999998,-96.67,32760,45096,41886,
4950,HE,Utilities,Utilities - Regulated Electric,NYSE,60.05,15,22,55,80,8.82,1539894915.19738,173021908.0,0.15010001,-49.25,2970750,2905740,2605046,0.259
4951,BGS,Consumer Defensive,Packaged Foods,NYSE,60.04,15,19,28,78,2.62,218339237.33441305,81167001.0,0.1724,-58.93,2637860,2308230,2335586,-0.097
4952,MOB,Industrials,Aerospace & Defense,NASDAQ,60.04,15,20,31,78,3.94,54172819.62086201,12867653.0,0.0292,-64.25,116510,130770,134450,0.19
4953,REZI,Industrials,Industrial Distribution,NYSE,60.0,15,22,50,87,17.2,2786399444.225178,151847378.0,0.098500006,-45.43,2114510,2166393,2426580,0.02
4954,GURE,Basic Materials,Chemicals,NASDAQ,59.97,15,14,15,37,2.9,5476863.585409641,1813531.0,0.0014,-75.49,100400,135073,85100,0.545
4955,AVBP,Healthcare,Biotechnology,NASDAQ,59.97,15,73,86,86,16.71,1393929521.401287,49307729.0,0.1886,-53.36,3098570,1407530,1010396,
4956,WYFI,Technology,Information Technology Services,NASDAQ,59.95,15,26,91,23,15.75,696546767.5955048,38848118.0,0.4149,-66.4,1205520,1504496,2025454,0.557
4957,AGNT,Real Estate,Real Estate Services,NASDAQ,59.87,15,10,10,14,4.01,609980485.9876084,167117937.0,0.148,-67.2,1736500,1785616,1595462,0.107
4958,AGIG,Utilities,Utilities - Renewable,NYSE ARCA,59.82,14,17,7,2,0.94,44150321.0,44150321.0,0.026400002,-85.97,126210,137593,145972,3.044
4959,NIU,Consumer Cyclical,Auto Manufacturers,NASDAQ,59.82,14,14,15,29,1.88,147459845.0659876,78436088.0,0.0446,-66.84,225270,211610,201700,0.147
4960,CIA,Financial Services,Insurance - Life,NYSE,59.78,14,13,70,68,3.53,179276600.38811874,50643108.0,0.092,-46.02,107610,119513,135550,-0.072
4961,MDXH,Healthcare,Diagnostics & Research,NASDAQ,59.77,14,10,1,23,0.58,54483323.21106076,95417382.0,0.0183,-89.12,199060,213696,7196532,0.023
4962,ASTI,Technology,Solar,NASDAQ,59.7,14,22,63,97,2.24,22675955.048299313,9816431.0,0.0921,-77.3,338260,300766,312140,4.613
4963,TOYO,Technology,Solar,NASDAQ,59.68,14,8,25,98,4.36,186681797.87120438,42718948.0,0.1013,-74.99,362020,452026,678584,0.35
4964,ACET,Healthcare,Biotechnology,NASDAQ,59.67,14,72,30,21,5.74,60849685.0,9361490.0,0.0292,-67.09,496870,268280,194914,
4965,BGSI,Consumer Cyclical,Auto & Truck Dealerships,NYSE,59.58,14,12,15,18,78.07,2182711928.0130615,27830064.0,5.69,-57.36,42270,54903,59118,0.299
4966,MIND,Technology,Scientific & Technical Instruments,NASDAQ,59.53,14,9,11,20,4.61,40991640.130319595,9089055.0,0.0456,-68.21,67230,95023,95326,-0.585
4967,RBBN,Technology,Software - Application,NASDAQ,59.51,14,15,17,23,1.72,316517329.62921524,178823352.0,0.0537,-57.95,1499350,1121130,941532,-0.128
4968,GLUE,Healthcare,Biotechnology,NASDAQ,59.45,14,84,97,97,10.32,895790710.5,85313401.0,0.22940001,-59.95,1488380,1284620,1390902,-0.613
4969,DOMH,Financial Services,Capital Markets,NASDAQ,59.43,14,10,22,13,2.15,54305767.271205425,24243646.0,0.0671,-71.49,190050,241903,225072,-0.569
4970,NPWR,Industrials,Specialty Industrial Machinery,NYSE,59.4,14,32,14,10,1.24,122988145.3242737,88480681.0,0.0571,-76.15,538260,592110,755366,
4971,LAB,Healthcare,Medical Devices,NASDAQ,59.38,14,13,16,14,0.67,290508321.66392326,392578808.0,0.0109,-61.05,1045760,1357473,1434968,-0.076
4972,EIKN,Healthcare,Biotechnology,NASDAQ,59.35,14,23,19,20,7.5,397029665.76753616,54165030.0,0.1337,-56.9,564110,619760,567762,
4973,QNTM,Healthcare,Biotechnology,NASDAQ,59.35,14,14,11,4,3.11,22117807.167904377,6429595.0,0.0324,-83.52,181640,188633,237978,
4974,APTV,Consumer Cyclical,Auto Parts,NYSE,59.33,14,11,25,24,44.21,9040355421.833992,207633331.0,0.048699997,-50.29,2864590,4462366,4572240,0.023
4975,GT,Consumer Cyclical,Auto Parts,NASDAQ,59.26,14,20,27,20,4.75,1393429931.009861,287898737.0,0.2174,-55.27,8824610,9434663,9289954,-0.048
4976,CLNE,Energy,Oil & Gas Refining & Marketing,NASDAQ,59.17,14,17,44,61,1.52,343894210.78603506,220445015.0,0.047199998,-51.13,883200,1587720,1763182,0.037
4977,OPFI,Financial Services,Credit Services,NYSE,59.14,14,24,35,28,6.09,508693216.7125983,85208247.0,0.041100003,-47.9,580420,836466,957046,-0.139
4978,IONR,Basic Materials,Other Industrial Metals & Mining,NASDAQ,59.09,14,18,27,24,2.97,234979635.53378248,80197826.0,0.0025,-63.78,93090,92393,83172,
4979,MIRA,Healthcare,Drug Manufacturers - General,NASDAQ,59.07,14,13,18,16,0.7,30676124.311507702,42022087.0,0.0154,-71.43,152200,1154106,731974,
4980,BNAI,Technology,Software - Infrastructure,NASDAQ,59.07,14,85,97,99,5.29,45913540.534529686,7626834.0,0.098400004,-93.87,120940,139773,126004,31.017
4981,BLDP,Industrials,Electrical Equipment & Parts,NASDAQ,59.05,14,20,61,84,1.94,719735930.5586905,351090706.0,0.0596,-70.47,2281650,2632056,3050826,0.154
4982,OGEN,Healthcare,Biotechnology,NYSE ARCA,59.04,14,11,12,8,0.46,2210858.973029375,4511957.0,0.17889999,-68.28,26130,31586,31570,
4983,IONS,Healthcare,Biotechnology,NASDAQ,59.02,14,19,24,87,43.3,7235665532.026291,166184322.0,0.1665,-50.08,3215860,3891896,3283544,-0.407
4984,CFND,Financial Services,Asset Management,NYSE,58.97,14,18,14,9,2.69,20033461.08679676,6568348.0,0.04,-68.87,32050,78603,85514,
4985,TRIP,Consumer Cyclical,Travel Services,NASDAQ,58.91,14,15,55,21,8.96,997366427.2448006,117199342.0,0.35919997,-49.72,3298580,4079496,3934208,-0.072
4986,PLNT,Consumer Cyclical,Leisure,NYSE,58.89,14,16,11,17,44.03,3203358462.6045647,75533093.0,0.1378,-61.47,2587440,2452843,2327740,0.045
4987,WVVI,Consumer Defensive,Beverages - Wineries & Distilleries,NASDAQ,58.85,14,16,27,17,1.87,9809672.272465467,4979529.0,0.0016,-53.25,11250,9843,17854,-0.016
4988,IOTR,Communication Services,Telecom Services,NASDAQ,58.77,14,20,37,16,1.96,9484554.531927586,4863874.0,0.0029,-73.76,2380,51803,35788,0.41
4989,NCTY,Financial Services,Capital Markets,NASDAQ,58.76,14,11,9,12,3.47,50401308.471720695,15273124.0,0.0507,-70.09,122120,189790,237674,-0.808
4990,NYC,Real Estate,Real Estate Services,NYSE,58.76,14,19,30,18,5.66,20595245.0440979,3163632.0,0.0034,-59.48,11920,18080,28198,-0.401
4991,ESAB,Industrials,Metal Fabrication,NYSE,58.65,14,14,20,28,64.88,4343304188.111961,62135967.0,0.0941,-52.79,1218250,1022543,910958,0.129
4992,PODD,Healthcare,Medical Devices,NASDAQ,58.58,14,12,12,15,134.47,9133254635.631775,69354199.0,0.08270001,-62.11,1812400,1774760,1786948,0.235
4993,AZTR,Healthcare,Biotechnology,NYSE ARCA,58.54,14,13,5,4,0.13,7999693.900652826,60603742.0,0.0128,-88.07,844180,759426,1779886,
4994,WD,Financial Services,Mortgage Finance,NYSE,58.49,14,17,24,16,34.39,1166045599.5515442,34325745.0,0.0629,-61.79,616010,530013,503592,-0.1
4995,OWLT,Healthcare,Medical Devices,NYSE,58.39,14,19,22,21,4.66,147861683.94792223,29221677.0,0.0273,-72.49,122270,188873,209046,0.299
4996,FUBO,Communication Services,Broadcasting,NYSE,58.38,14,16,6,4,9.35,261569034.21119308,30204277.0,0.20889999,-82.25,1074960,1205790,1401730,0.38
4997,OKUR,Healthcare,Biotechnology,NASDAQ,58.35,14,36,80,93,2.3,103670548.72278261,40496309.0,0.0378,-57.25,604790,311513,246138,
4998,NNE,Industrials,Specialty Industrial Machinery,NASDAQ,58.35,14,12,10,19,15.26,838765034.3747349,53698146.0,0.3489,-74.93,1898140,1911683,1895090,
4999,LOCL,Consumer Defensive,Farm Products,NYSE,58.3,14,18,16,9,1.07,25602760.68895054,23381516.0,0.064899996,-73.22,32110,40990,32866,0.144
5000,NB,Basic Materials,Other Industrial Metals & Mining,NASDAQ,58.29,14,16,20,75,3.41,506098220.2727914,145849630.0,0.074200004,-72.89,2296860,2362626,3022172,
5001,LMB,Industrials,Building Products & Equipment,NASDAQ,58.28,14,10,22,37,50.95,585517138.1039047,11924993.0,0.086899996,-55.68,254670,361520,407028,0.219
5002,LHAI,Real Estate,Real Estate Services,NASDAQ,58.28,14,20,7,2,1.03,17191199.369430542,16530000.0,0.0559,-93.42,55450,3576466,2199158,0.128
5003,SDHC,Real Estate,Real Estate - Development,NYSE,58.27,14,15,34,18,10.21,84596238.07970428,8392484.0,0.23879999,-56.53,39510,53263,49882,0.219
5004,CTMX,Healthcare,Biotechnology,NASDAQ,58.27,14,64,49,98,2.47,557822154.571703,217899284.0,0.20120001,-69.91,2929150,3918486,3381378,-0.924
5005,APYX,Healthcare,Medical Devices,NASDAQ,58.23,14,24,87,94,2.36,107416256.64137006,42124023.0,0.0055,-53.54,228230,161593,147826,0.221
5006,BKKT,Technology,Software - Infrastructure,NYSE,58.2,14,24,10,8,7.03,349288299.5,45069458.0,0.2604,-85.1,1165660,1278743,1372536,-0.701
5007,JBDI,Consumer Cyclical,Specialty Retail,NASDAQ,58.19,14,15,23,14,0.95,9324253.301475525,9514544.0,0.0201,-79.17,15750,19546,19432,0.109
5008,REAX,Real Estate,Real Estate Services,NASDAQ,58.15,14,20,14,14,17.08,357646330.41443634,21794414.0,1.26,-62.04,547230,856826,821656,0.296
5009,FVRR,Communication Services,Internet Content & Information,NYSE,58.13,14,14,18,8,8.64,307019215.74858856,35950728.0,0.096,-64.57,574850,540146,664208,-0.1
5010,OMEX,Basic Materials,Other Industrial Metals & Mining,NASDAQ,58.06,14,9,6,15,0.66,38971080.81272954,58691389.0,0.0908,-85.1,243550,256816,314928,-0.423
5011,CAN,Technology,Computer Hardware,NASDAQ,58.05,14,12,4,12,0.29,256166528.63750994,731904380.0,0.0995,-86.94,7567200,14526636,17860242,-0.682
5012,GRAN,Financial Services,Capital Markets,NASDAQ,58.02,14,9,13,3,1.17,23485984.540430903,24985090.0,0.0208,-80.2,539470,320550,193582,-0.118
5013,ENOV,Healthcare,Medical Devices,NYSE,57.98,14,19,35,35,17.43,1024786934.7789993,57669494.0,0.19600001,-49.15,1516540,1921363,1605162,0.032
5014,MYPS,Communication Services,Electronic Gaming & Multimedia,NASDAQ,57.94,14,19,76,7,4.23,59460075.85886669,12012137.0,0.0041,-57.32,54147,37905,34801,-0.073
5015,WBUY,Consumer Cyclical,Internet Retail,NASDAQ,57.87,14,14,6,9,0.73,4297185.423615456,5481104.0,0.024,-85.28,4027310,2769620,1696092,
5016,ATER,Consumer Cyclical,"Furnishings, Fixtures & Appliances",NASDAQ,57.86,14,33,91,14,0.61,11768325.535962582,17966910.0,0.0465,-67.38,161930,3637446,2275892,-0.92
5017,BATL,Energy,Oil & Gas E&P,NYSE ARCA,57.85,13,28,39,97,1.03,59000618.0111444,57282155.0,0.113199994,-96.53,2465310,4275586,4453690,0.124
5018,JYD,Industrials,Integrated Freight & Logistics,NASDAQ,57.85,13,9,1,9,0.9,6979375.070160627,8298900.0,0.0027,-87.67,17900,90493,103706,0.086
5019,KLAR,Financial Services,Credit Services,NYSE,57.84,13,14,25,5,13.46,4743292512.442852,379160066.0,0.133,-69.92,4557170,6044773,6420542,0.266
5020,FAC,Industrials,Electrical Equipment & Parts,NASDAQ,57.84,13,6,11,44,5.08,642139470.0,107023245.0,2.05,-79.94,332380,396990,360802,
5021,DRMA,Healthcare,Biotechnology,NASDAQ,57.82,13,16,12,4,1.07,5475503.829513073,4955207.0,0.0294,-81.77,17690,33066,891046,
5022,NAK,Basic Materials,Other Industrial Metals & Mining,NYSE ARCA,57.81,13,51,21,85,1.15,747621834.5836446,562121662.0,0.0523,-61.41,3956630,3932336,3787950,
5023,XTLB,Healthcare,Biotechnology,NASDAQ,57.81,13,27,23,8,1.99,5308120.290925741,2457463.0,0.0039,-80.64,13560,7763,8922,
5024,TANH,Consumer Defensive,Household & Personal Products,NASDAQ,57.8,13,12,18,2,17.48,9874824.484530449,667669.0,0.1292,-82.16,40890,116159,75418,-0.169
5025,BQ,Consumer Cyclical,Specialty Retail,NYSE ARCA,57.78,13,8,10,3,0.76,5918450.325952649,7379614.0,0.0069,-98.65,53200,59283,2522746,-0.031
5026,MRKR,Healthcare,Biotechnology,NASDAQ,57.76,13,36,38,70,0.95,17506782.55496335,16673127.0,0.0168,-61.38,83600,70036,73140,
5027,KTOS,Industrials,Aerospace & Defense,NASDAQ,57.75,13,14,13,50,41.93,8085157496.601997,187721327.0,0.0616,-68.71,4977450,4113616,4029750,0.305
5028,EGAN,Technology,Software - Application,NASDAQ,57.71,13,11,19,50,5.31,153626508.2949133,26171467.0,0.1,-66.71,345640,334993,237072,-0.047
5029,DUO,Real Estate,Real Estate Services,NASDAQ,57.57,13,5,4,12,0.63,27509529.82497263,42452978.0,0.0105,-84.63,183920,2379466,1438986,-0.431
5030,ARBE,Technology,Scientific & Technical Instruments,NASDAQ,57.57,13,18,16,11,0.57,78609519.40343392,128237394.0,0.0721,-80.21,1534100,5025886,3433980,1.566
5031,MEDS,Healthcare,Medical Distribution,NASDAQ,57.5,13,1,2,2,3.4,11767289.653465033,3197633.0,0.20040001,-95.34,8761710,12641783,7712560,-0.772
5032,PFSI,Financial Services,Mortgage Finance,NYSE,57.49,13,17,22,19,61.34,3220997464.0,51951572.0,0.1018,-61.75,654440,608073,637794,0.018
5033,TZOO,Communication Services,Internet Content & Information,NASDAQ,57.48,13,16,86,25,5.36,53154176.15918827,10202337.0,0.0493,-56.74,54390,54036,61198,-0.029
5034,FINV,Financial Services,Credit Services,NYSE,57.37,13,12,23,20,3.14,684672628.3156786,236094002.0,0.0477,-57.94,539660,1228096,956294,-0.049
5035,ATS,Industrials,Specialty Industrial Machinery,NYSE,57.34,13,15,33,66,17.68,1791797106.8994637,98126894.0,7.23,-50.64,216780,270630,277522,-0.058
5036,DQ,Technology,Semiconductor Equipment & Materials,NYSE,57.28,13,9,8,47,10.72,744327507.0,67666137.0,0.1082,-70.7,495120,710433,875622,-0.167
5037,XTNT,Healthcare,Medical Devices,NYSE ARCA,57.27,13,11,18,21,0.32,47697906.90170884,140287960.0,0.0047999998,-66.32,157460,3391010,2141308,-0.35
5038,ABAT,Industrials,Waste Management,NASDAQ,57.25,13,21,18,80,2.05,312245298.17836475,142577758.0,0.16,-82.16,4461610,3776976,3553798,1.966
5039,UUUU,Energy,Uranium,NYSE ARCA,57.18,13,29,22,95,9.94,2841020306.3562775,264773572.0,0.2123,-64.37,8128960,7206313,7293804,4.961
5040,NVNO,Healthcare,Medical Devices,NASDAQ,57.16,13,31,14,8,8.18,5628090.865055084,694826.0,0.0136,-76.74,24460,25303,22258,
5041,ROL,Consumer Cyclical,Personal Services,NYSE,57.14,13,13,20,32,32.26,14511345311.223038,481145404.0,0.0622,-51.22,9412370,7318000,6424474,0.079
5042,BAK,Basic Materials,Chemicals,NYSE,57.13,13,9,20,72,1.82,617650500.2987924,398484206.0,0.0478,-66.27,1999950,2101950,2222354,0.216
5043,FLD,Financial Services,Capital Markets,NASDAQ,57.1,13,6,2,8,0.55,29684242.5399462,54869209.0,0.0217,-87.03,89500,332576,358072,-0.255
5044,DKS,Consumer Cyclical,Specialty Retail,NYSE,57.08,13,11,37,57,134.63,13407493920.887512,98526556.0,0.1367,-44.91,2691250,3314576,3704962,0.532
5045,OCGN,Healthcare,Biotechnology,NASDAQ,57.03,13,20,28,92,0.98,345892602.5519824,339110401.0,0.31440002,-64.04,6492970,7784706,6237198,0.084
5046,USGO,Basic Materials,Other Industrial Metals & Mining,NASDAQ,57.02,13,30,14,72,6.03,90479969.65531158,13877296.0,0.097600006,-66.46,81630,87253,90102,
5047,AVX,Technology,Software - Infrastructure,NASDAQ,57.01,13,7,3,2,4.99,45863773.189061165,7397383.0,0.0049,-90.33,351330,344713,219300,5.232
5048,RZLV,Technology,Software - Infrastructure,NASDAQ,57.01,13,19,19,31,1.9,821584806.3989024,398827587.0,0.1504,-73.2,12659900,15496636,14969644,19.704
5049,HTZ,Industrials,Rental & Leasing Services,NASDAQ,57.0,13,6,3,75,1.96,627354448.2806146,356451393.0,0.6707,-76.04,21136850,16486806,31785368,0.097
5050,CDXS,Healthcare,Biotechnology,NASDAQ,56.97,13,14,35,75,1.36,148927841.96649253,109505765.0,0.0372,-54.36,731990,835870,952418,-0.027
5051,PHAR,Healthcare,Biotechnology,NASDAQ,56.95,13,19,29,83,9.53,690086709.0,70778124.0,0.00029999999,-55.34,23330,27833,27624,-0.032
5052,APRE,Healthcare,Biotechnology,NASDAQ,56.94,13,29,12,22,0.56,8750839.429941177,12591136.0,0.0484,-66.86,392290,290210,343628,
5053,BCHT,Industrials,Pollution & Treatment Controls,NYSE ARCA,56.92,13,7,14,7,1.44,39458949.0,26305966.0,0.0039,-70.0,181370,114513,97984,0.165
5054,PLTK,Communication Services,Electronic Gaming & Multimedia,NASDAQ,56.9,13,14,67,32,2.3,831491670.942411,381418186.0,0.0874,-47.96,900800,1152350,1451768,0.05
5055,ZENA,Technology,Software - Infrastructure,NASDAQ,56.87,13,15,6,8,1.32,118215980.50449574,88884193.0,0.1454,-81.43,1656800,1697910,3727472,3.163
5056,NAMS,Healthcare,Biotechnology,NASDAQ,56.81,13,16,55,83,21.26,2712172401.990658,116903979.0,0.1533,-49.63,1520530,1692320,1466942,-0.807
5057,VYGR,Healthcare,Biotechnology,NASDAQ,56.79,13,21,23,60,2.37,150963975.53817272,61617948.0,0.0694,-57.3,805990,589190,532762,-0.391
5058,WING,Consumer Cyclical,Restaurants,NASDAQ,56.79,13,9,11,17,118.5,2911955725.3124695,27242546.0,0.18280001,-60.87,1273740,1304873,1281682,0.064
5059,INTZ,Technology,Software - Infrastructure,NASDAQ,56.67,13,22,16,10,0.68,17645006.86114955,24506953.0,0.0178,-70.04,56550,179976,190824,-0.224
5060,DRIO,Healthcare,Health Information Services,NASDAQ,56.67,13,20,13,9,5.43,63304647.633820534,9799481.0,0.0082,-67.19,19930,23620,26046,-0.036
5061,RNA,Healthcare,Biotechnology,NASDAQ,56.66,13,18,24,35,8.26,134108243.73011398,17105643.0,11.64,-50.75,342930,382046,290272,-0.219
5062,MSB,Basic Materials,Steel,NYSE,56.66,13,20,23,34,18.36,247968183.99511337,13120010.0,0.011,-56.68,64780,44073,39748,-0.558
5063,HUBG,Industrials,Integrated Freight & Logistics,NASDAQ,56.64,13,29,80,62,26.43,1820540020.6938553,61153510.0,0.0846,-50.38,1525440,1372236,1361070,-0.053
5064,EOCN,Healthcare,Biotechnology,NASDAQ,56.63,13,12,8,14,3.62,3856324.6279377937,1068234.0,0.0107,-72.58,7420,26170,29576,
5065,QXO,Industrials,Industrial Distribution,NYSE,56.59,13,13,15,77,11.12,12512138385.888428,1037490709.0,0.1185,-59.72,24732090,19740970,18726496,0.703
5066,RDHL,Healthcare,Drug Manufacturers - Specialty & Generic,NASDAQ,56.58,13,11,13,7,0.58,4443842.0,8887684.0,0.039300002,-73.15,1709620,4331976,2609822,
5067,BBW,Consumer Cyclical,Specialty Retail,NYSE,56.57,13,13,17,16,25.9,314882196.0207653,12319335.0,0.2741,-64.12,381690,812706,649054,-0.072
5068,YSG,Consumer Defensive,Household & Personal Products,NYSE,56.54,13,10,21,11,2.51,247633459.2000692,93800549.0,0.0044,-72.3,69250,89176,86424,0.051
5069,BUR,Financial Services,Asset Management,NYSE,56.53,13,14,10,5,3.44,801523964.5922685,219595601.0,0.0708,-71.29,2266350,2008756,1820122,-0.372
5070,SMR,Industrials,Specialty Industrial Machinery,NYSE,56.48,13,18,6,8,7.32,3180518795.5,410389522.0,0.20639999,-87.25,32234880,35828710,35157822,-0.991
5071,ERII,Industrials,Pollution & Treatment Controls,NASDAQ,56.48,13,15,15,15,6.84,345573802.7763963,51044875.0,0.0762,-62.66,857110,1022963,1010792,-0.572
5072,LUCK,Consumer Cyclical,Leisure,NYSE,56.46,13,12,21,36,5.07,721175220.5994987,136328020.0,0.2034,-52.53,52310,91770,78384,0.009
5073,JSPR,Healthcare,Biotechnology,NASDAQ,56.46,13,24,6,6,0.56,18800126.885667264,33274561.0,0.1778,-79.18,383040,364653,521838,
5074,OCG,Consumer Cyclical,Internet Retail,NASDAQ,56.43,13,5,4,1,1.67,3353279.7969703674,1938312.0,0.0553,-99.99,88220,64576,72708,8.961
5075,AIOT,Technology,Software - Application,NASDAQ,56.35,12,15,55,13,2.64,377174821.89953136,134225918.0,0.113900006,-55.1,1892910,1513743,1954944,0.064
5076,XPON,Industrials,Electrical Equipment & Parts,NASDAQ,56.32,12,10,4,18,4.03,4003402.018193245,953191.0,0.18030001,-81.03,24550,413463,3188264,-0.321
5077,QDEL,Healthcare,Medical Devices,NASDAQ,56.25,12,13,21,6,12.41,738557380.1813393,68575427.0,0.2821,-65.12,2048040,1590700,1635990,0.028
5078,AIV,Real Estate,REIT - Residential,NYSE,56.25,12,25,32,34,1.78,280307205.52202153,145236898.0,0.013099999,-77.78,2563010,2109376,1602902,-0.039
5079,MGX,Healthcare,Biotechnology,NASDAQ,56.2,12,19,17,20,0.99,38532646.379458904,37777105.0,0.0467,-74.94,156030,156440,150784,
5080,CHTR,Communication Services,Telecom Services,NASDAQ,56.14,12,19,9,32,109.67,12509070880.91906,114457597.0,0.3875,-61.47,2958770,2985896,2866694,-0.017
5081,IQST,Communication Services,Telecom Services,NASDAQ,56.14,12,8,3,3,1.05,6938024.187283039,6735946.0,0.0624,-83.99,256640,299660,580214,0.511
5082,TNYA,Healthcare,Biotechnology,NASDAQ,56.08,12,15,39,47,0.54,126465729.12026644,224230012.0,0.1243,-77.02,3476080,2539570,2385078,
5083,LIDR,Technology,Software - Infrastructure,NASDAQ,56.03,12,13,18,82,1.04,52272829.502550244,46672169.0,0.060500003,-74.0,444560,5275026,3527298,8.182
5084,BHR,Real Estate,REIT - Hotel & Motel,NYSE,56.02,12,16,21,51,1.49,114007665.58758044,68679318.0,0.0324,-53.29,565560,515740,432032,-0.045
5085,CMCT,Real Estate,REIT - Office,NASDAQ,56.0,12,2,1,0,3.78,12225340.846592188,3217195.0,0.0126,-99.74,3456230,1167650,714296,-0.095
5086,CLVT,Technology,Information Technology Services,NYSE,55.93,12,15,19,18,1.63,946702736.6406226,639664003.0,0.1374,-58.31,3860400,4215546,4435754,-0.055
5087,FMC,Basic Materials,Agricultural Inputs,NYSE,55.85,12,25,8,17,8.92,1312808216.9302988,155546005.0,0.2825,-72.12,5191180,4206836,3871396,-0.175
5088,MNSO,Consumer Cyclical,Specialty Retail,NYSE,55.83,12,9,16,24,9.07,2583513351.107641,292583621.0,0.0347,-60.74,894020,1022960,878774,0.17
5089,LULU,Consumer Cyclical,Apparel Retail,NASDAQ,55.78,12,13,13,21,92.68,10457668860.141945,110710025.0,0.13069999,-58.99,5091000,7133756,5361410,-0.043
5090,GWAV,Industrials,Waste Management,NASDAQ,55.77,12,50,8,6,2.34,1912299.5103838444,829631.0,0.028199999,-90.25,32400,49836,46880,0.455
5091,SNAL,Communication Services,Electronic Gaming & Multimedia,NASDAQ,55.66,12,12,54,23,2.27,19434110.553274155,8955811.0,0.0379,-78.98,13620,29520,88114,-0.113
5092,GYRO,Real Estate,Real Estate Services,NASDAQ,55.65,12,12,16,23,4.7,10028844.354154587,2199308.0,0.0002,-54.37,2590,2710,2316,-0.018
5093,NIO,Consumer Cyclical,Auto Manufacturers,NYSE,55.6,12,13,30,87,3.41,8444097577.389166,2505667022.0,0.0728,-56.62,31105020,36904536,32905908,0.691
5094,AEC,Energy,Uranium,NASDAQ,55.56,12,25,14,39,3.24,68627918.58154678,19949976.0,0.0032,-74.06,32140,37906,42636,
5095,NGEN,Healthcare,Biotechnology,NASDAQ,55.48,12,23,6,74,1.75,191390283.6637528,107522633.0,9.14,-72.22,468600,547053,509270,
5096,BGM,Healthcare,Drug Manufacturers - Specialty & Generic,NASDAQ,55.46,12,5,5,0,9.96,124727398.77767563,13354111.0,0.0002,-96.8,10951,5928,7181,0.698
5097,EXOZ,Healthcare,Biotechnology,NASDAQ,55.4,12,14,9,36,5.27,53688124.59252691,9304701.0,0.0041,-71.36,6040,6980,6352,
5098,FUN,Consumer Cyclical,Leisure,NYSE,55.36,12,15,37,30,11.41,1186869258.2305756,102316312.0,0.2522,-58.31,3311810,2514040,2416244,-0.07
5099,CLIR,Industrials,Pollution & Treatment Controls,NASDAQ,55.35,12,22,10,20,3.11,23894166.98507905,6807455.0,0.0029,-72.23,17480,19923,17918,3.211
5100,LANV,Consumer Cyclical,Luxury Goods,NYSE,55.32,12,9,19,22,0.93,138378048.28300595,139775805.0,0.0033000002,-59.74,20050,32286,49474,-0.129
5101,CHR,Communication Services,Advertising Agencies,NASDAQ,55.3,12,7,10,1,1.57,3869997.394080043,2345453.0,0.041100003,-96.26,380210,150506,105734,-0.147
5102,PMI,Healthcare,Medical Devices,NYSE ARCA,55.23,12,2,0,3,9.68,13517305.01066494,2338634.0,0.1499,-98.58,389800,500086,1923502,0.386
5103,IZEA,Communication Services,Advertising Agencies,NASDAQ,55.19,12,19,25,81,2.35,42669901.53047323,17416286.0,0.0078,-59.89,58550,40103,56720,-0.364
5104,NATR,Consumer Defensive,Packaged Foods,NASDAQ,55.19,12,13,58,91,12.57,219064220.6439209,17595520.0,0.0646,-55.33,113460,140623,179080,0.019
5105,BCG,Financial Services,Asset Management,NASDAQ,55.11,12,14,17,26,1.04,17230732.147301912,17060131.0,0.00090000004,-69.77,18980,24460,40462,0.123
5106,SEED,Basic Materials,Agricultural Inputs,NASDAQ,54.98,12,29,26,47,0.7,8975119.715666771,12128540.0,0.0023,-71.89,90620,39830,198050,-0.319
5107,CRDF,Healthcare,Biotechnology,NASDAQ,54.83,12,12,5,11,1.06,87130679.25095665,77795249.0,0.16149999,-67.98,461970,737520,756110,-0.141
5108,BSEM,Healthcare,Biotechnology,NASDAQ,54.82,12,44,18,23,2.64,50972209.826123714,18671139.0,1.2,-68.57,167860,166180,148842,-0.279
5109,INTS,Healthcare,Biotechnology,NASDAQ,54.82,12,17,16,8,3.68,11231183.946817875,3264879.0,0.01,-91.54,20290,17610,26804,
5110,BBAI,Technology,Information Technology Services,NYSE,54.8,12,11,10,18,2.42,1270660452.1781583,479494493.0,0.3149,-74.23,16737760,16174530,18424870,0.132
5111,COLL,Healthcare,Drug Manufacturers - Specialty & Generic,NASDAQ,54.7,12,11,51,35,22.11,682602244.0503044,30999193.0,0.2082,-56.47,764490,900140,862922,0.063
5112,STLA,Consumer Cyclical,Auto Manufacturers,NYSE,54.68,12,13,12,29,4.52,16576225387.280003,3767323870.0,0.0513,-63.01,32628050,25714546,24423920,0.131
5113,ECX,Consumer Cyclical,Auto Parts,NASDAQ,54.66,12,18,22,19,0.83,337186157.9189014,392990869.0,0.0344,-69.26,1302470,1174923,981430,0.475
5114,IPST,Financial Services,Capital Markets,NASDAQ,54.63,12,8,0,1,3.01,2222460.1849479675,721578.0,0.0145000005,-99.11,535560,244310,3125586,0.607
5115,ONT,Industrials,Waste Management,NYSE,54.6,12,23,27,51,13.71,446342460.3796234,35117424.0,0.1355,-55.63,913200,658423,768546,-0.204
5116,CELZ,Healthcare,Biotechnology,NASDAQ,54.6,12,6,4,50,0.86,7185595.84415251,7592557.0,0.0128,-86.24,139950,888290,8604798,
5117,BIOX,Basic Materials,Agricultural Inputs,NASDAQ,54.6,12,11,4,3,0.33,21825035.20887661,63815891.0,0.0087,-84.93,102990,412513,326848,-0.234
5118,MLEC,Healthcare,Biotechnology,NASDAQ,54.59,12,24,22,18,4.19,3449060.5,726118.0,0.0156,-81.96,18620,22786,17312,
5119,HTOO,Utilities,Utilities - Renewable,NASDAQ,54.58,12,16,15,10,1.92,16159957.566806316,7516259.0,0.0025,-64.57,24250,90510,58904,3.663
5120,LODE,Basic Materials,Other Precious Metals & Mining,NYSE ARCA,54.5,12,28,75,31,2.21,173264144.9858215,75993047.0,0.103199996,-55.62,1403490,1290783,1190572,-0.196
5121,GRI,Healthcare,Biotechnology,NASDAQ,54.49,12,7,3,1,1.68,4284785.483393669,2186115.0,0.053600002,-97.38,47990,404916,411588,
5122,AIMD,Technology,Scientific & Technical Instruments,NASDAQ,54.42,12,15,30,20,1.21,9990651.099974036,7384073.0,0.0153,-72.75,87420,247103,233218,-0.967
5123,GDHG,Consumer Cyclical,Leisure,NASDAQ,54.42,12,9,6,5,1.18,69604350.44692755,59490900.0,0.0007,-84.85,65550,451440,273570,-0.482
5124,WRD,Technology,Software - Application,NASDAQ,54.42,12,20,16,27,4.51,1654284658.1709952,329210871.0,0.0438,-63.64,3514280,2688013,2647464,0.822
5125,MSAI,Technology,Electronic Components,NASDAQ,54.33,12,7,8,4,4.44,10377573.671722412,2205648.0,0.62369996,-95.38,5350,9136,15790,0.195
5126,BLDR,Industrials,Building Products & Equipment,NYSE,54.33,12,11,17,16,53.81,6052300706.25,107596457.0,0.098900005,-59.08,2190310,3309266,2795416,-0.088
5127,PEW,Industrials,Aerospace & Defense,NYSE,54.27,12,16,12,11,1.88,56960933.79195857,29513438.0,0.103599995,-64.05,228840,204086,227830,0.094
5128,FLX,Industrials,Integrated Freight & Logistics,NASDAQ,54.24,12,9,18,32,1.55,103113170.65902591,73129910.0,0.76,-65.17,170300,200290,174660,-0.082
5129,LVO,Communication Services,Internet Content & Information,NASDAQ,54.15,12,16,67,25,2.73,36062006.63918972,13711789.0,0.0182,-62.03,83950,116430,93428,0.007
5130,STG,Consumer Defensive,Education & Training Services,NYSE,54.1,12,15,18,9,2.69,36400791.58194733,12772208.0,0.0081,-68.46,1150,5180,12124,-0.246
5131,VNET,Technology,Information Technology Services,NASDAQ,54.03,12,15,24,68,5.17,1460468161.170373,284691643.0,0.2492,-64.3,5407030,4294503,4736254,0.142
5132,ACON,Healthcare,Health Information Services,NASDAQ,53.99,12,11,10,10,2.31,6860043.309861183,2882371.0,0.026400002,-80.8,33230,44593,55624,0.305
5133,PHAT,Healthcare,Biotechnology,NASDAQ,53.96,12,17,32,88,7.13,559834469.4522514,80900934.0,0.1321,-61.06,1350070,1287663,1494628,0.88
5134,CNF,Financial Services,Mortgage Finance,NYSE,53.89,11,8,10,10,1.98,32536355.99575138,16858216.0,0.0013,-69.49,11320,6370,6556,
5135,AHT,Real Estate,REIT - Hotel & Motel,NYSE,53.83,11,31,23,9,2.16,14751175.734897137,6469814.0,0.0004,-64.18,19850,19056,28810,-0.095
5136,NPT,Basic Materials,Chemicals,NASDAQ,53.81,11,16,6,18,2.45,54131401.26943588,22185000.0,0.00029999999,-89.05,19070,21770,25384,-0.358
5137,MRNO,Real Estate,Real Estate - Development,NASDAQ,53.81,11,4,2,1,0.26,21364647.50818062,79718832.0,0.096,-91.07,13583340,16216153,9840222,-0.149
5138,FLUT,Consumer Cyclical,Gambling,NYSE,53.64,11,15,14,7,81.58,12982459796.940552,173539102.0,0.0983,-68.19,3036950,3019203,3229952,0.033
5139,STUB,Communication Services,Internet Content & Information,NYSE,53.57,11,8,25,4,6.14,2031115741.1228142,375437301.0,0.0975,-71.43,6158110,6618646,6687958,0.332
5140,SPPL,Industrials,Specialty Industrial Machinery,NASDAQ,53.51,11,8,79,10,1.9,20110610.82829833,9786185.0,0.0013,-72.86,20320,50840,82382,0.026
5141,LNZA,Industrials,Waste Management,NASDAQ,53.47,11,12,2,67,6.04,79058544.02068806,13089163.0,0.0669,-86.27,46730,58543,63562,-0.008
5142,PNR,Industrials,Specialty Industrial Machinery,NYSE,53.41,11,13,13,28,52.3,8463587805.175781,159600000.0,0.0452,-53.73,2271800,3363800,3152174,-0.17
5143,NEXM,Basic Materials,Other Industrial Metals & Mining,NASDAQ,53.4,11,17,12,6,1.69,66305585.54995108,35648164.0,3.86,-74.6,41560,34976,33494,
5144,AAPG,Healthcare,Biotechnology,NASDAQ,53.4,11,16,14,35,14.55,1434921072.4549675,93388942.0,0.00029999999,-63.83,7540,7100,6670,0.293
5145,LUD,Basic Materials,Steel,NYSE ARCA,53.37,11,17,16,17,3.54,86675798.48527908,22690000.0,0.0062,-85.37,5300,4330,7806,-0.177
5146,BDMD,Healthcare,Medical Devices,NASDAQ,53.36,11,12,12,45,0.79,24116442.026565075,32112440.0,0.0029,-78.65,50280,57970,55652,0.246
5147,LFMD,Healthcare,Health Information Services,NASDAQ,53.34,11,13,33,20,2.65,132220993.84020352,48255837.0,0.1834,-62.78,701020,790460,876226,-0.035
5148,TKLF,Consumer Cyclical,Specialty Retail,NASDAQ,53.33,11,15,19,15,1.58,8374717.5,5583145.0,0.3808,-58.2,18200,13566,18010,0.63
5149,LUCD,Healthcare,Medical Devices,NASDAQ,53.33,11,18,31,54,0.65,119724848.79322171,190948730.0,0.0864,-60.1,2105800,1438900,1258148,0.267
5150,MDBH,Financial Services,Capital Markets,NASDAQ,53.31,11,28,33,35,2.05,25052717.795505524,10438632.0,0.0001,-57.29,4900,3150,2748,
5151,ATXG,Industrials,Integrated Freight & Logistics,NASDAQ,53.27,11,11,9,17,3.17,3863754.6862978935,1177974.0,0.0001,-80.79,10510,5433,18336,3.16
5152,SNOA,Healthcare,Drug Manufacturers - Specialty & Generic,NASDAQ,53.27,11,15,5,15,1.16,5937647.045665979,4788425.0,0.0421,-74.78,41960,51636,126186,0.596
5153,JOBY,Industrials,Airports & Air Services,NYSE,53.27,11,9,13,19,5.75,5927950573.671953,996294246.0,0.1859,-71.22,21554900,24189836,26296256,2574.933
5154,MNY,Communication Services,Internet Content & Information,NASDAQ,53.25,11,10,18,70,0.66,29579515.35316229,44082735.0,0.0027,-58.75,17970,28440,21700,-0.126
5155,HERE,Consumer Cyclical,Leisure,NASDAQ,53.23,11,9,4,12,1.66,92453848.09326053,54384615.0,0.0115,-80.36,8240,20503,19604,-0.793
5156,AHCO,Healthcare,Medical Devices,NASDAQ,53.09,11,10,45,82,6.07,747091288.877111,133409161.0,0.096099995,-54.8,2295410,2668490,3437638,0.127
5157,WSHP,Communication Services,Internet Content & Information,NASDAQ,52.99,11,7,4,5,4.77,58234148.55164766,11717133.0,0.191,-98.09,153250,151940,378676,-0.807
5158,SSII,Healthcare,Medical Devices,NASDAQ,52.95,11,16,13,13,2.63,534351213.7188244,200131535.0,0.0011,-73.7,64120,64616,55768,0.394
5159,SNT,Industrials,Security & Protection Services,NASDAQ,52.93,11,9,7,16,1.55,35930744.72996807,23331653.0,0.0001,-70.97,9070,11220,10882,0.082
5160,GMHS,Communication Services,Electronic Gaming & Multimedia,NASDAQ,52.93,11,16,21,19,0.59,34648702.31254697,56801150.0,0.0045,-60.67,120670,309980,194096,-0.204
5161,AEON,Healthcare,Biotechnology,NYSE ARCA,52.92,11,5,3,78,0.31,13917299.11168605,49882790.0,0.0785,-78.62,13516740,13156020,9609644,
5162,ATPC,Consumer Defensive,Packaged Foods,NASDAQ,52.92,11,5,8,2,2.11,2062290.29478693,1000626.0,0.023,-97.13,8740,16593,153988,-0.934
5163,ARDX,Healthcare,Biotechnology,NASDAQ,52.9,11,11,33,72,3.27,862346468.3195829,258187572.0,0.1013,-61.07,4448420,4290323,4652044,0.238
5164,GIFT,Communication Services,Internet Content & Information,NASDAQ,52.89,11,22,18,54,0.57,19483847.222301006,35425176.0,0.0007,-55.81,514550,195520,152504,0.04
5165,CLNN,Consumer Defensive,Packaged Foods,NASDAQ,52.84,11,11,60,84,3.88,57993041.39555931,14213981.0,0.0937,-71.26,95780,128310,108986,2.333
5166,AMTD,Financial Services,Asset Management,NYSE,52.71,11,16,31,43,0.58,70613048.3704949,94910009.0,0.0001,-64.85,44540,18943,16462,-0.826
5167,PONY,Technology,Information Technology Services,NASDAQ,52.69,11,10,8,56,5.76,2641567925.904312,435184160.0,0.0674,-76.59,4472350,3872436,3943724,0.688
5168,ATOS,Healthcare,Biotechnology,NASDAQ,52.63,11,8,3,8,2.42,23351556.463469982,9979298.0,0.0764,-87.49,79670,59430,59942,
5169,QS,Consumer Cyclical,Auto Parts,NASDAQ,52.6,11,12,14,23,4.58,2811213102.916651,615145076.0,0.1936,-75.98,13271000,12306550,14375812,
5170,RENX,Real Estate,Real Estate - Development,NASDAQ,52.59,11,9,6,4,1.73,5279186.967618108,2646209.0,0.0842,-94.76,177520,139626,114032,2.034
5171,NCMI,Communication Services,Advertising Agencies,NASDAQ,52.52,11,13,53,23,2.21,197876399.95205617,93780289.0,0.1285,-51.54,1710630,1247943,1328482,0.127
5172,AMST,Technology,Software - Application,NASDAQ,52.47,11,10,6,16,0.89,6156859.924383938,6549851.0,0.0056,-77.18,60970,110253,116244,0.419
5173,NKLR,Utilities,Utilities - Regulated Electric,NASDAQ,52.46,11,31,12,12,3.27,387858186.0261812,110500908.0,0.0533,-85.07,271980,494260,468938,
5174,NAGE,Consumer Defensive,Packaged Foods,NASDAQ,52.41,11,12,9,13,2.66,220761542.56158257,79126002.0,0.077800006,-66.54,685740,486133,555070,-0.043
5175,XPEV,Consumer Cyclical,Auto Manufacturers,NYSE,52.33,11,10,17,28,9.55,8861284752.5,957976730.0,0.06,-66.18,6067040,6464406,7131562,0.08
5176,IVVD,Healthcare,Biotechnology,NASDAQ,52.27,11,12,10,92,0.7,242291697.08290768,294758746.0,0.1145,-77.2,9714190,6615136,5460478,0.212
5177,APP,Communication Services,Advertising Agencies,NASDAQ,52.27,11,10,33,68,280.12,90105698732.70242,335939521.0,0.0376,-62.04,5555680,5151160,5942688,0.528
5178,ANVS,Healthcare,Biotechnology,NYSE,52.26,11,8,27,26,1.17,50361287.38139427,42679059.0,0.1548,-78.73,742880,1175396,931476,
5179,AQMS,Industrials,Waste Management,NASDAQ,52.25,11,10,7,8,2.07,8303026.958124161,3563531.0,0.052600004,-94.75,50250,37106,36020,
5180,TGEN,Industrials,Electrical Equipment & Parts,NYSE ARCA,52.2,11,10,20,40,2.47,79997731.17893505,30187822.0,0.0461,-79.54,181500,156083,167990,-0.212
5181,ABVC,Healthcare,Biotechnology,NASDAQ,52.18,11,10,14,14,0.98,26961420.50542164,26694476.0,0.0231,-71.18,92190,123316,116108,
5182,MEGL,Financial Services,Capital Markets,NASDAQ,52.17,11,35,34,24,0.7,64505814.30842996,70421194.0,0.00059999997,-63.16,19980,12396,12076,0.267
5183,EU,Energy,Uranium,NASDAQ,52.15,11,11,6,23,1.01,198117660.37529945,194233004.0,0.20959999,-75.84,3106630,6752220,5615464,3.284
5184,BRCB,Consumer Cyclical,Restaurants,NASDAQ,52.13,11,17,5,12,7.16,154565293.56715488,22207657.0,0.0925,-72.96,248490,350766,358198,0.25
5185,EQS,Financial Services,Asset Management,NYSE,52.08,11,11,19,49,0.8,12290692.413401604,13966696.0,0.0001,-65.07,17920,16156,12918,-0.109
5186,FOA,Financial Services,Credit Services,NYSE,52.06,11,18,66,48,13.05,124442406.0,9217956.0,0.1094,-56.19,69690,70976,62432,-0.648
5187,EVGN,Healthcare,Biotechnology,NASDAQ,52.04,11,10,10,15,0.4,6794605.12302047,15801407.0,0.0036000002,-73.33,7290850,2564290,1803712,-0.607
5188,DFH,Consumer Cyclical,Residential Construction,NYSE,52.03,11,14,30,14,9.6,973252518.5,90535118.0,0.48790002,-63.79,1118480,1009176,878586,-0.076
5189,VTGN,Healthcare,Biotechnology,NASDAQ,52.01,11,3,2,8,0.25,12425535.1329014,44376911.0,0.0612,-95.14,2458250,21094200,15557032,5.049
5190,ACCS,Communication Services,Advertising Agencies,NYSE ARCA,51.95,11,13,19,24,4.6,18026601.98600006,3827304.0,0.006,-59.44,6570,19826,24180,-0.001
5191,LOT,Consumer Cyclical,Auto Manufacturers,NASDAQ,51.92,11,18,12,23,0.77,551800495.6676453,646893910.0,0.0042,-65.93,72030,319293,329154,0.068
5192,GNTA,Industrials,Conglomerates,NASDAQ,51.66,10,8,76,4,0.71,35921559.439915895,48216858.0,0.0026,-92.9,50860,59520,54184,
5193,NCNA,Healthcare,Biotechnology,NASDAQ,51.62,10,9,5,5,1.13,4536548.52892077,4161971.0,0.0257,-84.35,471760,217040,143584,
5194,OLMA,Healthcare,Biotechnology,NASDAQ,51.55,10,33,62,96,7.82,719667850.9526882,87497607.0,0.22309999,-78.43,1133010,1155736,1093724,
5195,BTOC,Industrials,Integrated Freight & Logistics,NASDAQ,51.4,10,16,12,4,0.22,10315578.846324205,45443079.0,0.0073,-76.72,100050,52116,111618,-0.153
5196,CNTY,Consumer Cyclical,Resorts & Casinos,NASDAQ,51.39,10,17,15,23,0.86,29263198.606632233,28137692.0,0.0076,-68.5,81210,53173,63160,0.008
5197,ATLX,Basic Materials,Other Industrial Metals & Mining,NASDAQ,51.27,10,17,13,35,2.31,72540532.63348699,30099805.0,0.0946,-72.0,321340,252056,221614,
5198,DBVT,Healthcare,Biotechnology,NASDAQ,51.22,10,27,38,91,9.55,663051655.3373995,62848497.0,0.0215,-63.53,476230,365450,350378,-0.533
5199,VEEA,Technology,Information Technology Services,NASDAQ,51.2,10,1,2,27,3.87,10358657.402671814,3110708.0,0.64769995,-79.28,15574790,14146096,8552112,1.416
5200,GLXG,Industrials,Staffing & Employment Services,NASDAQ,51.17,10,5,7,11,1.02,5901899.906853437,5961515.0,0.0117,-80.53,162150,98506,198918,0.022
5201,THCH,Consumer Cyclical,Restaurants,NASDAQ,51.03,10,13,20,23,1.15,37162372.57066548,32036529.0,0.0029,-64.62,10300,7066,9330,-0.217
5202,LAC,Basic Materials,Other Industrial Metals & Mining,NYSE,51.01,10,17,14,60,2.36,925759487.3387635,363042943.0,0.09729999,-77.57,7848790,9039293,9372214,
5203,KPLT,Technology,Software - Infrastructure,NASDAQ,51.0,10,80,26,26,4.47,383517726.9816327,84849055.0,0.0031,-72.18,315320,270983,198772,
5204,GMTL,Basic Materials,Other Precious Metals & Mining,NYSE ARCA,50.99,10,23,13,88,7.35,343123643.81010246,39759402.0,2.0,-66.91,262280,192936,191650,
5205,UTI,Consumer Defensive,Education & Training Services,NYSE,50.97,10,12,80,80,20.31,1067745530.542242,55095231.0,0.1259,-60.44,1668920,1787710,1839272,0.072
5206,OKLO,Utilities,Utilities - Independent Power Producers,NYSE,50.96,10,10,10,69,34.57,6672452906.811714,186017650.0,0.2052,-82.17,9922960,10125836,10079416,
5207,EVEX,Industrials,Aerospace & Defense,NYSE,50.95,10,13,11,11,1.67,606366222.7434247,348486333.0,0.1249,-67.64,1168520,999570,971666,
5208,ARAY,Healthcare,Medical Devices,NASDAQ,50.92,10,7,4,4,0.24,33443006.10238275,119439307.0,0.047399998,-88.57,41098820,14014113,8927764,-0.209
5209,AVD,Basic Materials,Agricultural Inputs,NYSE,50.85,10,11,23,11,1.71,51331099.96133995,29500632.0,0.0069999998,-69.19,284960,274076,292482,-0.097
5210,DXF,Financial Services,Credit Services,NYSE ARCA,50.81,10,6,4,3,0.5,1488539.787002921,3235956.0,0.0116,-85.67,104100,496546,1148904,-0.532
5211,RCAT,Industrials,Aerospace & Defense,NASDAQ,50.81,10,17,13,78,5.91,977371931.3639765,152714362.0,0.2667,-68.53,6147540,7835020,8497416,5.272
5212,EVGO,Consumer Cyclical,Specialty Retail,NASDAQ,50.81,10,8,12,13,1.27,434031692.1002722,314515720.0,0.3006,-75.34,3385300,4135406,3815722,-0.157
5213,POLA,Industrials,Electrical Equipment & Parts,NASDAQ,50.79,10,12,20,22,1.08,4998809.89616096,4309319.0,0.0802,-81.22,243070,150696,330882,-0.624
5214,TARA,Healthcare,Biotechnology,NASDAQ,50.77,10,33,30,75,2.65,151751442.58002687,56204237.0,0.076,-66.11,2125640,1285320,915618,
5215,TURB,Technology,Solar,NASDAQ,50.58,10,15,18,33,0.98,13581455.219678521,12575421.0,0.0505,-84.92,1561100,3522976,2217414,1.69
5216,PETS,Healthcare,Pharmaceutical Retailers,NASDAQ,50.46,10,24,18,18,1.28,29483323.350119352,21678914.0,0.035099998,-68.78,134140,118013,109800,-0.199
5217,LIVE,Consumer Cyclical,Home Improvement Retail,NASDAQ,50.4,10,16,15,25,7.73,23344585.307064056,3071656.0,0.0029,-65.95,2480,5623,8458,-0.032
5218,CWH,Consumer Cyclical,Auto & Truck Dealerships,NYSE,50.3,10,15,13,9,4.48,321054611.95163727,63827952.0,0.1838,-73.88,2643490,2119113,2014962,-0.021
5219,YMAT,Basic Materials,Specialty Chemicals,NASDAQ,50.24,10,11,28,2,1.3,5794599.045338273,4010103.0,0.0252,-90.0,164890,2590700,1574442,
5220,WHR,Consumer Cyclical,"Furnishings, Fixtures & Appliances",NYSE,50.24,10,12,9,15,29.16,1976193112.3597755,65199378.0,0.00059999997,-69.25,3176930,2927393,2678266,-0.068
5221,OI,Consumer Cyclical,Packaging & Containers,NYSE,50.11,10,11,19,21,6.17,860494568.5458646,153659747.0,0.15689999,-63.51,4209210,3600693,3373156,-0.022
5222,TLRY,Healthcare,Drug Manufacturers - Specialty & Generic,NASDAQ,50.06,10,11,9,26,3.59,533493513.50703645,147782141.0,0.1392,-84.53,4877060,3927416,4110156,0.255
5223,AAME,Financial Services,Insurance - Life,NASDAQ,50.03,10,9,12,64,1.21,25904479.17095375,20397228.0,0.0056,-62.65,15720,71016,77646,0.208
5224,ALMS,Healthcare,Biotechnology,NASDAQ,50.0,10,30,99,99,6.97,886631374.8060937,129435239.0,0.081099994,-77.77,2242280,4128940,2833654,-0.377
5225,GPCR,Healthcare,Biotechnology,NASDAQ,49.92,10,46,84,91,25.67,1973143748.6305103,71309857.0,0.1268,-72.95,1637630,1365560,1072538,
5226,GBFH,Financial Services,Banks - Regional,NASDAQ,49.9,10,10,32,24,17.6,260280078.4400711,14516457.0,0.073699996,-58.32,68040,75230,98132,0.145
5227,SNGX,Healthcare,Biotechnology,NASDAQ,49.89,10,7,3,22,0.35,5484944.45068717,14824174.0,0.0093,-82.23,137290,212993,224634,
5228,LTBR,Industrials,Electrical Equipment & Parts,NASDAQ,49.88,10,12,8,28,6.01,225163926.87536335,35236922.0,0.1464,-80.82,794580,806026,829104,
5229,MMA,Consumer Cyclical,Leisure,NYSE ARCA,49.78,10,14,11,6,0.34,9851877.485624224,26483541.0,0.028099999,-80.35,281770,462686,7642046,
5230,MTEN,Industrials,Metal Fabrication,NASDAQ,49.75,10,3,5,0,1.02,7715804.027144909,7639410.0,0.0177,-99.91,7869270,3071246,3256958,0.17
5231,PASG,Healthcare,Biotechnology,NASDAQ,49.73,10,16,7,85,3.78,13257376.83175087,3217810.0,0.0376,-81.1,17890,24323,20234,
5232,FICO,Technology,Software - Application,NYSE,49.68,10,17,32,12,707.43,14281436143.75,21597635.0,0.1082,-62.5,1788150,879763,681460,0.257
5233,ODYS,Technology,Scientific & Technical Instruments,NASDAQ,49.67,10,27,55,67,2.57,47227402.08830118,16806905.0,0.0014,-77.26,34000,30120,29302,0.16
5234,BRAG,Consumer Cyclical,Gambling,NASDAQ,49.65,10,15,16,15,1.12,37276086.28121853,31063404.0,6.75,-62.42,13120,21243,20620,-0.122
5235,FIP,Industrials,Conglomerates,NASDAQ,49.63,10,15,20,63,2.66,317317957.08258677,118181737.0,0.26790002,-60.24,1365950,1331693,1443872,0.527
5236,RARE,Healthcare,Biotechnology,NASDAQ,49.56,10,8,74,29,15.29,1500522673.3860693,98588873.0,0.17379999,-61.67,4565340,6013986,4493396,0.281
5237,SRG,Real Estate,Real Estate Services,NYSE,49.54,10,11,26,19,1.63,101947537.25708008,56324608.0,0.1094,-62.79,159130,169536,151296,-0.56
5238,PLAY,Communication Services,Entertainment,NASDAQ,49.52,10,8,11,14,6.97,235106847.0,34830644.0,0.3621,-68.46,1931600,2933860,2311206,-0.024
5239,CRBP,Healthcare,Biotechnology,NASDAQ,49.49,10,33,32,74,5.27,118562128.30343533,19341293.0,0.1633,-74.37,865870,1174566,894900,
5240,VITL,Consumer Defensive,Farm Products,NASDAQ,49.46,10,9,14,4,9.44,388959607.33478355,42931522.0,0.3508,-79.09,1750970,1709846,1640960,-0.101
5241,KLXE,Energy,Oil & Gas Equipment & Services,NASDAQ,49.44,10,13,72,73,1.26,29513299.518021464,21386449.0,0.1463,-72.0,695180,828166,743196,0.052
5242,FLYX,Industrials,Airlines,NYSE ARCA,49.41,10,5,5,26,1.31,65189685.0,52151748.0,0.0004,-85.25,188490,265886,300954,0.217
5243,PZZA,Consumer Cyclical,Restaurants,NASDAQ,49.38,10,10,23,36,19.46,639286142.0608978,32902014.0,0.2865,-65.09,1414480,1448106,1590016,-0.088
5244,SKYQ,Energy,Oil & Gas Integrated,NASDAQ,49.24,10,91,12,95,2.52,21730139.736967087,8833390.0,0.0864,-87.04,700010,2988276,2451584,
5245,EVO,Healthcare,Drug Manufacturers - Specialty & Generic,NASDAQ,49.19,10,11,9,25,1.57,568622597.2731369,355389118.0,0.00029999999,-63.23,129910,144826,111910,-0.162
5246,ONCY,Healthcare,Biotechnology,NASDAQ,49.17,10,22,23,72,0.54,80331617.54198253,127510505.0,0.0691,-61.97,944510,1042360,894532,
5247,PPBT,Healthcare,Biotechnology,NASDAQ,48.95,10,12,2,8,1.44,2456569.1544849873,1626867.0,0.0498,-89.79,19160,2656010,1626668,
5248,STXS,Healthcare,Medical Instruments & Supplies,NYSE ARCA,48.79,10,11,15,23,1.11,118238564.7841866,100202178.0,0.065799996,-69.08,523540,518606,572302,-0.128
5249,SERV,Industrials,Integrated Freight & Logistics,NASDAQ,48.79,10,7,7,27,4.45,400155124.9592266,86707507.0,0.3859,-76.13,2726670,2929670,3825554,4.044
5250,HRTX,Healthcare,Biotechnology,NASDAQ,48.78,9,7,4,11,0.36,66448306.31839207,189852307.0,0.291,-77.22,2658650,2278176,2619584,0.013
5251,AIXI,Technology,Software - Application,NASDAQ,48.77,9,4,0,75,1.93,238038.52247476578,131513.0,0.01,-96.44,21308330,8057633,10906695,-0.978
5252,SKIN,Consumer Defensive,Household & Personal Products,NASDAQ,48.75,9,15,17,14,0.57,81988680.06944048,130140763.0,0.1521,-67.61,272700,329030,382576,-0.078
5253,NBP,Healthcare,Biotechnology,NASDAQ,48.74,9,17,12,77,1.37,156703726.48082018,115648505.0,0.0541,-79.82,929340,502100,405606,
5254,QNC,Technology,Software - Infrastructure,NYSE ARCA,48.65,9,8,17,18,1.54,348877282.62392163,219419670.0,10.0,-65.32,1266130,1204023,903094,
5255,ACR,Real Estate,REIT - Mortgage,NYSE,48.52,9,14,30,54,10.21,170830124.1214199,15672489.0,0.0179,-58.51,52030,48926,42868,-0.148
5256,SCOR,Technology,Software - Application,NASDAQ,48.47,9,15,51,71,4.06,64381538.76458359,15184326.0,0.0046,-56.53,32850,41120,37366,-0.113
5257,NMG,Basic Materials,Other Industrial Metals & Mining,NYSE,48.38,9,15,12,24,1.07,388739294.82017934,329440095.0,6.51,-82.34,657670,457330,420794,
5258,FBGL,Industrials,Engineering & Construction,NASDAQ,48.37,9,12,31,30,3.58,5143499.92275238,1350000.0,0.0088,-74.43,42612,354174,224415,2.267
5259,TTEC,Technology,Information Technology Services,NASDAQ,48.33,9,6,15,29,1.46,68028396.96493864,49295940.0,0.2084,-63.41,433600,392920,469956,-0.113
5260,CMCM,Communication Services,Internet Content & Information,NYSE,48.31,9,12,7,47,2.39,83804294.38003707,31038627.0,0.002,-73.88,9850,10793,8566,-0.099
5261,HXHX,Industrials,Integrated Freight & Logistics,NASDAQ,48.3,9,21,18,16,0.34,5711360.168457031,14720000.0,0.0042,-79.27,6093760,2282800,2443932,-0.065
5262,LXEO,Healthcare,Biotechnology,NASDAQ,48.23,9,21,18,86,3.21,289771181.2714391,82088154.0,0.2932,-70.79,2449420,1494283,1259412,
5263,HIT,Technology,Software - Application,NASDAQ,48.18,9,14,14,73,0.75,51210273.66801739,65402649.0,0.030299999,-81.34,763760,290840,206704,-0.135
5264,DXLG,Consumer Cyclical,Apparel Retail,NASDAQ,47.99,9,25,24,9,0.37,23845026.896634698,55453550.0,0.0197,-76.58,142710,112070,80564,-0.034
5265,SOC,Energy,Oil & Gas Drilling,NYSE,47.98,9,6,3,25,3.86,673462195.8901892,191869572.0,0.3107,-81.39,9356330,8098850,8821410,
5266,ACXP,Healthcare,Biotechnology,NASDAQ,47.98,9,8,6,8,1.25,5458127.178027153,4297738.0,0.0298,-85.01,92620,87236,134834,
5267,GRNQ,Industrials,Consulting Services,NASDAQ,47.98,9,17,16,95,8.87,15372424.450172424,1812786.0,0.0125,-72.11,57480,113553,73098,-0.293
5268,MTR,Energy,Oil & Gas E&P,NYSE,47.89,9,9,13,47,2.07,4603067.353317738,1863590.0,0.0026,-64.49,6310,10970,9636,-0.284
5269,PMCB,Healthcare,Biotechnology,NASDAQ,47.8,9,8,21,17,0.4,4295333.087088823,10735649.0,0.0069,-73.51,158560,307646,235894,
5270,HUMA,Healthcare,Biotechnology,NASDAQ,47.79,9,7,12,7,0.45,145010614.91639823,277798105.0,0.115200005,-82.35,4540820,4636770,6337424,0.349
5271,TNXP,Healthcare,Biotechnology,NASDAQ,47.74,9,26,12,15,7.28,152815621.22296143,17151024.0,0.1657,-70.49,818650,580023,539332,5.779
5272,SAIQ,Industrials,Aerospace & Defense,NASDAQ,47.68,9,20,50,47,5.51,55080030.35984337,29772989.0,,-57.45,7969940,2685803,1616368,
5273,LRHC,Real Estate,Real Estate Services,NASDAQ,47.61,9,59,0,0,1.27,888636.807404995,569639.0,0.0218,-99.83,742790,448116,1010964,-0.256
5274,ASPI,Basic Materials,Specialty Chemicals,NASDAQ,47.46,9,9,13,13,2.83,446130308.95864964,153309380.0,0.1858,-80.47,5188880,4396690,3948722,3.276
5275,ARRY,Technology,Solar,NASDAQ,47.46,9,10,20,60,3.75,627611610.5039787,153826378.0,0.2911,-69.34,6422050,6367630,6676456,-0.056
5276,BTMD,Healthcare,Medical Care Facilities,NASDAQ,47.45,9,9,28,19,1.17,32979226.666272998,28677589.0,0.063,-64.11,127730,195390,234122,-0.095
5277,TREE,Financial Services,Insurance Brokers,NASDAQ,47.43,9,10,36,28,25.35,345934774.470932,14039561.0,0.0646,-63.22,281530,383596,446934,0.253
5278,ENGN,Healthcare,Biotechnology,NASDAQ,47.38,9,9,3,82,1.78,130011656.87470436,67016316.0,0.0221,-85.47,905870,722630,726532,
5279,CCOI,Communication Services,Telecom Services,NASDAQ,47.36,9,7,5,14,9.56,433285128.5137253,51215736.0,0.1858,-79.08,2089740,2183956,2059648,-0.042
5280,NYXH,Healthcare,Medical Devices,NASDAQ,47.35,9,10,4,9,1.35,138502696.576836,101840217.0,0.003,-80.36,211620,442053,316104,4.728
5281,LU,Financial Services,Credit Services,NYSE,47.27,9,12,8,14,0.95,884022653.3092213,866688892.0,6.67,-76.83,2195800,1630136,1369022,-0.113
5282,RUN,Technology,Solar,NASDAQ,47.2,9,11,31,45,7.59,1839215011.8699331,238549287.0,0.3538,-66.18,7956040,7653166,8187712,0.528
5283,YRD,Financial Services,Credit Services,NYSE,47.2,9,7,5,6,1.01,83726458.67883897,87488461.0,0.0073,-85.13,84940,58426,57276,-0.461
5284,BEAT,Healthcare,Health Information Services,NASDAQ,47.12,9,6,8,8,0.49,24511889.519346893,56349171.0,0.0428,-87.75,43536600,14778113,9048776,
5285,AKBA,Healthcare,Drug Manufacturers - Specialty & Generic,NASDAQ,47.12,9,17,17,16,0.81,239696904.5676911,277106245.0,0.075100005,-74.69,6396220,7541543,7242748,-0.214
5286,METC,Basic Materials,Coking Coal,NASDAQ,47.09,9,14,13,16,8.49,516471297.83608437,63683270.0,0.65480006,-85.31,2043910,2210370,2263082,-0.053
5287,BLND,Technology,Software - Application,NYSE,47.09,9,13,19,7,1.05,243608711.80329967,236513319.0,0.0588,-70.95,1443090,1869496,2172646,0.07
5288,CISO,Technology,Software - Infrastructure,NASDAQ,46.96,9,9,8,9,0.19,9469336.435374916,45525655.0,0.0031,-87.16,149250,161733,169538,-0.137
5289,UAMY,Basic Materials,Other Industrial Metals & Mining,NYSE,46.9,9,17,22,93,3.72,591260633.1932082,148185622.0,0.2326,-81.13,4713290,5580950,6241788,-0.247
5290,BRAI,Technology,Computer Hardware,NASDAQ,46.83,9,10,9,6,4.34,954188519.224926,206088228.0,0.0064,-86.85,45710,39916,40636,
5291,REVB,Healthcare,Biotechnology,NASDAQ,46.76,9,11,6,1,0.77,3043329.8183016777,3983416.0,0.0001,-88.61,50570,31460,36700,
5292,SPRU,Technology,Solar,NYSE,46.71,9,10,19,88,1.56,30418454.70621419,19252186.0,0.0585,-76.89,77220,156020,124184,-0.087
5293,SPRY,Healthcare,Biotechnology,NASDAQ,46.67,9,8,17,13,4.56,404750703.08126783,99447343.0,0.3345,-65.32,1408000,1453320,1644522,1.142
5294,MTVA,Healthcare,Biotechnology,NASDAQ,46.64,9,12,13,2,1.34,10145675.288683891,6588101.0,0.0381,-90.98,64490,78333,80248,
5295,AFJKU,Financial Services,Shell Companies,NASDAQ,46.62,9,8,79,99,13.5,,,3.9,-83.12,2580,893,828,
5296,VSME,Communication Services,Advertising Agencies,NASDAQ,46.6,9,10,19,2,0.81,2571515.119777322,2765070.0,0.1543,-98.49,1266210,1389796,871304,0.009
5297,RPGL,Technology,Software - Application,NASDAQ,46.6,9,2,0,0,40.0,37533745.784015656,1009243.0,0.0026,-99.94,47560,23218,26530,3.414
5298,MNTS,Industrials,Aerospace & Defense,NASDAQ,46.37,9,5,8,7,3.38,81484218.54783726,21963401.0,0.0847,-90.19,678800,620760,876336,-0.869
5299,BGLC,Basic Materials,Specialty Chemicals,NASDAQ,46.36,9,9,9,9,1.25,3725471.284049034,2933442.0,0.0050999997,-78.77,14320,7310,10630,-0.966
5300,AIFC,Technology,Software - Infrastructure,NASDAQ,46.24,9,7,4,3,0.44,69918255.5,139836511.0,0.0797,-85.81,727920,688093,818066,-0.622
5301,PASW,Consumer Cyclical,Textile Manufacturing,NASDAQ,46.24,9,10,8,5,0.12,15639625.0,125117000.0,0.0041,-88.99,202450,12783056,7841764,-0.474
5302,ARBK,Financial Services,Capital Markets,NASDAQ,46.15,9,8,10,2,2.07,32928518.25,14634897.0,0.0004,-98.99,14830,16090,15900,-0.552
5303,SLI,Basic Materials,Other Industrial Metals & Mining,NYSE ARCA,46.14,9,11,10,79,1.61,429404444.23351717,246784162.0,3.87,-74.84,2520050,1869136,1785732,
5304,CANF,Healthcare,Biotechnology,NYSE ARCA,46.1,9,8,14,5,2.0,4670752.603030443,2142547.0,0.0279,-84.38,38720,741026,458328,0.0
5305,NCRA,Consumer Defensive,Packaged Foods,NASDAQ,45.9,9,3,0,2,1.6,3873121.2286696434,2376148.0,0.0425,-97.78,27610,2346626,1814182,-0.461
5306,RMSG,Technology,Software - Application,NASDAQ,45.89,9,5,2,89,0.31,4688914.165078104,16168670.0,0.0198,-92.05,2440030,1563566,1487632,
5307,BODI,Communication Services,Internet Content & Information,NASDAQ,45.89,9,11,92,96,4.6,35840901.67578125,7284736.0,0.0538,-72.73,18790,26150,44028,-0.224
5308,GFAI,Industrials,Security & Protection Services,NASDAQ,45.87,9,10,9,15,0.26,9669147.743606716,31393337.0,0.020399999,-78.86,143590,115350,179722,0.064
5309,SXTP,Healthcare,Biotechnology,NASDAQ,45.84,8,6,9,6,0.97,4888613.269689083,3516988.0,0.0618,-88.75,402740,180356,146484,-0.325
5310,LASE,Industrials,Specialty Industrial Machinery,NASDAQ,45.67,8,4,16,5,0.74,50538391.814368844,60670338.0,0.1319,-84.58,912740,4230413,3205418,-0.305
5311,STFS,Communication Services,Advertising Agencies,NASDAQ,45.65,8,13,99,7,3.71,55457283.848991394,15193776.0,0.0117,-82.32,698340,289840,402312,0.331
5312,KRMN,Industrials,Aerospace & Defense,NYSE,45.64,8,9,12,80,31.69,4524700710.227844,132533708.0,0.113000005,-73.23,3102820,3763360,3225722,0.582
5313,GRSD,Consumer Cyclical,Gambling,NASDAQ,45.5,8,7,4,8,1.52,53752170.30051613,35597464.0,0.0465,-82.1,163430,180836,251454,-0.046
5314,CNCK,Financial Services,Capital Markets,NASDAQ,45.44,8,21,57,6,1.32,271958734.0008429,191520241.0,0.0075,-85.82,67550,51546,91632,0.361
5315,BIOA,Healthcare,Drug Manufacturers - Specialty & Generic,NASDAQ,45.28,8,21,98,98,6.21,303378574.61789846,45896909.0,0.0753,-76.07,981050,784496,1008470,0.016
5316,ONMD,Healthcare,Health Information Services,NASDAQ,45.13,8,25,22,68,4.82,31395919.162299156,5824846.0,0.0287,-88.58,94256,53512,57593,0.884
5317,WORX,Healthcare,Health Information Services,NASDAQ,45.12,8,9,2,2,4.2,372624.3585629463,89789.0,0.033,-96.45,233020,78450,47354,0.034
5318,PCT,Industrials,Pollution & Treatment Controls,NASDAQ,45.1,8,14,19,11,3.93,881972089.076314,200904810.0,0.38549998,-74.63,7267540,4948673,4714704,1.735
5319,FLNA,Healthcare,Biotechnology,NASDAQ,45.09,8,6,9,21,0.81,44926343.625525,48307896.0,0.1314,-83.73,1236850,3977520,2503000,
5320,XTIA,Industrials,Aerospace & Defense,NASDAQ,45.07,8,8,20,84,0.81,29627896.796094418,38477789.0,0.1007,-74.61,815830,968163,850222,56.223
5321,MKZR,Real Estate,REIT - Diversified,NASDAQ,45.05,8,6,4,10,1.33,3715307.1949539185,2774688.0,0.0058,-77.83,21260,13586,69400,0.236
5322,UK,Real Estate,Real Estate Services,NASDAQ,45.01,8,8,4,5,1.85,7179913.825571775,3682007.0,0.00059999997,-83.87,27350,15676,31294,
5323,BESS,Utilities,Utilities - Renewable,NYSE ARCA,44.99,8,13,23,4,2.25,16395393.223873615,7097573.0,0.0374,-86.86,105280,70030,72020,
5324,DOGZ,Consumer Cyclical,Leisure,NASDAQ,44.82,8,6,4,1,0.84,15682385.367934465,17620658.0,0.0021,-94.65,9550,12936,842556,-0.052
5325,ABR,Real Estate,REIT - Mortgage,NYSE,44.79,8,17,11,25,3.09,664146622.4050632,186558043.0,0.0,-75.16,6811170,5292686,4875620,-0.248
5326,JAGU,Energy,Uranium,NYSE ARCA,44.74,8,13,9,15,1.12,24030595.78549719,20193777.0,0.0077,-79.64,288940,167456,138208,
5327,CRGO,Technology,Software - Application,NASDAQ,44.73,8,11,11,20,0.83,50615427.568983436,52073485.0,0.0013,-80.42,79380,68843,204718,0.034
5328,FSP,Real Estate,REIT - Office,NYSE ARCA,44.72,8,6,8,9,0.33,34323865.0039078,104011708.0,0.0076,-80.59,1000240,903196,653030,-0.013
5329,GOGO,Communication Services,Telecom Services,NASDAQ,44.71,8,8,10,16,2.26,285921574.60465956,135507862.0,0.17809999,-77.24,1676130,1840340,1882266,-0.014
5330,OCS,Healthcare,Biotechnology,NASDAQ,44.7,8,17,10,80,8.66,537663849.0972176,61588073.0,0.029000001,-74.88,363870,246690,245756,0.188
5331,LYEL,Healthcare,Biotechnology,NASDAQ,44.69,8,16,25,93,8.79,226917611.26878166,24505141.0,0.056599997,-80.47,139300,132800,147228,-0.5
5332,FRMI,Real Estate,REIT - Specialty,NASDAQ,44.69,8,8,12,4,3.66,2581083546.8153973,640467348.0,0.1301,-88.7,16062340,16965980,18143070,
5333,MBIO,Healthcare,Biotechnology,NASDAQ,44.59,8,8,10,9,0.42,3569005.2194095254,7577506.0,0.0087,-77.3,32270,28920,27598,
5334,NEGG,Consumer Cyclical,Internet Retail,NASDAQ,44.55,8,7,3,98,11.58,240984625.46956444,20973423.0,0.229,-87.97,40140,49143,60978,-0.081
5335,AEHL,Industrials,Building Products & Equipment,NASDAQ,44.5,8,2,9,0,11.35,190148560.0,19014856.0,0.0034,-97.29,73680,3093096,1969875,-0.386
5336,LCFY,Communication Services,Internet Content & Information,NASDAQ,44.43,8,8,15,47,1.78,5264095.92922473,2244817.0,0.0015,-75.52,370470,128443,80580,0.47
5337,DGNX,Industrials,Consulting Services,NASDAQ,44.27,8,14,0,1,1.21,37286565.566580296,29130130.0,0.0499,-99.62,441880,402686,880302,0.033
5338,EJH,Consumer Cyclical,Personal Services,NASDAQ,44.18,8,4,6,0,1.31,4768229.490519047,3200154.0,0.0034,-95.06,552270,197656,568568,-0.003
5339,GAIA,Communication Services,Entertainment,NASDAQ,44.15,8,6,11,14,1.4,35341851.90628111,25425793.0,0.0074,-78.09,80270,88470,116716,-0.053
5340,ZSQR,Technology,Software - Infrastructure,NASDAQ,44.09,8,2,5,76,4.95,210411577.60635352,53000397.0,11.1,-76.88,537790,454950,414718,
5341,LGO,Basic Materials,Other Industrial Metals & Mining,NASDAQ,44.04,8,13,6,29,0.46,53852689.16340977,114580190.0,6.26,-82.96,2141330,947683,834452,0.685
5342,TTD,Communication Services,Advertising Agencies,NASDAQ,43.93,8,8,10,7,12.34,5649901402.6214905,472795104.0,0.2417,-78.12,18502450,23661613,26258654,0.03
5343,APUS,Healthcare,Drug Manufacturers - Specialty & Generic,NYSE ARCA,43.9,8,1,5,47,5.51,4859360.003176212,1509118.0,0.0128,-90.77,14033200,7706790,4688162,
5344,BOXL,Technology,Consumer Electronics,NASDAQ,43.89,8,14,3,5,3.3,4003138.3666992188,844544.0,0.1251,-96.03,30880,51196,1620820,-0.16
5345,CAPR,Healthcare,Biotechnology,NASDAQ,43.89,8,7,92,99,8.01,520343940.4608679,58138989.0,0.3737,-80.16,4905490,4149300,7507892,
5346,SPRO,Healthcare,Biotechnology,NASDAQ,43.85,8,6,14,91,1.14,69299447.46222353,58234827.0,0.0202,-62.99,600900,715600,675634,
5347,PLCE,Consumer Cyclical,Apparel Manufacturing,NASDAQ,43.81,8,8,15,12,1.92,44251763.5420692,22237067.0,0.4386,-79.92,108820,226823,214222,-0.189
5348,ONEG,Industrials,Engineering & Construction,NASDAQ,43.77,8,11,3,83,0.97,16000000.0,16000000.0,0.0023,-93.51,40740,34683,38442,-0.117
5349,COE,Consumer Defensive,Education & Training Services,NYSE ARCA,43.68,8,5,9,32,10.79,63557392.24167824,6007315.0,0.0095999995,-80.78,40250,56660,40604,0.588
5350,CMTG,Real Estate,REIT - Mortgage,NYSE,43.67,8,8,23,31,1.24,173533576.07096767,141084206.0,0.0396,-65.75,849640,927653,858244,
5351,EH,Industrials,Aerospace & Defense,NASDAQ,43.5,8,6,5,16,4.08,313999788.5535517,75845362.0,0.17860001,-79.33,742770,678956,667290,-0.471
5352,PAL,Industrials,Integrated Freight & Logistics,NASDAQ,43.3,8,12,45,33,3.51,99868404.27479887,28052923.0,0.1584,-68.0,760010,811473,823360,-0.053
5353,FNUC,Basic Materials,Other Industrial Metals & Mining,NASDAQ,43.26,8,8,7,11,1.12,45950777.852920055,35899046.0,0.0375,-84.93,337120,372956,357688,
5354,YCBD,Healthcare,Drug Manufacturers - Specialty & Generic,NYSE ARCA,43.22,8,15,14,17,0.4,5109500.522671491,11205045.0,0.048499998,-84.37,68530,684780,482600,0.206
5355,AZI,Consumer Cyclical,Auto & Truck Dealerships,NASDAQ,43.17,8,4,4,0,1.12,74975572.00361824,66350064.0,0.0047,-99.05,43140,61720,3076836,-0.63
5356,FLNC,Utilities,Utilities - Renewable,NASDAQ,43.07,8,12,61,83,7.45,1089474923.7944012,143163588.0,0.36540002,-77.77,6187300,7641593,7808006,0.079
5357,BLNE,Financial Services,Mortgage Finance,NASDAQ,43.01,8,11,7,67,0.73,28416990.92323041,32928148.0,0.0525,-81.09,262260,366823,365258,0.601
5358,QTI,Healthcare,Medical Devices,NASDAQ,42.98,8,6,4,15,2.6,39079520.19667816,14636524.0,0.0188,-92.93,23830,30816,29882,1.032
5359,MBOT,Healthcare,Medical Devices,NASDAQ,42.93,8,11,19,35,1.07,77911166.9181329,67164801.0,0.105500005,-69.08,868830,596133,684036,
5360,INTJ,Industrials,Consulting Services,NASDAQ,42.93,8,6,3,31,2.81,4397249.838709831,1537500.0,0.0108,-77.56,14400,9523,9466,0.035
5361,DAVA,Technology,Software - Infrastructure,NYSE,42.93,8,13,5,8,1.97,101458014.37223661,52842717.0,0.0421,-80.06,494520,623566,455728,-0.084
5362,YOUL,Consumer Defensive,Education & Training Services,NASDAQ,42.92,8,9,4,13,0.38,32082458.58615786,81016310.0,0.0138,-82.16,41220,57476,214852,0.177
5363,PSQH,Technology,Software - Application,NYSE,42.84,8,6,2,7,3.73,17517688.88909912,3727168.0,0.0232,-90.05,33540,42263,225752,1.078
5364,UPLD,Technology,Software - Application,NASDAQ,42.84,8,4,7,4,3.55,11030322.486403942,2957191.0,0.0378,-87.09,36350,40380,37212,-0.079
5365,DCGO,Healthcare,Medical Care Facilities,NASDAQ,42.83,8,7,26,9,0.34,36603497.00172722,98928369.0,0.0287,-79.39,500640,621810,774880,-0.087
5366,GLAS,Healthcare,Drug Manufacturers - Specialty & Generic,NYSE,42.82,8,35,88,73,4.41,517391330.87960243,94242505.0,0.35,-68.34,2380110,1336316,938452,-0.012
5367,FLL,Consumer Cyclical,Resorts & Casinos,NASDAQ,42.8,7,15,33,26,1.22,50935826.67579651,36644480.0,0.0201,-63.8,269960,198220,172462,0.056
5368,CCTG,Industrials,Electrical Equipment & Parts,NASDAQ,42.75,7,9,21,2,0.48,6165404.392195702,13580186.0,0.0016,-98.16,598710,243403,307548,0.05
5369,WVE,Healthcare,Biotechnology,NASDAQ,42.75,7,9,16,23,3.47,744842095.8624065,197048175.0,0.1104,-84.03,3642030,3395593,3385332,-0.739
5370,AIRS,Healthcare,Medical Care Facilities,NASDAQ,42.72,7,12,72,26,1.65,127608518.55489302,72095209.0,0.0747,-86.25,916940,932940,958056,-0.025
5371,WLDS,Technology,Consumer Electronics,NASDAQ,42.69,7,5,1,3,1.35,3419039.9548131227,2459741.0,0.010299999,-97.16,41270,256303,675540,0.19
5372,CCB,Financial Services,Banks - Regional,NASDAQ,42.64,7,9,24,22,42.7,614051727.5998993,15286327.0,0.0881,-64.43,317410,224423,313732,-0.015
5373,AVXL,Healthcare,Biotechnology,NASDAQ,42.64,7,16,8,8,1.54,168708257.30214286,92696842.0,0.1609,-85.16,1657330,1002543,984166,
5374,ADXN,Healthcare,Biotechnology,NASDAQ,42.58,7,7,20,23,3.18,5379975.333012342,1752435.0,0.0002,-73.43,19020,30780,176512,-0.727
5375,WCT,Technology,Software - Application,NASDAQ,42.53,7,98,2,2,0.95,72440481.91784096,56155414.0,0.0011,-95.56,1618010,1775683,1765577,-0.879
5376,IPX,Basic Materials,Other Industrial Metals & Mining,NASDAQ,42.53,7,7,12,32,15.28,614721526.6469421,36224016.0,0.0294,-75.13,266880,327740,288600,
5377,LCID,Consumer Cyclical,Auto Manufacturers,NASDAQ,42.49,7,8,7,6,3.82,1627509871.9777527,394070176.0,0.5436,-84.86,9365720,11335883,10767276,0.562
5378,BRBR,Consumer Defensive,Packaged Foods,NYSE,42.43,7,12,8,6,7.99,863946961.4595251,116278194.0,0.1277,-77.6,4751610,3673883,3723910,0.042
5379,BMGL,Healthcare,Medical Care Facilities,NASDAQ,42.16,7,8,10,5,3.6,5189324.034735441,1582111.0,0.2181,-83.43,35300,1106370,670732,0.671
5380,LICN,Industrials,Specialty Business Services,NASDAQ,42.11,7,4,3,89,1.01,16326825.0,16326825.0,0.0086,-89.36,18240,19943,33882,-0.28
5381,UXIN,Consumer Cyclical,Auto & Truck Dealerships,NASDAQ,42.04,7,7,7,21,1.12,280474827.5302619,219980261.0,0.0081,-73.21,337630,687176,512186,0.749
5382,CWD,Financial Services,Asset Management,NASDAQ,41.98,7,5,5,8,0.48,5908867.616421461,10384653.0,0.0508,-89.59,363240,3782993,2391096,-0.173
5383,NRDY,Technology,Software - Application,NYSE,41.93,7,9,19,20,6.79,65025000.81062317,8500000.0,0.07,-69.62,17900,19310,26937,-0.045
5384,FXHO,Technology,Consumer Electronics,NASDAQ,41.76,7,19,5,2,11.72,51599560.704369545,5193715.0,0.0005,-99.82,36010,70946,152616,
5385,PCSA,Healthcare,Biotechnology,NASDAQ,41.76,7,9,11,11,1.35,4497351.499959707,2793386.0,0.0063,-90.53,20570,22893,53634,
5386,GPMT,Real Estate,REIT - Mortgage,NYSE,41.69,7,9,17,16,7.18,36678803.245814204,48198166.0,0.0064999997,140.94,24455,29253,28500,
5387,CLRB,Healthcare,Biotechnology,NASDAQ,41.52,7,20,15,11,1.4,16824751.96957302,9452108.0,0.020299999,-78.53,91220,64660,53072,
5388,DXST,Industrials,Waste Management,NASDAQ,41.5,7,6,4,0,1.82,5360609.9290008545,2215128.0,0.0466,-97.06,4660060,1569836,1563624,2.38
5389,PLYX,Healthcare,Biotechnology,NASDAQ,41.46,7,6,1,1,2.0,103679661.63705254,49845993.0,0.0087,-95.91,37350,37866,71578,
5390,JKS,Technology,Solar,NYSE,41.45,7,9,15,31,8.66,479187200.2223587,52370188.0,0.0929,-72.84,700300,807110,752742,-0.313
5391,PRSO,Technology,Semiconductors,NASDAQ,41.44,7,7,18,28,0.42,7106617.121975005,15120462.0,0.0468,-82.28,139210,223240,253056,-0.411
5392,ORGO,Healthcare,Drug Manufacturers - Specialty & Generic,NASDAQ,41.37,7,7,19,10,1.28,171137154.36211252,128674548.0,0.1726,-81.91,724880,683700,787466,-0.567
5393,TPST,Healthcare,Biotechnology,NASDAQ,41.34,7,5,3,5,0.77,13697600.859819293,16889767.0,0.0436,-93.7,421190,5241723,3258760,
5394,INSE,Consumer Cyclical,Gambling,NASDAQ,41.32,7,12,29,24,3.52,91331756.71764278,26358372.0,0.0637,-64.62,539950,325433,272292,-0.243
5395,CLIK,Consumer Cyclical,Personal Services,NASDAQ,41.27,7,6,3,4,1.09,9076814.490019321,8563033.0,0.0058,-90.76,69970,307526,195432,0.572
5396,XNDU,Technology,Software - Infrastructure,NASDAQ,41.26,7,37,38,99,4.12,1308891248.0584145,304393300.0,0.221,-90.29,8543870,6150070,4121406,0.43
5397,CUPR,Healthcare,Medical Instruments & Supplies,NASDAQ,41.21,7,26,31,5,1.9,16949094.89434433,7003758.0,0.0038,-87.16,175150,152713,115662,2.674
5398,TRAW,Healthcare,Biotechnology,NASDAQ,41.18,7,4,5,11,0.48,8759917.780077517,15368277.0,0.0469,-85.32,269360,1082410,696296,
5399,ZDAI,Industrials,Engineering & Construction,NASDAQ,41.15,7,5,4,6,1.38,13237009.970006824,8388473.0,0.0028,-88.5,7920,8806,28080,-0.64
5400,KG,Financial Services,Insurance - Reinsurance,NASDAQ,40.97,7,7,18,19,5.06,40997915.40922165,7824030.0,0.0179,-80.96,18190,33413,25688,0.201
5401,GOAI,Technology,Software - Infrastructure,NASDAQ,40.93,7,16,6,9,1.73,72389391.11151695,39994140.0,0.0091,-90.39,67960,156850,166156,0.016
5402,GNS,Consumer Defensive,Education & Training Services,NYSE ARCA,40.81,7,7,4,12,0.14,28792127.344096303,191947508.0,0.048299998,-86.79,30934020,13019280,9008296,1.281
5403,HUHU,Industrials,Specialty Industrial Machinery,NASDAQ,40.69,7,8,12,92,3.0,127500642.61079407,26785848.0,0.0016,-75.41,245230,125550,90318,0.086
5404,GEOS,Energy,Oil & Gas Equipment & Services,NASDAQ,40.48,7,7,9,17,4.62,62090896.86727047,12935603.0,0.0342,-84.54,89310,78486,112628,-0.364
5405,METCB,Basic Materials,Coking Coal,NASDAQ,40.38,7,8,12,27,4.6,275748554.2413521,63683270.0,0.0318,-78.69,63910,94896,87250,-0.053
5406,CITR,Basic Materials,Specialty Chemicals,NYSE ARCA,40.36,7,13,11,60,2.93,65929781.165687084,22349078.0,0.0556,-71.75,65580,50513,43304,-0.592
5407,ALIT,Technology,Software - Application,NYSE,40.34,7,9,31,2,9.76,233811788.5782051,26419410.0,0.0394,-85.58,560050,472356,515382,-0.032
5408,BJDX,Healthcare,Medical Devices,NASDAQ,40.26,7,3,6,5,0.82,866056.4678281546,1034715.0,0.1353,-95.08,904600,2573876,4000666,
5409,KLRS,Healthcare,Biotechnology,NASDAQ,40.11,7,11,52,75,2.5,64273449.83510995,23804981.0,0.0382,-78.96,90590,74893,68326,
5410,AMCI,Technology,Computer Hardware,NASDAQ,39.99,7,7,15,16,2.8,71907879.38217044,23889661.0,0.020399999,-82.47,39280,104993,130544,-0.329
5411,KLC,Consumer Defensive,Education & Training Services,NYSE,39.98,7,9,77,7,1.97,220441683.07539976,118517033.0,0.106800005,-71.37,722990,652130,848230,-0.004
5412,DYAI,Healthcare,Biotechnology,NASDAQ,39.93,7,11,83,27,0.44,18429303.71431759,40063703.0,0.0066000004,-72.5,129230,198556,185874,-0.006
5413,PN,Technology,Solar,NASDAQ,39.91,7,4,19,1,2.4,38212923.48365188,14754025.0,0.0126,-94.0,199620,150683,675550,0.055
5414,PCTTU,Industrials,Pollution & Treatment Controls,NASDAQ,39.82,7,44,70,8,4.37,,,,-75.45,410,143,86,1.735
5415,AIIO,Consumer Cyclical,Auto Manufacturers,NASDAQ,39.8,7,6,99,0,1.11,141652342.2512703,119035576.0,0.0121,-97.28,3610850,1642466,1192466,95.278
5416,MODD,Healthcare,Medical Devices,NASDAQ,39.79,7,4,7,3,2.66,16546170.456803083,8150823.0,0.0547,-87.42,115960,217913,305704,
5417,INLF,Industrials,Specialty Industrial Machinery,NASDAQ,39.75,7,0,0,3,3.22,3870557.84801054,1090298.0,0.0117999995,-99.93,5181400,2073036,2677464,0.26
5418,ALHC,Healthcare,Healthcare Plans,NASDAQ,39.7,7,14,69,70,8.71,1647035094.9295344,207435149.0,0.122,-65.33,10281630,10439576,8664148,0.316
5419,MOBX,Technology,Semiconductors,NASDAQ,39.6,7,3,8,10,1.13,15133573.840837777,17952045.0,0.0919,-91.5,16320680,11415610,7162720,-0.664
5420,MRM,Consumer Cyclical,Personal Services,NASDAQ,39.56,7,11,14,23,0.55,4519916.183004856,7901951.0,0.002,-80.7,33780,26210,32716,-0.067
5421,OPEN,Real Estate,Real Estate Services,NASDAQ,39.51,7,8,92,96,2.29,2369462217.5662756,971091050.0,0.2471,-76.37,29796780,30445013,35634614,-0.437
5422,CMTL,Technology,Communication Equipment,NASDAQ,39.5,7,5,7,88,1.18,39549090.4915396,29961431.0,0.0145000005,-81.0,226390,288106,299106,-0.164
5423,YXT,Technology,Software - Application,NASDAQ,39.47,7,5,11,9,2.08,14145969.9334445,6610266.0,0.62,-93.53,44260,26840,1526626,0.06
5424,CYCU,Technology,Information Technology Services,NASDAQ,39.37,7,4,2,2,3.0,98710077.97497153,25840335.0,0.011,-96.6,5311690,1965317,3887060,-0.034
5425,NSPR,Healthcare,Medical Devices,NASDAQ,39.26,6,13,5,13,0.48,29040156.663345575,46838962.0,0.00059999997,-81.32,129320,75300,89854,-0.004
5426,STEM,Utilities,Utilities - Renewable,NYSE,39.2,6,7,8,22,4.2,41009931.64338684,9626744.0,0.1279,-86.97,232970,162676,149292,-0.123
5427,XELB,Consumer Cyclical,Apparel Manufacturing,NASDAQ,39.2,6,10,25,80,0.64,4310100.0524100065,6560274.0,0.0054,-74.09,2004310,706683,460498,-0.151
5428,MTEK,Technology,Electronic Components,NASDAQ,39.13,6,12,11,17,0.58,7824441.264754534,10559300.0,0.0347,-79.43,5144040,1747600,1070022,1.938
5429,KLRA,Healthcare,Biotechnology,NASDAQ,39.12,6,12,18,38,10.0,1346997838.1496239,129643676.0,0.046,-64.58,1457490,1220750,966384,
5430,FOFO,Industrials,Consulting Services,NASDAQ,39.12,6,7,5,5,2.03,16450389.324426651,7871000.0,0.0002,-90.7,40700,283506,174630,-0.727
5431,EOSE,Industrials,Electrical Equipment & Parts,NASDAQ,38.97,6,9,8,20,2.77,1168978472.131897,364167744.0,0.3328,-86.05,26105350,27024606,26899572,3.514
5432,MIST,Healthcare,Biotechnology,NASDAQ,38.95,6,12,13,84,0.71,100843364.09682631,124497980.0,0.14850001,-76.8,1010160,1344240,1494010,
5433,EZRA,Financial Services,Insurance Brokers,NASDAQ,38.91,6,5,1,2,2.21,1806085.6391458511,820948.0,0.023,-95.85,337060,143283,2371156,-0.316
5434,GMEX,Technology,Consumer Electronics,NASDAQ,38.89,6,0,0,0,1.94,1843691.1858832836,752527.0,0.1659,-99.94,442460,2953414,2025847,0.032
5435,NAII,Consumer Defensive,Packaged Foods,NASDAQ,38.86,6,16,17,19,1.15,9271973.679492474,6264847.0,0.0026,-76.81,32730,25413,47166,0.019
5436,VEEE,Consumer Cyclical,Recreational Vehicles,NASDAQ,38.82,6,19,88,1,10.14,6351569.203129768,584321.0,0.040599998,-92.06,36140,1062576,688138,-0.342
5437,HTCR,Technology,Software - Application,NASDAQ,38.8,6,5,8,5,1.79,3000349.468902588,1515328.0,0.012200001,-90.57,65930,30846,30814,0.716
5438,NIKI,Healthcare,Biotechnology,NASDAQ,38.49,6,10,19,18,4.32,3746124.922335148,814375.0,0.0224,-83.32,15160,177723,121130,
5439,QFIN,Financial Services,Credit Services,NASDAQ,38.49,6,8,16,10,6.09,785425163.9580173,121582842.0,0.0305,-80.09,2191300,2282080,2339228,-0.316
5440,AGMH,Technology,Computer Hardware,NASDAQ,38.44,6,9,16,4,0.6,2517462.457127869,3596375.0,0.0995,-92.59,7343600,3116733,1894718,-0.637
5441,PLSM,Healthcare,Medical Devices,NASDAQ,38.43,6,7,18,7,1.92,14241228.732095718,6502844.0,0.0058,-85.2,42770,82516,69540,0.52
5442,GOSS,Healthcare,Biotechnology,NASDAQ,38.42,6,5,1,2,9.88,65506547.8433218,6116391.0,0.1573,-96.81,336060,263187,276669,-0.196
5443,INSG,Technology,Communication Equipment,NASDAQ,38.39,6,5,15,88,4.46,81063556.19775534,17584285.0,0.1898,-79.63,536740,321646,378844,0.094
5444,AURE,Financial Services,Capital Markets,NASDAQ,38.35,6,7,7,17,1.06,38727998.92425537,37600000.0,0.0008,-92.74,444420,198503,126618,
5445,CGTL,Consumer Cyclical,Specialty Retail,NASDAQ,38.31,6,6,3,22,3.23,6464398.783603907,1719255.0,1.2768,-96.64,10970,36273,414562,0.503
5446,GUTS,Healthcare,Biotechnology,NASDAQ,38.31,6,22,48,4,4.23,64786198.97093153,159179848.0,0.018099999,73.01,227034,171365,140720,
5447,PLUR,Healthcare,Biotechnology,NASDAQ,38.21,6,6,6,32,1.0,12468183.242271423,12344736.0,0.0056,-79.47,17440,22136,22622,-0.158
5448,NTHI,Healthcare,Biotechnology,NASDAQ,38.17,6,9,10,17,2.53,86128086.47470951,28805380.0,0.0381,-80.52,180690,195593,230568,
5449,YDDL,Industrials,Waste Management,NASDAQ,38.08,6,5,5,23,1.33,80127663.25093472,56033333.0,0.0058,-91.81,25220,1268993,764326,0.187
5450,SEAT,Communication Services,Internet Content & Information,NASDAQ,37.99,6,9,23,14,3.34,39569006.18559122,11241195.0,0.2378,-78.38,105590,99586,81172,-0.095
5451,OIO,Industrials,Waste Management,NASDAQ,37.96,6,5,1,31,1.76,661241996.9025064,348022108.0,0.001,-85.37,117350,142766,127990,
5452,TYGO,Technology,Solar,NASDAQ,37.93,6,6,24,97,0.89,66562806.19230902,76773711.0,0.060399998,-83.29,782700,809863,1162454,0.056
5453,UPB,Healthcare,Biotechnology,NASDAQ,37.92,6,10,9,12,4.55,276046044.5506506,54771041.0,0.126,-86.49,1030740,749920,697194,-0.175
5454,VRAX,Healthcare,Biotechnology,NASDAQ,37.68,6,6,8,3,1.99,1753373.6380033493,796988.0,0.039300002,-90.85,371070,147400,491456,6.849
5455,SAGT,Technology,Software - Application,NASDAQ,37.54,6,5,6,22,0.54,13035750.314593315,22750000.0,0.0041,-84.07,95810,246196,740310,0.014
5456,GSIW,Financial Services,Capital Markets,NASDAQ,37.5,6,10,30,12,10.68,13907414.824716568,1462399.0,0.0057,-79.14,15290,43323,29798,-0.179
5457,LFT,Real Estate,REIT - Mortgage,NYSE,37.41,6,8,13,19,4.75,26387158.019742012,5256406.0,0.013300001,-75.39,38500,26921,26845,
5458,FRSX,Consumer Cyclical,Auto Parts,NASDAQ,37.38,6,6,4,5,0.92,4621687.859676719,4126507.0,0.0015,-88.43,64610,153003,110014,-0.328
5459,FLUX,Industrials,Electrical Equipment & Parts,NASDAQ,37.35,6,7,5,16,0.46,13837850.57069993,21621642.0,0.0379,-93.91,17707240,6002886,4012834,-0.507
5460,UFG,Industrials,Marine Shipping,NASDAQ,37.22,6,11,14,10,0.37,14284599.922597408,32465000.0,0.0375,-76.28,334140,4050590,2468354,0.72
5461,SLQT,Financial Services,Insurance Brokers,NYSE,37.21,6,8,12,5,0.37,73676602.60440326,179261801.0,0.0121,-83.33,1179370,1115533,1130836,-0.068
5462,LDI,Financial Services,Mortgage Finance,NYSE,37.09,6,7,11,25,0.62,214728591.95510006,338155268.0,0.17,-83.68,3786210,6212036,4806928,0.097
5463,LENZ,Healthcare,Biotechnology,NASDAQ,37.08,6,6,3,5,3.53,112484825.54281807,31420343.0,0.5565,-92.83,794430,753103,751276,0.097
5464,SOWG,Consumer Defensive,Confectioners,NASDAQ,37.02,6,57,9,4,2.2,45827755.46493745,20099893.0,0.0036000002,-86.16,6860,17056,13024,
5465,TDUP,Consumer Cyclical,Internet Retail,NASDAQ,37.01,6,7,72,21,2.35,284994030.5199623,131333650.0,0.2019,-76.5,1684100,2103113,2689628,0.169
5466,PRFX,Healthcare,Drug Manufacturers - Specialty & Generic,NASDAQ,36.8,6,5,3,5,0.86,3219212.538398266,3499144.0,0.0196,-89.18,31860,283950,327628,
5467,ALAR,Technology,Software - Infrastructure,NASDAQ,36.38,6,2,2,15,1.56,12786957.310083866,7348826.0,0.020499999,-90.58,41340,149936,133796,0.642
5468,RGNT,Healthcare,Medical Instruments & Supplies,NYSE ARCA,36.31,6,11,8,5,1.7,12994254.017463326,7023921.0,0.0013,-89.03,47690,51706,56844,
5469,RENT,Consumer Cyclical,Apparel Retail,NASDAQ,36.3,6,12,11,43,1.83,52591219.382100105,33929820.0,0.3398,-81.93,167890,229630,152788,0.208
5470,BYSI,Healthcare,Biotechnology,NASDAQ,36.1,6,6,16,48,0.61,32361298.359607458,41119820.0,0.067,-75.0,1141040,443013,1088022,
5471,FHTX,Healthcare,Biotechnology,NASDAQ,36.08,6,45,55,55,1.99,119958335.167315,59385315.0,0.061,-73.85,2168280,1019003,740416,1.127
5472,EVMN,Healthcare,Biotechnology,NYSE,35.92,6,8,9,86,6.41,251141424.72886848,36292113.0,0.1173,-80.69,1117710,884116,718694,
5473,DFSC,Industrials,Aerospace & Defense,NASDAQ,35.79,6,6,17,10,0.92,3853160.8096575737,3471316.0,0.0116,-84.67,94390,144340,3199140,0.92
5474,CNTB,Healthcare,Biotechnology,NASDAQ,35.77,6,35,69,94,0.88,58377183.572173774,62974309.0,0.0625,-76.96,18833870,7665540,4767194,56.667
5475,GSUN,Consumer Defensive,Education & Training Services,NASDAQ,35.66,6,4,6,2,0.22,2176264.7170723975,10028870.0,0.0661,-92.23,1853580,7638423,5646806,0.301
5476,GRML,Basic Materials,Other Precious Metals & Mining,NASDAQ,35.58,6,2,4,73,5.88,60013229.83156967,7615892.0,0.0908,-84.11,6536430,16492626,10066493,
5477,MSC,Consumer Cyclical,Resorts & Casinos,NYSE,35.57,6,10,8,16,0.98,202217574.5666802,192588175.0,0.0004,-80.04,322790,132086,99254,-0.134
5478,SCLX,Healthcare,Drug Manufacturers - General,NASDAQ,35.47,6,16,95,16,2.96,28561031.81746912,7034737.0,0.0319,-82.39,60980,41253,45188,-0.228
5479,SNES,Basic Materials,Specialty Chemicals,NASDAQ,35.39,6,5,11,11,0.72,4224939.13265717,5423542.0,0.0066000004,-83.82,69800,61996,96176,0.232
5480,LSTA,Healthcare,Biotechnology,NASDAQ,35.3,6,9,83,85,1.2,15881977.329106808,10804066.0,0.0222,-76.33,115380,251730,346142,
5481,NOMA,Consumer Cyclical,Leisure,NASDAQ,35.19,6,4,8,7,1.57,34588964.83778322,17783529.0,0.0047,-89.16,27050,28120,56622,1.142
5482,ENVX,Industrials,Electrical Equipment & Parts,NASDAQ,35.1,6,6,11,17,2.5,610829621.5976334,218153440.0,0.2703,-82.41,7893290,6463073,7418168,0.208
5483,STEX,Financial Services,Capital Markets,NASDAQ,35.07,6,6,5,10,0.51,71276833.87115908,116465417.0,0.062800005,-92.91,1043600,1075713,1017264,
5484,AUUD,Technology,Software - Application,NASDAQ,34.99,5,4,1,4,0.96,7021690.72136879,5803050.0,0.098400004,-94.9,333130,1493543,4122108,
5485,AEI,Real Estate,Real Estate - Development,NASDAQ,34.94,5,12,13,55,0.69,28860705.22940278,38895830.0,0.0508,-82.66,19920,41750,46904,-0.1
5486,ATYR,Healthcare,Biotechnology,NASDAQ,34.94,5,10,8,16,0.25,28151091.02177173,98087425.0,0.12529999,-77.68,2896800,5880770,3776648,
5487,ZEPP,Technology,Consumer Electronics,NYSE,34.86,5,8,3,94,3.84,56020226.4410069,14664981.0,0.05,-93.79,19210,39470,40676,0.069
5488,CETX,Technology,Software - Infrastructure,NASDAQ,34.85,5,3,1,3,2.01,3511127.5743436813,1721141.0,0.12550001,-97.93,27970,43313,43324,0.087
5489,ALDX,Healthcare,Biotechnology,NASDAQ,34.67,5,8,13,6,0.95,70581909.98107088,60326421.0,0.0617,-83.98,2996890,1420880,1170560,
5490,INVZ,Consumer Cyclical,Auto Parts,NASDAQ,34.64,5,5,12,10,0.31,107914770.77043486,298107111.0,0.072399996,-87.8,2045290,2656880,3350142,0.855
5491,AMIX,Healthcare,Medical Devices,NASDAQ,34.52,5,5,5,7,3.13,7408565.583925724,1959938.0,0.031600002,-90.38,383420,211296,3893754,
5492,CODX,Healthcare,Medical Devices,NASDAQ,34.5,5,2,46,3,1.09,7539824.819605708,6981319.0,0.0444,-97.66,312940,272156,330342,0.02
5493,GOW,Energy,Oil & Gas Equipment & Services,NASDAQ,34.46,5,23,47,46,3.95,180884491.2510109,46740180.0,,-69.66,3815550,1317863,804536,
5494,UP,Industrials,Airports & Air Services,NYSE,34.41,5,4,6,4,3.89,126945185.5,36270053.0,0.16459998,-90.95,105230,126943,113258,-0.04
5495,LIMN,Healthcare,Biotechnology,NASDAQ,34.4,5,3,3,1,3.69,5238507.428098202,1343207.0,0.0544,-97.39,22820,27853,278310,
5496,NHTC,Consumer Cyclical,Internet Retail,NASDAQ,34.39,5,9,10,19,0.93,8577849.0,8577849.0,0.0043,-80.38,113540,76890,65878,-0.225
5497,ZEO,Technology,Solar,NASDAQ,34.34,5,2,14,6,0.28,12219122.80397299,41703489.0,0.013200001,-86.41,1430470,23426650,14992242,-0.107
5498,AIM,Healthcare,Biotechnology,NYSE ARCA,34.3,5,4,2,2,0.18,7181072.205350161,39894844.0,0.0708,-93.56,1186760,8754630,5878726,0.04
5499,PLAG,Industrials,Conglomerates,NYSE ARCA,34.05,5,4,69,18,0.71,9820573.316066563,14232715.0,0.0579,-89.57,144900,2168233,7093204,251.461
5500,WNW,Consumer Cyclical,Internet Retail,NASDAQ,34.05,5,2,6,0,2.2,62798173.08389306,26330471.0,0.0091,-99.84,68240,722226,715366,62.646
5501,MPLT,Healthcare,Biotechnology,NASDAQ,34.01,5,11,95,92,9.15,545753543.6196365,55575719.0,0.102299996,-77.37,352900,514310,618990,
5502,GVH,Industrials,Integrated Freight & Logistics,NASDAQ,33.97,5,4,95,55,1.07,2681173.954553604,2415472.0,0.0332,-83.44,39800,299000,548836,0.08
5503,DARE,Healthcare,Biotechnology,NASDAQ,33.95,5,5,47,81,0.77,16581036.865831554,19669083.0,0.043899998,-79.63,254520,275670,606994,
5504,RVSN,Industrials,Railroads,NASDAQ,33.92,5,6,2,0,3.54,7767925.179730654,2281329.0,0.0242,-99.6,13560,16960,24844,3.283
5505,UWMC,Financial Services,Mortgage Finance,NYSE,33.92,5,5,7,21,1.09,434824582.98888063,345098878.0,0.24790001,-82.28,11966530,11964673,16720708,-0.706
5506,TRIB,Healthcare,Medical Devices,NASDAQ,33.83,5,3,6,54,6.04,4626721.126527786,813132.0,0.0252,-88.5,12630,12156,20478,
5507,IVF,Healthcare,Medical Devices,NASDAQ,33.83,5,4,2,2,0.74,1962254.9687743187,2295035.0,0.0774,-99.12,153780,156540,2728986,0.167
5508,ANTA,Financial Services,Credit Services,NASDAQ,33.72,5,7,5,24,2.45,55713274.15686965,24014343.0,0.0005,-82.27,91050,34263,23506,-0.282
5509,TC,Communication Services,Advertising Agencies,NASDAQ,33.71,5,1,1,20,1.55,44654778.56193304,26422945.0,0.0015,-92.25,14520,59530,149858,
5510,REKR,Technology,Software - Application,NASDAQ,33.68,5,7,9,12,0.33,51052609.54951674,137608115.0,0.1266,-90.35,1827910,1761300,1623326,0.025
5511,CIRC,Industrials,Staffing & Employment Services,NASDAQ,33.62,5,6,4,19,0.45,58461935.088986814,114406923.0,0.0124,-90.13,3972130,1649520,1436434,2.108
5512,MVST,Consumer Cyclical,Auto Parts,NASDAQ,33.5,5,4,4,13,0.58,248024736.13558674,384534486.0,0.0858,-91.85,3205120,5916356,6438554,-0.045
5513,GAUZ,Technology,Electronic Components,NASDAQ,33.47,5,6,3,4,4.75,5881434.698196411,1143136.0,0.048,-96.65,14480,20359,304769,-0.178
5514,YFOR,Industrials,Specialty Business Services,NASDAQ,33.45,5,1,0,0,1.07,11442575.09897232,7837380.0,0.045700002,-99.85,646920,1512343,3552538,0.268
5515,BHST,Consumer Defensive,Packaged Foods,NASDAQ,33.34,5,6,7,15,1.5,33321728.38853216,22667842.0,0.0049,-88.28,24670,32863,46368,0.038
5516,XCUR,Healthcare,Biotechnology,NASDAQ,33.3,5,5,3,9,1.0,7527894.093931317,6545995.0,0.022,-89.45,11370,28550,35014,
5517,LOOP,Basic Materials,Specialty Chemicals,NASDAQ,33.27,5,5,12,55,0.4,21674406.8770172,48380371.0,0.0215,-79.9,95260,179313,2003950,-0.29
5518,SWMR,Technology,Software - Infrastructure,NASDAQ,33.24,5,39,61,63,13.13,244792022.6884718,15936981.0,0.1254,-84.24,998000,934020,682268,0.566
5519,GDC,Communication Services,Electronic Gaming & Multimedia,NASDAQ,33.16,5,0,0,44,1.34,5952374.781668186,4162500.0,0.1141,-99.93,233000,1224476,1446376,
5520,PAVM,Healthcare,Medical Devices,NASDAQ,33.16,5,9,9,25,2.69,28248478.993595123,9842676.0,0.0018000001,-90.54,31190,27490,35114,4.5
5521,CHSN,Consumer Cyclical,Restaurants,NASDAQ,33.12,5,4,0,15,1.06,2508182.379666209,2322391.0,0.0519,-99.68,37430,94160,128052,-0.045
5522,TPET,Energy,Oil & Gas E&P,NYSE ARCA,32.99,5,5,5,6,1.63,8571490.3461591,5323907.0,0.109,-92.76,180660,1090744,708577,0.812
5523,LIQT,Industrials,Pollution & Treatment Controls,NASDAQ,32.93,5,9,4,49,0.45,17132876.691569805,32947841.0,0.0050999997,-86.57,1025110,410703,296584,-0.12
5524,SCNX,Healthcare,Pharmaceutical Retailers,NASDAQ,32.78,5,15,17,9,3.86,261167.8257969767,1642565.0,0.0327,48.46,732314,285162,227076,
5525,SSTK,Communication Services,Internet Content & Information,NYSE,32.77,5,3,6,38,4.43,140770673.92583656,36947684.0,0.105399996,-84.98,898710,958426,1004326,-0.169
5526,BGL,Basic Materials,Gold,NASDAQ,32.73,5,2,0,2,0.18,8227327.266760647,43301723.0,0.0042,-98.45,275940,250660,311654,
5527,LZMH,Technology,Information Technology Services,NASDAQ,32.64,5,4,0,0,1.07,10774200.428128242,8978500.0,0.0194,-98.54,46070,155220,492142,0.912
5528,ESLA,Healthcare,Biotechnology,NASDAQ,32.62,5,9,12,94,0.42,20357000.123844624,43497864.0,0.0088,-86.67,35700,41286,36178,
5529,HOST,Technology,Software - Infrastructure,NYSE ARCA,32.4,5,22,9,15,3.2,,,,-88.17,233520,178156,539525,
5530,WKSP,Consumer Cyclical,Auto Parts,NASDAQ,32.37,5,5,6,4,0.41,6984145.721886307,15282595.0,0.024600001,-89.43,321430,6931616,4358574,0.274
5531,VCX,Financial Services,Asset Management,NYSE,32.34,5,5,17,60,27.43,1067828623.8088951,35797138.0,0.87,-95.23,373527,466079,615079,
5532,FEMY,Healthcare,Medical Instruments & Supplies,NASDAQ,32.31,5,5,3,8,2.05,17168804.950647593,8375027.0,0.0744,-90.77,115400,108690,907804,-0.189
5533,CLLS,Healthcare,Biotechnology,NASDAQ,32.3,5,33,21,92,1.25,144028127.53707957,100718974.0,0.0088,-77.19,66580,150953,98434,-0.621
5534,RPID,Healthcare,Medical Devices,NASDAQ,32.24,5,7,20,15,0.86,46146792.357127905,50159556.0,0.030299999,-82.59,285800,302363,277710,0.109
5535,PROP,Energy,Oil & Gas E&P,NASDAQ,32.09,5,4,5,9,0.41,42412050.30777037,112798010.0,0.1296,-83.92,969810,1171073,1727646,0.452
5536,SNWV,Healthcare,Medical Devices,NASDAQ,31.99,5,2,3,13,5.84,41463130.85668421,8602309.0,0.0421,-85.71,53000,54520,73462,-0.031
5537,REED,Consumer Defensive,Beverages - Non-Alcoholic,NYSE ARCA,31.9,5,4,2,50,0.65,8299960.05865252,11857086.0,0.0235,-94.58,43370,166263,135138,-0.214
5538,EHTH,Financial Services,Insurance Brokers,NASDAQ,31.89,5,6,11,6,0.71,21266482.58973539,31741018.0,0.0138,-87.95,434310,384290,325936,-0.448
5539,CTSO,Healthcare,Medical Devices,NASDAQ,31.86,5,9,8,19,3.73,12761959.651024818,3151101.0,0.041500002,-81.35,11550,22034,15140,0.002
5540,BBOT,Healthcare,Biotechnology,NASDAQ,31.79,5,11,22,23,3.42,311616642.96356964,80107104.0,0.126,-77.0,615230,672710,509512,
5541,AGRZ,Consumer Defensive,Farm Products,NASDAQ,31.64,5,5,9,3,3.62,3551190.5,1092674.0,0.051999997,-97.49,43272,335540,334796,0.307
5542,VRRM,Technology,Information Technology Services,NASDAQ,31.6,4,6,2,12,2.92,427071670.5434742,151982804.0,0.1122,-88.53,6754470,6835760,5803294,0.117
5543,CIIT,Industrials,Integrated Freight & Logistics,NASDAQ,31.39,4,1,1,5,2.87,2399127.2184515,967390.0,0.0149,-95.98,85830,64656,138694,1.213
5544,TOPS,Energy,Oil & Gas Midstream,NYSE ARCA,31.11,4,5,1,8,0.5,4111283.683367729,7613488.0,0.0678,-93.24,2148980,6676790,4060158,-0.419
5545,CDTG,Industrials,Waste Management,NASDAQ,31.02,4,2,1,10,1.24,3232499.0484591722,3021027.0,0.1342,-93.39,386220,4117280,5510834,-0.361
5546,CAPS,Basic Materials,Building Materials,NASDAQ,30.94,4,4,4,5,0.14,3263219.379668683,21754795.0,0.0068,-89.78,11225990,8520976,5470174,0.671
5547,MCRP,Technology,Computer Hardware,NYSE ARCA,30.88,4,7,9,68,0.55,23724144.20954162,34888447.0,0.018099999,-88.08,148830,196250,395152,0.8
5548,ATGL,Technology,Software - Infrastructure,NASDAQ,30.78,4,4,8,10,4.92,85604996.86002731,16462500.0,0.0014,-90.16,2690,7460,22722,0.484
5549,FMFC,Consumer Cyclical,Footwear & Accessories,NASDAQ,30.64,4,5,4,8,0.13,3165899.87128973,18300000.0,0.1511,-99.17,1847730,2291643,6026196,0.204
5550,TRNR,Consumer Cyclical,Personal Services,NASDAQ,30.56,4,4,1,0,2.1,3050675.2126579285,1380396.0,0.02,-99.2,9750,26086,25582,4.453
5551,SDOT,Consumer Defensive,Farm Products,NASDAQ,30.56,4,4,3,2,9.89,18288278.25513935,1707589.0,0.0554,-96.2,93340,129456,1201824,
5552,GXAI,Communication Services,Electronic Gaming & Multimedia,NASDAQ,30.48,4,9,24,41,0.42,7096180.23421669,13752288.0,0.0305,-84.03,173580,250670,2906412,13.373
5553,VSA,Consumer Defensive,Education & Training Services,NASDAQ,30.45,4,4,1,1,2.06,6172388.666542053,2792936.0,0.0034999999,-99.88,134720,617016,461316,
5554,FTCI,Technology,Solar,NASDAQ,30.45,4,6,22,20,1.93,35521002.9756031,16521396.0,0.1293,-84.86,472910,429933,358502,0.308
5555,BYAH,Consumer Defensive,Household & Personal Products,NASDAQ,30.37,4,1,1,0,2.48,1869488.3741326332,795527.0,0.0507,-98.76,462910,244066,537122,0.015
5556,ELTX,Healthcare,Biotechnology,NASDAQ,30.31,4,2,3,93,1.81,50461212.31210399,26281882.0,0.0817,-88.69,246530,342820,314222,
5557,NVX,Industrials,Electrical Equipment & Parts,NASDAQ,30.31,4,4,4,11,2.42,65604340.30468464,24944615.0,0.018099999,-93.73,24440,36033,29795,
5558,VENU,Consumer Cyclical,Restaurants,NYSE ARCA,30.19,4,4,5,5,1.36,79121757.45256448,56515542.0,0.105900005,-90.26,366400,435023,448690,0.069
5559,LX,Financial Services,Credit Services,NASDAQ,30.18,4,3,7,9,0.69,112879968.08288586,164788274.0,0.0683,-88.38,1174630,4296826,3273676,-0.112
5560,HCWB,Healthcare,Biotechnology,NASDAQ,29.98,4,4,28,1,1.53,3757024.202700138,2236324.0,0.0053,-94.77,93510,669260,464912,19.697
5561,NNOX,Healthcare,Medical Devices,NASDAQ,29.87,4,3,3,16,0.57,49982372.00672281,78588638.0,0.0862,-87.89,880000,1286606,1188114,0.367
5562,SDA,Consumer Cyclical,Auto & Truck Dealerships,NASDAQ,29.83,4,7,5,18,0.42,43762014.01384202,102009359.0,0.0068,-84.44,202680,1212960,744818,0.214
5563,SLGB,Industrials,Integrated Freight & Logistics,NASDAQ,29.8,4,3,5,5,0.28,12959999.442100525,45000000.0,0.1611,-95.39,1247930,3435406,4827470,-0.221
5564,NVNI,Technology,Software - Application,NASDAQ,29.79,4,11,20,6,0.53,10766248.831394255,12220487.0,0.0214,-89.27,81110,67033,52424,-0.007
5565,BYND,Consumer Defensive,Packaged Foods,NASDAQ,29.68,4,5,12,18,7.73,141850211.25,17193965.0,0.2998,-96.65,1129540,1203273,1518302,-0.082
5566,SEGG,Consumer Cyclical,Gambling,NASDAQ,29.67,4,3,33,2,1.8,7643497.108254671,3259487.0,0.0429,-94.98,41090,44280,76869,-0.974
5567,LNKS,Industrials,Electrical Equipment & Parts,NASDAQ,29.62,4,2,2,0,0.85,1614646.0573390722,1606613.0,0.0248,-99.8,17950,23660,161892,-0.016
5568,WIMI,Communication Services,Advertising Agencies,NASDAQ,29.56,4,7,7,9,0.65,14138106.4120332,18385054.0,0.0063,-87.1,129590,168163,149092,-0.273
5569,VERI,Technology,Software - Infrastructure,NASDAQ,29.27,4,4,5,12,0.58,76119468.43142182,101628127.0,0.1878,-93.84,9750050,5091830,4988008,0.046
5570,NAMI,Communication Services,Internet Content & Information,NASDAQ,29.08,4,2,1,9,2.09,8652130.211430073,3794794.0,0.04,-92.19,4970480,3140116,3147980,-0.319
5571,BIAF,Healthcare,Diagnostics & Research,NASDAQ,29.06,4,4,3,58,5.64,3637456.376876831,600736.0,0.1196,-93.01,3693910,7405343,4694055,0.19
5572,BXBL,Consumer Cyclical,Residential Construction,NASDAQ,29.05,4,5,33,45,3.19,780223410.4273005,241555234.0,2.11,-78.93,129480,182230,204314,0.774
5573,BETR,Financial Services,Mortgage Finance,NASDAQ,29.0,4,6,25,94,10.15,223993245.68526173,18998579.0,0.3111,-89.05,850710,622300,747600,0.282
5574,TMCR,Basic Materials,Other Industrial Metals & Mining,NASDAQ,29.0,4,6,5,57,2.93,230555960.3832817,67414022.0,0.0005,-86.3,192310,95666,99160,
5575,THRY,Technology,Software - Application,NASDAQ,28.99,4,5,20,5,1.46,67547447.87239122,44439111.0,0.0946,-88.39,620100,699280,843704,-0.284
5576,AIRE,Real Estate,Real Estate Services,NASDAQ,28.87,4,4,1,20,1.05,7928743.995059967,6006624.0,0.074499995,-96.77,33460,37526,122906,-0.113
5577,ONCO,Healthcare,Biotechnology,NASDAQ,28.83,4,3,0,0,0.65,3215303.2670613527,4380522.0,0.0309,-99.69,12633730,5844476,3602092,-0.839
5578,LGVN,Healthcare,Biotechnology,NASDAQ,28.82,4,28,16,82,2.37,8225550.596759796,3188198.0,0.0727,-80.73,61410,143616,113537,-0.092
5579,CYN,Technology,Software - Application,NASDAQ,28.69,4,5,6,6,0.55,10390786.02475971,15348281.0,0.0624,-91.83,249690,205196,191724,3.283
5580,BBLG,Healthcare,Biotechnology,NASDAQ,28.53,4,5,16,10,0.47,1309127.0585726202,2756057.0,0.012999999,-83.15,29480,215600,474896,
5581,BAER,Industrials,Security & Protection Services,NASDAQ,28.51,4,8,37,58,0.61,40001775.62075734,58826140.0,0.048699997,-82.27,991840,793570,1218672,-0.008
5582,FNGR,Communication Services,Telecom Services,NASDAQ,28.5,4,2,3,21,0.2,18888345.81930381,76162686.0,0.056799997,-90.91,81964230,78919400,51627760,-0.923
5583,WOK,Healthcare,Medical Devices,NASDAQ,28.48,4,0,0,1,1.52,7639558.550424576,4467578.0,0.0309,-100.0,53480,53410,242386,0.191
5584,VHUB,Consumer Defensive,Grocery Stores,NASDAQ,28.45,4,6,18,1,0.4,46765370.314712495,97427857.0,0.0078,-99.01,218960,279816,192862,5.362
5585,AIDX,Healthcare,Medical Devices,NASDAQ,28.44,4,3,1,0,0.38,4852715.07910645,12770303.0,0.0044,-99.24,81530,67586,81892,0.365
5586,BRFH,Consumer Defensive,Beverages - Non-Alcoholic,NASDAQ,28.28,4,7,11,26,0.79,13861946.58881712,16308172.0,0.0039,-78.88,55740,32790,32916,1.897
5587,MCRB,Healthcare,Biotechnology,NASDAQ,28.24,4,9,6,13,2.63,29531656.71476698,10044781.0,0.0388,-91.23,99840,68926,68282,
5588,FMST,Basic Materials,Other Industrial Metals & Mining,NASDAQ,28.24,4,6,17,69,0.63,10168356.236529768,17352143.0,0.0125,-86.21,687660,290946,212326,
5589,BKYI,Industrials,Security & Protection Services,NASDAQ,28.17,4,8,18,30,1.74,3045049.115623474,1436344.0,0.0047999998,-91.17,17424230,5845993,3539754,0.131
5590,FCHL,Consumer Defensive,Education & Training Services,NASDAQ,28.08,4,3,0,0,0.92,1222473.8157640696,1318742.0,0.014099999,-99.68,100030,303636,278816,-0.054
5591,ERNA,Healthcare,Biotechnology,NASDAQ,27.97,4,5,14,1,2.49,3452345.724492073,1166333.0,0.0195,-96.52,121220,71040,59976,
5592,SLMT,Technology,Software - Infrastructure,NASDAQ,27.91,4,5,4,2,3.18,47670242.180057526,11009294.0,0.033800002,-98.69,105530,110653,86578,8.411
5593,HUBC,Technology,Software - Infrastructure,NASDAQ,27.87,4,1,0,0,1.0,1813779.1928737164,1795821.0,0.0187,-100.0,390530,316753,283801,0.195
5594,EZGO,Consumer Cyclical,Recreational Vehicles,NASDAQ,27.72,4,2,0,5,0.96,1960014.2049769163,2305899.0,0.0005,-99.91,86910,181026,145928,-0.031
5595,CNTX,Healthcare,Biotechnology,NASDAQ,27.72,4,3,6,96,0.3,28482545.08905703,91879177.0,0.0867,-91.71,966670,1182860,1618692,
5596,JFIN,Financial Services,Credit Services,NASDAQ,27.72,4,3,4,8,1.32,68551702.26567936,52329546.0,0.0117999995,-88.66,24520,59280,51044,-0.609
5597,APVO,Healthcare,Biotechnology,NASDAQ,27.71,4,3,7,3,1.8,3185978.3827364445,1810215.0,0.1039,-94.95,25150,147736,107750,
5598,FAMI,Consumer Defensive,Packaged Foods,NASDAQ,27.6,4,1,1,21,0.12,4866933.321481943,37437950.0,0.062800005,-93.91,2469750,49184156,32962696,-0.604
5599,RAYA,Industrials,Electrical Equipment & Parts,NASDAQ,27.58,4,3,2,0,1.73,2077778.7301754951,1054710.0,0.0454,-97.59,17940,136123,97668,-0.231
5600,SNTI,Healthcare,Biotechnology,NASDAQ,27.56,3,3,7,14,0.32,10028815.483466685,31145390.0,0.0294,-88.89,374290,837153,595714,
5601,MASK,Technology,Software - Application,NASDAQ,27.53,3,4,6,1,0.83,3038522.927879095,3595885.0,0.0367,-96.27,147950,900043,618262,1.069
5602,HLSQ,Technology,Information Technology Services,NYSE ARCA,27.42,3,0,0,68,0.29,972000.0,2700000.0,0.0276,-97.64,1945990,1615485,1670115,
5603,RAIN,Industrials,Pollution & Treatment Controls,NASDAQ,27.4,3,3,7,11,0.73,9035527.545008719,11704051.0,0.0156,-91.43,109130,2437733,2165784,
5604,ACTU,Healthcare,Biotechnology,NASDAQ,27.31,3,5,6,4,0.68,19667631.575410366,24014202.0,0.1039,-91.99,326830,301100,347124,
5605,CMPX,Healthcare,Biotechnology,NASDAQ,27.26,3,14,6,93,0.98,154335341.95278347,180087915.0,0.2765,-85.76,8015420,5660720,4679052,
5606,CCHH,Consumer Cyclical,Restaurants,NASDAQ,27.17,3,1,1,9,0.99,19220601.18058443,18843727.0,0.00029999999,-99.36,21430,35743,131996,0.101
5607,SVRE,Technology,Scientific & Technical Instruments,NASDAQ,27.16,3,6,6,4,1.18,3474770.6142395735,2499835.0,0.009,-94.08,41090,56823,51958,-0.63
5608,LEXX,Healthcare,Biotechnology,NASDAQ,27.09,3,4,13,66,3.2,6066800.881072998,2106528.0,0.0875,-85.19,51370,104973,78363,
5609,GP,Industrials,Farm & Heavy Construction Machinery,NASDAQ,27.07,3,9,67,8,0.38,5544945.214312315,9884038.0,0.012200001,-88.76,304410,288903,286132,-0.717
5610,RDGT,Healthcare,Pharmaceutical Retailers,NASDAQ,27.02,3,2,2,0,0.87,3157699.8173069954,3629540.0,0.0674,-99.89,964140,401166,1921078,0.214
5611,AMOD,Technology,Software - Application,NASDAQ,26.66,3,2,1,5,2.33,17334194.867367268,4966818.0,0.0086,-95.52,24948080,8548940,5141992,
5612,MBAI,Technology,Software - Infrastructure,NASDAQ,26.56,3,18,17,91,3.01,50315890.77659607,15293584.0,0.59,-89.03,20060,26670,24495,
5613,NXH,Consumer Cyclical,Internet Retail,NASDAQ,26.55,3,9,25,27,1.72,263573604.16926312,95497683.0,0.1455,-85.94,6108200,3725890,3266176,0.28
5614,ZTG,Industrials,Consulting Services,NASDAQ,26.47,3,4,78,10,0.69,23412738.056913972,24087179.0,0.0223,-94.37,328540,8239243,5560038,-0.405
5615,XHLD,Communication Services,Broadcasting,NASDAQ,26.41,3,99,61,11,0.55,5846212.249693543,11979943.0,0.081999995,-96.43,19881870,9262930,9205364,-0.345
5616,TCRT,Healthcare,Biotechnology,NASDAQ,26.33,3,10,16,33,0.78,2083193.581829071,2540480.0,0.0026,-83.01,114150,1689340,1017786,
5617,CNSY,Healthcare,Biotechnology,NASDAQ,26.28,3,3,7,12,1.79,12143400.18095076,7589625.0,0.0862,-92.38,268370,144273,119072,-0.704
5618,HTCO,Industrials,Marine Shipping,NASDAQ,26.21,3,4,4,74,1.48,21116845.228546143,9063024.0,0.0167,-97.38,85740,69580,69574,0.383
5619,MSS,Consumer Defensive,Grocery Stores,NASDAQ,26.14,3,1,2,3,1.61,1353688.0993384123,870539.0,0.0747,-96.93,160880,3465963,4361152,-0.086
5620,SCNI,Healthcare,Biotechnology,NASDAQ,26.08,3,3,3,6,1.21,901182.7590786219,677581.0,0.6931,-92.58,63780,2250790,1388341,1.46
5621,SPWR,Technology,Solar,NASDAQ,26.07,3,3,6,12,0.28,62639083.58905345,208796937.0,0.12189999,-87.67,2026690,13015740,9971592,-0.17
5622,LNAI,Healthcare,Biotechnology,NASDAQ,26.05,3,20,12,2,1.12,5894056.783807278,4533890.0,0.033800002,-91.57,51670,45453,222796,
5623,NMTC,Healthcare,Medical Devices,NASDAQ,26.0,3,5,8,45,1.08,10198454.603419662,9105763.0,0.0086,-84.48,238720,646453,416008,0.163
5624,SRXH,Consumer Defensive,Packaged Foods,NYSE ARCA,25.87,3,1,1,5,1.4,32627279.799898744,20265391.0,0.083100006,-96.71,801360,748610,862648,
5625,THH,Industrials,Specialty Business Services,NASDAQ,25.82,3,3,2,1,1.36,7506937.5,5004625.0,0.0007,-99.75,143220,61510,130028,0.005
5626,RCT,Technology,Software - Application,NASDAQ,25.72,3,2,2,5,0.13,14601340.97458072,75654615.0,0.0019,-94.44,884960,777343,721424,0.336
5627,INUV,Technology,Software - Application,NYSE ARCA,25.68,3,3,6,10,0.51,9395354.912103832,16483079.0,0.033099998,-86.58,121070,147883,202446,-0.668
5628,AUID,Technology,Software - Infrastructure,NASDAQ,25.64,3,2,16,7,0.34,7340228.9964033365,16720339.0,0.0456,-88.68,1659130,949143,668292,-0.66
5629,POM,Healthcare,Pharmaceutical Retailers,NASDAQ,25.56,3,1,1,10,0.79,7970183.432574868,9267655.0,1.05,-99.32,41140,27010,66246,0.06
5630,YSS,Industrials,Aerospace & Defense,NYSE,25.46,3,2,8,53,7.23,1233471230.0226784,137357605.0,0.096,-83.77,1973280,3272996,3402618,0.104
5631,TAOP,Technology,Software - Infrastructure,NASDAQ,25.41,3,6,21,8,0.42,3937312.375656277,9603201.0,0.0021,-87.65,80460,245403,326418,-0.325
5632,CHAI,Communication Services,Internet Content & Information,NASDAQ,25.41,3,1,2,3,0.25,7372051.01749295,25866846.0,0.0253,-98.34,476880,11206866,6997888,0.558
5633,FJET,Industrials,Aerospace & Defense,NYSE ARCA,25.38,3,3,11,13,1.68,94593154.25344872,54996019.0,0.1183,-94.67,1218940,1606223,1199464,
5634,JEM,Consumer Cyclical,Apparel Retail,NASDAQ,25.21,3,1,1,2,3.46,2517134.3404245377,695341.0,0.0221,-97.44,16560,41166,499098,-0.225
5635,NIXX,Communication Services,Telecom Services,NASDAQ,25.21,3,10,76,8,0.3,8750705.938868314,28908839.0,0.0078,-84.77,265570,412036,610360,0.204
5636,NNNN,Healthcare,Medical Instruments & Supplies,NASDAQ,25.2,3,3,3,86,4.62,243596168.37158203,43891200.0,0.0011999999,-89.67,43100,196853,178790,0.739
5637,PBK,Utilities,Utilities - Renewable,NASDAQ,25.14,3,4,8,4,0.23,13922644.131175876,61878420.0,0.013300001,-90.21,2606510,1746993,1361096,-0.706
5638,SQFT,Real Estate,REIT - Diversified,NASDAQ,24.88,3,6,7,15,0.89,1545222.9113134146,1309511.0,0.052399997,-86.09,59890,787756,475986,-0.129
5639,HDRN,Industrials,Specialty Industrial Machinery,NASDAQ,24.85,3,4,1,43,1.05,88658564.7618661,71498842.0,3.46,-91.6,40990,79316,77710,
5640,CDLX,Communication Services,Advertising Agencies,NASDAQ,24.77,3,10,3,14,1.95,14898451.311522484,5888716.0,0.1159,-92.7,81500,50893,48750,-0.365
5641,SMJF,Consumer Cyclical,Textile Manufacturing,NYSE ARCA,24.75,3,2,77,17,1.24,51254250.66053867,27705000.0,0.0105,-89.2,616090,1204770,1243974,-0.014
5642,MYSZ,Consumer Cyclical,Apparel Retail,NASDAQ,24.51,3,4,7,11,1.35,1085698.6796466112,674347.0,0.3064,-86.82,44840,1177833,934596,0.53
5643,BENF,Financial Services,Asset Management,NASDAQ,24.44,3,3,34,29,1.07,22148898.817583203,15488741.0,0.13350001,-91.43,4533720,20492146,12302548,
5644,HPAI,Technology,Software - Infrastructure,NASDAQ,24.43,3,2,2,5,0.31,11444660.271995366,37646910.0,0.018,-93.22,134630,1191410,840914,0.077
5645,AIFU,Financial Services,Insurance Brokers,NASDAQ,24.43,3,2,19,5,11.01,60561146.14234543,5925748.0,0.010299999,-90.44,35910,46083,39692,-0.24
5646,PAVS,Consumer Defensive,Packaged Foods,NASDAQ,24.2,3,0,0,0,3.64,3236148.75,862973.0,0.0464,-100.0,16970,17263,752264,707.98
5647,CLDI,Healthcare,Biotechnology,NYSE ARCA,24.09,3,3,2,1,1.04,2790918.830901146,2584184.0,0.0888,-96.26,59210,165103,165858,
5648,LTRN,Healthcare,Biotechnology,NASDAQ,24.08,3,7,42,13,0.83,12844595.573655128,14935576.0,0.0438,-82.35,328990,264793,201776,
5649,FUSE,Technology,Software - Application,NASDAQ,23.97,3,4,4,8,0.41,14376709.557038426,28985302.0,0.1168,-98.36,5682270,1962940,2918600,-0.118
5650,HKIT,Technology,Information Technology Services,NASDAQ,23.95,3,0,0,0,2.53,22299812.97150612,8991860.0,0.0174,-99.98,1309920,464603,355668,4.409
5651,VRXA,Healthcare,Biotechnology,NASDAQ,23.87,3,1,1,74,1.09,159790828.015715,141407813.0,0.53,-96.02,200130,312000,239812,
5652,TVRD,Healthcare,Biotechnology,NASDAQ,23.72,3,7,10,6,1.08,15339784.131974816,13338943.0,0.019199999,-97.53,273410,204793,208486,
5653,KDK,Technology,Software - Infrastructure,NASDAQ,23.67,3,8,7,71,1.66,329013795.93013406,200618170.0,0.079,-85.37,9536370,4328413,3009802,5.956
5654,INHD,Basic Materials,Steel,NASDAQ,23.59,3,0,99,0,3.83,14375819.94178915,4520698.0,0.0197,-99.77,1354510,581010,688232,0.903
5655,NXL,Healthcare,Medical Devices,NASDAQ,23.51,3,3,14,6,4.11,4752462.01581955,829400.0,0.0155,-93.15,6473520,2169310,1303213,-0.828
5656,KAPA,Healthcare,Biotechnology,NYSE ARCA,23.46,3,5,5,11,0.96,5281197.286286831,3385383.0,0.0475,-89.99,1718930,640802,426585,
5657,NMRA,Healthcare,Biotechnology,NASDAQ,23.39,3,9,27,89,0.48,93947956.0,187895912.0,0.0635,-86.85,2355320,1724363,1337508,
5658,PSNY,Consumer Cyclical,Auto Manufacturers,NASDAQ,23.24,3,5,12,14,5.31,1023465206.8033948,164280129.0,8.34,-81.98,247970,308790,234802,-0.044
5659,MERC,Basic Materials,Paper & Paper Products,NASDAQ,23.16,2,3,3,3,0.25,17424687.940866232,67018033.0,0.1318,-91.55,788570,4430203,3952260,0.015
5660,KNRX,Technology,Software - Application,NYSE ARCA,23.08,2,5,2,11,0.2,7271123.782143503,30423113.0,0.05,-94.2,32616260,10908826,9512526,-0.397
5661,POAS,Healthcare,Medical Devices,NYSE ARCA,22.98,2,3,0,7,0.14,2302545.009803027,16446750.0,0.0379,-98.11,306140,226376,244054,-0.575
5662,CAST,Communication Services,Broadcasting,NASDAQ,22.96,2,30,6,4,1.17,59929145.85609412,50787414.0,0.0627,-96.45,425970,1014253,5222304,0.68
5663,TGL,Technology,Software - Application,NASDAQ,22.81,2,8,10,4,1.27,2521733.205429077,1954832.0,0.0563,-97.81,382880,400080,487504,1.252
5664,ISPC,Healthcare,Diagnostics & Research,NASDAQ,22.81,2,3,2,2,1.09,2720077.308086157,2518590.0,0.0876,-97.65,168530,1007666,823030,-0.787
5665,CYAB,Technology,Software - Infrastructure,NASDAQ,22.74,2,3,1,4,0.17,3519414.2524433583,17597071.0,0.01,-97.26,9817380,14731723,10142240,0.392
5666,SKYE,Healthcare,Biotechnology,NASDAQ,22.65,2,2,9,9,1.68,7438495.447759151,4427676.0,0.037,-90.87,38930,72873,109617,
5667,CRBU,Healthcare,Biotechnology,NASDAQ,22.64,2,19,29,89,0.48,130793168.92723155,107207513.0,0.1257,-86.42,6905630,3103230,2275266,-0.438
5668,RKDA,Consumer Defensive,Packaged Foods,NASDAQ,22.61,2,3,3,4,0.27,693852.7381311655,2409211.0,0.004,-95.98,2823310,1852433,1209358,-0.008
5669,SOS,Financial Services,Capital Markets,NYSE,22.59,2,10,11,6,0.31,6174420.879753351,19355551.0,0.0376,-86.28,1169180,2382346,1479496,-0.621
5670,SURG,Communication Services,Telecom Services,NASDAQ,22.53,2,2,3,3,0.14,7777538.1746928245,52908423.0,0.1114,-95.54,3498640,17873303,24492284,0.407
5671,CVRX,Healthcare,Medical Devices,NASDAQ,22.44,2,6,17,64,1.68,41294474.07962966,26641597.0,0.0864,-85.13,1054480,741936,1113144,0.156
5672,SCAG,Industrials,Farm & Heavy Construction Machinery,NASDAQ,22.42,2,4,1,4,0.18,15756296.776999459,72609665.0,0.0063,-94.71,221480,595880,457860,0.913
5673,KSCP,Industrials,Security & Protection Services,NASDAQ,22.38,2,6,4,11,0.65,17761003.855846047,23618357.0,0.10479999,-91.47,701130,830396,987826,2.283
5674,ANPA,Industrials,Specialty Business Services,NASDAQ,22.3,2,3,5,19,1.9,29750457.782064676,15101755.0,0.0013,-98.95,13650,202006,125252,
5675,CABO,Communication Services,Telecom Services,NYSE,22.22,2,3,4,26,15.38,69278624.46644306,5673925.0,0.19219999,-91.49,851340,493103,395216,-0.084
5676,PMAX,Financial Services,Capital Markets,NASDAQ,22.2,2,2,3,0,0.77,3112670.337308049,3661965.0,0.016,-98.52,3984110,3296160,2003904,0.727
5677,TNON,Healthcare,Medical Devices,NASDAQ,22.18,2,2,2,17,3.44,2468073.9318072796,667047.0,0.8595,-93.17,6480380,11484813,8193557,1.268
5678,ARAI,Technology,Scientific & Technical Instruments,NASDAQ,22.11,2,2,2,2,0.18,11205261.434653923,51876209.0,0.0185,-97.38,21649520,7689853,4875724,-0.838
5679,ZONE,Technology,Information Technology Services,NYSE ARCA,21.97,2,3,81,5,0.13,67165593.82405624,508830259.0,0.015700001,-94.86,4997920,6727333,9166442,-0.008
5680,AKAN,Healthcare,Drug Manufacturers - Specialty & Generic,NASDAQ,21.84,2,3,90,3,1.78,5226144.710343838,2639467.0,0.089899994,-97.74,127590,1672273,1597676,
5681,DVLT,Technology,Software - Infrastructure,NASDAQ,21.84,2,5,7,29,0.14,142459296.4108236,949728605.0,0.171,-96.59,25809510,51466176,48746376,2.871
5682,SSM,Consumer Cyclical,Auto Manufacturers,NASDAQ,21.71,2,4,11,31,1.29,3859837.5760302544,1464834.0,0.0454,-87.76,8489410,5814773,3541444,
5683,SLBT,Healthcare,Biotechnology,NASDAQ,21.66,2,2,6,16,1.52,880392847.9030198,560759757.0,0.0001,-89.52,94300,87900,75672,-0.076
5684,CALC,Healthcare,Biotechnology,NASDAQ,21.54,2,4,13,1,1.3,49178242.332812905,30736401.0,0.0295,-96.39,62130,90788,81238,
5685,EYPT,Healthcare,Biotechnology,NASDAQ,21.42,2,3,53,87,3.46,280189448.5,86212138.0,0.24180001,-81.89,2850950,3515523,4674272,-0.905
5686,DFNS,Industrials,Aerospace & Defense,NASDAQ,21.34,2,1,0,1,6.22,7417033.454189301,1010495.0,0.437,-99.68,274050,502983,1421140,
5687,SILO,Healthcare,Biotechnology,NASDAQ,20.99,2,4,16,35,1.45,2556238.4030222893,1753250.0,0.0182,-86.67,174650,88180,115306,
5688,MIMI,Industrials,Engineering & Construction,NASDAQ,20.87,2,2,8,7,0.86,13091469.443926573,14792621.0,0.0403,-99.07,5034490,9748853,5972848,-0.324
5689,CVKD,Healthcare,Biotechnology,NASDAQ,20.84,2,2,3,7,0.93,3353536.471494198,3567592.0,0.0372,-93.59,287290,918023,566228,
5690,FTFT,Technology,Software - Application,NASDAQ,20.82,2,0,1,3,3.37,27544248.4132967,8077492.0,0.1183,-97.82,104650,11026716,6645812,-0.439
5691,RADX,Healthcare,Biotechnology,NASDAQ,20.5,2,6,27,28,1.11,20720400.813786507,14591832.0,0.0033000002,-93.17,52710,63570,61016,-0.369
5692,TDIC,Communication Services,Advertising Agencies,NASDAQ,20.42,2,1,0,4,1.82,7305067.978099108,3413583.0,0.0034999999,-99.82,4435080,1496270,982358,-0.275
5693,EHGO,Industrials,Business Equipment & Supplies,NASDAQ,20.29,2,6,4,4,0.7,3777649.1955629587,5902577.0,0.0347,-93.75,1111010,698450,1701308,0.262
5694,CHGA,Real Estate,Real Estate Services,NASDAQ,20.08,2,2,4,2,2.01,2811742.1493167877,1120216.0,0.0301,-95.91,3366980,1418044,857494,
5695,EVTL,Industrials,Aerospace & Defense,NYSE,19.84,2,1,5,9,0.54,100172708.17625809,168640928.0,0.1488,-92.63,5627300,5870063,7408088,
5696,GMM,Technology,Information Technology Services,NASDAQ,19.67,2,3,0,17,1.75,8063544.315083027,4454997.0,0.0095999995,-98.28,19610,22543,57536,0.362
5697,UCL,Communication Services,Telecom Services,NASDAQ,19.35,2,3,9,21,0.28,10513460.736624897,38092250.0,0.0109,-89.35,341310,606763,2437534,-0.059
5698,FTHM,Real Estate,Real Estate Services,NASDAQ,19.25,2,24,25,19,0.22,11425217.198396921,34207238.0,0.0212,-88.54,5964870,2387330,1478790,-0.056
5699,ZCMD,Healthcare,Health Information Services,NASDAQ,19.12,2,1,0,4,1.58,8207965.405780077,4436738.0,0.048,-99.92,132940,376768,1207919,-0.232
5700,TDTH,Technology,Information Technology Services,NASDAQ,18.96,2,4,7,1,0.89,106752539.85769701,108931161.0,0.0001,-97.06,177320,110883,104566,0.436
5701,NXGL,Healthcare,Medical Instruments & Supplies,NASDAQ,18.92,2,4,4,3,0.15,1696093.3131954968,9747663.0,0.023599999,-94.81,815320,426926,948994,0.278
5702,BIYA,Technology,Software - Application,NASDAQ,18.76,2,1,1,0,1.74,10927782.562836647,6829864.0,0.0194,-98.96,14747830,4941013,3155406,
5703,CRMT,Consumer Cyclical,Auto & Truck Dealerships,NASDAQ,18.73,2,3,2,5,1.25,8755401.502390385,8338478.0,0.2696,-95.92,476840,539410,402552,-0.576
5704,STKH,Consumer Defensive,Packaged Foods,NASDAQ,18.62,2,7,1,7,0.6,384597.83589303493,591689.0,0.0039,-95.43,2056930,751896,3561636,
5705,KUST,Communication Services,Entertainment,NASDAQ,18.57,2,2,1,1,4.14,2915073.2924108505,650686.0,0.0069999998,-98.72,93647,102347,231668,0.882
5706,EMAT,Basic Materials,Other Industrial Metals & Mining,NASDAQ,18.56,2,3,7,12,1.7,1279489293.914194,627200646.0,0.0183,-92.94,1284140,1349990,1202108,
5707,TOPP,Industrials,Trucking,NYSE ARCA,18.56,2,1,21,17,0.18,3087500.0,24700000.0,0.0178,-94.84,58064180,21442433,13405770,0.169
5708,YHC,Consumer Defensive,Beverages - Wineries & Distilleries,NASDAQ,18.55,2,0,0,13,1.26,1668936.922696352,1303857.0,0.019199999,-98.94,35840,73053,118164,-0.306
5709,VTIX,Technology,Computer Hardware,NASDAQ,18.51,2,1,2,2,1.08,40765620.41988015,33971349.0,0.2158,-98.84,188400,261796,434918,-0.257
5710,MRLN,Industrials,Aerospace & Defense,NASDAQ,18.34,2,4,3,78,1.36,172825914.49543,101067784.0,8.65,-92.0,3193790,3239886,2416492,-0.294
5711,NTCL,Technology,Software - Application,NASDAQ,18.25,2,0,0,9,1.79,4212029.352997541,2160015.0,0.0064999997,-98.85,12580,19780,37898,0.74
5712,DFLI,Industrials,Electrical Equipment & Parts,NASDAQ,17.9,2,5,13,8,0.49,12746961.517276347,14978803.0,0.0968,-98.12,425020,321953,349480,-0.19
5713,DCOY,Healthcare,Biotechnology,NASDAQ,17.71,2,4,8,2,1.52,1159677.4375033379,655185.0,0.0162,-97.28,279730,4561033,2747784,
5714,TCRX,Healthcare,Biotechnology,NASDAQ,17.57,2,3,15,22,0.23,21757141.51755318,67779255.0,0.048299998,-91.05,621790,1109036,795964,-0.658
5715,VVOS,Healthcare,Medical Devices,NASDAQ,17.29,2,1,1,4,0.15,3057939.3976715356,20118023.0,0.0938,-95.61,8647450,24232876,16048454,0.349
5716,HAO,Communication Services,Advertising Agencies,NASDAQ,17.1,2,0,0,22,2.5,988540.2174582481,366126.0,0.0645,-99.94,31980,97156,243681,1.373
5717,RNAZ,Healthcare,Biotechnology,NASDAQ,17.04,1,2,32,24,1.71,26581261.1180526,16930739.0,0.0036000002,-91.85,27560,73196,58902,
5718,GIPR,Real Estate,REIT - Diversified,NASDAQ,16.97,1,1,2,3,0.46,1336781.5927565098,3038140.0,0.0150999995,-97.69,35268360,30619056,25186788,-0.132
5719,VMAR,Consumer Cyclical,Recreational Vehicles,NASDAQ,16.93,1,0,0,1,6.3,4179494.4622793198,653046.0,0.055999998,-99.91,22000,52076,234902,86.188
5720,CMND,Healthcare,Biotechnology,NASDAQ,16.87,1,1,1,1,6.6,2407454.2466951013,3367069.0,0.0106,-98.62,38693,110286,72908,
5721,XAIR,Healthcare,Medical Devices,NASDAQ,16.84,1,2,3,2,2.31,2776027.674283743,984407.0,0.061100002,-95.85,75810,420800,278358,0.005
5722,CXAI,Technology,Software - Application,NASDAQ,16.71,1,2,6,5,2.01,5446158.131669998,2337407.0,0.105900005,-96.13,145610,127873,222196,0.385
5723,EPOW,Industrials,Electrical Equipment & Parts,NASDAQ,16.55,1,6,8,20,3.31,10786146.44373846,2555959.0,0.0033000002,-91.05,33310,150020,96437,-0.568
5724,MNDR,Healthcare,Health Information Services,NASDAQ,16.48,1,2,5,5,0.9,1576790.2226560116,1194538.0,0.0089,-97.23,359280,225033,277104,-0.077
5725,RIME,Technology,Consumer Electronics,NASDAQ,16.42,1,2,5,19,0.14,3370631.4446605146,21066447.0,0.02,-96.94,1295020,1741310,1706542,1.609
5726,MDCX,Healthcare,Drug Manufacturers - General,NASDAQ,16.36,1,3,9,1,0.1,11545313.43086949,71710022.0,0.0727,-96.4,3081290,8043760,5548316,
5727,PWCM,Financial Services,Capital Markets,NASDAQ,16.08,1,1,2,4,0.94,1609339.1215208173,1794135.0,0.0834,-97.37,909220,439826,763558,-0.16
5728,NXTS,Basic Materials,Agricultural Inputs,NASDAQ,16.0,1,2,3,1,0.88,2165466.1838600636,1453333.0,0.0295,-98.2,1894350,662233,417476,
5729,ARTL,Healthcare,Biotechnology,NASDAQ,15.98,1,2,1,7,3.37,2015808.3565678596,547774.0,0.041199997,-98.12,91850,977407,609019,
5730,WATR,Industrials,Industrial Distribution,NASDAQ,15.74,1,1,46,42,1.78,59377911.95490539,31251533.0,0.2,-84.52,112300,96103,123796,
5731,BZAI,Technology,Software - Application,NASDAQ,15.25,1,3,7,22,0.29,69519377.1661208,144832039.0,0.1296,-95.71,3305900,3181216,5073396,5.047
5732,HKPD,Healthcare,Medical Distribution,NASDAQ,15.21,1,2,8,16,0.1,5424920.240604505,49317457.0,0.006,-94.18,691760,7010913,4247532,-0.317
5733,QCLS,Technology,Computer Hardware,NASDAQ,15.21,1,5,18,10,0.64,6125999.03488183,8189838.0,1.0633999,-92.17,1263450,10438500,6313782,
5734,GPUS,Industrials,Conglomerates,NYSE ARCA,15.19,1,1,7,3,0.16,23279320.84486276,136937180.0,0.3068,-95.62,44925670,40339756,26730734,0.348
5735,GOVX,Healthcare,Biotechnology,NASDAQ,15.1,1,2,5,1,0.29,2910038.654955566,9093871.0,0.054899998,-98.16,1545010,869270,915228,
5736,PPCB,Healthcare,Biotechnology,NASDAQ,14.89,1,2,2,1,0.47,3213041.3247163296,6331116.0,0.0089,-99.1,258720,3680116,2261712,
5737,EDVA,Healthcare,Biotechnology,NYSE ARCA,14.86,1,1,1,2,0.16,1100832.0092089176,6923472.0,0.049000002,-98.81,1530590,4878030,5620926,
5738,OBAI,Technology,Software - Infrastructure,NASDAQ,14.57,1,3,3,0,0.19,6294860.263465136,29975526.0,0.1,-99.51,834840,3254410,2171724,-0.068
5739,HCTI,Healthcare,Health Information Services,NASDAQ,14.5,1,1,3,0,0.5,10617133.799147844,14644322.0,0.032899998,-99.75,3050440,3075543,2900394,1.584
5740,KXIN,Consumer Cyclical,Auto & Truck Dealerships,NASDAQ,14.47,1,1,3,0,1.45,62484401.54409504,45278552.0,0.0082,-99.83,83050,3701690,2340164,6.021
5741,RBNE,Energy,Oil & Gas Midstream,NASDAQ,14.41,1,1,0,3,2.17,2997668.25,1332297.0,0.0172,-98.35,17770,26726,37284,0.292
5742,ONEN,Utilities,Utilities - Independent Power Producers,NASDAQ,14.34,1,52,45,45,1.64,198285729.135615,106035149.0,,-86.39,608160,591073,421954,
5743,DDC,Consumer Defensive,Packaged Foods,NYSE ARCA,14.16,1,1,1,7,0.19,12505077.132239938,56841260.0,0.0166,-98.05,9872790,8207573,5268100,0.222
5744,XCH,Industrials,Electrical Equipment & Parts,NASDAQ,14.15,1,1,8,26,2.99,12724560.387124538,4001434.0,0.35,-94.02,93510,39160,52038,-0.175
5745,PRPL,Consumer Cyclical,"Furnishings, Fixtures & Appliances",NASDAQ,13.88,1,2,6,25,1.88,9155224.684233189,4359631.0,0.05,-92.4,26870,49620,42230,-0.065
5746,SMX,Industrials,Specialty Business Services,NASDAQ,13.85,1,11,14,0,3.79,4158482.4873275757,1088608.0,0.0355,-99.93,385130,156510,100868,
5747,MVIS,Technology,Scientific & Technical Instruments,NASDAQ,13.76,1,2,4,10,1.31,45271503.02343607,30588853.0,0.187,-94.33,1641090,1417396,1730104,8.503
5748,LHSW,Technology,Software - Infrastructure,NASDAQ,13.71,1,1,4,1,0.61,6342023.003914297,13493666.0,0.1067,-98.31,955860,17577623,10595730,-0.147
5749,ADGM,Healthcare,Medical Devices,NASDAQ,13.63,1,11,5,86,0.13,4159967.1062107086,27189328.0,0.0342,-94.97,2306860,2287256,11591594,
5750,BRNX,Utilities,Utilities - Renewable,NASDAQ,13.62,1,1,0,0,1.42,3084949.2289077044,1695027.0,0.0361,-99.65,160620,1481476,1199757,
5751,CSAI,Technology,Software - Infrastructure,NASDAQ,13.54,1,3,5,6,2.58,2373724.2991280556,885718.0,0.0728,-96.27,192950,95206,105368,0.135
5752,TENX,Healthcare,Biotechnology,NASDAQ,13.45,1,2,92,93,1.86,74099356.37380457,37423917.0,0.14829999,-90.41,2073930,4041546,6631930,
5753,VIVS,Healthcare,Biotechnology,NASDAQ,12.92,1,1,6,20,0.18,2678157.839907661,13390789.0,0.0423,-94.92,543510,800483,3317398,-0.514
5754,OFAL,Industrials,Engineering & Construction,NASDAQ,12.7,1,1,1,13,0.41,1184036.3505148888,2637052.0,0.26049998,-96.82,1186720,5011010,8866471,-0.215
5755,ACH,Healthcare,Medical Distribution,NYSE,12.65,1,4,41,24,0.44,39221398.30657959,76904704.0,0.1428,-92.14,1714940,1341063,1683846,-0.101
5756,PARA,Technology,Software - Application,NASDAQ,12.51,1,1,0,2,0.71,2353680.8406513333,4508967.0,0.1421,-99.11,706450,676796,495306,-0.273
5757,MBRX,Healthcare,Biotechnology,NASDAQ,12.38,1,2,9,3,0.42,9927874.626703262,20385780.0,0.0148,-97.33,823760,1019850,1586330,
5758,MKDW,Consumer Cyclical,Auto Parts,NASDAQ,12.31,1,43,94,83,1.06,51639647.09385824,34198442.0,0.0014,-91.81,90280,272320,164016,0.129
5759,BDRX,Healthcare,Biotechnology,NASDAQ,12.13,1,1,3,1,0.52,638020.9249069691,1029066.0,0.2642,-99.12,168610,7119980,4679936,
5760,SION,Healthcare,Biotechnology,NASDAQ,11.94,1,2,87,96,4.9,221688113.41060638,45150330.0,0.1423,-91.09,1050070,1354590,2634810,
5761,ELAB,Healthcare,Biotechnology,NASDAQ,11.79,1,1,0,0,3.12,2720185.355071783,809579.0,0.0425,-99.88,79710,49920,52360,
5762,GNPX,Healthcare,Biotechnology,NASDAQ,11.77,1,1,2,2,2.75,2155834.7638082504,819709.0,0.1011,-99.77,199780,191600,303868,
5763,JDZG,Consumer Defensive,Education & Training Services,NASDAQ,11.53,1,0,93,0,5.63,26523200.83618164,5480000.0,0.0058,-99.45,1267500,819436,687448,0.662
5764,KITT,Industrials,Aerospace & Defense,NASDAQ,11.41,1,2,0,1,1.49,1892895.4962472916,1245326.0,0.1936,-99.15,1463790,673160,425476,-0.573
5765,ZBAO,Financial Services,Insurance Brokers,NASDAQ,11.22,1,1,2,26,0.06,44743806.82092856,466081317.0,0.0002,-95.52,11903770,11726020,21715410,0.407
5766,SGLY,Industrials,Integrated Freight & Logistics,NASDAQ,11.12,1,3,6,8,0.71,3944765.3430690765,5403788.0,0.0052,-95.59,928570,590836,1773780,0.759
5767,ZNB,Communication Services,Entertainment,NASDAQ,10.72,1,0,0,0,0.9,1493584.363002777,969860.0,0.0656,-99.98,2959630,1010690,1234742,
5768,OLOX,Industrials,Metal Fabrication,NASDAQ,10.67,1,0,5,1,0.92,1397170.186659813,1659347.0,0.0191,-99.01,15630440,7606653,5232904,1.937
5769,KALA,Healthcare,Biotechnology,NASDAQ,10.65,1,1,0,1,0.3,7445817.425561428,19339786.0,0.0231,-99.69,7380440,2988313,1820584,
5770,JUNS,Healthcare,Biotechnology,NASDAQ,10.11,1,1,2,5,2.77,3362228.4871280193,1318521.0,0.0462,-97.96,119140,93076,1151827,
5771,EDBL,Consumer Defensive,Farm Products,NASDAQ,10.03,1,0,0,0,1.1,2224720.23208344,1951509.0,0.0429,-99.91,750690,777906,1120918,0.128
5772,SBFM,Healthcare,Drug Manufacturers - Specialty & Generic,NASDAQ,9.82,1,2,1,16,0.43,2586183.762360275,3877337.0,0.0061000003,-98.23,30314080,10257160,6698352,-0.016
5773,VBIO,Healthcare,Biotechnology,NASDAQ,9.68,1,0,3,11,2.21,10751760.453694582,4151259.0,0.0434,-97.19,5526190,2401020,1857676,
5774,TRUG,Communication Services,Electronic Gaming & Multimedia,NASDAQ,9.54,1,1,1,1,2.56,3190469.166777849,1208511.0,0.1393,-99.09,385471,3372826,2317089,0.344
5775,NUWE,Healthcare,Medical Devices,NASDAQ,9.41,0,0,0,3,0.68,2190842.4524298906,3175134.0,0.012,-99.61,143200,2316713,5279230,0.141
5776,NCI,Consumer Cyclical,Apparel Manufacturing,NASDAQ,9.14,0,30,89,6,0.88,2441142.5915908813,2831952.0,0.0804,-99.2,3948920,1847056,1452518,-0.508
5777,XLAB,Technology,Software - Infrastructure,NASDAQ,9.09,0,5,49,45,1.02,90068703.0661391,64334789.0,0.17,-90.87,117860,304023,236688,1.016
5778,JZ,Technology,Information Technology Services,NASDAQ,9.02,0,0,0,8,0.83,1050024.4427357912,2408313.0,0.0234,-99.16,30803570,11353340,7706454,0.398
5779,UZX,Consumer Cyclical,Internet Retail,NASDAQ,8.88,0,1,1,12,1.17,3623220.6925764084,2875572.0,0.065,-98.36,71400,570579,472531,-0.252
5780,NEXR,Consumer Cyclical,Internet Retail,NASDAQ,8.78,0,0,0,0,1.02,560251.3173418045,557464.0,0.108500004,-99.88,674130,505640,565028,0.491
5781,SHFS,Financial Services,Banks - Regional,NASDAQ,8.36,0,4,1,5,0.45,1212740.226092577,1027746.0,0.014400001,-99.47,990150,382574,239991,0.34
5782,GCTK,Healthcare,Medical Devices,NASDAQ,8.32,0,3,4,1,1.11,1231800.6088342667,1018017.0,0.12109999,-99.19,561410,2908074,2396207,
5783,XXII,Consumer Defensive,Tobacco,NASDAQ,8.19,0,1,0,0,0.87,652590.4979556799,713994.0,0.0533,-99.84,140550,193476,123368,-0.404
5784,VNRX,Healthcare,Medical Devices,NYSE ARCA,8.19,0,1,2,6,0.22,7214559.678742021,30060666.0,0.0366,-98.36,2037060,15144723,10777814,-0.02
5785,BAOS,Communication Services,Advertising Agencies,NASDAQ,8.01,0,1,24,38,0.25,7841906.50511004,33369815.0,0.020599999,-95.21,245990,6002833,7152246,-0.505
5786,GCDT,Industrials,Specialty Industrial Machinery,NYSE ARCA,7.96,0,5,3,2,0.57,5420482.080771476,13551205.0,0.0068,-90.26,1318451,4409667,2700364,0.133
5787,NXAT,Industrials,Conglomerates,NASDAQ,7.89,0,1,1,3,0.63,2831996.125,3236567.0,0.18,-99.37,2565940,933513,856509,1079.59
5788,CRIS,Healthcare,Biotechnology,NASDAQ,7.87,0,0,2,6,0.71,1940062.4289091825,2425078.0,0.0287,-97.94,214680,169783,232992,
5789,KIDZ,Consumer Defensive,Education & Training Services,NASDAQ,7.55,0,0,0,0,2.06,1970950.297167778,860677.0,0.065799996,-99.98,510280,590473,518402,-0.336
5790,OMH,Real Estate,Real Estate Services,NASDAQ,7.3,0,0,3,15,2.37,223751276.70229578,84434441.0,0.0465,-97.84,55290,100650,583324,
5791,DBGI,Consumer Cyclical,Apparel Retail,NASDAQ,7.25,0,0,1,1,4.5,2798491.8642377853,574639.0,0.31370002,-99.38,169240,1469720,977034,-0.463
5792,RUBI,Industrials,Marine Shipping,NASDAQ,7.17,0,0,0,0,0.58,1934718.5568788052,1791406.0,0.54,-100.0,3225700,1476778,1200152,-0.192
5793,SGRX,Technology,Information Technology Services,NASDAQ,6.83,0,0,1,2,0.73,2397752.2618517876,1902978.0,0.0367,-99.56,2548940,1525143,1087844,
5794,KPTI,Healthcare,Biotechnology,NASDAQ,6.7,0,2,89,91,0.6,18190530.606354475,22681460.0,0.34849998,-94.54,1519700,1455636,2004034,-0.119
5795,PFSA,Healthcare,Medical Devices,NASDAQ,6.47,0,0,0,0,1.49,1023676.9746599197,605726.0,0.0521,-99.95,1828240,3648773,3451594,
5796,ELPW,Industrials,Electrical Equipment & Parts,NASDAQ,6.28,0,0,0,0,2.62,2768304.35666728,932089.0,0.0101,-100.0,933580,347546,703273,
5797,SUGP,Industrials,Security & Protection Services,NASDAQ,6.16,0,0,0,11,2.4,666139.3116055429,1605155.0,0.0387,-95.64,1587983,1484246,1158916,-0.2
5798,INV,Financial Services,Asset Management,NASDAQ,6.15,0,2,55,77,0.3,42644779.8138898,84612657.0,0.1419,-96.18,7669750,8302546,6949840,1.002
5799,SMTK,Technology,Semiconductor Equipment & Materials,NASDAQ,5.83,0,0,3,2,1.13,1709068.3253046274,1035799.0,0.1848,-99.41,312480,301713,389801,
5800,YMT,Technology,Software - Application,NASDAQ,5.62,0,0,0,0,1.1,533759.5222724676,476571.0,0.04,-99.79,5131920,1911313,1347739,-0.077
5801,JAGX,Healthcare,Biotechnology,NASDAQ,5.51,0,0,0,1,4.53,1903522.124639511,520088.0,0.050100002,-99.64,8491440,4268307,2566077,-0.589
5802,HCAI,Industrials,Farm & Heavy Construction Machinery,NASDAQ,4.98,0,3,29,3,0.48,5533031.249435186,10913276.0,0.0321,-98.15,305790,958743,590668,
5803,HODO,Technology,Software - Application,NASDAQ,4.63,0,0,2,62,0.12,12927182.45302476,89152985.0,0.15,-99.38,5179550,2348536,1783656,
5804,ONFO,Communication Services,Internet Content & Information,NASDAQ,4.26,0,0,1,81,0.74,2109332.3550863266,2452712.0,0.0636,-99.4,1015530,446513,2712133,-0.524
5805,SLXN,Healthcare,Biotechnology,NASDAQ,4.12,0,0,1,3,0.23,1445666.5069732666,5560256.0,0.0444,-99.45,35696440,20666170,12644032,
5806,FRGT,Technology,Software - Application,NASDAQ,4.06,0,1,13,3,0.26,144175.5023188889,572125.0,0.0921,-99.49,42900170,15870766,9867116,-0.054
5807,VWAV,Industrials,Aerospace & Defense,NASDAQ,3.78,0,0,12,78,5.14,10634494.125276089,2373771.0,0.1566,-98.37,948560,1004551,653501,
5808,IPW,Consumer Cyclical,Internet Retail,NASDAQ,3.31,0,0,0,1,0.92,1305076.6455563307,1165247.0,0.069,-99.96,5347150,3258783,2161806,-0.782
5809,LGHL,Financial Services,Capital Markets,NASDAQ,3.29,0,0,0,1,3.29,185037.45056152344,46144.0,0.16770001,-99.91,2483540,941772,711487,
5810,TWG,Consumer Defensive,Food Distribution,NASDAQ,2.82,0,1,7,14,0.1,6902120.462600142,62746550.0,0.0053,-99.62,11430380,10472583,6523440,0.48
5811,NXTT,Technology,Software - Application,NASDAQ,2.62,0,0,2,1,5.24,8263317.016661644,1472962.0,0.0398,-99.81,20150,58186,201579,
5812,ENLV,Healthcare,Biotechnology,NASDAQ,2.54,0,0,5,25,0.28,7704624.6078287065,19908591.0,0.0028,-98.97,4096390,1648586,1097160,
5813,SDST,Industrials,Electrical Equipment & Parts,NASDAQ,2.34,0,0,7,13,0.06,1234534.317985408,14523933.0,0.106300004,-99.22,58077930,51888643,31820814,
5814,AXG,Financial Services,Capital Markets,NASDAQ,2.33,0,12,30,69,0.09,22356274.910554983,194402387.0,0.019,-98.11,39628040,13443006,8151164,10.784
5815,FFAI,Consumer Cyclical,Auto Manufacturers,NASDAQ,2.11,0,0,2,2,1.06,7536208.886863232,6126999.0,0.1754,-99.58,7228500,3110706,2532454,14.481
5816,VIVK,Energy,Oil & Gas Integrated,NASDAQ,1.82,0,0,0,5,4.01,185386.31017315388,598793.0,0.13939999,-99.83,269112,325522,297374,0.104
5817,FGL,Industrials,Engineering & Construction,NASDAQ,1.71,0,0,2,0,4.36,49948.161529541016,11456.0,1.9818,-99.94,84000,296896,208541,0.089
5818,NCT,Industrials,Marine Shipping,NASDAQ,1.58,0,0,25,1,1.65,1723298.586196065,1025773.0,0.1283,-99.83,1625320,1145494,710255,-0.06
5819,RETO,Basic Materials,Building Materials,NASDAQ,1.49,0,0,7,5,1.4,3673368.1369936466,2369915.0,0.0031,-99.72,5841693,3945367,2389607,1.189
5820,WETO,Technology,Software - Infrastructure,NASDAQ,1.38,0,0,16,6,1.08,1164025.126254201,1077801.0,0.3816,-99.57,5721510,7856406,7324236,-0.45
5821,VCIG,Industrials,Consulting Services,NASDAQ,1.29,0,0,9,0,0.57,1735099.5260391235,1266496.0,0.0027,-99.99,5817960,1995173,1685698,-0.503
5822,MGN,Industrials,Engineering & Construction,NASDAQ,1.15,0,0,1,0,3.39,4575665.47704792,1233333.0,0.0297,-99.95,114200,851263,532350,-0.084
5823,LGCL,Technology,Software - Application,NASDAQ,0.95,0,0,7,7,2.46,3281780.855160713,1302294.0,0.01,-99.71,4651760,1794852,1302057,0.431
5824,DCX,Consumer Cyclical,Auto Manufacturers,NASDAQ,0.85,0,1,2,1,2.74,9103186.428499222,2346182.0,0.0004,-99.99,228381,243769,147432,
5825,NIVF,Healthcare,Medical Care Facilities,NASDAQ,0.79,0,1,0,1,0.08,359861.3480447084,2789623.0,0.0069,-99.99,152540480,50947725,30665545,0.119
5826,RCON,Energy,Oil & Gas Equipment & Services,NASDAQ,0.67,0,0,3,9,1.11,25441421.25,20353137.0,0.1559,-99.73,146560,246876,831009,0.026
5827,CISS,Industrials,Marine Shipping,NASDAQ,0.54,0,0,1,1,0.82,1236503.026009798,1487970.0,0.0139,-100.0,303570,1320940,1455376,1.239
5828,LBGJ,Industrials,Specialty Industrial Machinery,NASDAQ,0.44,0,0,17,0,2.0,34085.72951960564,16791.0,0.22049999,-99.99,354930,424126,880693,-0.096
5829,CTNT,Industrials,Integrated Freight & Logistics,NASDAQ,0.42,0,2,0,0,2.82,3493494.747405052,1333395.0,0.29860002,-100.0,1381032,1166759,700798,1.454
5830,WHLR,Real Estate,REIT - Retail,NASDAQ,0.39,0,0,0,0,0.7,1176196.7320678234,568211.0,0.0506,-100.0,4523020,6268803,3777917,-0.139
5831,CDT,Healthcare,Biotechnology,NASDAQ,0.33,0,0,0,0,0.8,763020.727350235,770728.0,0.0126,-100.0,651346,398007,240253,
5832,YYAI,Technology,Software - Infrastructure,NASDAQ,0.19,0,0,1,3,0.72,4719374.378910303,4581917.0,0.0481,-100.0,312900,426493,2173032,6.081
5833,SXTC,Healthcare,Drug Manufacturers - Specialty & Generic,NASDAQ,0.09,0,0,10,0,0.34,3184617.4934182167,1321418.0,0.0496,-100.0,22046710,7886153,5803245,-0.439
